path	ground_truth	prediction
common_voice_ur_32016523.mp3	چنانچہ اب فتوے کا مطلب ہی علما کی طرف سے کسی خاص مألے یا واقعے کے بارے میں حتمی فیصلے کا صدور سمجھا جاتا ہے	چناچا فتوے کا مطلب ی علمہ کی طرف سے کسی خاص معلع یا واقعے کے بارے میں حتمی فیصلے کا صدورسم جا جاتا ہے
common_voice_ur_41150428.mp3	پوری قوم میں سے خوش نصیب ترین افراد چاہے فوجی ہو یا سویلین دشمن کا مقابلہ کریں گے۔۔۔اور وہی غزوہ ہند کے مجاہد ہوں گے۔۔	پورے قام میں سے خوش نصیب ترین افراد چاہے فوجی ہو یا سویلین دشمن کا مقاولہ کریں گے اور وہی غضوہہند کے مجاحد ہوںگے
common_voice_ur_31919471.mp3	ہوسکتا ہے کہ آپ کو اپنے انسٹاگرام نیوزفیڈ پہلے سے بہتر لگ رہا ہو یا بہت جلد وہ کچھ بہتر نظر آنے لگے گا	ہو سکتا ہے کہ آپ کو اپنی انصگرامنیوس فیٹ پیلے سے بیدھر لگ رہا ہو یا بہت جلد وہ کش بہتر نظر آنے لگے
common_voice_ur_38442764.mp3	جب تم دنیا کی مفلسی سے تنگ آجاﺅ اور رزق کا کوئی راستہ نہ نکلے تو صدقہ دے کر اللہ سے تجارت کیا کرو	جب تم دنیا کی مفلصی سے تنگ آج جاو اور رس کا کوئی راستہ نا نکلیے تو سد کا دیک کر اللہ سے تجارت کیا کرو
common_voice_ur_31889349.mp3	ان تمام اقدامات کا مقصد صارفین کو ونڈوز ایکس پی سے نئے آپریٹنگ سسٹم پر اپ گریڈ ہونے میں مدد فراہم کرنا ہے	ان تمام اقتعمات کا مقصد صارفین کو ونڈوز ایکس پی سے نئے اپریٹنگ سسٹم پر اب گریڈ ہونے میں مدد فرام کرنا ہے
common_voice_ur_31791056.mp3	راستے بھر میں میرے دوست خوبصورت مناظر کیمرے کی آنکھ میں محفوظ کرتے رہے اور میں اپنی یادداشت کے صفحوں پر نقش تحریر کرتاچلا گیا	راستے بھر یں میرے دوست خوبصورت منان صر کیمرے کی انک میںمفوز کرتے رہے اور میں اقنی یادست کے صفغ پ نقس تہریر کرتا چلا کیا
common_voice_ur_32032204.mp3	آنے والے عالمی کپ میں کپتان کی تبدیلی کے حوالے سے ایک سوال پر رمیز راجہ نے کہا کہ یہ ناگزیر معاملہ ہے	منے والے آلمی کپنے کپتان کی تبدیلی کے حوالے سے ایک سوال پر رنی ز رآجا نے کہاکہ یہ ناووصیر معاملہ ہے
common_voice_ur_31792537.mp3	کاربن ڈائی آکسائیڈ گیس اور آبی بخارات کے علاوہ ، دوسری گیسیں بھی فضا میں شامل ہوکر گرمی میں اضافے کا سبب بن سکتی ہیں	کارپن ڈائ آک سائڈ گیس اور آبھی بخارات کیلاوا دوسری گیسیں بھی فضامیں شامل ہو کر گرمی میں اصافع کا سبحب بند سکتی ہیں
common_voice_ur_31866551.mp3	اس کا نتیجہ یہ نکلا ہے کہ اس لفظ کا رائے یا نقطۂ نظر کے مفہوم میں استعمال کم و بیش متروک ہو گیا ہے	اس کا نتیجہ یہ نکلا ہے کہ اس لعفس کارائی یا نقتانظر کا مفوم میں استعمال کا موبعیش مطروق ہو گیا ہے
common_voice_ur_31916871.mp3	لیکن توانائی کے متبادل ذرائع ملنے اور انتھک محنت سے تلاش کرنے کی وجہ سے دن بدن تیل کی ضرورت کم ہوتی جارہی ھے	لیکن توانعئی کی متباد ا ضرائے میلنے اور انٹھک محنت سے تلاش کرنے کی وجسے دن بدن ٹیل کی ضرورت کام ہوتی جاڑی ہے
common_voice_ur_31793899.mp3	مگر ان جوانوں کی شہادت کو کسی نے یاد نہیں کیا جو پچھلے بارہ سال سے دہشت گردی کی جنگ میں شہید ہوئے	مگر ان نو جوہانوں کی شہاطت کو کسی نے یاد نہیں کیا جو پچھلے بارہ سال سے دیشت کرتی کی جنگ میں شہید ہوگےا
common_voice_ur_38422310.mp3	چلو کوئی بات نہیں کبھی وہ دن بھی اللہ لائے گا جب ہم رمضان اور عید دونوں وہیں کریں گے جلدی آئے	چلوں کوئی بات نی کبھی وہ دن بھی اللہ لائے گا جب حاب مرمزان اور عیق دونوں وہیں کریں گی جل دیائے
common_voice_ur_38440462.mp3	میں نے زندگی کی سب سے بڑی سچائی قبرستان کے باہر لکھی دیکھی۔ منزل تو میری یہی تھی، بس زندگی گزر گئی یہاں آتے آتے	میںنے زندگی کی سب سے بڑی سے چائے کبرستان کے بھاہر لکھی دی کھی منظر تو میری یہی تھی بس زندگی گزر گئ یہاں آے آتے
common_voice_ur_31886133.mp3	علما کی فتویٰ سازی کے نتیجے میںیہ امور گویا حکومت اورعدلیہ کے ہاتھ سے نکل کر غیر متعلق افراد کے ہاتھوں میں آجاتے ہیں	ععلمہا کی فتویہ صاضی کے نتیجے میں یہ عمور گیا حکومت اور عدلیہ کے ہاتھ ہے نکل کر غیر متعلق فرات کی اتھوں میں آ جاتے ہے
common_voice_ur_38417419.mp3	دوسری طرف اردو شاعری دونوں ممالک میں قابل احترام ہے۔ سرحد کے اس پار، مسلمان اور ہندو دونوں ہی اس رسم کو جاری رکھتے ہیں۔	دوسری طرف اورتو شاہری دونوں م مالیک کے قابل اہترام ہے صرحدکہ اس پار مسلمان وڑہیدود دونوں ہی اس رسم کو جاری رکھتے ہے
common_voice_ur_31866235.mp3	ممبئی موٹاپے میں مبتلا ہونے والے بالی ووڈ اداکار رشی کپور نے کہا ہے کہ اب ورزش کرنا انکے بس کی بات نہیں ہے	ممبئی معٹاپے میں بطلا ہونے والے بای وڈ اداکار رشی کپونے کہا ہے کہ اب برزش کرنا انکے بس کی بات نہیں ہے
common_voice_ur_31916945.mp3	اور شمسی توانائی کا پلانٹ لگا نے والے گھر کو حکومت جاپان وعدے وعید کرنے کے بجائے کچھ مالی مدد دیتی ہے	اور شمصی طوہانائے کا پلانٹ پگانے والے کھرے ھو اکومت جاپان بھاتی وعیٹھ کرنے کے ب جائے کچھ مانی مدد دیتی ہے
common_voice_ur_31828258.mp3	ممبی بالی ووڈ کی معروف اداکارہ شلپا شیٹھی اور اُن کی فیملی نے کسانوں کے لاکھوں روپے قرض ادا کرنے کا اعلان کیا ہے	ممبئی بالوڈ کی معروففدا کارا شرفح شیٹی اور رنقی فینلی نے کستان وں کے لا کھورپے کر زداکرنے کا علان کیا ہے
common_voice_ur_31842108.mp3	اس مدد کیلئے زلزلہ یا سیلاب کا متاثر ہونا ضروری نہیں ھے اور نہ ہی لائن میں لگ کر ڈانڈے کھانے کی ضرورت ھے	اس مدد کے لیے دلزلہ یا صعلاف کا مطاصر و نا ظروری نہئیں ے ورنا ہی لین ویں لق کر ٹنڈے کھانی کی ضرووت ہے
common_voice_ur_31927939.mp3	لیکن بہت جلد نسان اور میٹسوبشی وغیرہ کی گاڑیاں جو کہ بیٹری چارج کرنے کے بعد کافی لمبی ڈرائیو کے قابل ہوں گی مارکیٹ میں	لیکن بہت جلنے سان و مٹصبشی و غیرع کی گاڑیاں جوکے بیٹری چارج کرنے کے بعد کافی لمبی ڈرائو کے قابل ہون گی مارکٹ میں
common_voice_ur_31894707.mp3	کہ اس عمل کی دوران میں جو زلزلی آئیں گی وہ مزید زلزلوں کو جنم دینی کا باعث بن سکتی ہیں	کہ اس عمل کے دوران مید جو لی آئن گی کومزید جلجلوں پو جنم دینے گا باعس بند سکتی ہے
common_voice_ur_31829414.mp3	نئی دہلی مانیٹرنگ ڈیسک اگر آپ سوشل میڈیا استعمال کرتے ہیں تو آپ یقینا سیکنڈ فیس ورزش کے متعلق سن رکھا ہو گا	نئی دہلی ما نیٹرنگ ڈسک اگر آپ سوشل میڈیا استعمال کرتے ہیں تو آپ یقینا سیکنڈ فیس ورزش کے متالق سنرکا ہو گا
common_voice_ur_31819943.mp3	تاہم اس میں بہت سے نئے فیچرزاور ایپلی کیشنز کو شامل کرنے کے ساتھ ساتھ موجودہ ورژن کی خامیوں کو بھی دور کیا گیا ہے	تاہم اس میں بہت سے نئیے فیچرز اور احقلیکیشنز کو شامل کرنے کے ساتھ ساتھ موجودہورینز کی خامیوں کو بھی دور کیا گیا ہے
common_voice_ur_38471042.mp3	ایک بات ذہن میں بار بار آتی ہے کہ آج ہم لوگ اپنے دین سے اتنے دور کیوں ہوتے جا رہے ہیں؟	ایک بار ظحن میں بار بر آتی ہے کہ آج ہم لوگ اپنے دین سے اتنے دور کیوں ہوتے جا رہے ہے
common_voice_ur_31890388.mp3	مائیکروسافٹ کارپوریشن نے کہنا ہونا کہ وُہ اپنا تازہ ترین کنسول کو نومبر میں کِسی وقت فروخت کا لینا پیش کرنا گانا	مایکروسافٹ ارپریشن نے کہنا ہونا کہ وہ اپناتعضہ ترین کنسول کو نویبرمں کسی وق فروخت کرلیںنا پیش کرنا گانا
common_voice_ur_31792671.mp3	بنگلہ دیش کی عدالتِ عالیہ نے طلاق کے ایک مقدمے کا فیصلہ کرتے ہوئے علما کے فتووں کو غیر قانونی قرار دیا ہے	بنگلہ تیش کی ادادت االیا نے تلاق کے ایک مقدمیے کا فیصلہ کرتے ہوے لما کے فطوہ قو غیر قانونی کرار دیا ہے
common_voice_ur_31823728.mp3	ساتھ یہ جھوٹ بھی بولا ہے کہ فوج کا ایک بھی سپاہی بلوچستان میں نہیں لڑ رہا بلکہ فوجی بیرکوں میں بیٹھے ہیں	خاتھ یہ جھوٹھ بھی بھولا ہے کہ فوج کا ایک بھیک سپاہی بلوکستان میں نہیں لڑ رہا بل کہ فوجی بیرکو میں بیٹھے ہیں
common_voice_ur_38449988.mp3	لیکن میں آپ کی بات پہ عمل کروں گا کل سے کیونکہ ابھی تو رات ہے مسجد نہیں جا سکتا	لیکن می آپ کی باتمیں عمل قرومگک کل سے کمکی ابھی طرات ہے محصد نہیں جا سکتا
common_voice_ur_38444224.mp3	میں جب یہ لگوانے گیا تھا تو مکینک نے پوری چھان بین کر کے مجھ سے پوچھا تھا کہ کتنے کا لیا ہے	میں جبہیہ لگہوان رگیا صحت ت مکینک نے پوری چھانبین کھر کے مجھ سے پوچا تھا کی کتنے کر ڈیا ہے
common_voice_ur_31791550.mp3	اچھے مستقبل کی خاطر ہم اور بہت سے لوگ محض اپنا وطن اپنی جان سے پیا را پاکستان چھوڑ آئے ہیں	اچھے مستقبل کی خاتر ہم اور بہت سے لوگ بحص اپنا وطن اپنی جان سے پیارا پاکستان چھوڑ آئےں ہیں
common_voice_ur_31831737.mp3	ٹیکساس جولائی ایجنسی ماہرین نے انکشاف کیا ہے کہ آم کو جسمانی موٹاپے میں کمی کرنے والا بہترین پھل قرار دیا گیا ہے	ٹیکشرز یولائی اجنسی م ہرین نے انک شاف کیا ہے کہ آم کو جسمانی مٹاپح میں کمی کرنے والا بہترین پھل کرردا دیا گیا ہے
common_voice_ur_31791242.mp3	پورا دن کاروبار زندگی میں مشغول اور محنت سے چور تھک کر شاید گاؤں کے تمام لوگ سو چکے تھے	پرادان کاروگ بار زندگی میں مشگول اور مہنا سے چور تھک کر شاہد گاؤں کے اتمام لوگ سو چکے تھے
common_voice_ur_31846082.mp3	کسی عالمِ دین یا کسی اور غیر مجاز فرد کی طرف سے اس کام کو انجام دینے کی کوشش سراسر تجاوز ہے	کسی علی مدیہنی یا کسی یور گیر میں جازفرد کی طرف سےس کام کوئ انجام دینے کی کو شش  صرح صرتا جا عفول ہے
common_voice_ur_32053081.mp3	مائیکروسافٹ سکیوریٹی ایزنشل کی اپ ڈیٹس ونڈوز ایکس پی کی سپورٹ ختم ہونے کے ایک سال بعد تک ملتی رہیں گی	مائیگرو سفٹ سی کوڑیز ہھنشلا غابڈیٹ ون ڈوز ایس وی کی کسفورٹ قتا مہونے کے ایک سال بات ٹک ملتھی رہے گی
common_voice_ur_31975957.mp3	چاند اپنے جوبن پر تھا اور نورانی کرنیں ہر سو پھیل کر منظر کی لطافت کو مزید نکھار رہی تھیں	چاند اپنے جو بنپر تھا اور نورانی کے دنے ہرصوع پھیل کھر منظہر کی لطافت کو مضید نکھا رہی تھی
common_voice_ur_31925744.mp3	اب میں ان بر گر اور پیپسی خوروں کو کیسے سمجھاتا کہ میٹھا آملیٹ ہونے کے لئے سننا کوئی ضروری تھوڑی ہے	عم می ان برگر اور پیپسی خوروں کو کیسیس انجاتہ کہ مٹھا حملیٹ نے کے لئے سننا کوئی جروری تھوڑی ہے
common_voice_ur_32038546.mp3	ممبئی شوبزڈیسک بالی وڈ اداکار امیتابھ بچن اور شاہ رخ خان اب کسی بھی فلم میں ایک ساتھ نظر نہیں آئیں گے	ممبائی شبل دیسک بالی خوڈ اداکار متھاامطا بچن آرٹ شاروف خان اب کسی بھی فلم میں ایک صات نظر نہیں آئیں گے
common_voice_ur_32025867.mp3	سوال یہ ہےکہ قومی ادارے پر ایسےالزامات لگانے والوں کے خلاف ایکشن لینے کی بجائے وہ ہر ٹاپ سیکرٹ بریفنگ میں کیوں بلائےجاتے ہیں	سوال گر کے قومیغارو پرر عایسےماوالاغانوالوں تلاسٹسے لینے کی وجہ ہو ہآپ سیکریٹ پریسم میںٹن بناڑجیاتھے
common_voice_ur_31981684.mp3	مائیکروسافٹ کے مشہور زمانہ آپریٹنگ سسٹم ونڈوز کا نیا ورژن اب کمپنی ویب سائیٹ پر پری آرڈر کے لیے دستیاب ہے	مائیکروساف کے مشورے زمانہ آپریٹنگ سنسٹیم ونڈوس کرنیا ورشن اپ کمپنی ویب سائٹ پر پری آرڈر کے لیے دستیات
common_voice_ur_31793434.mp3	قدرتی حسن کی دولت سے مالا مال ان علاقوں میں غر بت اور پس ماندگی سیاح کو غم زدہ کر دیتی ہے ۔	کدرتی حسن کی دولت سے مالا مال ان علاقوں میں غربت اور پس مندگی سیاح کو غم سدع کردیتی ہے
common_voice_ur_31848995.mp3	اور ٹیم میں جگہ پکی ہونے کا خمار ان کھلاڑیوں کو اپنے اصل مقام سے دور لیے جا رہا ہے	آر ٹیم میں جگہ پقی ہونے کا خماران کھلاڑیوں کو اپنی آصل مقام سے دول جارا ہے
common_voice_ur_31823107.mp3	خیر اپنے موقف کو ثابت کرنے کے لئے میں نے میٹھے آملیٹ کے خدوخال اور پکانے کی ترکیب پر روشنی ڈالی	خیر اپ نے موک پک کوخابت کرنے لئے میں نے میٹھ املیٹ کے پدوقال اور پکانے کی ترکی پر روشنی ڈالی
common_voice_ur_27849083.mp3	تازہ ترین تحقیق کے مطابق اب ایک ایسا طریقہ ایجاد کر لیا گیا ہے جس سے قسمت کو بدلہ جاسکتا ہے	آظح ترین تحقیق کیا متابلق اب یک ایسے لیہ عجاد کریا گیا ہے جسے کمت کو بدلا جاسکتا ہے
common_voice_ur_31793548.mp3	اس موضوع پر کی جانی والی ایک تحقیق کی مطابق اس بات کا غالب گمان موجود ہی کہ اپریل میں آنی والا	اس موزوع پر کی جانے والی ایک تحیق مطابق اس بات کا غالب گومان وجود ہے کہ ایپرل میں آنڈی ہوالا
common_voice_ur_32017277.mp3	چنانچہ فتویٰ اگر مخاطب کی پسند کے مطابق نہ ہو تو اکثر وہ اسے ماننے سے انکار کر دیتا ہے	چرہنڈ شا فطوا گرزسب مامخا تیپ کی پسند کی متعبک نا ہو تو اکسر وہ اس ایمان نی سے انکار کر دیتا ہے
common_voice_ur_32034448.mp3	جب میں پہلی جگہ یہاں آیا تھا تو مجھے بھی یقین نہیں آ رہا تھا کہ میں اسلام آباد ہی میں کھڑا ہوں ۔	جباں پہلی جگر یہاں آیا تھا تو مجہب یقین نہیا رہا تھ کہ ما اصانبات مہیں کھڑا ہوں
common_voice_ur_31951734.mp3	دوسرے اس موقع پر جب کوئی عالمِ دین کسی خاص واقعے کے حوالے سے اپنا قانونی فیصلہ صادر کرتا ہے	دوسرے صواقپر جپکوئی آہنمیں دین کسی خاصواقع کی حوالے سے اقنا کا ننی فیصلہ ص حاطق کرتا ہے
common_voice_ur_31902318.mp3	اٹھارہویں صدی میں قائم ہونے والے کوئٹہ کو آب و ہوا ماحول اور خوبصورتی کی وجہ سے انگریز لٹل لندن کہتے تھے	پپٹھابی شدی میں کائم ہونے وزہ کویٹا کو آبو ہوا مغوارڈ اور فصورتی کی وجہ سے آنگریز لڈے لڑنن کہتے تھے
common_voice_ur_31891800.mp3	سوال و جواب کی ویب سائٹ کورا نے اعلان کیا ہے کہ ان کے لاکھ رجسٹرڈ صارفین کا ڈیٹا کنفرم ہوگیا ہے	سواز جواب کی ویب سائیٹ کورا نے علان کیا ہے کہ ان کہ لاک رجسٹرڈ صارفین کر ڈیا نے کرن فرم کرہو گیا ہے
common_voice_ur_38466954.mp3	ویسے یار میں سعودی میں ہوں۔ آ تو نہیں سکتا ہاں لیکن بہت بہت شکریہ ہم سب ہی کو انوائٹ کرنے کے لئے	ویصیار میں ساعدی میں ہآج تو نہیں سکتا ہ لیکن بہت بہچھ شکریا ہم سب ہی کو انوائیٹ کرنے کی لئے
common_voice_ur_31793495.mp3	آج جب اللہ پاک بزرگ و برتر کے فضل و کرم سے پاکستان میں کرونا وائرس کا زور ٹوٹ رہا ہے	آججب اللہ پاک بزورگوں بہترکے فصلو کرمپ سے پاکستان میں کرونا وائرس کا ضور ٹوٹھ رہا ہے
common_voice_ur_38429790.mp3	مجھے تو یہی سمجھ نہیں آرہا کہ جب یہ اتنے پیسے والے ہیں تو ایک اپارٹمنٹ رینٹ کر کے قدسیہ کو کیوں نہیں دے دیتے	مجھے تو یہی سمج نہیں آ رہا کہ جب یہ اتنے پیسے والے ہیے تو ایک کی پاٹمن ڈرنڈ کر کہ کسیاہ کو کیوں نہیں دی دیتے
common_voice_ur_32018789.mp3	اس ضمن میں جو بات میرے دل میں گھس گئی کہ قرآن مجید کو سب سے اوپر والی شیلف میں رکھا گیا تھا	اس زمن میں جوبات میرے جل میں گھسکئی کے قھران مجیت کو سب سے اپر والے شرف میں رکھا گیا تھا
common_voice_ur_38441723.mp3	ان کی خواہش تہی کہ اپنی زندگی میں اردو کالج کی بنیاد رکھ دیں مگر قدرت کو یہ منظور نہ تھا	ان کی خواعش تھیک کی اپنی زندگی م ار دو کالش کی بھنیا رگھدیں ماگر قدرت کو یہ منزور نا تھا
common_voice_ur_31960160.mp3	وقت گزرنے کے ساتھ ہر ہر کام میں نقص اور نکتہ چینی کرنا سسرال والوں کی عادت بن جاتی ہے	بق گزرنے کصا حرہے کام میں نخص اور نقتہ چنی کرنا سصراہب الو کی اعدت بن جاتی ہے
common_voice_ur_31998144.mp3	مگر دوسرے میچ میں قومی ٹیم کی متواتر ناکام کارکردگی نے زمبابوے کو جشن منانے کا موقع فراہم کردیا	مگر دوسرے میچ میں قومی ٹیم کے وطواقر نا کام ر کردگی نے زمبابیع کو جشنا نانے کا موقع فرام کر دیا
common_voice_ur_31841707.mp3	امريکا کی پہلی ڈیجیٹل کلاک کے بانی نے اسے اپنے کارخانے میں بنایا تھا اور اب اس کی فروخت کر دی گئی ہے	امریکہ کی پہلی ڈیجٹونفاق کبانی نے اسلا  کارخانے میں بنایاتا اور اب اس کی فروط کر دی گئی ہے
common_voice_ur_38469846.mp3	ذرائع کے مطابق اجلاس میں سابق صدر آصف زرداری اور بلاول بھٹو سمیت پارٹی کی سینیئر قیادت بھی شریک رہی۔	ظرائے کے مطاوع کی جلاص میں صاوق سے ظرا صف زرداریئر بلائل بوٹسمیت پارٹی کے سینیئر قیادت بھی شریق تھی
common_voice_ur_41109342.mp3	انہوں نے کہا کہ سفارت خانے کا عملہ اپنی مرضی سے کام کرتا ہے اور انھیں کوئی پوچھنے والا نہیں ہے ۔	عنو نے قہا کے سفارت خانے کا عملا پنی مرضی سے کام کرتا ہے اور رونے کوئی پوچھنا والا نہیں ہیں
common_voice_ur_32011828.mp3	ہم گاڑی سے اتر رہے تھے کہ گاڑی کے کلنڈر نے لسی سے بھری ہوئی تین بوتلیں ہمارے سپرد کر دیں ۔	ہم گھاڑی ص وطرہیعتھے کہ کلاڑی کہ کلینڈر نہیں لسی سے بڑی ٹین بھوتلی ہمار سبوت کردی
common_voice_ur_31809353.mp3	اور سوچتا رہا کہ کتنے خوش نصیب ہیں وہ مقامات جن کو ابھی تک انسان کےپاؤں نے نہیں روندا	اور سوس ترہا کہ کتنے خوچ نصی ب ہے وہ مکامہ جن کو ابیتک انسان کے پاؤنے نہیں روندا
common_voice_ur_38463703.mp3	لیکن ان سب کو ایک خاص قسم کا ماحول میسر تھا جس میں وہ جو چاہیں کر سکتے تھے۔	لیکن اس میں سب کو ایک حاث قسم کا محول میاسہ تھا جس میں وہ جو چائیں کر سکتے تھے
common_voice_ur_32042622.mp3	اگر اسے نفاذ سے محروم رکھا جائے تو اس کی حیثیت محض رائے اور نقطۂ نظر کی سی ہوتی ہے	اگر اسے نفان سے میعروم رکھا جائے توو اس کی عیسیت ویظ رائے اور مقطا نظر کیسی ہوتی ہے
common_voice_ur_38440908.mp3	کابینہ کے وزیر تھریس کافی نے جمعرات کو سکائی نیوز کو بتایا کہ ’انخلا سے متعلق وزیراعظم بورس جانسن نے کوئی انفرادی فیصلہ نہیں کیا۔‘	کابینا کے وزیر تھریس قافی نے جمعرات کو صقائی نیوس کو بتایا کہ انخلا سے متلق وزیر اعظم بورس چانسر نے کوئی انفرادی فیصلہ نہیں کیا
common_voice_ur_31823088.mp3	اللہ کے لیے اگلی بار اس پارٹی کو ووٹ دو جس میں خاندانی سیاست کی بجائے میرٹ دیکھا جاتا ہے	اللہ ک لئے اگلی پر اس پارٹی کو کورٹ دو جس میں کاندانی سیاست کی بجائے میرٹ دیکھا جاتا ہے
common_voice_ur_26703815.mp3	اس مرتبہ کرک نامہ سے غیر حاضری کچھ زیادہ ہی طویل ہوگئی ہے جس کا سبب ذاتی مصروفیت تھی	اس مرتبہ کرک نامہ سے غیر حاضری کچھ زیادہ ہی طویل ہوگئی ہے جس کا سبب زاتی مصروفیت تھی
common_voice_ur_31790550.mp3	جبکہ اس میچ میں دیگر بیٹسمین اور خاص طور پر پاکستان کا ٹاپ آرڈر بری طرح ناکام ہوا تھا	جبکہ اس میچ میں تیگر بیٹس میںن اور حاصتور پر پاکستان کا ٹاپ اورڈر بھری طرع نا کام ہوا تھا
common_voice_ur_41126390.mp3	پانی جیسے ہی نل سے نکلتا تو یوں لگتا کہ اس میں سفید رنگ کی جھاگ ملی ہوئی ہے	پانی جیسے ہی نل سے ہنکلتا تو یوں لگتا ک اس میں سے فید رنگ کی جھاگ ملی ہوئی ہے
common_voice_ur_31918705.mp3	اب پرانے وقتوں کی طرح نہ تو ایک دوسرے کا خیال رکھنے کی عادت رہی ہے اور نہ ہی دلوں میں گنجائش	اب رون وقتوں کی عتیار ناں تو ایک دوسرے کہ کھیا رکھنے کی ادت رہی ہے اور ناہی دیلوگ میں گنجائش
common_voice_ur_38469578.mp3	شاید کوئی روشن دانشور ایسا مکالمہ لکھے کہ پلاسٹک بیگ سے تباہی قومی سلامتی کا ایشو بن رہا ہے۔	شائد کوئی روشن داناشور ایسا مقالمہ لکھے کہ پلاسٹک بیگ سےد تباحی قومی سلامتی کا ایشو بند رہا ہے
common_voice_ur_31978407.mp3	ان کی کسی تحقیق یا اجتہاد کو جب عدلیہ یا پارلیمنٹ قبول کرے گی تو وہ قانون قرار پائے گا	ان کی کسی تحقیک ییا اجتحات کو جب اتلیا یا پارلیمنڈ کبول کرے گی تو وہ قانون کرار پائے گا
common_voice_ur_38431244.mp3	لیکن اس صورتحال کے باوجود بہت سے ایسے موضوعات ہیں جن پہ خاطر خواہ اظہار خیال سراسر ناممکن ہے۔	لیکن اس صورتحال کے باوجود بہت سے ایسے معضوات ہیں جن پہ خاتیح حواں اظار خیالی صراصر نا ممکن ہے
common_voice_ur_31932725.mp3	ٹام میری کی پارٹی میں شامل تو ہونا چاہتا تھا مگر بدقسمتی سے اسے کچھ اور ضروری کام تھے۔	ٹام میری کی پارٹی م شامل تو ہونا چاہتا تھا مگر بتقسمتی سے اسے قچھ او زروری قام تھے
common_voice_ur_28900844.mp3	وہ فوج جس کا کام سرحدوں کی حفاظت ہے اس نے ملک میں بڑے بڑے کاروبار شروع کر رکھے ہیں	وہ فوح جس کا قام سرحدو کی حفاثت ہے اس نے ملک میں بڑے بڑے کاروبار شروع کردرکھے ہیں
common_voice_ur_38446811.mp3	سوال کیا کہ جی ٹی روڈ مارچ کی شکل میں نواز شریف کس کے خلاف احتجاج کرنا چاہتے ہیں۔	سوال کیا کے جیٹی روٹ مارچ ی شکل میں نواز شریف کس کے خلاف یں تجاج کرنا چاہتے ہیں
common_voice_ur_41153051.mp3	صبح صادق سے فائرنگ کی آوازیں آتی ہیں ایسا محسوس ہوتا ہے جیسے کہ دو دشمنوں کے درمیان جنگ چھڑ گئی	سبہرص ادک سے فائرنگ کی واز آتی ہیں ایسا محسوس ہودا ہے جیسے کہ دو دشمنوں کے درمیان جنگ چھڑگئی
common_voice_ur_31835527.mp3	جب گاڑی نے ہماری منزل پر آ کر بریک لگائی تو سب نے نیک خواہشات کے ساتھ ہمیں الوداع کیا	جب گاڑی نے ہماری منصل پر آ کر پریک لگائی د سب نے نیک خواحشات کے ساتھ ہمیں الوتاکیا
common_voice_ur_38450056.mp3	سوشل میڈیا پر بحث کا بازار گرم ہے اور لوگ حسب توفیق اس میں اپنا حصہ ڈال رہے ہیں۔	صوشل میڈیا پر بہث کا بازار گرم ہے اور لوگ حصبے تعفین کس میں اپنا حسہ ڈال رہی ہے
common_voice_ur_32030072.mp3	اس دوران انھوں نے نہ صرف گلگت بلستان اور اسلام آباد کی سیاحت کی بلکہ انھوں نے لاک ڈاون میں وقت بھی گزرا۔	ایس دوراننہ نا سرب کیوی بلکستان ور اسامبات کی سیاحد کی بلکہ انہونے حلاغگوں میں وقت می دظارم
common_voice_ur_38455999.mp3	چند نظموں اور غزلوں کی اصلاح کے بعد داغ دہلوی نے یہ لکھ دیا کہ آپ کو مزید اصلاح کی ضرورت نہیں ہے	چند نضم ار غسلوں کہ اصلاح کے بعد داق طحلوی نے یہ لکھ تیا کہ آپ کو مزید اصلاقی ضرورت نہیں ہے
common_voice_ur_31976060.mp3	ذمرہ فوج چھ ستمبر کی جنگ میں شہید ہونے والوں کی قبروں پر آج بھی پھول چڑھائے جا رہے ہیں	زمرہ فوچھے س تمبر کی جنگ میں شہیع دونے والےوں کے قبر پر آج پھی پھولی چڑ ائے جا رہےں ہے
common_voice_ur_31823022.mp3	ہر پارٹی کا کہنا ہے کے وہ ملک کی خدمت کرنا چاہتی ہے اور جتنی خدمات وہ کرر ہی ہیں سب جانتے ہیں	پرپارٹیکا کہنا ہے کہ وہ ملک کی ختمت  کرنا چاہتی ہے لو چتنی ختمات وہ پر رہی ہیں سب جانتے ہیں
common_voice_ur_38415524.mp3	میں نے اپنی لاسٹ پوسٹ میں کہا تھا، کہ ہماری ٹیم جیت تو رہی ہے مگر اس میں چمپینز بننے والی کوالٹی نہیں	میںنے اپنی لاسٹ پوسٹ میں کہا تھا کہ ہماری ٹینگ جی تو رہی ہے مگر اس میں چیمپئنز مننے والی قوالٹی نہیں
common_voice_ur_31975067.mp3	جب غیر مجازافراد سے صادر ہونے والے قانونی فیصلوں کو حکومتی سرپرستی کے بغیر نافذ کرنے کی کوشش کی جاتی ہے	جب غیر مجاز عفراد سے ساد رہونے والے قانونی فیص لوگ ہو حکومتی صرج پرستی کے بغیر نافس کرنے کی کوہی شدیل جاتی ہے
common_voice_ur_38479671.mp3	نہیں فخر کے الفاظ ملتے ہیں کہ انھوں نے کہا کہ ہمیں اپنے خاندان پر فخر ہے لیکن تکبر کبھی نہیں کیا	نئی فخر کی علفاز ملتے ہے کہ انہوں نے قہا کے مں اپزحاندان پر فخر ہے لیکن تقبر کبھی نی کیا
common_voice_ur_31902844.mp3	لیکن جہاز سے چھلانگ ر اور شوٹ کھل کے وقفہ کے ان جسطرح زندہ کی فلم آپ کی آنکھوں کے سام چلتی ہے	لیکن جیا سے چھلانگ گو شوط کل ک وفک ٹیسٹحرال زمدا کے فلم آپ کی ا کو کے سام چھلتیے
common_voice_ur_38444537.mp3	اس وقت ہمارے لبرل دوست تنقید کرتے تھے کہ دہشت گردوں سے مذاکرات کیوں کئے جا رہے ہیں؟	عس وقت ہمارے لبرل دوست تنکید کرتےتھیں کہ دیشد گھردوسے مضاقرات کیوں کیے جا رہے ہیں
common_voice_ur_31834907.mp3	جس کے سبب لکھنے کو من نہ کیا کیونکہ پاکستان کی شکست تو صاف دکھائی دے رہی تھی ۔	جس کے سبب لکھنے کو من نہ کیا کیونکہ پاکستان کی شکست  وساف دکھائی دی رہی تھی
common_voice_ur_31823190.mp3	یوں ہم پکے مسلمان ہوگئے بلکہ کچھ کچھ حافظ جی بھی کہ کچھ آیات زبانی یاد تھیں اور کئی کے ترجمے بھی	یو ہم پکہ مسلمان ہو گئے بلکہ کچھکچھ حافج جی گی کئ کچھ ایاد زبانیلیاد تھین اور کئی کئ ترجمیبھی
common_voice_ur_31967638.mp3	جس کا بجٹ زیربحث نہ لایا جا سکے ، جس نے ملکی قیادت پر کئی بار شب خون مارا ہو	جیس کا بجٹ دیرے بحطث نہ لایا جا سکہ جسیم یقی ادت پر کئی بار شب ہونارا ہو
common_voice_ur_31814073.mp3	سی پیک کے تحت شراکت داری میں خدمات فراہم کرنے چینی لا فرم کا وفد پاکستان پہنچ گیا	سیپ ایک کی تحے شراق تاری میں ختماہت فرہم کرنے چینی لافنگ کا ود پاکستان پونچ گیا
common_voice_ur_38462695.mp3	سیاست میں مذہب سے راہنمائی لینا اور سیاسی مفادات کے لیے مذہب کو استعمال کرنا دو الگ باتیں ہیں۔	سیاست میں مظہب ضرینمائی لینا اور سیاسی معفعدات کےلئے م سب کو استعمال کرنا دو الگ باتے ہیں
common_voice_ur_38442703.mp3	اس وقت حکمران طبقے کو حیرت ہے کہ آسودہ حال لوگ دھرنے کی بات کیوں کر رہے ہیں؟	اس وقت حکمران تبکہ کھو حیرت ہے کہ آصوداحال لوگ دھرنی کی بات کیوں کر رہے ہیں
common_voice_ur_31813277.mp3	کیونکہ قومی ٹیم کی خامیاں جنوبی افریقہ اور سری لنکا کے خلاف مصیبتوں کا پھندہ بن سکتی ہیں ۔	کیوکہ قومی ٹیم کی خامیا جنوبی افریکہ ار صر لنکا کے خلاف مصیبتو کا بھندابن سکتی ہیں
common_voice_ur_31827187.mp3	ویب ڈیسک اسلام آباد پولیس نے تو مددگار روبوٹ تیار بھی کرلیا جو سب کی مدد کرے گا	فیب ڈیسکس اسلانبات پلیسنے تو مدد کار روبورٹ تیاربھی کرڈیا جو سب کی مدد کرے گا
common_voice_ur_38480432.mp3	"نواز شریف صاحب اگر مسلم ہائے لیگ کو ایک مسلم لیگ نہیں بنا سکتے تو اس کی "" ہائے ہائے "" کو تو غیر موثر بناسکتے ہیں۔"	نواز شریف صاہب اگر مسلم ہائے لی کو ایک مسلم لیگ نہیں بنا سکتے تو اسکی ہاے ہائے کو تو غیر موصر بنا سکتے ہیں
common_voice_ur_41119179.mp3	اور کیا یہی مینہ کسی ہل چلا کر تیار کیئے گئے کھیت پر برسے گا تو رحمت نہیں بنے گا	اور کیا یہی مینا کسی حل چے لاکر تیار کے اگرے کھیت پر بڑھسے گا تو رحمت نہیں ونے گا
common_voice_ur_31923454.mp3	جنہیں وینٹیلیٹر چلانا تو کیا نام بھی صحیح طرح لینا نہیں آتا وہاں پر بنائی گئی ویڈیو بھی موجود ہیں	جنا ونٹر لیٹرز چلانت تو کیا نام بھی سے ہی طرہں لینا نہیں آتھا وہاں پر بنائی گئی ویڈیوں بھی موجود ہیں
common_voice_ur_28900839.mp3	مائیکروسافٹ کا مؤقف ہے کہ صارفین کو جدید آپریٹنگ سسٹم پر منتقل ہونے میں دیر نہیں کرنی چاہیے	مائیکروسافٹ کا موقف ہے کہ صارفین کو جدید آپریٹنگ سسٹم پر منتقل ہونے میں دیر نہیں کنی چاہیے
common_voice_ur_31846782.mp3	امیر محترم نے فیصلہ کیا کہ پہلے ایک آملیٹ چاٹ مصالحہ ڈال کر بنایا جائے اور اسے چیک کیا جائے	عمیر موطرم نے فیصلہ کیا کے پیلے یک آملیٹ چاٹ مسالہ ڈال کر بنانا چا ہیول سے ٹیک کیا جئے
common_voice_ur_31847379.mp3	بلکہ طالبِ علمانہ لب و لہجے میں محض علم و استدلال کی بنا پر اپنا نقطۂ نظر پیش کیا جائے گا	بلکہ طال پہانمانالاپو لیجیے میں ماحیغ علو استدال کی بناں پر اپنا نقتی نادر طیش کیا جائے گا
common_voice_ur_31794071.mp3	سائنس دانوں کا کہنا ہے کہ خواتین اپنے ہم عمر مردوں کے مدمقابل تین سال زیادہ جوان رہتی ہے	سائسدانوں کا کہنا ہے کہ حواتین اپنے ہم عمر مرطوں کے م قابل تین سالزیادہ جوان رہتی ہے
common_voice_ur_31951710.mp3	مردم شماری کے نتائج کے مطابق چین میں عمر رسیدہ افراد کی آبادی میں تیزی سے اضافہ ہو رہا ہے	مردم شماری کناتاس کے متاوقت چھین میں عمر رسیدہ فرادکیا واغی میں تیزی سے اظافہ مرے
common_voice_ur_38465965.mp3	بہت زیادہ بلندی کی وجہ سے آکسیجن کی کمی ہو جاتی ہے۔ جو اوپر چڑھنے والوں کی مشکلات میں اضافہ کر دیتی ہے	بہت زیادعہ بلندی کی وجہ سے اکسدچن کی کمی ہو جاتی جو اپڑ چرڑنے والو کی مشکلاتھ میں اظافہ کردیتی ہے
common_voice_ur_32014447.mp3	میں خود ایک مہینے تک اس بیماری کا شکار رہا ہوں ۔سمجھ ہی نہیں آتی کیا ہو رہا ہے۔	مں خود ایک مہینت ترقر بیماری کا شکار رہا ہ سماجھی نہیں آپھی کیا ہو رہا ہے
common_voice_ur_31834883.mp3	سامنے چیڑ کے نوکیلے پتوں والے دراز قد درخت اس نورانی منظر میں کسی سائے کی طرح معلوم ہوتے تھے	سامنے چرٹ کے نوکیلے بتووارے طراس کد ترخت اس دھورانی منصر معییسی سائی کی طرحم معلوم ہوتے تھے
common_voice_ur_31824329.mp3	ایک جاپانی تھنک ٹینک نے واضح کیا ہے کہ جیسے جیسے امريکا مصنوعی ذہانت آرٹیفیشل انٹیلی جنس کے میدان میں مشہور ہو رہا ہے	ایک جاپانی تھنک ٹینک نے وازہ کیا ہے کہ جیسے جیسے ہمریکہ مصہوعی زحانت ارٹیفشل انٹیلیجنس کے میدان میں مشہور ہو رہا ہے
common_voice_ur_31828785.mp3	ویس تو یہ کوئی عالم ریکارڈ نہیںلی بستر سے اٹھ کر اچانک میل بھاگ لی بھی کوئی اتنا آسان کام نہیں	یسے تہ یہ کوئی الم رکارد نہیں یڈ بستر سے اٹکر اچانک میل بھاک گی بھی کوئی اتنا اصان کام  ہے
common_voice_ur_38506012.mp3	اسٹریلیا نے سری لنکا کے خلاف ٹی ٹوئنٹی کرکٹ میں سب سے زیادہ رنز بنانے کانیا ریکارڈ قائم کردیا	آسٹریلیا ایسرین ٹیفخلاک کرینٹی کی کی مفٹزیاد رنگز بنانے کا ڈیکارڈ کین گی
common_voice_ur_31972749.mp3	نئی دہلی دسمبر سیاست ڈاٹ کام بھارت نے پاکستان میں میچز کھیلنے کی دعوت قبول کر لی ہے	نئی دلید اسیمبرئ س اض ٹاٹ کام بارت نے پاکستان میں میچز ہیلیں کی دابت کو بول کرلیے
common_voice_ur_30663299.mp3	اگر آپ اس وقت ونڈوز استعمال کر رہے ہیں تو آپ کو یہ نیا ورژن خریدنے کی ضرورت نہیں	مگر آپ اس وقت ونڈوز استعمال کررہیں تو آپ کو یہ نیا ورجن خریرنے کی ظرورت نہیں
common_voice_ur_38476449.mp3	مجھے اس کی اسٹوری کی کوئی سمجھ نہیں آ رہی پھر بھی میں سب سے زیادہ اس ڈرامے سے انٹرٹین ہوتی ہوں	مجھے اس کس ٹوری کی کوئ سمج نہیں آرہی پھر بھی میں سب سے زیادہ اس رامے میں انٹرٹین ہوتی ہوں
common_voice_ur_38443674.mp3	یار یہ بات غلط ہے۔۔۔ جیسے ہی پاکستان میچ ہارتا ہے سب لوگ میچ فکسنگ اور جانے کیسے کیسے الزام لگاتے ہیں	یع یہ بعد غلت ہے جیسے ہی پاکستان میچ ہارتا ہے سب لوگ میچ فکسنگ  اور جانی کیسے کیسے الزام لگاتے ہیں
common_voice_ur_31793038.mp3	اور جب ایک ہی جیسا مینہ آسماں سے برستا ہے تو کہیں رحمت بن جاتا ہے اور کہیں زحمت مگر کیوں	اور جب انکہی جیس امینا آسمانت سے برستا ے تو کہیں رحم پنجاتا ہے اور کہیں صحمت مکر کیوں
common_voice_ur_38432126.mp3	سیکولر لوگوں کا یہ نقطہ نظر خالصتا مذہبی ہے جو دین کو ظاہری حلیے کے حوالے سے دیکھتے ہیں۔	سکیلر لوگوں کا یہ نقتی نظر خالستن مہبی ہے جو دین کو ضاہری خلیے کی خوالے سے دیکھتے ہیں
common_voice_ur_31973198.mp3	ممبئی بالی ووڈ اداکار سنجے دت کی بیٹی تریشالا دت نے کہا ہے کہ ان کا بالی ووڈ میں کام کرنے کا ارادہ ہے	ممبائی بالی ورڈ ازایکار سندے دد کی بیٹی تریشہعلہ درد نے کہا ئے اکلی ان کا وارڈی ورڈ وے کام کڑنے گئ راطا ہے
common_voice_ur_38454748.mp3	سیاسی جدوجہد، مسلح اقدام اور سفارت کاری، کسی کا کوئی نتیجہ نہیں نکل سکا بے چینی بڑھ رہی ہے۔	سیاسی جدوجہد مسللہ ایغرام اور صفارت کاری کسی کا کوئی نتیجہ نہیں نکل ثقا بیچینی بڑ رہی ہے
common_voice_ur_31834269.mp3	ان کا پلان ھے کہ دو ہزار تیرہ تک روزانہ تیل کی تیرہ لاکھ بیرل تک کی پیداوار کم کر دی جائے	ان کا پلان ہے کہ دو ہزاح دیرںگ تاک رزاناتیل کی تیراںلاکھ بیرل تاکی پیداوار کمپ کردی جائے
common_voice_ur_38458484.mp3	اگر کسی کو مسلسل برا بھلا کہا جائے تو یہ بھی اسی طرح ہے نتائج پیدا کرے گا	اگر کسی کو مسلصل بھرا بلا کہا جئے تو یہ بھی اسی ترہاں ہے نتایج پیدا کرے گا
common_voice_ur_31975124.mp3	کہ نبی صلی اللہ علیہ وسلم کا یہ ارشاد اپنے ایک عمل کی دلیل کے طور پر تھا	کہ نبھی سے ل اللہ ختالا رہے والی یو سلم کا یہ رشاد اپنی یہ کمل کی دلیل کے دور پر تھا
common_voice_ur_31961841.mp3	زندگی کی مصروفیات اور مختلف مسائل انسان کو نہ صرف جسمانی بلکہ ذہنی طور پر بھی تھکا دیتے ہیں	زندکی کی مصروفیات او مختلب مسائل انسان کو نا صر جسوانی لتھ نی تاور پربیی تکھا بیتے ہے
common_voice_ur_32202123.mp3	سوچنے کی بات یہ ہے کہ ہم ریاست مدینہ جیسی اصطلاحوں کا استعمال اتنی آسانی سے کیسے کرتے ہیں؟	سوچنے کی بعت ہے کہ ہم مں ریاست مدینا جیسی استلاحوں کار استعمال اتنی اسانی سے کیسے کرتے ہیں
common_voice_ur_31814386.mp3	یِہ دوران یَہاں طرح طرح کا پرندہ دُوسْرا جگہ سے نقل مکانی کرکہ آنا ہونا جو یَہاں کا طبعی حسن کو دوبالا کرنا دینا ہونا	یہ دوضان یہاں طرح قر کا پرندا دوسرا جگہا سے نکل مانی کر کہ آنا ہونا جو یہاں کا تبعی حسن کو تبالا کرنا دینا ہونا
common_voice_ur_31828915.mp3	یہ نہیں کہا جائے گا کہ زید کی طرف سے دی گئی ایک وقت کی تین طلاقیں واقع ہو گئی ہیں	یہ نہیں کھا جاےگا کہ ظید کی طرف سے دی کئ ایک وقت کی تین تلاقیں واقح ہو گئی ہیں
common_voice_ur_38499164.mp3	"سیکولرازم کو حال ہی میں پیارے ہونے والے ''نیو سیکولر دوست"" یہ سوال اٹھاتے ہیں کہ نظریہ پاکستان ہے۔"	سیکلورزم کو حال ہی میں پیاری ہونے والے نیوںںسیکلر دوست یہ سوال اٹھاتی ہے کہ نظریاے پاکستتان ہے
common_voice_ur_38478707.mp3	سیدنا عمرؓ نے فرمایا: یا رسول اﷲﷺ کیا میں اسے قتل کر دوں ارشاد ہوا: اگر وہ دجال ہے۔	سیدنا عمر عزیہ تعالا انہونے فرمایا یا رسول الہ سل یلا ہو الے واعالے سلم کیا میں اسے قتل کردوں اشاد ہوا اگر وہ تجال ہے
common_voice_ur_38430550.mp3	لیکن اس تماشے سے اچھائی کا پہلو یہی نکلا ہے کہ آئندہ کیلئے یہ پیچیدہ مسئلہ تو حل ہوا۔	لیکن استماش سے اچھائی کب پہلو یہی نقلاہ ہے کہ آئندہ کھلی پیچیدہ مسئلہ تو حل ہوا
common_voice_ur_32036437.mp3	جب دوستوں سے بات کی تو اچھا جواب ملا اور پروگرام طے ہو گیا کہ آدھےگھنٹے میں نکلنا ہے ۔	دوسنزبات کی تو اج آضوا ملا پرگریمتے ہو گیا کہ اد  گھنٹے م نکلا ہے
common_voice_ur_31927164.mp3	زیورخ سائنس دان ایسے روبوٹ بنانے میں کامیاب ہوگئے ہیں جو انسانی آنکھ سے غائب ہونے کی صلاحیت رکھتے ہیں	زیورسائیزاایسی روبور بنان میکامیآف ہو گئیای اجو انسانی حاقھ سے گائی ہونے کی صلاعیت ترکھتی ہے
common_voice_ur_31954030.mp3	اور حضرت صفیہ رضی اللہ عنہا رات کے وقت آپ صلی اللہ علیہ وسلم سے ملنے کے لیے آئی تھیں	اور حضر سفیہ ازیراتعلار ہو رابت کی غ قٹآ سے علاحولہیے وا للد سے ملنے کی لئے ائی تھی
common_voice_ur_31903077.mp3	میں سوچ رہا تھا کہ اگر یہ جگہ اتنی خوب صورت ہے تو جنت کیسی ہو گی	میں سوشی آتہ کی اگر یہ جہ ایتلی خوبصوریت ہے ت جلنت کہسے ہو گھی
common_voice_ur_38458451.mp3	شروع دنوں سے ہی پاکستان کا بنیادی مسئلہ وسائل کی کمی کا نہیں‘ قیادت کے فقدان کا رہا ہے۔	شروع دنوں سے ہی پاکستان کبنیادی مسئلہ وسائل کی کمی کر نہیں کایادت کی فقدان کر رہا ہے
common_voice_ur_38467321.mp3	اس کو اگر قبول کر لیا جائے تو دنیا میں کوئی سماجی نظم قائم ہو سکتا ہے۔	اس کو اگر قبھول کر لیے جے تو دنیا میں کوئی سماجی نزقائم ہو سکتا ہے
common_voice_ur_38443648.mp3	اس میں یہ سمجھ نہیں آ رہا تھا کہ لوگ گفٹ دل سے دے رہے تھے یا رشوت دے رہے تھے	اس میں یہ سمجھ نہیں آ رہا تھا کہ لوگ گف دلسہ دے رہے تھ یا رشوع دے رہے تھے
common_voice_ur_31978025.mp3	اور پوری روایت لینے کے بجائے باب کی مناسبت سے مکالمے کا ایک جز لے لیا ہے	اورپوری روائیت لینی کی وجائے باب کی مناسبت ہی مکالمی کا یک جض لیریا ہے
common_voice_ur_31961897.mp3	حالانکہ وہ لڑکی وہی ہوتی ہے جسے کبھی ساس صاحبہ چندے آفتاب اور چندے ماہتاب کہا کرتی تھیں	ہلا کہ وہ لڑتی وئی ہوتی ہے جسے قبھی سات ساحبت چندے اخطاپ اور چندے ماحطاب قہا کرتی تھیں
common_voice_ur_38458934.mp3	ان کی مجلس میں مسلسل بیٹھنے سے یہ معلوم ہوا کہ انسان اصلا ایک اخلاقی وجود ہے۔	ان کی مجلس نے مسالصل بیٹھنے سے یہ معالام ہوا کئ انسان اصلہ ایک خاخلاقی وجود ہے
common_voice_ur_38471094.mp3	اس میں ان طبقات کی بھی نمائندگی ہو جنہیں نظر انداز کیے جا نے کا گلہ ہے۔	اس میں ان تبقاد کی بھی نمائندگی ہو جنہیں نظر انداز کیے جانے کا گلا ہے
common_voice_ur_31798329.mp3	گر اس مضمون کو آپ نے کچھ دیر قبل بنایا ہے اور ابھی ظاہر نہیں ہو رہا ہے	گر اس مضمون کو آپ نے کچھ دیر کبل بنایا ہےں اور ابھی ضاہر نئیں ہو را ہے
common_voice_ur_38458296.mp3	اس میں سیاسی جماعتوں، اہل دانش، پڑھے لکھے لوگوں کے ساتھ ہم میڈیا والے برابر کے شریک ہیں۔	اس میں سیاسی جماعتوں اہلے دانش پڑے لکھے لگوں نگسآاد ہمیڑیا والے برابر ک شریف ہےں
common_voice_ur_31975760.mp3	پھر آڈیو یعنی ص سفر اور بعد آز ویڈیو نے آکر ویب کی دنیا میں چارہ چاند لگا د	پھر اڑیو ینی سوات سفر اور بعد از ویریوں نے آکر ویب کی دنیا میں چارہج چانت لگا دد
common_voice_ur_38412029.mp3	اس سے بڑھ کر، عدالتوں کے فیصلوں پر بھی اجتماعی دانش اپنا فیصلہ سنانے میں آزاد ہے۔	اسسے بڑ کر عجالتو کے فیصلوں پر بھی اجٹبائی دانش اپنہ فیصلہ صرعانے میں ہزاد ہے
common_voice_ur_38451578.mp3	سابق ٹیسٹ کرکٹر نے بھی کہا تھا کہ ڈپارٹمنٹ کرکٹ ختم کر کے کھلاڑیوں کو پارٹ ٹائم کرکٹر بنادیا ہے۔	صابٹ ٹیس کرکٹر نے بھی کا تھا کی ڈپارٹمنڈ کریکٹ ختم کارکی کھلاڑیوں کو پاٹ ٹیم کرکٹر بنہ دیا ہے
common_voice_ur_31823338.mp3	دوسری اننگز میں بنگلہ دیشی بلے بازوں نے پاکستانی بالروں کو اڑھے ہاتھوں لے لیا پر کوئی بھی اوٹ نہیں	دوسری ننگز میں بنگلہ دیشی بلدے بازوں نے پاکستانی بالگوں کو اڑے حاتھوں لیلیا پر کوئی بھی اوٹ نہیں
common_voice_ur_31834248.mp3	زمبابوے کے خلاف پہلا ٹیسٹ پاکستانی ٹیم نے یونس خان کی غیر معمولی اننگز کی بدولت جیتا تھا ۔	زمپاپر کی خلاخ پہلا ٹیسٹ پاکستان ی ٹیم نیم یونس خان کی غیر معمولی انکس کے بدولت جیتا تھا
common_voice_ur_31948516.mp3	بلکہ یہ کہا جائے گا کہ فلاں آدمی کا فلاں نقطۂ نظر اسلام کے دائرے میں نہیں آتا	بلکہ یہ کہاجائے گد کہ فلان آدمی کی فنان نقصیے نظر اسلام کے دعرے میںں نہیں آنگتا
common_voice_ur_32035180.mp3	برطانیہ امریکہ پاکستان سمیت دنیا کے کئی ممالک میں گیمنگ کو عالمی سطح پر پروموٹ کیا جا رہا ہے	برتانیا امریکہ پاکستان سرمے دنیا کے کئیم ممالق میں گیمنگ کو آالمی سطعح پر رمورٹ کیا جا رہا ہے
common_voice_ur_38422567.mp3	اس پس منظرکو سامنے رکھتے ہوئے وہ عالم اسلام اور پاکستان کے باہمی تعلق کو بیان کرتے ہیں۔	اسپلس منزر کو سامنے رپھتے ہوے وہ ارم اسلام اور پاکستان کے باہی تھالق کو بیان کرتے ہیں
common_voice_ur_32008593.mp3	اور جنہیں متبادل قرار دیا جا رہا ان کے خود تبدیل ہونے کا وقت آ گیا ہے ۔	اور جینی متباجل کرار دیا جا رہہ ہے ان کے خود تودیل ہونے کا وقت آگی
common_voice_ur_31829240.mp3	ممبئی سی این این سالہ ازدواجی زندگی کے بعد ارجن رامپال اور مہر جسیہ نے علیحدگی سے متعلق خبروں کع مسترد کردیا ہے	ممئی سینین سالیانا ازواجی زندگی کباعد ارجن سرامپال اور محد سچسیہ کی الیردگی سے متالک خبروں کو مسطرق کیدیرر
common_voice_ur_32009519.mp3	ممبئی پولیس نے درست درازی کے الزامات پر بالی وڈ کے ویٹرن اداکار الوک ناتھ کے خلاف مقدمہ خارج کردیا ہے	ممبئی پولیس نے درست دھرازی کے علزامات پر بالی وڈ کے ویٹرن مداقار الوق ناق کے خلاف مقدمہ خارش کردیا ہے
common_voice_ur_38457489.mp3	اسی طرح جدید قومی ریاست کے تقاضوں کو بھی بڑی حد تک پیش نظر رکھا گیا ہے۔	اسی ترہ جدید کومی ریاست کے تقازوں کو بھی بڑی حد تکپیش نپیشہے نظر رکھا گیا ہے
common_voice_ur_37882163.mp3	اب کی بار نیب عدالت میں فرد جرم سننے کے لئے پیش ہوئے تو عجیب منظر تھا۔	اپ کی بار نے بعدالت میں فردجرمسننے کےلئے پیشہوے تو اجیب منضل تھا
common_voice_ur_38472603.mp3	لیکن اس شام جہاں کہیں بھی بیٹھیں یہ یقین کیسے ہو گا کہ جو چیز استعمال ہو رہی ہے۔	لیکن اس شام جہاں کہیں بھی بیٹھیں یہ یہ کین کیسے ہوگا کہ جوچی استعمار ہو رہی ہے
common_voice_ur_31846750.mp3	جیسا کہ دوسرے ممالک میں بھی ہے کہ ٹرین چلانے کیلئے تقریبا بجلی ہی استعمال کی جارہی ھے	جیساک دوسرےم مالک میں بھی ہے کہ ٹرین چیلانے کیلے تقریبا بجرہی استعمال کھی جا رہی ہے
common_voice_ur_32001561.mp3	حکومت پاکستان کی بہترین حکمت عملی کی بنیاد پر ملکی خزانے میں ارب روپے کا اضافہ ہوگیا ہے	حکومت پاکستان کی بہترین حقمت عملی کی بنیار بر ملکی خزانے میں عرب روپے کا اظافہ ہو گیا ہے
common_voice_ur_31830043.mp3	ايسے تمام لوگوں کو سلام ہے جو اپنی جان کو خطرے میں ڈال کر عوام کی حفاظت کر رہے ہیں۔	ایسی تمام لوگوں کو سلام ہے جو اپنی اجان کو خطرے میں ڈال کر عوام کی فیاصت کررہے ہیں
common_voice_ur_31970405.mp3	ملتان شوبز ڈیسک امریکا کی مقبول ترین فیشن ماڈل جی جی حدید کا کہنا ہے کہ وہ جتنی ڈچ ہیں	ولطان شابج ٹیسٹس امریکھا کی مطبول ترین فیشن مارڈل جی جی ہدید کا کہنا ہے کہ وہ جتنی ڈیچ ہیں
common_voice_ur_38468017.mp3	اس سے پہلے جب تک آئین سازی کے مراحل درپیش رہے، تب ان کا ایک کردار تھا۔	اس سے پہلے جب تک آئین صاضی کے مراحل ترپیش رحے تب ن کا ایک کرٹاڑ تھا
common_voice_ur_32011742.mp3	ممبئی بالی ووڈ کے شہنشاہ امیتابھبچن کی صاحبزادی شویتا بچن نے اپنی بھابھی ایشوریا کے بارے ایک راز اگل دیا ہے	ممبئی ہبالی ورڈ کے شہنچا عمیطا پچند ک ساحب یادی شحتہ بچند نے اپنے بھابی اشوری کے بارے ایکھ راززعقول دیا ہے
common_voice_ur_31834996.mp3	مگر کھلاڑیوں نے زمبابوے کے ہاتھوں رسائی کی داستان تحریر کر کے واٹمور کو مشکل میں ڈال دیا ہے	مگر کھلاڑیوں نے زمبابوے کے ہاتھوں رسائی کی اتاستان تحریر کر کے واٹمور کو مشکل میںڈال دیا ہے
common_voice_ur_41157147.mp3	سینیٹ کے انتخابات بتا رہے ہیں کہ ہماری سیاسی جماعتیں اس معاملے میں بحیثیت مجموعی ناکام ثابت ہوئی ہیں۔	سنٹکی انتخابات بطارے ہں کی ہماری سیاسی جماعتیں اصمامنے میں بحیت مجموعی ناکامصہبی تہوئی یں
common_voice_ur_31832516.mp3	جن کی کارکردگی کا معیار گرگیا اور اس کے علاوہ اور بھی بہت کچھ ہمارے قارئین جان چکے ہیں	چن کی کارکردگی کا میار گر گیا اور اس کےلاہوا اور بھی بہت کچھ مایرا کرائن چاند چکے ہیں
common_voice_ur_38465302.mp3	اس کے بدلتے حالات میں دین آپ کو پوری طرح راہنمائی فراہم کر رہا ہے یا نہیں؟	اس کے بدلتحالات میں دین آپ کو پوری طرح رہنومائی فرام کر رہا ہےیا نہیں
common_voice_ur_31894356.mp3	ہر ادارے میں افسران ہوں یا چھوٹے ملازم وہ بھی انسان ہیں ان سے بھی غلطیاں ہو تی ہیں	ہر عدارے میں افصران ہویا چھوٹے منازم بھی انسان ہے انس بھی گلتیاں ہوتی ہیں
common_voice_ur_31835436.mp3	جہاں میں زیرتعلیم ہوں یہ جگہ اسلام آباد کی حدود میں ہی ہے مگر اکثر اسلام آباد یئے نہیں جانتے ۔	چہاں میں صیرطانی ہو یہ جہ کا اصلاواات کی حدوت میں ہی ہے وک اکصر الامباد یہ نہیں چانتے
common_voice_ur_38472782.mp3	اس حوالے سے لیکن شرائط نہیں رکھی جا سکتیں جو بھی ہاتھ آئے، اسے سزا دینی چاہیے۔	اس قوارے سے لیکن شائد نہیں رکھی جاسکتی جو بھی ہا تھا حعو شصدلین چاہیے
common_voice_ur_38455871.mp3	لہذا جب یہ تحفہ ملا تو بہت خوشیاں منائی گئیں کہ پاکستان بھاری انڈسٹری کے سفر پہ چل نکلاہے۔	لہاضا جب یہ توفا ملا تو بخت خوشیں منائی گئیں کے پاکستان بھاری انڈیسٹری کے حسفر پہ چل نکھلا ہے
common_voice_ur_38459320.mp3	اس وقت ان فلیٹس کی ملکیت کے سوال پر کسی قطری کا دور دور تک ذکر نہ تھا۔	اس وقت ان فلیٹس کی ملکیت کے سوال پر کسی قطری کا دور دور تقض کرنا تھا
common_voice_ur_38443497.mp3	اس کا ایک جواب طاہرالقادری تھے اگر عمران خان کے کارکن اس امتحان میں ناکام بھی ہوتے ہیں۔	اس کا ایک جواب داہرول قادری تھ اگر امران خان کے قار کون اس امتحان میں ناکام بھی ہوتے ہیں
common_voice_ur_31793410.mp3	"وہ دُمدار ستارے جو ہم ہر تھوڑے ہزار سالوں میں دیکھتے ہیں ""اوٗرٹ کے بادل"" سے آتے ہیں۔"	عدمدار سے تارے جو ہم ہر تھوڑے ہضار سالوں میں دیکھتہیں آورٹ کے بادلت سے آتے ہیں
common_voice_ur_31970219.mp3	نجانے کیوں مجھے ان بچوں میں اپنا بچپن جو کہیں کھو گیا ہے نظر آ رہا تھا	مزانی کیوں مزہ انبچر میں اپنا بچمن جو کہیںک ہو گیا ہے نظر رہا تھے
common_voice_ur_31951480.mp3	اس کا ایک ممکنہ اطلاق ایس نظام میں ہو سکتا ہے جو انس میں اضافہ کر کے قابل ہو	اس کا ایک ممکھنا اختلاق ایسی ے زام ہو سے پہے جو انصمیں اضافہ کر کے قابل ہوں
common_voice_ur_31794003.mp3	اس بجلی کی گاڑی کو چارج کرنے کاطریقہ یہ ھےکہ جیسے آپ اپنے کمپیوٹر کی بیٹری چارج کرتے ہیں	اس بجلی کی گارڑی کو چارٹچ کرنے کا تریقا یہ ہے کہ جیسے آپ اپنے کمپیوٹر کی بیٹری چاڑچ کرتے ہیں
common_voice_ur_38464647.mp3	لیکن میں ذرا دیر میں بات کرتا ہوں لیکن ایک سوال ہے کہ آپ ذرا وضاحت کرو کہ رائٹس کی کیا تعریف ہے؟	لیکن میں ظرع دیرمیں بات کرتا ہوں لیکن ایک سوال ہے کہ اب ظرا وضاحد کرو کہ رائٹس کی کیا تعاریف ہے
common_voice_ur_38459481.mp3	اب موقع کھل رہاہے، اور یہ آسمان سے آیا ہے، کہ پاکستان کچھ بہتری کی سمت چلے۔	اب مکا کھل رہا ہے اور یہ آسمان سے یا ہیے کہ پاکستان کچھ بھہتری کی صمد چلںیں
common_voice_ur_38431383.mp3	بیٹنگ میں کوئی اسٹار پلیئر بھی نہیں ہے اس لئے نوجوانوں کی توجہ کا مرکز بالنگ بنی ہوئی ہے	بیٹنگ میں کوئی اسٹوار پلیر بھی نہیں ہے اس لیے نو جوانوں کی طوجو کا مرکز بالنگ بنی ہوئی ہے
common_voice_ur_31969171.mp3	ماہرین کا کہنا ہی کہ زمینی پرت کی اس نوعیت کی ٹوٹ پھوٹ کی ماضی میں کوئی مثال موجود نہیں ا	مہرین کا کینا ہے کہ زننی غرت کی اس نویت کی ٹو پود کی معازی میں کوئی مسال مجود نہیں
common_voice_ur_33605817.mp3	اس کیفیت کا لازمی نتیجہ یہ ہے کہ ہر اطراف کسی سے بنا کے نہ رکھی جائے۔	اس قیفید کا لازمی نتیجہ یہ ہے کہ ہر اطراف کسی سے بنا کھی نا رکھی جائے
common_voice_ur_38432462.mp3	اللہ سب کے پیرینٹس کو تب تک زندگی دے جب تک کہ ان کی کوئی اولاد زندہ ہے امین	اللہسب کہ پیرنس کو تب تب زندگی دی چب تب کی ان کی کوئی آولاد زن دا ہے آمییں
common_voice_ur_38440529.mp3	یونانی شہر ہ آفاق مصنف ہومر کی کتاب اوڈیسی میں ایک واقعہ درج ہے کہ اوڈیسو ز اوراس کے ساتھی ایک جزیرے سے گزرتے ہیں۔	یونانی شعرائے آفاک مصعنفحومر کی کتاب او ڈسی میں ایک واکیہ درج ہے کہ او ڈسیس اور عسکے ساتھی ایک جزیر سے گزرتے ہیں
common_voice_ur_32004022.mp3	آج مجھے اپنی انکھوں پر رشک ہو رہا تھا جن کی بدولت میں اس قدر خوبصورتی سے محظوظ ہو رہا تھا	اج مجھے اپنی آنکھوں پر رشک ہو رہا تھا جنکی بدالت میں اس قدرمز خبصورتی سے محسوص ہو رہا تھا
common_voice_ur_38439869.mp3	اکثر میں ایسا نہیں کرتا۔ لیکن اگر حالات ہنگامی ہوں تو میں اس طرح کا خطرہ مول لیتا ہوں۔	اکصر میں ایسا نہیں کرتا لیکن اگر حالات ہنگامی ہوں تو میں اسطرا کا خطرح مول لیتا ہوں
common_voice_ur_38431829.mp3	سینیٹ کے چناؤ کے وقت بھی منصوبہ بندی اور حکمت عملی کی صلاحیت لیگی قیادت میں نظر نہیں آئی۔	سینٹی چنائو کے وقت گی منسوبابندی اورحکمت امریکی سلایت لگی کے عدت میں نظر نہیں آئی
common_voice_ur_31918177.mp3	کویتی وزیراعظم اور وزیر داخلہ شیخ رشید احمد کے درمیان ملاقات میں اہم فیصلے کیے گئے ہیں	کویتی وزیر اعزم اور وزیرہ داخلح شخری یر اہمت کے درمیان ملاقات میں ایم فیصلک کیے گئے ہیں
common_voice_ur_31834611.mp3	مگر جب یہاں کے لوگوں سے ملاقات ہوئی تو انتظامیہ کی باتیں محض خام خیالی نظر آئیں ۔	مگر چب یہاں کے لوگوں سے ملاقات ہوئی تو انتظامیہ کی باتیں بحث ہم خایالی نثرآئیں
common_voice_ur_38436596.mp3	اس کا حاصل یہ ہے کہ ایک جمہوری حکومت کوکبھی اپنی ساکھ پر سمجھوتہ نہیں کر نا چاہیے۔	اس کا حاصل یہ ہے کہ ایک جمہوری حکومت کو کبھی اپنی ساق پر سمجوتا نہیں کرنا چاہیے
common_voice_ur_31984881.mp3	واٹس ایپ نے صارفین کی لیے فری انٹرنیشنل کالز کرنے کا فیچر متعارف کروایا جا رہا ہے	ورٹس ایپ نے صارفین کے لیے فی انٹینیشنل کالز کرنے کا فیچر متارف کربایا جا رہا ہے
common_voice_ur_38422236.mp3	شخصی حیثیت میں، انہوں نے گزشتہ چند سالوں میں جو تحقیقی کام کیا ہے، وہ ایک ادارے جتنا ہے۔	شقصی حیصیت نی انہوں نی گزستہ سمسالوں میں جو تحتیقری کام کیا ہے وہ ایک ادارع دلتا ہے
common_voice_ur_38416842.mp3	اس وقت کون سوچ سکتا تھا کہ یہ مردہ کبھی قبر سے پھر اٹھ کھڑا ہو گا؟	اس وقت کون سوچ سکتا تھا کئی یہ مردہ کبھی قبر سے پھر اٹ کھڑا ہو گا
common_voice_ur_38428520.mp3	اس نے ایک ایسے طبقے کو جنم دیا ہے جو لوگوں کے مذہبی جذبات کا استحصال کرتا ہے۔	اس نے ایک ایسے تبقہ کو جنم دیا ہے جو لوگوں کے مظہبی جزبات کا اہتصال کرتا ہے
common_voice_ur_38462681.mp3	تمہارے خیال میں وہ اتنا بے نیاز ہے کہ اسے تمہارے گھر والوں کی فکر نہیں ہو گئی	تمہارے خیال میں وہ اتنا بے نیا سے کہ اسے تمہارے کھر والوں کی فکر نہیں ہوکی
common_voice_ur_32005515.mp3	باہر کے چینلز نے آئی سی یو کے اندر کے حالات بہت پہلے دکھا کر لوگوں کو عقل دلائی تھی	باہر کہ چینلز نے ائی سی عیو کی انگر کے حایات بہت پہلے دکھا کرلوم کو عقل دیلائی تھی
common_voice_ur_38437328.mp3	اس صورت حال سے نواز شریف اور دیگر لیگی قیادت کو کچھ نتائج اخذ کرنے چاہئیں تھے۔	اس صورت حال سے نواز شریف اور دیگر لیی کی عدت کو کچھ نطائیج اخز کرنے چاہیے تھے
common_voice_ur_38466023.mp3	اللہ کی راہ میں مرنے والے شہید ہوتے ہیں اور شہد مر کر بھی زندہ رہتا ہے	اللہ کیراہ میں مرنے وراں شحیط اور طورشیط مرکربی زندار
common_voice_ur_31809147.mp3	ایک نئی تحقیق کے مطابق اب چھوٹے بچوں کو چپ کر آنا کوئی مشکل کام نہیں ہے	ایک نئی تہقیق متبحقق آپ چھوٹے پچوں کو چھپ کر آنا کوئی مشکل کام نہیں ہے
common_voice_ur_38441007.mp3	اچھا ویسے اس ڈرامے کو دیکھنے کے بعد سب اس لڑکے کے پیچھے پڑ گئے ہیں کہ وہ جوا کھیلتا ہے	اچھا ویصے اس ڈرامیں کو دیکھنے کے بعد سب اس لڑکے کے پیچھے پڑ گئے ہیں کہ وہ جوا کھیلتا ہے
common_voice_ur_31828786.mp3	روئے زمین پر انسان نے جہاں جہاں ڈیرے ڈالے نام نہاد ترقی کی بنا پر فطری خوبصورتی کا گلا گھونٹتا گیا	روئے زمین پر انسان نے جہاں جہا ڈےرے ڈالے نام نے حد ترقی کی بنا پر فتری خوبصورتی کا گلا مٹاگیا
common_voice_ur_32016660.mp3	اس کو چھوڑ کر، ہر کسی نے تنقید نگار سے سچی رائے دینے کے لئے شکریہ کر دیا۔	ارس کو شوٹ کر ہرکی س نے تنکیت نگار سے سچی رائے دینی کی لیے شکریع کر دیا
common_voice_ur_31886911.mp3	ہالی وڈ کی نئی تھری ڈی اینیمیٹیڈ کامیڈی فلم دی سیکرٹ لائف آف پیٹس نے نئے ریکارڈز قائم کر دیے ہیں	اولی وڈ کی نئی تھری ڈی اینیمیٹڈ کامیڈی فلم دی سکریٹ لائیف آفبیٹس نے نئے ریکارڑڈز کائم کردیئے ہیں
common_voice_ur_38466042.mp3	اس طنز میں وزن تھا یا نہیں لیکن وہی چیز آج پاکستان کے کام آ رہی ہے۔	اس تنز میں وزن تھا یا نہیں لیکن وہی چیز آج پاکستان کے کام آ رہی ہے
common_voice_ur_31980255.mp3	چلنے کے قابل ہوئے تو انہوں نے ایک ہاتھ میں اپنی لاٹھی لی اور دوسرے میں میراہاتھ تھامے مسجد لےگئے	چلنے کے قابل ہوے دونو نے ایک ہای فن لارٹھیلئے اور دوسرے میں میراہت تھامیں مسطلق گئے
common_voice_ur_31845814.mp3	ایپل تک ہی آئی پوڈ متعارف کرائے گا لیکن بہت سی کمپنیاں میں ہی فلیگ شپ فون متعارف کرا دیں گی	ایپ ل اےپلٹ کی آئی پورٹ مطارف کرائے گا لیکن صی کمپغنیوں میں ہی لیک ش فن مطعارف کرہا دیین گی
common_voice_ur_38488892.mp3	اس وقت صورت حال یہ ہے کہ تنہا شیخ رشید حکومت سے زیادہ وقت لے لیتے ہیں۔	اس وقت سورتحال یہے ہے کہ تنہا شقرچی کو مطظعبہ وقت لے لیتے ہیں
common_voice_ur_31956331.mp3	ٹھنڈی ٹھنڈی ہوا میرے پسینے سے بھیگے بدن سے ٹکراتی ہے تو عجب سا لطف و سرو ر اور سکون حاصل ہوتا ہے	ٹھنڈی ٹھنڈی ہوا میرے پسینے سے بھیکہ بدن سر ٹکراتی ہے تو اجب سلتفص صرور ار کون حاصل ہوتا ہے
common_voice_ur_38467970.mp3	اس کا جواب اثبات میں ہے لیکن سیاست کی حرکیات کو الگ سے سمجھنا بھی ضروری ہے۔	اس کا جواب اقصبات میں ہیں لیکن سیاست کی حرقیات کو الگ سے سماجینہ بہی سروٹی ہے
common_voice_ur_31979377.mp3	آج کل لوگ فرش پر بیٹھنے کے بجائے کرسی یا سوفے پر بیٹھنا پسند نہیں کرتے ہیں	از کللاق فرایفرش پر بیٹنے کے بجائے قرسیہ صففر بڑنا پسند نہیں کرتے
common_voice_ur_38463721.mp3	سوال یہ ہے کہ ان کی طرح کا ایک پڑھا لکھا جدیدآدمی یہ سب کچھ کیسے مان لیتا ہے؟	سوال یہ ہے کہ ان کی ترہاں کا ایک پڑہا لکھا جدید آدمی یہ سب کچھ کیسے مان لیتا ہے
common_voice_ur_32569971.mp3	سپریم کورٹ میں ڈپٹی سپیکر قومی اسمبلی کی رولنگ پر از خود نوٹس کیس کی سماعت جاری ہے	سپریم ایکارڈ میں ڈیپٹیس پیکر قومی اسایملی کی ڈولنگ پر ازخھود نوٹس کیس کی سماتھ جاری ہے
common_voice_ur_38457438.mp3	اب بھی یہ کہا جاتا ہے کہ نواز شریف صاحب کو تو شخصی کاروبار سے دلچسپی ہے۔	اب بھی یہ کہا جاتا ہے کہ نواز شریف صاعب کو تو شخصی کاربار سے دلچسبی ہے
common_voice_ur_31955845.mp3	سائنس زدہ معاشروں میں جہاں انسان اپنے اوپر ایک خود ساختہ انا کا خول چڑھا لیتے ہیں	سائنس سعدح معشٹروں میں چہائ انسان اپنے اپرے خود سختہ آنا کا خول چڑھا لیتے ہیں
common_voice_ur_38412470.mp3	اس کا مطلب یہ نہیں ہو تا کہ ریاست کا دفاع پس منظر میں چلا جا تا ہے۔	اس کا مطلق لیل ہوتلکریاست ارطفاح پاسد مندر میں چلا جاتا ہے
common_voice_ur_31831819.mp3	جن لوگوں اور خاص طور پر جن خاتون نے گوادر کو پاکستان میں شامل کرنے کے لیے	چن لوگوں اور خاس ور پر چن خاتون نے گوادر کو پاکستان میں شامل کرنے کی لئے
common_voice_ur_31792702.mp3	مائیکروسافٹ اپنے صارفین کو تلقین کرتا آیا ہے کہ جدید آپریٹنگ سسٹمز پر اپ گریڈ ہوجائیں	مائیکروسافٹ اپنی صارفین کو تلکین کرتا آیا ہے کہ جدید اپریٹنگ سسٹمس پر اب کریٹ ہو جائی
common_voice_ur_38469824.mp3	بے چارہ اچھی خاصی شکل صورت کا تھا اور سب اس کا اتنا مذاق بنا رہے تھے	بے چارا اچھی خاسی شکل سورت کاتھا اور سب اس کا اتنا مظاغ بنا رہے تھے
common_voice_ur_31831657.mp3	ہم آلودگی شور گنجان آبادی خود غرضی سے بہت دور تھے اور قدرت سے بہت قریب قدرت کتنی خوب صورت ہے	ہمالود کی شوربنجان اباعدی خود غرزی سے باہت دورتھے اور قدرت سے بہد قریب قدرت کتنی خو ب صورت ہے
common_voice_ur_38442080.mp3	بارش کا قطرہ سیپی اور سانپ دونوں کے منہ میں گرتا ہے جب کہ سانپ اسے زہر بنا دیتا ہے اور سیپ اسے موتی	بارے شقطرہ صیفی اور سامدونوں کے منع میں کرتاہے چپ کہ سامپ اسے صہر بہنا دیتا ہے اور سیف اسے موتی
common_voice_ur_38452164.mp3	اس کے بعد آخر کیا جواز ہے کہ آئے دن جلوس نکلیں اور سڑکیں بند کی جائیں؟	اس کے بعت آخر کیا جواز ہے کہ ائے دن جلوس نکلیں اور صڑکیں بند کی جائیں
common_voice_ur_31975855.mp3	ہاکی چیمپئنز ٹرافی بیلجیئم نے پاکستان کودو کے مقابلے میں چار گول سے شکست دے دی	ہاکری چیمپلینس ٹرافی بلچیم نے پاکستان کو دو کے مکابلمیںچارگول سے شکس طیدی
common_voice_ur_38455265.mp3	سوال یہ ہے کہ آئینی طور پر یہ کونسل کسی خاص فقہ کی نہیں، قرآن وسنت کی پابند ہے۔	سوال یہ ہے کہ آئینی تور پر یہ کونصل کسی خاض بقا کی نہی کران وں سمنت کی پابند ہے
common_voice_ur_31927305.mp3	سعودی عرب میں اتوار تیس مئی کو کورونا کے نئے کیسز ایک ہزار سے کم ہوگئے	سودی عرب میں اتوار تییص مئی کو کرونا کی نئے کیسز ایک ہزار سے کم ہو گئے
common_voice_ur_28900804.mp3	امریکا کے محکمہ خزانہ حکام نے ایران کے شہریوں کو سپیشل ویزا دینے کا اعلان کیا ہے	امریکہ کہ امہکمہ خزانہ حکام نے اران کی شہریع کو سپیشل ویزا دینے کا اعلان کیا ہے
common_voice_ur_28900842.mp3	ایس ای سی پی نے نئے کمپنیز ایکٹ کے تحت معلومات کی فراہمی کے فارمز جاری کردیئے	ایس اسی پی نے نئی کمپنیز ایکٹ کی تحیت معلومات کی فراحمی کا ارفامز چاری کردیے
common_voice_ur_41170612.mp3	اس پر حکومت کا کوئی قابل ذکر رد عمل سامنے نہیں آتا اب دو ہی صورتیں ہیں۔	اس پر حکومت کا کوئی قابلے زکرردے ہمل مظہر نہیں آتا اب دوہی صورتے ہیں
common_voice_ur_31888464.mp3	اس کے علاوہ شاید آزار بند کیلئے استعمال ہونے والا الاسٹک بھی تیل ہی سے بنتا ھے	اس کے لاوہ شائعد آزاد بند کے لئے استعمال ہونے والا علاسٹک بھی  تیل ہی سے بنتا ہے
common_voice_ur_31811965.mp3	غیر مجاز فرد سے صادر ہونے والا فتویٰ یا قانون حکومت کی قوتِ نافذہ سے محروم ہوتا ہے	غیر مجا ازفرد سے سادر ہونے والا فتوہ یا قانون حکومت کی قت نافضہ سے معروم ہوتا ہے
common_voice_ur_38425390.mp3	اب بھی لکھنا چاہتا ہوں، مگر بھارت کی جانب سے جارحیت کا معاملہ ابھی چل رہا ہے۔	اب بھی لکھنا چاتا حونہ کب بھارت پی چانپ سے اریت کا ماملہ ابھی سا رہا ہے
common_voice_ur_38450041.mp3	ان کا کہنا تھا کہ مسلم دنیا کفر اور استکباری طاقتوں کا مقابلہ کرنے کی صلاحیت رکھتی ہے	عن کا کہنا تھا کہ موشلم دنیا قفر اور استقباری تاقطوں کا مقابلہ کرنے کی صلاحیت رکھتی ہے
common_voice_ur_31899667.mp3	جناب جاوید احمد صاحب غامدی نے اسے بجا طور پر صدی کا بہترین فیصلہ قرار دیا ہے	جناب جاوے دحمد صاحب غامدی نے اسے بجاہ تور پرصدی کا بہترین فیصلہ کرار دیا ہے
common_voice_ur_31999927.mp3	"اور شائقین کو بھی ""نیا کپتان ، نیا جوش"" کے نعرے سے کچھ دنوں کے لیے بہلایا جاسکتا ہے"	اور شاعیقین کو بھی نیا کپتان نیا جوش کے نارے سے کچھ دنوں کے لئے بہلایا جا سکتا ہے
common_voice_ur_31823957.mp3	قرآن و سنت کی رو سے علما کی اصل ذمہ داری دعوت و تبلیغ، انذار و تبشیر اور تعلیم و تحقیق ہے	فرانوں صنت کی روسرے علماہ کی عیصل زمیداری ڈاوطوہ تبلیق انظاروا تبشیر اور تعلیم وا تحکیک ہے
common_voice_ur_38443317.mp3	"اس کا فائدہ ان سے زیادہ دوسروں کو پہنچے گا"" جو اب ان کے بعد آئیں گے۔"	اس کا فیطی انسی ویزہ دوسرو کو پوچے کا جب انکے بعد آئیں گے
common_voice_ur_38452316.mp3	اس کے ساتھ وہ یہ تاثر بھی دیتا ہے کہ جیسے انہیں فوج کی تائید حاصل ہے۔	اس کےسات کو یہ تاصوربی دیتا ہے کہ چیسے ان فوش کی تائیڈ حاصیل ہے
common_voice_ur_38442950.mp3	اب مجھے آج مارکیٹ جانا ہے چچا کے ساتھ اور مارکیٹ جانے کے لئے میرے پاس بائیک بھی نہیں ہے	اب مجھے آج مائیکیٹ جانا ہے چھچا کہ ساتھ اور ماکیٹ جانے کے لیے میرے باست بائیک بھی نہیں ہے
common_voice_ur_31933320.mp3	کام چل رہا ہے کے اصول پر وہ اس طریقِ قانون سازی سے سمجھوتاکیے رہتے ہیں	کام چل رہا ہے کہ عسول پر وہ اس تریخ قانون صاظی سے سمجھوتہ کیے رہتے ہیں
common_voice_ur_31975864.mp3	ادھر بت تو کم بنائےگئے مگر انہوں نے فوٹو بنا کر انکی پرستش البتہ خو ب کی	ادھر بت تو کم بنائے گئے مگر انوں نے فوٹو بنا کر ان کی پرستش البتا خوب کی
common_voice_ur_31964055.mp3	بے مثال حسن کو دیکھ کر آنے والے قدرت کی صناعی کی داد دئے بغیر نہیں رہ پاتے ۔	پہ مصائل حسن کو دیک کرآنے والے قدرت کی سنائی کی داد دی بغیر نہیں رہپاتے
common_voice_ur_31863834.mp3	میں نے ان سے کچھ سوال کیے تو کسی بچے نے کوئی خاطر خواہ جواب نہیں دیا	میںنے انسے کچھ سوال کیے تو کسی بچینے کوئی خاطر خواض جواب نہی ینہیں دیا
common_voice_ur_38429296.mp3	اس سے جہاں جمہوریت کو اسلام کے مخالف نظام کے طور پر پیش کیا جا رہا ہے۔	اسے جہاں جمموریت کو اصلام کی مخالفن ضام کے طوربر پیرش کیا جا رہا ہے
common_voice_ur_32017151.mp3	بھائی دیکھ لو کیا کرنا ہے، زیادہ چھٹیاں کیں تو امتحان میں بیٹھنے نہیں دیں گے۔	بھائی دیکھ لوگ کیا کرنا ہے سیادہ چھٹیاں قی تو امتحان میں بیٹھنے نہیں دیں گے
common_voice_ur_38416670.mp3	اس وقت سب سے اہم سوال یہ ہے کہ کیا بگڑے ہوئے معاملات سنبھالے جا سکتے ہیں؟	اس وق سب سے اہم سوال یہ ہے کہ کیا بگڑے ہوئے معاملات سمبھالے جا سکتیں ہیں
common_voice_ur_31863694.mp3	جس نے پاکستان دو لخت کیا ہو اسے یوم دفاع منانے کا کوئی حق نہیں ہے	اسنے پاکستان دولخت کیا ہو اسرے گیوم دفا بنا منانے کا کوئی حق نہیں
common_voice_ur_31929455.mp3	پی سی بی دفاتر کو پراپرٹی ٹیکس کی ادائیگی کی یقین دہانی کرانے پر ڈی سیل کر دیا گیا	پی سی بھی دفاطر کو پراپٹی ٹیکس کے تاریقکیئے کین دہانی کرنے پر ڈی  سل کر دیا گیا
common_voice_ur_31952022.mp3	لاہور قذافی اسٹیڈیم میں قومی کرکٹ ٹیم کے کھلاڑیوں کا تربیتی کیمپ تیسرے روز بھی جاری	لاہور کزاخسٹیڈیممیں کامکرکٹ ٹیم کی کھلاڑیوں کاترگی کی کیمپ تیسرے روسپی جاری
common_voice_ur_31997135.mp3	میں نے خود پر بہت جبر کیا لیکن جب ڈھول بجا تو پھر رہا نہیں گیا	میں نے خود پر بوت جبل کیا لیکن جب ڈھولبجا تو پھر رہا نہیں گیا
common_voice_ur_32028984.mp3	اسی خوف و دہشت میں سارے ملک کو یرغمال بنا کے اپنا کنٹرول برقرار رکھا جائے	اسی خواف و دیشت میں صاری ملک کو یعر گمال بنا کہ اپنا کنٹرول بائی کڑار رکھا جائے
common_voice_ur_31917133.mp3	اللہ تعالیٰ نے اس دنیا کو کچھ مادی قواعد و ضوابط کا پابند بنا رکھا ہے	الاتانہا نے اس دنیا کو کچھ مادی قوائیدو زوابت کا بابند بنا رکھائے
common_voice_ur_31958792.mp3	یہ اور اس نوعیت کے بہت سے دوسرے معاملات سر تا سر قانون اور عدالت سے متعلق ہوتے ہیں	ای اور اس نامیت کے بحس سے دوسرے معملات سرتا سرقحانون اور عدالت سے مطعالقھ ہوتے ہیں
common_voice_ur_38443005.mp3	اس میں انتخاب کا حق ہمارے پاس نہیں زبان سیکھنا اور زبان اپنانا دو مختلف باتیں ہیں۔	اس میں اتخاب کحب ہمار پس تہے جبان سیکھناہ اور زبا عقرانہ دو بخترخ پاتے ہیں
common_voice_ur_38445568.mp3	ان کے بارے میں فہم دین کے حوالے سے درست بات اسی وقت کہی جا سکتی ہے۔	ان کے بارے میں فحم دین کے حوالے سے درست بات اسی وقت کیہی جا سکتی ہے
common_voice_ur_38476343.mp3	اس وقت بھی سیاسی مقاصد کے لیے مذہب کو استعمال کیا گیا، آج بھی کیا جا ئے گا۔	ایس وقت بھی  سیاسی مقاست کے لئے معصب کو استعمال کیا گیا آج بی کیا کیا جائے گا
common_voice_ur_38422263.mp3	اس سے ایک ایسا جذباتی ماحول پیدا ہوا جس نے ایوب خان حکومت کیلئے مشکلات پیدا کیں۔	اس سے ک ایسا جزباتی محول پیدا حولا جس نے عیو خان حکومت کےلئے مشکلات پیدا کیں
common_voice_ur_31854885.mp3	اس تنزل مسلسل کے نتیجے میں ہماری بطور قوم شناخت بھی ایک سوالیہ نشان بن گئی	اس ٹن الزول مسل سل کے نتیجے مں ہمہاری بطور قومر شناک بھی ایک سوال ینیںشان بن گئی
common_voice_ur_31834504.mp3	جس کا مطلب ہے اب کسی بھی خرابی کے لئے مائیکروسافٹ اپ ڈیٹ نہیں کرے گا	چس کا مطلب ہے اب کسی بھی خرابی کیلیے مائیکروسافٹ اب ڈیٹ نہیں کریگا
common_voice_ur_38442894.mp3	اس بات پر اتفاق پیدا ہو گیا ہے کہ ہتھیار اٹھانا ریاستی اداروں ہی کا کام ہے۔	اضبات پر اتفاق پیدا ہو گیا ہے کہ ہتھیار اٹھانا ریاستی داروں ہی کا کام ہے
common_voice_ur_31822961.mp3	اسلام آبادنیو زڈیسک مشہور ٹیکنالوجی گلیکسی سامسنگ نے نیند میں چلنے والے مریض کی نگرانی کیلئے والکنگ سسٹم رجسٹرڈ کرایا ہے	سلامباعب نیوز ظی ریکس مشہور ایک نالوجی لیکسی سامسن نینین میں چلنے والے مریز کی نکریانی کے لئے واکنگ سسٹم ریجسٹرڈ کرایا ہے
common_voice_ur_31967358.mp3	کہ خدا اپنی مخلوق کے کسی فرد اور اپنے گلے کی کسی بھیڑ سے غافل ہوتا ہے	کہ خدہ اپنی مخلوق کہ کسی فر اور اپنے گلے کی کسی بھیڑ تھے غافل ہوتا ہے
common_voice_ur_31916800.mp3	بلکہ یوں کہنا چاہیے کہ ان ہی کہانیوں نے ہمارے معاشرے کا رنگ بدل دیا ہے	بلکہ یوں کہنا چاہیے کہ انکہی کہانیوں نے ہمارے معاشرع کا رنگ بدلدیا ہے
common_voice_ur_38500020.mp3	او سلی ون کہتے ہیں کہ ہمارے پیٹ اور آنتوں میں کروڑوں اقسام کے بیکٹیریا موجود ہوتے ہیں اور ہر شخص کے	بس لی والم کہتی ہں کہ مارے پیر اورحاطوں میں کروں اقصام کے بیٹیریہ موجود ہتے ہیں اور ہر شقس کی
common_voice_ur_38417001.mp3	سچ تو یہ ہے کہ اگر سازش ہوئی تو شریفوں اور شریف زادوں نے اپنے خلاف ہی سازش کی۔	سبج تو یہ ہے کہ اکر ساظہ شہوی تو شریفوں اور شریف زادو نے اپنی خلاف ہی زادشکی
common_voice_ur_38416891.mp3	ابھی تک اس بات کے آثار دکھائی نہیں دیے کہ قادری صاحب ایک انتخابی طاقت بھی ہیں۔	اب پنی تک اس بات کے ساتھ دکھائی نہیں دیے کے قادری صاحب ایک انتخابی طعقتبی ہیں
common_voice_ur_31956176.mp3	اور جیسے ہی انھیں موقع ملتا ہے وہ بے دریغ قانون کی خلاف ورزی کر ڈالتے ہیں	اور جیسے ہی انے موکا ملتہ ہے وہ بہ دریف قانونکی خلابرزی کر ڈالتے ہیں
common_voice_ur_38472998.mp3	لیکن ان کی مصیبتوں میں کوئی کمی نہ آئی اور احتساب کی جکڑ ان کے گرد سخت ہوتی گئی۔	لیکن کی مصیبدوں میں کوئی کمی نہائی اور احتصاب کی چکڑ عنکی گھر شفت ہوتی گئے
common_voice_ur_31890342.mp3	کھانے کے بعد میرے دوست ان خوشگوار لمحات کو کیمرے میں محفوظ کرنے میں مشغول ہو گئے	کھانی کمان مینے دوستانخوش کوارنا حاصوے کیمریں میں محفوز کرنے میں مشخول ہو گئے
common_voice_ur_38445065.mp3	اس کام کے لیے جس اخلاقی اثاثے کی ضرورت ہے، اللہ کا شکر ہے کہ وہ موجود ہے۔	اصکام کے لیے جس اخلاقی اصاصے کی ظرورت ہے اللہ کا شکر ہے کہ وہ موجود ے
common_voice_ur_38433437.mp3	"اس ''ممتاز فہرست"" میں وزیر اعظم کے بچوں کے بھی نام تھے: دو بیٹے اور ایک بیٹی۔"	اس ممطابفعرغ طوزیر اظم کے بچکے وھئی نام ٹھے دو بیٹ ار ایک بیٹی
common_voice_ur_38431548.mp3	اس کے ساتھ ان طبقات کے خلاف بھی جن سے دین اور پاکستان کو خطرات درپیش ہیں۔	اس کے سات ان تبقات کےی خلاف بھی دن سے دین اور پاکستان گو خطراد درپیشے ہیں
common_voice_ur_31824230.mp3	انہوں نے اضافہ کرنا کہ چھٹی کا سیزن میں کنسول پوری دنیا کا ممالک میں دستیاب ہونا گانا	انہوں نے اظافہ کرنا کہ چھٹی کا شیضن میں کنصول پوری دنیا کا ممالک میں دستیاب ہونا گانا
common_voice_ur_38431331.mp3	ان ہی کو ہم نے مردان یونیورسٹی میں دیکھا یہی ہمیں سوشل میڈیا میں نظر آتے ہیں۔	ان ہی کو ہمنے مردان یونی وسٹی میں دیکھا یہی ہمیں سوشل میڈیا وی نظراتے ہیں
common_voice_ur_31837122.mp3	ان کے اظہارِ رائے پر پابندی عائدکرتی تو ہم اسے صدی کا بدترین فیصلہ قرار دیتے	ان کے ازہارے غائے پر پابندی ااید کرتی تو ہم اسے صدی کا بدترین فیصلہ کرار دیتے
common_voice_ur_31985232.mp3	پاکستان گوادر کے مقام پر ایک بڑا ایئرپورٹ اور بحری اڈہ تعمیر کرنے کا ارادہ رکھتا ہے۔	پاکستان گوادر کے مکام پر ایک بڑا ایر پورٹ اور بہری اڈا تمیر کرنے کا ارادہ رکھتا ہے
common_voice_ur_38445851.mp3	اتنی بھی یہ گئی گزری قوم نہیں کہ ایسے لیڈرملیں جو اس کی تقدیر میں آئے ہیں۔	اتنی بھی یہ گئی گزری قوم نہی کہ ایسے لیڈر میں لیں جو اس کی تگدیر میں آئی ہیں
common_voice_ur_38468224.mp3	اس کے ساتھ یہ بھی واضح ہے کہ حکمرانوں کا طرز زندگی اوسط درجے کا ہونا چاہیے۔	اس کے سات یہی ایہ بھی واصح ہے گ ہ قرانوں کا طص عمل زند کی پوسد بجے کا ہونا چاہیے
common_voice_ur_38468039.mp3	ادب میں تو یہ رجحان نیا نہیں علامتی نظم اور افسانہ مدت سے لکھے جا رہے ہیں۔	ادب میں تو یہ رجحان نیا نہیں علامتی نظہم اور افصانا مدد سے لکھے جا رہے ہیں
common_voice_ur_31966181.mp3	ویسے بھی بزرگوں سے یہی سنا کہ دین کے معاملات میں زیادہ غور نہیں کرنا چاہئے	ویسی بھی بزورگوں سے یہی سنہ کے دین کے معاملات میں زیادہ غار نہیں کرنا چاہیے
common_voice_ur_38452776.mp3	جیو ٹی وی کی طرف سے رمضان المبارک کے خصوصی پروگرام جیو کے ہر چینل سے پیش کیے گئے	جی ور ٹی بی کی طرف سے رمزانو  بارے کی خسوسی پروگریم جیو کے ہر چینل سے پیش کیے گئے
common_voice_ur_31894338.mp3	پاکستان اور کویت کے درمیان فیملی اور بزنس ویزا فوری بحال کرنے کا فیصلہ کیا گیا ہے	پاکستان اور قویعت کے درمیان فیملی اور بزنس ویزا فوری بحال کرنے کا فیصلہ کیا گیا ہے
common_voice_ur_31975128.mp3	پاکستان اور بھارتی فضائی حدود پر کشیدگی ہو وہاں لڑائی جاری ہوں یا رشتہ پیچیدگی کا شکار ہوں	پاکستان اور بھارتی فضاعی حدود پر کشیدگی ہو وہاں لڑائی یاری ہوں یاریشتہ پیچیدگی کا شکار ہوں
common_voice_ur_38476053.mp3	اس لئے ہم سب کو سمجھنا ہوگا کہ پاک بھارت کشیدگی کی اصل وجوہ کچھ اور ہیں۔	اس لیے ہم سب کو سمینا ہو گا کہ پاک بہارت کو شیدگی کی قصل وجہ کچھ اور ہیں
common_voice_ur_31343498.mp3	اس علاقے میں گاڑیوں کے پیچھے لٹکنا خطرناک ضرور ہے ، مگر یہ لوگوں کے روزمرہ معمول کا حصہ ہے ۔	اس علاقے میں گاڑیوں کے پیچھے لٹق نا ختر ناک ظرور ہے مگر یہ لوغوں کے روس مر را معمول کا حصہ ہے
common_voice_ur_38470697.mp3	میں نے اس کا مطالعہ کرلیا ہے۔آپ آرام سے اسائنمنٹ بنا کر مجھے دے دیجئے گا۔	میں نے اس کا مطعالہ کر لیا ہے آپ آرام سے عسائنمنٹ بنا کر مجھے دی دی جیے گا
common_voice_ur_38412172.mp3	یا رب میرے سوئے ہوئے دوست کو جگا دے۔ بستر ہے اس کا نرم تو پتھر کا بنا دے	یارآق میرے سوئی ہوے دوست کھوں چگادی بیسطر ہے اس کا نرم تو پد تھر ک پنا دیں
common_voice_ur_38426832.mp3	اسی سے یہ طے ہو گا کہ ہم صدرٹرمپ کے مطالبات کہاں تک پورا کر سکیں گے۔	اسی سے یہ تحے ہوگا کہ ہم صدر ٹرمپ کہ متعالبات کہاں تک پورا کر شکیں گے
common_voice_ur_38470645.mp3	اس میں بھٹو صاحب کے دور کے واقعات، حکومتی ظلم اور کرپشن کی داستانیں جمع کی گئی تھیں۔	اس میں بھوٹول صاحب کے دور کے واقیاتھ حکومتی ظلم اور کرپشن کی داستان جمہ کی گئیں تھی
common_voice_ur_38470090.mp3	شاہ صاحب جملہ کہتے تو لوگ گردن گھما کر دیکھتے کہ خیال جیسے پیکر محسوس میں ڈھل گیا ہے۔	شا صاحب جملہ کہتے تو لوگ گردن غھما کر دیکھتے کے خیال جیسے پیکر محسوس میں ڈھل گیا ہے
common_voice_ur_38409451.mp3	اس کاروبار میں انسانوں کے ایمان، ناموس اور جان، وہ اجناس ہیں جو بطور کرنسی استعمال ہوتے ہیں۔	اس کا روبار میں انسانوں کے ایمان ناموض اور جان وہ اجنا سیں جو بطورں کرنسی استعمال ہوتے ہیں
common_voice_ur_38444660.mp3	اس منفی سیاست کے باعث ان کی شخصیت کا مثبت پہلو ایک تخریبی قوت بن چکا ہے۔	اس منفی سیاست کے باعس ان کی شخصیت کا مصبت پہلو ایک تقریقی قوت بن چکا ہے
common_voice_ur_38429131.mp3	اس روایت کی بنیاد پر ایک گروہ انہیں ایک روحانی اور مذہبی شخصیت ثابت کر رہا ہے۔	اس حرواعت کی بنیات پر ایک گرو انہیں ایک رحانی اور مضہبی شخصیت صابت کر رہا ہے
common_voice_ur_38461907.mp3	اس تقسیم کو بڑھانے میں ہمارے سیاستدانوں اور چھوٹے گروپوں نے بھی اپنا پورا حصہ ڈالا ہے۔	اس تقصیم کو بڑ حانوے میں ہمارے سیاست دانوں اور چھوٹے گرپوں نے بھی اپنا پورا حصہ ڈالا ہے
common_voice_ur_38436309.mp3	متعدد روایات کے مطابق علی کے سر سے بہتا خون ان کی داڑھی کو رنگ رہا تھا	متادد روایا اکی متابک علیکی سر سے بہتا خون ان کی دائڑی کو رنمب رہا تھا
common_voice_ur_31986347.mp3	تاہم ونڈوز ، ایکس پی یا دیگر پرانے ورژن استعمال کرنے والے صارفین کو اسے خریدنا ہوگا	طاہم ونڈوز ایکس پییاب دیگر پران ورجن استعمال کرنے والے صارفین کو اسے خریدنہ ہو گا
common_voice_ur_32005470.mp3	مغربی میڈیا میں فیشن بن چکا ہے کہ پاکستان میں ہونے والےہر واقعہ میں آئی ایس آئی کو ملوث کیا جاۓ	مغر بھی میڈیا میں افیشن مان چکا کے پاکستان میں ہونے والے حر واکعے میں آایا سائے کو ملفس کیا جا
common_voice_ur_32020082.mp3	گائے بکرے اونٹ میمنےاور دودھ دینے والے دیگر جانوروں سے حاصل ہونے والے گوشت کو سرخ گوشت کہا جاتا ہے	گائے بکرے عونٹھ میمنے اور دوس دینے والہ دیگر جانوں سے حاصل ہونے والے کوست کو صرح گوش کہا زاتہے
common_voice_ur_31791624.mp3	شناختی کارڈ کی تصدیق ہونے کی صورت میں سکرین پر ٹک کا نشان سامنے آ جائے گا	شناہتی کارٹ کی تستیق ہونے کی صورتمصکرین پر ٹک کانشان سامنے آ جائے گا
common_voice_ur_38477293.mp3	اب یہ تیسرے مسیحا آئے ہیں جنہیں ملک کا ایک بہت بڑا طبقہ واقعی مسیحا سمجھتا تھا۔	آپ یہ تیصرے مسیعہ آئم ہے جر ملک کا ایک بڑا تبکا واقع مسیع سے مجتی تھا
common_voice_ur_31353627.mp3	اس لئے دستیاب وسائل کے بہترین استعمال اور اجتماعی ذمہ داری کو نظم و ضبط سے نبھانے کے لئے	اس لیے دستیاب وسائل کے بہترین استعمال اور استعمائی زمیداری کو نظم او ضبت سے نبھانے کیلئے
common_voice_ur_33938217.mp3	"اس کے علاوہ بھی"" یہ ہمیں بعض قائم شدہ تصورات پر بھی نظرثانی کی دعوت دیتی ہے۔"	اس کے علاوہ بھی یہ ہممئیں باز قائم شدح ت صفرات پر بھی نظر سانی کی داوت دیتی ہے
common_voice_ur_38431943.mp3	اسی طرح انسانی زندگی کا سفر دائرے میں قید نہیں رہتا، خط مستقیم پر آگے بڑھتا ہے۔	اسی طرح انسانی زندگگی ک سفر دارے میں کید نہیں رہتاخطح مستقیم پر آ گے بڑتا ہیں
common_voice_ur_33854345.mp3	اب مل بیٹھ کے سوچنا چاہیے کہ تعلیم کے میدان میں کیا چیزیں کرنے کی ضرورت ہے۔	اب مل بیٹ کے سوچنہ چاہیے کہ تلیم کہ میدان میں کیا چیزے کرنے کی ظرورت ہے
common_voice_ur_38453130.mp3	اس کا سادہ سا جواب یہ ہے کہ شریف فیملی کوئی ٹھوس موقف نہیں پیش کر سکی۔	اس کو صادہسل جوابیہ ہے کہ شریف فاملی کوئی ٹھوسٹ موقھف نہیں پیش کرسکی
common_voice_ur_31792036.mp3	کینیا کے دارلحکومت میں ربڑ اور پلاسٹک کے ڈھیر فوٹو گرافر ایڈورڈ برٹینسکی کی تصاویر پہلی بار دکھنے میں معمولی ضرور نظر آتی ہیں	کھینیا کے دارول حکومت میراپر اور پلاسٹک کی ڈھیر فوٹوگرافر ایورٹ پیٹنٹس کی کی تصویر پہلی پر ڈیکھنے میں معمولی ضرور نظرآتی ہیں
common_voice_ur_31955267.mp3	یہ نہیں کہا جائے گا کہ فلاں آدمی دائرۂ اسلام سے خارج ہو گیا ہے	یہ نہیں کہا رہئےگا کہ فلاں آدمیت دائر اسلام سے حارج ہو گیا ہے
common_voice_ur_31792188.mp3	وفاقی وزیر کی ہدایت پر بجلی تقسیم کار کمپنیوں کی جانب سےخصوصی ہنگامی رومز کا قیام	وفاقی وسیر کی حدایت پر بجری تقسیم کار کمپنیوں کی چانی پسے حسوسی ہنگامی رومز کا قیام
common_voice_ur_38452818.mp3	پی ٹی آئی تلہ گنگ میں ان کے خلاف کسی کو ٹکٹ نہیں دے رہی۔	پیٹیا طلا کم میں ان کے خلاف کسی کو ٹیکٹ نہیں دیے رہی
common_voice_ur_37109469.mp3	اس میں مذہبی انتہا پسندی اتنی رچ بس گئی ہے کہ وہ اب اس کی فطرت ثانیہ ہے۔	اس میں بلضویع انتہا پسندیت نی رچ بسکری کہ وہ ہاس کی فطرکصانیا ہے
common_voice_ur_32039647.mp3	لیکن غریب کہاں ہے وہ نہ توقائد اعظم کو جانتا ہوگا نا ہی پاکستان کے مطلب کو	لیکن گریب کہاں ہے وو نا تقائیڈ عظم کو جانتا ہو گا نائی پاکستان کی مطلب کو
common_voice_ur_31845986.mp3	سمندر ہونا یا جنگل پہاڑ ہونا یا ریگستان ہَر جگہ کِسی نہ کِسی قسم کا پرندہ پانا جانا ہونا	سمندر ہونا یہ جنگل پہاڑھ ہونا ی آریلستان ہر جوا کسی ناکی کی صم کا پرنداپانا چان ہونا
common_voice_ur_32012367.mp3	اس کے برعکس اپنا فیصلہ صادر کریں تو اس سے عدالتوں کا وقار مجروح ہوتا ہے	اس کے برق سپنہ فیصلہ صادت کریے تو اسع عتعاللوں کا بغار مجروع ہوتا ہے
common_voice_ur_31836726.mp3	بیجنگ چین نے انگریزی زبان سکھانے والی موبائل ایپ اور ویب سایٹ کو متعارف کروا دیا ہے	بیجنگ چین نے انگریزی زبان سکھانے والے موائل ایپ اور ویب سائیٹ کو م طارف کروایا ہے
common_voice_ur_31824446.mp3	جب کسی مسئلے میں عدالتیں اپنا فیصلہ سنائیں اور علما اسے باطل قرار دیتے ہوئے	جب کسی مسلمی ادالتیں اپنہ خیصلہ سنائے اور علمہ اسے باتی طار دیتے ہوے
common_voice_ur_31994979.mp3	اور چھ ماہ تک چترال کا رابطہ ملک کے دوسرے حصوں سے منقطع رہتا ہے ۔	اور چھیم ما تک شرال کا راپ تمل کے دوسرے خسوں سے منقطع رہتا ہے
common_voice_ur_31959199.mp3	کسی شخص کے منہ سے اگر ایک موقع پر طلاق کے الفاظ تین بار نکلتے ہیں	کسی شخص کے مو سے اگر ایک موکے فٹ تلا کے الفاز تین بار ڈے کلتے ہیں
common_voice_ur_38467835.mp3	میں تو ان جماعتوں کی بات کر رہا ہوں جو سر تا پا سیاسی ہیں۔	میں تو انجماعتوں کی باد کر رہا ہوں جس سرطاپ پاچھ سیاسی ہیں
common_voice_ur_31853652.mp3	اس سال بجٹ کے بارے میں شعبہ تعلیم سے وابستہ افراد ایک آواز اٹھا رہے ہیں	اس سال بجٹ کے بارے نیں شبح تعدیم سے بابستہ افراد ایک آواز آٹھارہے ہیں
common_voice_ur_32030984.mp3	موٹو جی پی کوالیفائینگ رانڈ جیک ملر نے سب سے پہلے فنش لائن عبور کی	موٹو جی پی کولفائنگ رانڈ چیک ملر نے سب سے پہلے فنش لائن ابور کی
common_voice_ur_31841265.mp3	میری مجھے کبھی بھی یہ نہیں بتائے گی کے وہ کسے ڈیٹ کر رہی ہے۔	میری مجھے کبھی بھی یہ نہیں بتائے گی کہ وہ کسی ڈیٹ کر رہی ہے
common_voice_ur_31863696.mp3	ظاہر ہے کہ اس کے لئے بٹ سے مطابقت رکھنے والے ہارڈویئر کی بھی ضرورت تھی	ضاہر ے کہ اس کے لئے بٹ سے متابقت کرکھن والے ہاڈوےر کیبھی زرورکتھی
common_voice_ur_31887770.mp3	جو والدین بچوں کا برا بھلا کہتے ہیں اسکے اثرات کا انکو بخوبی اندازہ ہو گا	جو وال دین بچو کا بھرا بھلا کہتے ہیں اس کی اصرات کا ان کو باخوبی اندازہ ہو گا
common_voice_ur_32598041.mp3	میں تبدیلی کے لیے انقلاب کا قائل نہیں، میرے نزدیک یہ گمراہ کن تصور ہے۔	میں تبطیلی کلئے انقلاب کے قائل نہیں میرے نضی کے گمرا کون تصویر ہے
common_voice_ur_31813043.mp3	ان ماوں بہنوں بیٹیوں پہ کیا گزرتی ہو گی جب اسطرح کے کتے غدار ایسی بکواس کرتے ہیں	ان ماؤو پہنوں بیٹیوں پہ کیاگزرتی ہوگی جب استار ک کتے غدار ایسی بقواس کرتے ہیں
common_voice_ur_31834853.mp3	ٹیسٹ میچ کا خری روز بنگلہ دیشی اوپنرز کی شاندار بیٹنگ کے بعد میچ ڈرا ہونے کا امکان	ٹیسٹ میچ کا ہری روز بنگلہ دیشی اوپنرز کی شانداربیٹنگ کے بات میچ ٹراوا ہونے کا امکان
common_voice_ur_38474753.mp3	نہ مستقبل سے یہ ماضی بتائے گا کہ حال کی تعمیر کیسے ہو نی ہے۔	نام مستقبل سے یہ معاضی بتائے گار کے حال کی تمیہ کیسے ہونی ہیں
common_voice_ur_31846393.mp3	کہہ دیا اس نے خود ہی کہ میں تمھاری شہہ رگ سے بھی زیادہ قریب	کیا دیا سنے کود ی کہمیں ٹمہاری شرک سے بھی زیادہ قریب
common_voice_ur_38437612.mp3	اس دوران قوم مجموعی طور پر نیکی، پرہیز گاری اور نجات کی راہوں پر چل نکلی ہے۔	اس دوران قوم م جموعی طور پر نے کی پرہیز گاری اور نجات کی راہوں پر چلد نک لی ہے
common_voice_ur_38461442.mp3	اس کھیل میں تو ہمارا ماضی کہیں تاب ناک اور ہماری فتوحات کرکٹ سے کہیں زیادہ ہیں۔	اس کھیل میں تو ہمارا ماضی کہیں تاپ ناک اور ہماری فتوحاد کرکٹ سے کہیں زادہ ہیں
common_voice_ur_38440663.mp3	ان کے بارے میں وزیر اعظم صاحب کو اور ان کی جماعت کو بہت سی شکایات تھیں۔	ان کے بارے میں وزیر آظم صاحب ک اور ان کی جمات کو بہت سی شکایات تھیں
common_voice_ur_31932181.mp3	لیکن ایسا کرنا قومی ٹیم کو لاحق بیماری کا مستقل اور کارآمد علاج نہیں ہے	لیکن ایسا قرنا قومئی ٹیم کالاحق بھی ماری کا متب اوا کامت فلاش نہیں ہے
common_voice_ur_38464729.mp3	ووٹ بینک کے ساتھ انتخابی عمل کی تفہیم میں بھی وہ دوسروں سے بہتر ہیں۔	وہرٹھ بینک کے ساتھ انتخابی عمل کی تفہیم میں بھی وہ دوسروں سے بہطر ہیں
common_voice_ur_38437484.mp3	اللہ تعالیٰ جانے کیوں ایسے لوگوں کو اولاد دے دیتا ہے شریف اور تابعدار اولاد نعمت ہوتی ہے	اللہ تعلہ جانے کیوں ای سے لوگوں کو علاد دی دیتا ہے شریف اور طابحدار عولاد نےمت ہوتی ہے
common_voice_ur_31858155.mp3	وہی تو مسلہ ہے نا۔۔۔میرے بھائی کی شادی ہے اور مجھے تین ہفتے کی چھٹی چاہیئے۔	وہی ت مسئلہ ہےن میرے بھائیقی شاہدی ہے اور مجھے تین ہفتے کی چھٹی چاہیے
common_voice_ur_38430586.mp3	اس کا راستہ روکنے کا ہمہ جہتی منصوبہ سامنے آ چکا نوازشریف شدید مشکلات کا شکار ہیں۔	اسقی راستر وکھنے کا ہمر جہتی منصبہ سامنے آ چکا نواز شریف شدید مشکلات کا شکائر رہے
common_voice_ur_31970657.mp3	خلیجی ممالک میں رہنے والے پاکستانی آن لائن ویزا لے کر اب کویت جا سکیں گے	خریجی ممالق میں رینے والے پاکستانی آنلائن ویزا لے گاراب کوئ عت جا سقیں گے
common_voice_ur_38453089.mp3	دلکش حرکت دلکش شخصیت اور خوبصورت چہرے کی ملک بشریٰ انصاری ہر عمر کی نظر میں مقبول ہیں	دلک شحرقت  دلکس سخصیت اور خبصورت چہنے کی ملک بشرہ انصاری حر عمر کی نظر میں مقمول ہے
common_voice_ur_31791946.mp3	برطانیہ میں خود ٹھنڈا ہونے والا مشروب اسی سال فروخت کے لئے پیش کیاجائے گا۔	برطانیہ میں خو ٹھنڈا ہونے والا مشروف اسی سال فرفت کے لیے پیش کیا جائے گا
common_voice_ur_38430604.mp3	میں اسے تاریخ کے جبر سے تعبیر کرتا ہوں اگر یہ کوئی شعوری تبدیلی ہے۔	مںاصے تاریخ کے جبر سے تویٹ کرتا ہوں اگر یہ کوئی شہری تبدیلی ہے
common_voice_ur_38447694.mp3	اسی طرح حکومت قوت نافذہ سے محروم ہو جائے تو اسے حکومت ماننا مشکل ہو تا ہے۔	اس طرححکومت قووت نافضہ سے محروم ہوجائے تو سہ حکومت معنا مشکل ہوتا ہے
common_voice_ur_31978601.mp3	جون میں پالیسی کی کابینہ کی منظوری کے بعد وزارت کی جانب سے جاری اعلامیے میں کہا گیا تھا	جون میں پالسیں کی قابینا کی منظہوری کے بعد وزارت کی جائنف سے جاری اعلامیئے میں کہا گیا تھا
common_voice_ur_31967658.mp3	سو اللہ اللہ کر کے آملیٹ تیار ہوئے روٹیوں کو گرم کیا گیااور دستر خوان سج گیا	سو اللہ اللہ کر کے املےٹ تیار ہوئے روٹئم کو برم کیا گیا اور دستحان س جکیا
common_voice_ur_31950130.mp3	افسوس کہ کسی وقت ہم بی بی سی سے اپنا اردو کا تلفظ صحیح کرتے تھے	ااب سوس کی کسی وقت ہم بی جی سے بیبی سی سے اپنا اڑدوگ کا تلفوج سحی کرتے تھے
common_voice_ur_31841030.mp3	تم اپنے آپ کو ان چیزوں کے بارے میں بہت پریشان نہیں کرنا چاہتے ہو	تم اپنے آپ کو انچیزوں کے بارے میں بہت پریشان نہیں کرنا چاہتے ہو
common_voice_ur_31901576.mp3	جو ہماری قومی زبان نہیں بول سکتے وہ ہماری قوم کی نمائندگی کا ٹھیکا لیے پھرتے ہیں۔۔	اا
common_voice_ur_31837283.mp3	سامنے پہاڑوں کی مٹی سورج کی روشنی سے چمک رہی تھی سبزہ دھلا ہوا معلوم ہوتا تھا	سامنے پہاڑوں کی معٹی سرج کی دوشنی سے چمک رہی تھی سب زہ ھلا ہوا معلوم ہوتا تھا
common_voice_ur_41174049.mp3	اس معاملے میں ہندوستانی کھلاڑیوں سے آگے نکلےعمران خان، لوگوں نے کہا ملک کا ’’حقیقی کپتان‘‘	اس معاملے میں ہاندوستانی کھلاڑیوں سے آگے نکھلے امرانخان لوگوں نے کہہا ملک کا حکیقی کپتان
common_voice_ur_31837267.mp3	لہذا انکی معاملات پر گرفت اور کامیابی کا گراف ہمیشہ آسمان کی بلندیوں پر رہتا ہے	ریعزی ان کی معملات پر گریفت اور کامعیابی کا گراف عمیفہ اسمانکیچی بزندیہوں پر رہتا ہے
common_voice_ur_31957603.mp3	میں اس وقت ایک پتھر پر بیٹھا ہوں جو میرے حجم سے تقریبا گنا بڑ اہو گا	میں اس وقت دیکک بر ٹھب یٹا ہوں جمیر حجم سے تقریبن گنا برا ہو گا
common_voice_ur_31996228.mp3	احمد پور سیال شوگر ملزکی گنے کے وزن میں کٹوتی اور کم نرخ پر کسانوں کا دھرنا	ایمد پور سیال شوکر ملس کے کرنے ک وزن میں کٹوتی ر کمنا رخبر کسان ں کا دھرنا
common_voice_ur_31948557.mp3	جبکہ دکان اٹالین ہے اور اس حصہ میں بائبل سے لیکر عیسائیت پر بیسیوں کتب پڑی تھیں	جبکہ دوکان اٹالین ہے اور اس حصے میں بائیبل سے لی کھر عصایعت پر بھیسیہوں کطو پڑی تھیں
common_voice_ur_38411387.mp3	اس تجربے سے مجھ پر واضح ہوا کہ میڈیا مذہبی پروگراموں کو کس زاویے سے دیکھتا ہے۔	اس ٹجربے سے مج پر واضع ہوا کہ میڈیا مظہبی پروگراموں کو کیسلاویے سے دیکھتا ہے
common_voice_ur_31921723.mp3	سعودی وزارت تجارت نے کہا ہے کہ جن دکانوں اور مارکیٹوں کے خلاف کارروائی کی گئی ہے	سعدی وزارتعجارت نے رہا ے کہ جن تکانوں اور مارکیٹوں کے خلاف کھاروائی کی کئی ہے
common_voice_ur_38470581.mp3	سید نا نوح ؑکا بیٹا اس کا ادراک نہیں کر سکا کہا میں جودی پہاڑ پہ چڑھ جاؤں گا۔	صیدنانوح والے سلام کبیٹہ اس کا اعدارق نہیں کر سکتا کہا میں جودی پہار پہ چڑھ جائؤں گا
common_voice_ur_31979925.mp3	اور انھی صفحات میں بے خوفِ لومۃ و لائم اس پر نقد کر رہے ہوتے	اور انہیں سفاد میں بیخوفی لمولائم اس پر نقد کر رہے ہوتے ہیں
common_voice_ur_38411272.mp3	سکیورٹی رسک کی وجہ سے نہ کھلاڑی کہیں باہر جا سکتے ہیں‘ نہ کچھ موج مستی کر سکتے ہیں۔	سکورٹی ریس کی وجہ سے ا کھلاڑی کہیں باہر جا سکٹے ہے نا کچ موج مسٹی کر سکٹے ہے
common_voice_ur_38441322.mp3	اب عمران خان نے بھی ثابت کردیا ہے کہ وہ اقتدارکے متلاشی ایک روایتی سیاست دان ہیں۔	اب عمران خان نے بھی صابت کردیا ہے کہ وہ اقتدار کہ ملاشی ایک روایتی سیاست دان ہیں
common_voice_ur_38484064.mp3	اس کے پیش نظر خاص نقطۂ نظر یا نظام فکر کے حامل افراد تیار کرنا نہیں تھا۔	اس کی بیشہ نظر خاص نقطناظر یانظام تقر کے ہاں می لفرات طیار کرنا نہیں تھا
common_voice_ur_38441327.mp3	اس لحاظ سے ساری انگلیاں گھی میں ہیں، اقتدار کا مزہ اور اپوزیشن لیڈر کا بھی تڑکا۔	اس لحاح سے صاری انگلیاں گھی  میں ہے اقتدار کا مضہ اور اپوزیشن لیڈر کا بھی تڑ کا
common_voice_ur_31834083.mp3	اس کی بیوی بھِی اخبار کے لیے کام کرتی ہے جیسے اس کا باپ کرتا تھا	اس کی بھیوی بھی اخبار کی لیے کام کرتی ہے جیسے اس کا باپ کرتا تھا
common_voice_ur_31902509.mp3	براہ راست پروازوں سے سعودی عرب اور مصر کے درمیان سیاحت کو فروغ ملے گا	براعی حا سپرفادوں سے تسعدی عرب حمیصری کے دلیل سحیہاہ کو صروگ ملیں گا
common_voice_ur_38412130.mp3	اب یہ فضول کی باتیں نہیں ہونی چاہئیں کہ ہم ہندوستان کو امن کی پیشکشیں کرتے رہیں۔	آب یہ فضول کی باتیں نہی ہونی چہیے کے ہم عندوستان قو عمن کی پیش کشیں کرتے رہیں
common_voice_ur_38427276.mp3	ان کے آنکھ کے تارے تو تعلیم انگریزی یا بیرون ملک درس گاہوں میں حاصل کرتے ہیں۔	ان کی آنک کے تارح تو تعلیم انگریزی یا بیرونی ملک درث گاحوں میں حاصل کرتے ہیں
common_voice_ur_38412608.mp3	اس بات کا پورا امکان ہے کہ اگلے انتخابات کے بعد شہبازشریف صاحب ملک کے وزیراعظم ہوں۔	اس بات ک پورا عمکان ہے کہ اگلی انتخابات کے باظ شا شریف صاب ملک کے وزیر اعظم ہوں
common_voice_ur_38428398.mp3	اخلاق پیغمبر سے نسبت تو دور کی بات، عام اخلاق سے بھی کوئی تعلق ثابت ہوتا ہے؟	اخلاقی پغمر سے نضبت تو دور کی بات آپ میں خلاق سے بھی کوئی تعلق صابت ہوتا ہے
common_voice_ur_38427903.mp3	"لوگوں کو نیکی کی طرف مائل کرنے اور برائی سے روکنے کے لیے فضائل اعمال"""" کی روایات گھڑی گئیں۔"	لوگوں کو نیکی کی طرف مائل کرنے اور بھرائی سے روکھنے کے لئے فزائلے مال کی روایاد گڑی گئنیں
common_voice_ur_38427259.mp3	آپ کی سادگی اور آپ کا آپ کے والدین کے ساتھ حسن سلوک دیکھ کر اتنا متاثر ہوا	آپ کی سادھگی اور آپ کا آپ کے والدین کے ساتھ حسن صلوق دیک کر ایتنا متاصر ہوا
common_voice_ur_31834168.mp3	تو وہ اس صورتِ حال میں شریعت کی روشنی میں قانون سازی کی طرف متوجہ نہیں ہوتے	تو اس صورتحال میں شریت کی روشنی میں قانون ساضی کی طرف متو جہ نہیں ہوتے
common_voice_ur_38428770.mp3	اس میں طعنے یا شرمندہ ہونے والی کوئی بات نہیں اس حقیقت کا البتہ ادراک ضروری ہے۔	اس میں تانے یا شرمندا ہونے والی کوئی بات نہیں  اس حقیقت کالبطہ اعدراخ ظروری ہے
common_voice_ur_31919546.mp3	شکستوں کا تدارک کرنے اور کارکردگی میں تسلسل لانے کے لیے نظام کی تبدیلی ناگزیر ہے	شکستاوں ک اعتظار کرنےہیں اور کارکردگی میں طصصول لانے کے لیے نزام کی تقدیلین ناگزیر ہے
common_voice_ur_38439764.mp3	نواز شریف کو تیار اس لئے کیا گیا کہ پیپلز پارٹی کا توڑ مطلوب تھا۔	نواز شریف بھتیار اس لیے کیا گیا کہ پیپلزپارٹی کا اصول مطلوب تھا
common_voice_ur_38476684.mp3	میرا کام نکل گیا لیکن یہ تجربہ میرے لیے ایک حادثے سے کم نہیں تھا۔	میرا کام نکل گیا لی کنیتجربہ میری لئےک ہاتھ سے سے کم نہیں تھا
common_voice_ur_38454477.mp3	جھوٹ ایک ایسا جوتا ہے جو ہر بار جھوٹ بولنے والے کے سر پر ہی پڑتا ہے	چھوٹ ایک ایسا جوٹا ہے جو ہر بار جھوٹ بولنے والے کے صر پر ہی پڑتا ہے
common_voice_ur_31919951.mp3	چیئرمین ایف بے ار کا ٹیکس گزاروں کی تفصیلات فراہم کرنے سے ایک بارانکار کردیا	چیمین ایف پی ار کر ٹھیکس کھصاروں کی تفصیلات پرحم کرنے سے ایک بال انکار کر دیا
common_voice_ur_38467755.mp3	اس بار صورت حال کچھ ایسی ہے کہ کم از کم تین اتحاد تشکیلی مراحل میں ہیں۔	اس بار صورتحال کچھ ایسی ہے کہ کماز کم تین ارتحار تشکیلی مراحل میں ہیں
common_voice_ur_31973995.mp3	اور اکثریت کا ماننا ہے کہ ناکامی کی اصل وجہ مصباح الحق کی دفاعی حکمت عملی ہے ۔	اور عکصریت کا معنا ہے کہ ناکاموی کی افصر وجا ملکالآڈ کی تفائی اک مدہ عمبری ہیے
common_voice_ur_38434487.mp3	نواز شریف کی باری آئی تو پہلے دن سے ہی عجیب لڑائیوں میں پڑ گئے۔	نواز  شریف کی باری آائی تو پہلے دن سے ہی عجیب لڑ ائیوں میں پڑھ گئے
common_voice_ur_38462596.mp3	ابھی مجھے بس ایک آنسر یاد آ رہا ہے۔ نیوزی لینڈ میں سانپ نہیں پائے جاتے	ابھی مجھے بس ایک آنصریات آ رہا ہیں نیوز لینڈ میں اصامپ نہیں پائے جاتہے
common_voice_ur_31793980.mp3	یہاں تک کہہ ہم دو جواںمرد اوسط عمر کے حساب سے پہل لے لوگ تک پہنچ گئے	یہاں تککہ ہم دو جوام مرط عست عمر کی حصاف سے پہللے لوگ تک پہنچ کئے
common_voice_ur_31956516.mp3	اسلام آباد مانیٹرنگ ڈیسک انٹل گلوبل نے ایک اور ونڈو نوکیا فون نئی ٹيکنالوجی میں ايجاد کیا ہے	اصلاحباد مریٹرنگ ٹیسٹ نٹل کلوڈل نے ایک کور ونڈرو کیا فوم نئی ٹکنالوجی ئے جات کیا ہے
common_voice_ur_31837109.mp3	چاہے وہ یوسف ؑ کو کنویں میں ڈالنا یا نکالنا ہوا یا ابراھیمؑ کی آگ کا واقعہ یا پھر موسیؑ کا اور فرعون کا قصہ	چاہے وہ یوسف الے سلام کو قوئیے میں ڈالنا یا نکالنا ہو یا ابراہی ملے لام کی اگ کا واقیح یا پھر مسالع سلام کا اور فھرعون کا کسہ
common_voice_ur_31918398.mp3	پاکستان ویب ڈیسک نئے تحقیق نے پلاسٹک کی دنیا میں نئی ہلچل مچا دی ہے	پاکستان ورڈ ڈیسک نئے تعقیک نئے پلاسٹک جدنیامیںنیک ہلچل پچاتے
common_voice_ur_31918849.mp3	اسی طرح جنات کے مسلط ہونے کا مضمون بھی قرآنِ مجید میں بیان ہوا ہے	اسی ترجرنات کا مصلت ہونے کا مضبوحن بی قرانے مجید میں بیان ہوا ہے
common_voice_ur_31929484.mp3	چیمپینز ٹرافی میں قومی ہاکی ٹیم کی مایوس کن کارکردگی نگران حکومت نے نوٹس لے لیا	چیمپئنز ٹرافی میں قوم حاکی ٹیم کی ماعیوس کون کارکردگی نگران حکومت نے روٹس لےلیا
common_voice_ur_31977987.mp3	کامن ویلتھ گیمز میں پاکستان اور بھارت کی ہاکی ٹیموں کے درمیان جنگ اج چھڑے گی	کامن ویلت گیمز میں پاکستان اور بھارات کی حاکی ٹیموں کے درمیان جنگ اج چھڑے کی
common_voice_ur_31823124.mp3	ہمارے ملک میں جتنی مسلم لیگ پارٹیاں وجود میں آرہی ہیں کیا انکا بھی قائد والا مقصد ہے	ہہمارے ملک میں جتنی مستملیک پارٹیاں وجود میں آرہی ہیں کیا انتادی کاد والا مقصد ہے
common_voice_ur_38480956.mp3	اسلام کا معاملہ تویہ ہے کہ انسانی جان کے بارے میں، اس کی حساسیت غیر معمولی ہے۔	اصلام کا معاملہ تو یہ ہے کہ انسانیجان کے بارے میں اس کی حساسیت گیر معامولی ہے
common_voice_ur_32051418.mp3	مگر اب گوادر پر اجارہ داری اور اس پر قبضہ ہندوستان کا خواب بن کے رہ گیا۔	مگرب غوادر پر یجارہ داری او رسپرکبضہ ہدستان کا خواح بند کے رہکہے
common_voice_ur_31826923.mp3	حکومت کو سخت ایکشن لینا چایئے جو بھی کتا بلا پاک فوج کے خلاف بکواس کرے	حکومت کو صخت ایکشن لینا چائیئے جو بھی کتبلا پاک فوج کے خلا  بکواص کرے
common_voice_ur_38416944.mp3	للہ کیلئے مجھے چھوڑو اور اگر نہیں چھوڑو گے تو گاڑی کو میں دیوار پر مار دو گا۔	اللہ کے لئے مجھے چھوڑو اور اگر نہیں چھوڑو گیے تو گھاڑی کو میں دوار پر مار دوں گا
common_voice_ur_38416890.mp3	"اسی سے مذہبی عدم برداشت اور فرقہ واریت"" پیدا ہوتے ہیں"" جن کا لازمی نتیجہ تشدد ہے۔"	اس سے مظہبی ادم برداشت اور فرکہ واریت پیدا ہوتے ہجن کا لاسمی نتیجہ تشادود ہے
common_voice_ur_38416912.mp3	اسی طرح ایرانی حکومت دنیا بھر کے اہل تشیع کی سرپرستی کو اپنا مذہبی وظیفہ سمجھتی ہے۔	اس طراح ایرانی حکومت دنیا بار کہ اہلے تشیح قی سرپرستی کو اپنا مہدی وزیفہ سمجتی ہے
common_voice_ur_31828233.mp3	خاص طور پر یہ بیماری نوجوانوں میں سب سے عام اعصابی عوارض کے طور پر جانی جاتی ہے	خاس طارپر یہ بھیمارین نوجوانوں میں سب سے عم اصابی ابوائرس کے طور پر جانی جاتی ہے
common_voice_ur_38428145.mp3	اس وقت قوم کو معرکہ درپیش ہے، اس میں ذوالفقار چیمہ جیسے لوگوں ہی کی ضرورت ہے۔	اس وقت قوم کو مارکت درپیش ہے اس میں ضولفکار ٹیمہ جیسے لوگوں کوئی ہی ضرورت ہے
common_voice_ur_26756785.mp3	خوبصورت انداز میں ہم ان کو دانہ چنتے ہوئے دیکھ کر خود کو محظوظ کرتے ہیں	خوب صورت انداز میں ہم ان کو دانا چنتے ہوئے دیک کر خود کوں محفوض کرتے ہیں
common_voice_ur_33635983.mp3	اس پہ آپ لندن گئے، سیر سپاٹا کیا، رات گئے بس میں بیٹھے اور آکسفورڈ واپس پہنچ گئے۔	اسبے آپ لنڈان گئے فیر سپاٹا کیا راٹ گے پسٹ میں بیٹھے اور آاکس فرڈ واپس پہنچ گی
common_voice_ur_31848209.mp3	یقین رکھتا ہوں کے ہم جرائم پیشہ لوگوں کا ضرورت سے زیادہ لحاظ کرتے ہیں	یک کین رکھتا ہوکہ ہم جیرائم پیشا لوگوں کا اصروت سعل زیادہ حفلیاز کرتے ہیں
common_voice_ur_33605775.mp3	اس بات پہ بھی زور ہوتا ہے کہ خاتون کیلئے مرد اچھا ہو اور مرد کیلئے بیوی۔	اس بات پہ بھی زور ہوتا ہے کہ خاطون کے لئے مرد اچھا ہو اور مرد کیلیے بھیوھی
common_voice_ur_33605734.mp3	شرمندگی کے آثار نہ شریفوں کے چہروں پہ آئے نہ ان کے انتہائی قابل وکلا کو ندامت محسوس ہوئی۔	شرمندگی کے آصار نا شریفوں کی چہروں پہ ائے نان کی انتہائی قابل وقلا کو ندامت محسوس ہوئی
common_voice_ur_38422123.mp3	میرے خیال میں اصل دلچسپی تحریک انصاف اور جماعت اسلامی کے مابین مقابلے کی ہے۔	میرے خیال میں عصل دچسٹی تہریقع انصاف اور جماتی اسلامی کی مبایعن مقاب لیتی ہے
common_voice_ur_38442751.mp3	اس کے ساتھ یہ بھی حقیقت ہے کہ سرمایہ دارانہ نظام کے خمیر میں استحصال شامل ہے۔	اس کساتھ یہ بھی حقیقت ہے کہ سرمایاقرانا نیصام کے خہی میں ستحصال شانل ہو
common_voice_ur_38442976.mp3	نہ پڑھنے والوں کا ابھی سارا زور قلم جمہوریت کے مقدمات پر صرف کرنا چاہیے۔	میں پڑنے ولوق عبھی سرز ظور قلم جمہوریت کے مقدبار پر سرف کرنا شہیے
common_voice_ur_38446774.mp3	اس کے بعد غزنوی خاندان کے بارہویں تاجدار خسرو کے دور میں لاہور ایک دفعہ پھر پایہِ تخت بنا دیا گیا	اسکے بعد غزنوی خاندان کے بار ہویےں تاشدار خصرو ک دور میں لاہور ایک دفا پھر پاعیے طخت بنا دیا گیا
common_voice_ur_31794222.mp3	جاپان کی جے ایکس ہولڈ ینگس کمپنی جس میں جاپان کی چیدہ چیدہ پٹرولیم کی صنعت کی کمپنیز شامل ہیں	جپان  کی جے ایک س خولینکس کمپنی جس میںجاپان کی چیدہ چیدہ پیٹرولیم کی سنت کی کمپنیس شامل ہیں
common_voice_ur_31887665.mp3	مگر ہم اس میں سے خود ہی لاجک تلاش کرلیتےہیں اور اپنے آپ کو حقدار ثواب قرار دے لیتےہیں	مگر ہم اس میں سے خود ہی لاجک تلاش کرلیتی ہی اور اپنے آپ کو حقتا صواب کرار دی لیتے دی لیتے ہیں
common_voice_ur_31794108.mp3	سندھ حکومت گنے کی مقررہ قیمت نہ دیکر کاشتکاروں سے زیادتی کر رہی ہے سکندر بوسن	سند حکومت گنے کی مقررہ قیمت نہ دیک کر کا اہتکاروں سے زیاتی کررہی ہے سکندربوسن
common_voice_ur_38451267.mp3	میرے نزدیک اس وقت ملک میں ترقی کا کوئی وژن اگر کسی کے پاس ہے۔	رین عضہبیک اس وقت ملک میں ترقی کر کوئی وجن اگر کسی کے پاس ہیے
common_voice_ur_38463953.mp3	ماں کو اپنے کاندھے سے لگا کر اس نے اس کی کمر میں بازو ڈال دیا تھا	مع کو اپنے کاندھے سے لگا کر اسنے اس کی کمر میں بازع ڈال دیا تھا
common_voice_ur_31878251.mp3	"اور اسی لیے میں نے لکھا تھا کہ ""کیا جیت نے خامیوں کو چھپا دیا ہے ۔"	اور اس لیے میں نے لکھا تھا کہ کیا جیت نے خامیوں کو چھپا لی اچھپاہ دیا ہے
common_voice_ur_38482079.mp3	اس لڑائی میں شکست فریق ثانی کے لیے مقدر ہے کہ فطرت کے قوانین غیر متبدل ہیں۔	اس عوعی میں شکست خریخسانی کیلیے مقطرحی ک فطر کی قوانی نغر مطبطل
common_voice_ur_31889163.mp3	پی ایس ایل تھری دلکش نظر نے والی ٹرافی کی مالیت لاکھ روپے سے زائد	پی ایس ایل تھری دلکش نضر نے والی ٹرافی کی مایت بلاکھ روپے سے زائد
common_voice_ur_31812685.mp3	کہ حکومتی ادارے ضروری قانون سازی کے بارے میں بے پروائی کا رویہ اختیار کرتے ہیں	کی ہکومتی ادار ظروری کا ننصزی ک بارے میں پہ پر وائی کروئیا اختیار کرتے ہیں
common_voice_ur_31791547.mp3	مارچ سے شروع ہوکر جون تک چترال کی خوبصورتی اپنے عروج پر پہنچ جاتی ہے	مآرچھ سے شروع ہو کرجون تک چترال کی خوبصورتی اپنے عروش پر پہنچ جاتی ہے
common_voice_ur_31976374.mp3	ونڈوز ایکس پی کی سپورٹ ختم ہونے کی بعد اس پر وائرسز کے حملے عام ہوسکتے ہیں	لنڈوز ایکس پیک یس سپورٹ ہٹم ہونے کے بعد پس پر وائرسس کے حملے آم ہو سکتی ہیں
common_voice_ur_38471902.mp3	اس کے خلاف اٹھ کھڑے ہونے کے سوا اپوزیشن کے پاس شاید اب کوئی راستہ نہیں ہے۔	اس کے خلاف برٹ کھڑے ہونے کے سوا اپوزیشن کے پاس شائد اب کوئی راستھہ نہیں ہے
common_voice_ur_38499039.mp3	پوسٹ بجٹ کانفرنسہمیں اپنے خاندان کے کاروبار نہیں چلانے عوام کو معیشت کا محور سمجھتے ہیں	پوسٹ بجیٹ کانفنٹسس  مے اپنے خانڈان کے کاروبر نہیں سنانے اوان کو ماشیت کا محبر سمستےں
common_voice_ur_38441186.mp3	پاکستان میں کوئی سیاسی جماعت ایسی نہیں جو ختم نبوت کا انکار کرنے والی ہے۔	پاکستان میں کوئی سیاسی جماعٹ ایسی نہین جو ختمی نقوت کا عنقار کرنے والی ہے
common_voice_ur_38436680.mp3	میں نے لکھا کہ اگر بلاول کے لیے کوئی سیاسی لائحہ عمل ہو سکتا ہے۔	میں ناے لکھا کا اگر بھلاول کے لیے گو اسیاسی لا اعمل ہو سکتا ہے
common_voice_ur_31845811.mp3	ایف پی سی سی ائی نے تھائی لینڈ اور ترکی کیساتھ ازاد تجارتی معاہدوں کی مخالفت کردی	ایف پی سی سی ئی نے تھائی لین ڈور ترکترکی کے ساتھ آزاتے جاتی موحےدو کی مقالفت کردی
common_voice_ur_38463548.mp3	اس لیے سوچا شاید آپ دے دیں اور اس کی یہ مشکل آسان ہو جائے	اس لیے سوچال شائد آپ دیدیں اور اس کی یہ مشکل آصاں ہو جائے
common_voice_ur_31835005.mp3	پی اس ال کا فائنل کھلنے کلئے پشاور زلمی کی ٹم کراچی پہنچ گئی	بی اس ال کا فائنل کھلنے کیلیے پشاور سلمدگی ٹم کرا چی پہنچ گئی
common_voice_ur_31814410.mp3	انسان جب اپنی اصل کو بھول کر کسی نئی خو د ساختہ روش پرچلتا ہے	انسان جب اپنی عصل کو بھول کر کسی نئی خود ساختہ روش پر چلتا ہے
common_voice_ur_31956578.mp3	مزدور طبقے کے علاوہ سرکاری اور کاروباری لوگ نو دس بجے کام شروع کرتے	مسطور تبق کہلاو سر کاریور کارعباری لوگ نو دس بچے کام شروع کرتے ہیں
common_voice_ur_31846206.mp3	کسی میاں بیوی کے مابین طلاق کے مألے میں کیا طلاق واقع ہوئی ہے یا نہیں ہوئی؟	کیا میومیاں بھیفی کے ماپن تلاق کے معاملے میں کیا تلاق واقے ہوئی ہے یا نہیں بھی
common_voice_ur_31958349.mp3	پہلے باہر جا تے ہیں پھر بچے واپس نہیں آتے اور وہیں رہ جاتے ہیں	پہلے بائ جاتے ہیں پھر بچ واپس نی یآتے اور وہی رہ جاتے ہیں
common_voice_ur_41152995.mp3	اس کے باوجودحزب اختلاف کے سب راہنما، انہیں الوداع کہنے کے لیے ایئر پورٹ پر جمع تھے۔	اس کے باوجود ہی صابح اختلاف کہ سب رحنما انہے لودہ ک نے کلئے ایپڑٹ پرمجود تھے
common_voice_ur_27950361.mp3	سوارج نکلنے کا اتنا صاف شفاف اور دل آویز نظارہ میں نے کبھی نہ دیکھا تھا	صورص مکاللے کا اقتنا صاف شفاف اور دل اویز نظارہ میںنے کابھی ڈا دیکھا تھا
common_voice_ur_38465595.mp3	عدالت نے علی ظفر کو میشا شفیع کیخلاف ہتک عزت کیس میں جرح کیلئے کل دوبارہ طلب کرلیا	ادالت نے علی ضفر کو میشہ شفی کے کھلاف حطق ادد یس می جراہ کے لیے کل دبارہ طلب کردیا
common_voice_ur_31846382.mp3	اگر حکومت تعلیم پرخرچ کرے یہ ہر طالب علم کے لیے بہتر ہو گا	اگر حکومت تعالیم پر کچ کرے یہ ہر تالی بیلم کے لیے بیتر ہو گا
common_voice_ur_31813280.mp3	فیفا ورلڈ کپ بڑی ٹیموں کے بعد بڑے پلیئرز بھی ایونٹ سے باہر ہو گئے	فیفا ول کپ بڑی قیموں کے بعد بڑے پلیرز بھی ایونٹ سے باہر ہو گئے
common_voice_ur_32023114.mp3	سعودی وزیر مملکت سے اتوار کو متحدہ عرب امارات سفیر نے ملاقات کی ہے	سھودی وزیر معملقت سے اتوار کو متحدر ارب عمارات صفیر نے ملاقات کی ہے
common_voice_ur_28900818.mp3	صحت و تندرستی کیلئے چند ایک قدیم مگر انتہائی اعلی عادات حاضر خدمت ہیں	صحد او تندروستی کی لئے چند ایک قدیم مگر انتہائی آلا آدات ہاضر خطمت ہیں
common_voice_ur_28900783.mp3	نئی دہلی جون ایجنسی وٹامن ڈی صحت مند ہڈیوں دانتوں اور پٹھوں کے لئے بہت ضروری ہے	نئی دہلی جون ایجنسی وٹیمن ڈی صحط م ہڈیوں دانتوں اور پٹھوں کے لئے بہت صروری ہے
common_voice_ur_41163958.mp3	نماز پانچ وقت کی فرض ہے اور مسلمان اسے پوری وجدان سے ادا کرتے ہیں۔	نمازز پانچ وقت کے فرڑس ہے اور مسلمان اسے پوری بجتان سے عداھ کرتے ہیں
common_voice_ur_31950731.mp3	اگر یہ لوگ دین کی طرف رجوع کیا کریں تو زندگی بہت اچھی لگے	اگر یہ لوگ دین کی طرف رجوگ کی ع تریاں تو زندگی بہوتچی لگے گلگے
common_voice_ur_32015871.mp3	امریکا نے روس پرایکسپورٹ سیکٹر اور سیکورٹی آلات سے متعلق پابندیاں ختم کردی ہیں	امریکہ نے روسپ پر ایکسپورٹ سیکٹر اور سیکورٹی علاج سے متعلک پابنیہ ختم کردی ہیں
common_voice_ur_31829358.mp3	اب صورتحال یہ ہے کہ نواز شریف گئے تو ایک اور سٹیٹس کو کا	اب صورتحالیے ہے کہ نواز شریف گئے تو ایکارسٹیٹس کو گا
common_voice_ur_31792322.mp3	کیربئین پریمئیر لیگ گیل کی عمدہ بیٹنگ کے باوجود ٹیم فتح سے ہمکنار نہ ہو پائی	کریپئن پریمیئر لیگ گیل کی عمدہ بیٹنگ کے باوجود تین بھطق کے ہم کنار نہ ہوپائی
common_voice_ur_31831785.mp3	امریکی صدربننے کےبعد میرے والد کوکاروبار میں کروڑوں ڈالر کا نقصان ہوا ٹرمپ جونیئر	امریکی صدر بننے کے بعد میئرے والت کو کاروبار میں کروڑوںک ڈالر کا نقصان ہوا ٹرمپ جونیئر
common_voice_ur_31960620.mp3	ضمنی انتخابات کا معرکہ اختتام پذیر ہوا اور ایک بھونچال تھا جو تھم گیا۔	زمنی انتخابات کا مرحلہ اختطام پزید ہوا اور ایک بھو نجل ٹھا چدوم گی جو تھم گیا
common_voice_ur_31830095.mp3	موسم کی خراب صورتحال کی وجہ سے نومبر میں غذائی اجناس کی عالمی قیمتوں میں تیزی سے اضافہ ہوا	موسم کی خراب صورتحال کے وجسے ریممبر میں غزائی ازناس کی عاالمی قیمکمیںٹیزی سے اضافہ ہوا
common_voice_ur_31792404.mp3	سندھ کے نواجوانوں کے لئے دس ارب وفاقی حکومت کی جانب سے دئے گئے ہیں	صنط کے نوجوانوں کے لیے دست ارب فاقی حکومت کی جانیف سے دی کئے ہے
common_voice_ur_31983342.mp3	پہلے اللہ سے اپنے گناہوں کی معافی مانگو پھر کسی اور کو تلقین کرنا	پیلے اللہ س اپنے گراہوں کی مافی مامگو پھر کسی اور کھو تلکین کرنا
common_voice_ur_31832404.mp3	کیا بی بی سی انگلش یو کے اسپتال میں اس طرح وڈیو بنا سکتا ہے	کیا بی بی سی انگلیشیوں کہ اس پطال میں اس صراں ویڈیو بنا سکتا ہے
common_voice_ur_38439020.mp3	ابھی میں نے فقط کتاب کا مطالعہ کیا ہے لکھنے والا کام نہیں شروع کیا ۔	ابھی میں نے فقت کتاب کا مطالعا کیا ہے لکھنے والا کام نہیں شروع کیا
common_voice_ur_31812872.mp3	متحدہ عرب امارات نے جون کے لیے پٹرول کے نئے نرخوں کا اعلان کیا ہے	متحدہ عرب عمارات نے جون کے لئے پٹرول کے نئ نرخو کا اعلاند کردیا
common_voice_ur_31915082.mp3	جبری یوں کہ ، پیدا ہوئے اور دادا جی نے کان میں اذان انڈیل دی	جبری یوں کہ پیداہوئے اور دادہ جی گیںقان میں اضان انڈیل دی
common_voice_ur_31834778.mp3	بلکہ انھی کا ایک فرد ابلیس انسانوں کو گمراہ کرنے کا مشن اختیار کیے ہوئے ہے	بلکہ انہی کا ایک فرد اپلیس انسان عوگمرا کرنے کا مشن اختیار کیے ہوے ہے
common_voice_ur_31834738.mp3	نیپرا نے گزشتہ سال کی مالی اور اسٹیٹ اف دی انڈسٹری رپورٹ جاری کر دی	نیپران ایک گزشتہ سال کی مالی اور اسٹیٹ افتی انڈسٹری ریپارڈ چاری کرتیں
common_voice_ur_31846481.mp3	مثلا ایس لوگ جو کم نظریہ کے حاملہ ہوں یا رنگ کور کا شکار ہوں	مسئلان ایس لوگ جو کم نظریے کہ الا ہو حلا ہویا رنگ کور کا شکار ہو
common_voice_ur_38461653.mp3	لباریٹریاں صرف منفی اور مثبت نتائج دینے کی بجائے یہ بھی لازماً درج کریں	لپاٹریا صرف منفی آر مصبتناتائیج دینے کے پچا یہ پھی لازمن بیچ کرے
common_voice_ur_38447317.mp3	پاکستانی طالبان کے حوالے سے تولیبل لگانے کی شدت پسندی عروج پر پہنچ چکی تھی۔	پاکستانی تالبان کے حوالے سے تو نیبر لگانے کی شہدف پسندی اروش پر پاہنچ چکھید تھی
common_voice_ur_38437392.mp3	وطن اور مذہب کا باہمی تعلق بھی اسی حوالے سے ہماری توجہ کا مستحق ہے۔	وطن اور مصح کا باہمی چعلق تھی اسی حوالے سے ہماری توجروں کا مصتحق ہے
common_voice_ur_31835342.mp3	تھائی لینڈ کی غار میں لاپتہ ہونیوالے فٹبال ٹیم کے کھلاڑیوں کو زندہ بچا لیا گیا	تھائی لین کی غات میں نلاپطا ہونے والے فدپار ٹیم کی کھلاڑیوں کو صندا بچا لیا گیا
common_voice_ur_38499181.mp3	"ایک تو ابتداء میں ان کی بیماری کے حوالے سے دورے"" کا لفظ سامنے آیا"""	اب تو اقتدا میں ان کی بیماری کے حوالے سے ی دوریے ٹالفرز سامنے آیا
common_voice_ur_31970510.mp3	روڈ میپ پر دستخط پی سی بی نےمحمد اصف اور سلمان بٹ کو طلب کر لیا	ورورڈ میکپ پر دستاخات پی سی بھین ے معمد آصف اور سلمان پارٹ کا تلپ کار لیا
common_voice_ur_38430608.mp3	اس بارے میں کوئی دوسری رائے نہیں مذہب بھی بزدلی کو اخلاقی رذائل میں شمار کرتا ہے۔	اس بارے میں کوئی دوسری رائے نہیں مظہب بھی بستری کو اخلاقی رسائل میں شمار کرتا ہے
common_voice_ur_38452494.mp3	خوش آئند بات ہے کہ اب دوسری ٹیمیں بھی پاکستان آئیں گی: بابر اعظم	خوشآئنبات ہے کہ اب دوسری ٹیمری وہیں پاکستان آئیں گ باور عزم
common_voice_ur_31980173.mp3	سلمان اور اصف کے معاملے پر سوچ سمجھ کر فیصلہ کرنا ہو گا افریدی	سلمان اور راصف کے معاملے پر سو سمج فر فیصلہ کرنا ہوگا فیدی
common_voice_ur_31955797.mp3	اور ہمارا ایمان ہے کہ چاہے کوئی بھی مسئلہ ہو اسکا حل ادھر موجود ہے	اور ہمارا ایمان ہے کہ چاہے کوئی بھی مسلہ کیٹاس تاحل عدہر موجود ہے
common_voice_ur_26756813.mp3	روپے کی قدر میں کمی ائی ایم ایف کے دبائو پر ہوئی مشن سربراہ کا اعتراف	روپے کی قدر میں کمی ائی ایم ایف کے دبائو پر ہوئی مشن سربراہ کا اعطراف
common_voice_ur_38412857.mp3	پیغام پاکستان کو ایک قومی اور اجتماعی دستاویز کی حیثیت اسی وقت حاصل ہو گی۔	پیگام پاکستان کو ایک قومی اور اجتمائی دستویس کی حیصیت اسی وقت حاصل ہوگی
common_voice_ur_31854908.mp3	اس کے باوجود میک کے مقابلے میں اسی کو زیادہ تیزی سے مقبولیت حاصل ہوئی	اس کے باوا جود میں کہ مقابلے میں اسی کو زیادہ تیزی سے مقبولیت تھا سے لوئی
common_voice_ur_31835429.mp3	تقریبا ایک گھنٹے کے اس سفر میں ہمیں اجنبیت کا بالکل احساس نہ ہوا ۔	تقریبا ایک کھنٹے کہ اس سف رمیے ہم ہے عڈصرنبیت قابل کل احاس نہ ہوا
common_voice_ur_41163453.mp3	اخبارات کے صفحات ہم نے سیاہ کر دیے، جو کچھ ہم نے لکھا، وہی نوشتۂ دیوار تھا۔	اہبار کے صفح ہم نے صیاح کردیے جو کچھ ہم نے لکھا وہی نوشتہ دیوار تھا
common_voice_ur_31957328.mp3	آدمی اس کی ذمہ داری اٹھاتا ہے کہ وہ پیدا ہی نہیں کرے گا	پادمی اس کی زنباری اٹھاتا ہے کہ وہ پیدا ہی نہیں کریے گا
common_voice_ur_38462439.mp3	اتنے میں دور سے لگا کہ کوئی گرد وغبار میں اٹا ہوا پیدل چلا آ رہا ہے۔	اتنی مدور سے لگا کہ کوئی گھردوں ک بار میں اٹا ہوا پیدل چلارہا ہے
common_voice_ur_31977167.mp3	امن و امان کی صورتِ حال کا معاشی ترقی سے براہ راست تعلق ہے	ہم نو امان کی صورتی حال کا معاشی ترقی سے براہ راست تعلق ہے
common_voice_ur_31855058.mp3	اس ان بیٹری کے گز بیک گراؤنڈ میں چلتے ر گے اور ضروری ڈیٹا اکھٹا کر ر گے	اس ان بیٹری کے گیس پہ گران میں چل ٹھ کے اور زروری ڈیٹا اککھٹا کرر گے
common_voice_ur_38478956.mp3	پھر ڈان میں لکھنا شروع کیا اور وہ پیسے بھی بس خرچے کیلئے کافی تھے۔	پھر ڈان میں لکھنا شروع کیا اور وہ پیسے بھی بس کھرچے کے لیے کافی تھے
common_voice_ur_38479258.mp3	پی ٹی آئی کی حالت اچھی نہیں لیکن نون لیگ کے حالات بھی پتلے ہیں۔	پیکی ائ کی حالت اچھی نئی لکن نوملی کے حالات بھی پتلے ہیں
common_voice_ur_41127487.mp3	تو اس کے لیے ضروری ہے کہ ہم پاکستان میں موافق حالات پیدا کریں ۔	تو اس کیلی ضروبی اے کہ ہم بٹسندم غوافک حراک پیداکریں
common_voice_ur_31992480.mp3	تمام پالیسیوں کا محور معاشی نشوونما ہونا چاہیے قائم مقام صدر ایل سی سی ائی	تمامپل عسیوں کا محفر ماشی نشنما ہونا چاہیے کائن مکان صدر ایل سی سی ائی
common_voice_ur_31992915.mp3	پاکستان میں ہمارا کل اسلام نماز جمعہ اور مولبی کی تقریر کے علاوہ کچھ نہ تھا	پاکستان ہمارا کل اصلان نمابزح جماع اور ملبی قی تقریر کے عمیاوہ کچھ نا تھا
common_voice_ur_31834316.mp3	ہر سال لاکھوں بچے کم آمدن کی وجہ سے سکول جانے سے محروم ہو جاتے ہیں	ہر ستال لاکھو بچھے کم آمدند کی وچھہ سے سکول جانے سے محروم ہو جاتے ہیں
common_voice_ur_31823271.mp3	گزشتہ برس کے مقابلے میں دودھ گوشت سمیت کھانے پینے کی چیزوں کے دام بڑھے	گزشتہ برش کے مقابلے میں دود گوش سمید کھانے پینی کیچیزوں کے طامپڑھے
common_voice_ur_38476296.mp3	جی آج نہیں تھا ارادہ مگر باہر دوستوں ک ساتھ ٹہلنے نکلا سو ارادہ بن گیا	جی آج نہیں تھائی ریدہ ماگر باہر دوستتو کساٹھ ٹینی نکلاں سوئی رادہ بن گیا
common_voice_ur_38451592.mp3	میں نے جب یہ سمجھنا چاہا کہ وہ این آر او کیسے دے سکتے ہیں۔	مین جب یہ سمجنا چہا کہ وہ این ار و کیسی دیکھ سکتے ہیں
common_voice_ur_31950753.mp3	ٹیلی گرام واٹس ایپ کے مانند تیزی سے ابھرتی ہوئی ایک ایپلی کیشن ہے	چیلیک رام و سپ کے امانند تیزی سے برتی ہوئی ایک اپلکیشن ہےں
common_voice_ur_31981270.mp3	اس دوران یہاں طرح طرح کے پرندے دوسری جگہوں سے نقل مکانی کرکے آتے ہیں	اس سی اس درانی یہاں طرہ رہ کہ پریندے دوسری جگ ہو سے نقل مقانی کر کے آتے ہیں
common_voice_ur_41138361.mp3	لیکن یہ کہ صرف طالبان کی حکمرانی ہو‘ وہ ہمارے کسی مفاد میں نہیں۔	لیکن یہ ک صرف قالپان کی حکمرانی ہو وہ ہمارے کسی مفاد میں نہیں
common_voice_ur_31343188.mp3	اس میں کی بورڈ نہیں ہوتا بلکہ اس کا کام ٹچ اسکرین کی مدد سے کیا جاتا ہے	اس س مک لیبور نہیں ہوتا بلکہ اس کا کامٹدس کرین کا مدد سے کیا جاتا ہے
common_voice_ur_31906274.mp3	کراچی پاکستان نے ویسٹ انڈیز کو شکست دیکر ٹی سیریز اپنے نام کر لی	کراچھی پاکستان ویٹ انڈیا کوئ شکست  یکہ ٹیز  ھیری س اپنے نام کاعللے
common_voice_ur_38458712.mp3	میرا خیال ہے کہ فوج کو اس مقدمے سے اعلانیہ اظہار برأت کر نا چاہیے۔	میرا خیال ہے کہ فوج کو اسی مپدنے سے اعلانیاہ اضارے براگد کرنا چاہیے
common_voice_ur_38422204.mp3	اس وقت تو یہ تینوں مسائل ہی اہم ہیں اور ایک سے بڑھ کر ایک ہیں	اس وقت تو یہ تینوں مسائل ہی اہم ہے اور ایک سے بڑکرایط ہے
common_voice_ur_31828397.mp3	معلوم ہوتا ہے کہ ہر انسان کے ساتھ کچھ غیر مادی طاقتیں وابستہ ہیں	معلوم ہتاہے کہ ہیر انسانقسات کچھ غئر ماجی طعقتیں ہوابستا ہی
common_voice_ur_31989601.mp3	اب تو دو ٹکے کے لوگ بھی اٹھ کر بغیر ثبوت الزام لگا دیتے	اب تو دو ٹکے کے لوگ بھی اٹھ کر بغیر سبحودضان لگا دتے ہیں
common_voice_ur_31849640.mp3	وہاں میرے ایک دوست وسیم کا گھر ہے جو کئی سالوں سے بند پڑا ہے ۔	فوہا مہ ایک دوست عسین کا گھر ہے جو کئی صارع سے بنڈ پڑا ہے
common_voice_ur_41126262.mp3	سندھ اور کے پی میں گندم کا بحران سر اٹھانے لگا پنجاب دبا کا شکار	سندھ اور کیپیکی گندوںکا بہران سر اٹھانے لگا پنجاب تھبا کا شکار
common_voice_ur_31870021.mp3	اور بھی ہیں جو مل کر بھی پاکستانی ٹیم کو مشکلات سے نہیں نکال پاتے ۔	آر بی ای جومایل کر بھی پاکستانی ٹیم کھو مشکرات سے نہیں نکال پاتے
common_voice_ur_31902736.mp3	کامن ویلتھ گیمز میں انگلینڈ کا چھ گولڈ میڈلز کیساتھ پہلی پوزیشن پر قبضہ برقرار	کامن ویلت گیمز میںن گلین کا چئے گوالڈمیرلم کے ساتھ پہلی پولیشن پر کبزعبر کرا
common_voice_ur_31902494.mp3	ایک تازہ ترین خبر کے مطابق ايشيا کے تیز ترین سپر کمپیوٹرز میں سے جاپان میں موجود ہیں	ایک تعظہ ترین قبر کے مطابقق اشہ ک تیس ترین سوپر کمپیوٹر میں سے یافان میں موجود ہے
common_voice_ur_31823412.mp3	اسکے علاوہ اس میں انٹرنیٹ ایکسپلورر ، بنگ سرچ اور سکائی ڈرائیو کلاؤڈ کنکٹویٹی کے نئے فیچرز بھی شامل کیے گئے ہیں	اس کا علاوہ اس میں انٹرنٹ اکسپورربنگ سرچ اور سکائیڈ رائی کلائڈ کنکٹوٹی کیے نئے فیچرز بھی شامل کیے گئے ہیں
common_voice_ur_32018712.mp3	جاپانی جواب دیتے ہیں کہ رعایتیں دینے کے لیے پہلا مرحلہ بہت جلدی تھا	جپانی جواب دیتیاں کے رائیٹے دینے ک لئے پیلا مرلابہوت جلدی تھا
common_voice_ur_32018795.mp3	سعودی عرب کی گولڈ مارکیٹ میں اتوار کو سونے کے نرخوں میں استحکام آیا ہے	سودیار اپ کی گارلڈ مارکیٹ میں اتوار کو سونے کے درخوں میں اسٹعکام آیا ہں
common_voice_ur_38412591.mp3	چند ایک بنیادی باتیں سمجھ لینی چاہئیں، پھر ذہن کے سب جالے صاف ہوجائیں گے۔	چند ایک بنیادی باتی سمجھ لنی چاہی ہ پن زہن کے سق جانے صاف ہو جائیں گے
common_voice_ur_32018659.mp3	قبل از اسلام دور جب اہل عرب شرک اور بت پرستی میں مبتلا تھے	کبلسے اسلام دور جب اہلے ارب شرک اور بتپرستی معل مپتلا تھے
common_voice_ur_31834107.mp3	دیگر علامات میں تھکاوٹ دھندلاہٹ چھا جانا یادداشت کی پریشانی اور فیصلہ سازی میں دشواری شامل ہیں	ریکر علامات میں تھقاوٹ تنتلاہٹ چا جانا یا داشت کی پریشانی اور فیصلہصعطی میں دشواری شا عمل ہے
common_voice_ur_31916743.mp3	ایک ٹیم کے ذمہ بستر تیار کرنا اور دوسری کے ذمہ برتن دھونا اور کھانا پکانا تھا ۔	ایک ٹیم کی زیمفسٹھر ٹیار کرنا اور دوسری کا زیمع بڑدند ہونا رکھانا پکھانا تھا
common_voice_ur_31793240.mp3	جب اسلام مخالف مغربی قوتیں لاک ڈاون پر حد درجہ زور دے رہی تھیں	جب اسنام مخالف معغربی قوتیں لاکٹؤن پر ہد درچہ زور دی رہی تھی
common_voice_ur_31917207.mp3	تو ملک میں بد نظمی اور انارکی کا شدید اندیشہ پیدا ہو جاتا ہے	تملک میں بدنسویں ار این ار کی کا شدید اندیشہ پیدا ہو جاتا ہے
common_voice_ur_31916963.mp3	ایک ساتھ پانچ ہزار ایک سو سینما گھروں میں نمائش کے لیے پیش کی گئی	ایک سات پنچ ہزار ایک سو سےنماہ گھرمی نوایش کلپیش کیگئی
common_voice_ur_33605833.mp3	نہ مغفرت کی اللہ تعالی کبھی لوگوں کے دلوں کو بھی مزار بنا دیتا ہے۔	نام مخفرت کی اللہ تعلا کبھی لوگوں کے دلوں گوں بھی مزار بنا دیتا ہے
common_voice_ur_41169044.mp3	ہمارے جوہری منصوبہ ساز ایک نہ ختم ہونے والی دوڑ میں لگے ہوئے ہیں۔	ہمارے جہری ملصبع سات ایک نا ختم ہونے واری دوڑ مں لگی ہوئیںی
common_voice_ur_38416827.mp3	چھ سالہ ڈیلن نے عہد کیا کہ وہ اس مقصد کے لئے فائٹ کرے گا۔	چھے سالہ ڈعلعم نے احد گیا کہ وہ اس مقصد کےلئے فائٹ کرے گا
common_voice_ur_38417232.mp3	اب پاناما کیس کی سماعت نے ہر کسی کو معاشرے کی اصل حقیقت سے آگاہ کردیا ہے۔	اب پنامہ کی اس کس سمات نی ہر کسی کو معاشریق کی اصلی حطیقت  سے اگاح کردیا ہے
common_voice_ur_32026757.mp3	مہنگائی سے رات کو نیند نہیں آتی قیمتیں کنٹرول کرنے کے لیے کوشاں ہیں	امریکائیاسے رات کمیٹ نیاد قریق قیم ک کے کابل کرنے کیلئے کورتا ہیں
common_voice_ur_38461295.mp3	سماجی کارکن اور مرحوم عبدالستار ایدھی کی زوجہ بلقیس ایدھی کراچی کے نجی اسپتال میں انتقال کرگئیں۔	سماجی قایقون اور مرخوم اب دسطار عیدی کی زوجہ بلکیز عدی کراچی کے نجی اسپطال میں انتقال کر گئیں
common_voice_ur_38466375.mp3	تب ہی وہ ایسے ڈسیشنز لیتے ہیں جن کے رزلٹ ہار کی صورت میں سامنے آتے ہیں	تب ہی وہ ایسے ڈسینز لیتے ہیں جنکے رزرٹ ہار کی صورق میں سامنے آتے ہیں
common_voice_ur_31917729.mp3	رنگ کور یا رنگ میں تمیز نہ کر سکہ مرد کی ایک عام پیدائش بیماری ہے	رنگ کور یا رنگ میں تنیز نہ کار سقا مرد کی ایک آم پیدائیش پیماری ہے
common_voice_ur_31983821.mp3	ایک شخصیت کو سمجھنے کے لیے سیاسی و سماجی تناظر کی کیا اہمیت ہے؟	ایک شخصیت کو سمجنے کے لئے سیاسی او سمادی تناضر کی کیا احمیت ہے
common_voice_ur_32050688.mp3	جس نے ساڑھے تین سو ایکڑبحریہ کی زمین خریدی اور سولہ ھزار ایکڑ پر جبری قبضہ کیا	جس نی شاریبتین سو ایکڑ بہریا کی سمین خریدی اور سالم عزار ایکر پر جبری کبزہ دیا
common_voice_ur_38451833.mp3	شہر دریائے سندھ کے مغرب میں بحیرہ عرب کی شمالی ساحل پر واقع ہے	شہر دریائ صند کے ماقرے مں بحیرہ عرب کی شمالی صاحل پر وا کیا ہے
common_voice_ur_32007951.mp3	اس میں کوئ شک نہیں کہ چھوٹو گینگ جیسے بدنام زمانہ گروپس کو سرکاری سرپرستی حاصل ہے	اس میں کوئی شق نئی کے چھوٹو گیںگ جی سے بگنام زمانہ گروبس کو اسرکاری سرپرنس تی حاسئلے
common_voice_ur_31986157.mp3	امیر ترین افراد کی دولت میں اضافہ ٹیکس چوری سے ہوتا ہےاکسفیم کی عدم مساوات پر رپورٹ	عمیتری نفراد کی دورت می عظافہ ٹیکس اوڑی سے ہوتا ہے اوکسفیم کی ادم مساورات پر ریپاٹ
common_voice_ur_31841062.mp3	خوشی ہوئی سن کہ اس تیندوے کی حفاظت کے لیے اقدامات کئے جائیں گے	خوشی وہ اسن کے اس طیندورے کی حفاظت کی لی اکتدامات کیئے جائیں گے
common_voice_ur_31833829.mp3	ویب ڈیسکبرطانیہ امریکہ چین روس پرتگال اور اٹلی سمیت کئی دوسرے ملکوں پر اٹامک حملے ہوئے ہیں	ویب ڈیسک برتانیا امریکہ چین روس برتگال اور اٹلی سمیعت کئی دوسری ملکک ہو پر اٹامٹ حملے ہوئے ہیں
common_voice_ur_31833878.mp3	اس سے قبل کسی مشین کو کبھی بھی بزنس مشین کی حیثیت حاصل نہیں تھی	اس سے قبل کسی مشین کو کبھی بھی بسن مشین کی حسیت حاصل نہیں تھی
common_voice_ur_32024566.mp3	مگر پاکستان جائیں تو پھر جیب سے ادھر کا پرس نکال کر دوسرا ڈال لیا	مارو پاکستان جھرے تو پھر انجرپ سحدھر کاپپس نکال کا دوسر ڈاند ہے
common_voice_ur_32017755.mp3	جنگل سے قریب ہونے کی وجہ سے خشک لکڑیاں ڈھونڈنے میں زیادہ دقت نہ ہوئی	جنگرے تقری ہانے کی بدل سے ہوش لکڑیا ڈھانڈنے میں زادم دکر نہیں گی
common_voice_ur_38463474.mp3	یار۔۔۔۔۔۔۔!!!! آخر کیوں وقت ہم دنوں میں رقیب کا کردار ادا کر رہا ہے	یار آخح کیوں وقت ہم جینوں میں رقیب کا قرگارجا کررہا ہے
common_voice_ur_31793345.mp3	کل کلاں کو لوگ صرف ویب پر تحریر پڑھا اور پھر لکھا کر تھے	کل کلاں کو لوگ صرف ویے پر تخریر پڑھہا اور تھ لکھا کر تھے
common_voice_ur_31793329.mp3	شریانوں کے مرض کا عالمی دن ہر سال تیس مئی کو منایا جاتا ہے	شریانوں کی مرص کا آلمی دن ہر ساتیس مائی کھو بنایا جاتا ہے
common_voice_ur_38441643.mp3	اسلام آباد میں حکومت ان کی ہو گی اور پنجاب بھی ان کے قبضے میں ہو گا۔	اسلامععباد میں حکومت ان کی ہو گی اور پنجاب بی انکی کبزے میں ہو گا
common_voice_ur_38469364.mp3	وزارت خارجہ میں یکدم متحرک ہو جائیں‘ ایسے حالات پیدا ہونے میں وقت لگے گا۔	وزارتحارجہ میں یکھتہ متحرق ہو جئیں اسے حالاج پیدا ہونے میں وقت گے گا
common_voice_ur_38417049.mp3	نواز شریف کے استعفے کا مطالبہ کسی صورت بھی تسلیم نہیں کیا جا سکتا تھا۔	نواز شخفی اسطیفع کا مطعالبہ کسی صورت بھی تیسلیم نہیں کیا آجا سکتا تھا
common_voice_ur_38416918.mp3	نام پانامہ پیپرز میں آئیں، بیرون ملک جائیدادوں کا کوئی جواز پیش نہ کر سکیں۔	نام پنامہ پیپرز میں آئیں بیرونے ملک جائدادوں کا کوئی جواز بیشھ نہ کر سکیں
common_voice_ur_38436139.mp3	تمہیں اس دن پر رونا چاہئے جو تم نے نیکی کے بغیر گزار دیا	تمہیں استٹ پا رونا چاہ ہیہ جب تو نے نے کلی کے بغیر گزار دیا
common_voice_ur_38425738.mp3	نہ کھڑکی کا پنجابی میں اس صورت حال کے بیان کے لیے ایک لفظ ہے۔	ناک ہرک ک پنجابی میں ایس صورتحار کے بایان کیلیے ایک رفث ہے
common_voice_ur_38426539.mp3	میرا اپنا خیال ہے کہ شہباز شریف کو انتخابی مہم خود ہی چلانی پڑے گی۔	میرا اپناخیال ہے کہ شہباز شریف کو انتخاوی موہم خدی چلانی پڑے گی
common_voice_ur_31824302.mp3	کامن ویلتھ گیمز پاکستان اور ملائیشیا ہاکی ٹیم کا میچ ایک ایک گول سے برابر	کومن ویلتھ گیمز پاکستان اور ملیشیہ ہاقی ٹیم کا میچ ایک ایک بول سے برابر
common_voice_ur_31959366.mp3	آخر نتیجہ یہ نکالا کہ سفید جھاگ یقینا کچھ نمکیات کی وجہ سے ہوگی	آخری نتیجہ یہ نکلا کہ سفیہ جھا یقینت کچھ دبکیات کی وجاسے ہو گی
common_voice_ur_31823979.mp3	جو چراغ لے کر بھی ڈھونڈو تو شاید ہی پورے اسلام آباد میں ملے ۔	جو چراگ لیکھ کر بھی ڈھونڈو تو شاید ہی پورے اسلام باد میے ملے
common_voice_ur_31824308.mp3	دن میں جذب کی گئی کاربن ڈائی آکسائیڈ کے مقابلے میں بہت کم ہوتا ہے	دن می جضب کی گئی کاربن ڈائی آکسائڈ کے مکابلے میں بہت کم ہوتا ہے
common_voice_ur_31979877.mp3	پھر دادا جی نے جھاڑا کہ اتنی مسلمانی بھی اچھی نہیں ابھی میں ہوں ناں باریش گھر میں	پھنر دوازہ جینں جھاڑا کے اتنی مسلمانی بھی اچھی نہیں بھی میںہون نا باریش گھر میں
common_voice_ur_38441994.mp3	اس کے بعد وہ اس سوال پر غورکرتا ہے کہ یہاں مذہب اسے کیا رہنمائی دیتا ہے۔	اس کے بعد وہ اسسوال پر غور کرتا ہےکہ یہاں مضحب اسے کیا رہنومائی دیتا ہے
common_voice_ur_38459290.mp3	اس کا سادہ مطلب یہ ہے کہ پاکستان کے مادی اور دنیادی مفادات کا تقاضا کیا ہے؟	اس کا صادہ مطلب ی رہے کہ پاکستان کی معدی اور دنیاوی مفدات کا تگاظہ کیا ہیں
common_voice_ur_38442796.mp3	اسی خاندان کا ایک اور نوجوان اس حوالے سے زیادہ تیز اور جارحانہ خیالات کا حامل ہے۔	اسی خنضان کا ایک ور مجوان اایس صوارس ظحدد تیز اور جہرحانا خیار ارت کا حمل ہے
common_voice_ur_31987801.mp3	بلکہ سائنس دانوں کو ایک طویل ارضیاتی عمل کی ڈرامائی مشاہدی کا موقع میسر آرہا ہی۔	بلکہ سائنز دانوں کو ایک قویل ارزیاتی عمل کی ڈرامائی مشاشدی کا موقا میںسر آرہا ہ
common_voice_ur_38466999.mp3	نوازشریف صاحب کے بر خلاف، ان کا ہدف سیاست اور حکومت نہیں، صرف حکومت ہے۔	نواشی صعب کی پرخلاف کٹ کا حدت سیاست حکومت نہیں سر حکومت ہے
common_voice_ur_31809522.mp3	کچھ اورشواہد کے مطابق ڈپریشن اور دل کی بیماریوں ممکن تعلق پایا جاتا ہے	کچھ اور شواحد کے متابق ڈپریشن اور دل کی بیمانیا مہمکن تعلق پایا جاتا ہے
common_voice_ur_32005456.mp3	کہ رائج الوقت قانون اور عدالتوں کی توہین کے امکانات پیدا ہو جاتے ہیں	کرائیجال وقت کہنون و ردالتوں کی تہین کے مکنات پیدا ہو جاتے ہیں
common_voice_ur_31836682.mp3	اور ہمارا ایمان ہے کہہ چاہ کوئی بھی مسئلہ ہو اس حل ر موجود ہے	اور ہمارا ایمان ہے کہ چاپ کوئی بھی مسئلہ ہو اس حل رے موجود ہے
common_voice_ur_38412139.mp3	اس کی ابتدا میں پاکستان کے آئین کی بنیاد، قرارداد مقاصد کی صدائے بازگشت سنائی دیتی ہے۔	اسکی اپتداممیں پاکستان کی آئن کی پنیاد کڑاڑ تاد مقاحصد کی سد آئے پر زقشت سنائی دیتی ہے
common_voice_ur_31824479.mp3	فیملی پلاننگ پالیسی میں تبدیلی کے بعد بھی چین میں شرح آبادی مسلسل کم ہو رہی ہے	فیملی پلیننگ پالیسی میں تبدیلی کے بعد دی چین میں شرہح بادم سلسل کم ہو رہی ہے
common_voice_ur_33913257.mp3	نہ ہماری سیاسی کلاس‘ نہ کوئی اور اس بارے میں سوچنے کی زحمت کرتا ہے۔	نا ہماری سیاسی قلاص نہ کوئی اور اس بارے میں سوچنے کی ظحمت کرتا ہے
common_voice_ur_31324375.mp3	ریٹائرمنٹ کے بعد اکثر لوگ اپنے وقت کا زیادہ تر حصہ گھر پر گذارتے ہیں	ریٹائمنڈ کے بعد اکصر لوگ اپنے وق کا زیادہ طرحصہ گھر پر گزارتے ہیں
common_voice_ur_31996214.mp3	یورپا فٹبال لیگ کوارٹر فائنل میں رسنل اور ماسکو کی ٹیموں کا پلڑا برابر	یورپا فٹوارلیگ فاٹر فائنل میں ریسکر ماس کواک ٹیمو کا پنربرابے
common_voice_ur_35150423.mp3	پیارے، تجھے دیکھے اک زمانہ دیکھو کہ سب عزیز و اقارب خاک میں چلے گئے۔	پیارے تجھے دیکھی اکزمانان دیکھو کہ سب عظیز و آکھاری بخاق مں چلے کہے
common_voice_ur_31793839.mp3	ڈاکٹر صاحب صاحبہ نے ماسک نھے لگائے کیا انکو کرونا کچھ نھی کھتا باقی سن نے ماسک لگایا ھے	ڈاکٹر صحب صاحبا نے ماسک نہیں لگے گا ان کو کرونا کچھ نہیں کہتا پاکستان نہیں ماسک لگایا ہے
common_voice_ur_38468343.mp3	میرا خیال ہے کہ آنے والے ماہ و سال میں، اگر یہ تاثر بدلتا ہے۔	میرا خیال ہے کہ آنے والے ماحو سال میں اگر یہ تاصر بدلتا ہے
common_voice_ur_38411583.mp3	اس لئے اس سال کی بارشیں آسمانوں کی طرف سے نعمت کے طور پہ برس رہی ہیں۔	اس لیے سال کی بارشیا اسمانوں کی طرف سے نیمت کے توپہ برحث رہی ہے
common_voice_ur_31837367.mp3	جیسے جنگلات اور باغات کے حسن کا فرق جو انسان خود ترتیب دیتا ہے	جیسے جنگلات اور باغات کہ حتن کا فرق جو انسان خود ترتیب دیتا ہے
common_voice_ur_38468466.mp3	نااہلی کا ایک وقت ہوتا ہے لیکن یہاں تو مستقل کیفیت بنتی جا رہی ہے۔	نا احلی کا ایک وقت ہوتا ہے لیکن چہاں تو مستقل قیصیت بنتی جا رہی ہے
common_voice_ur_31998322.mp3	پولیس کو ناکام بھی اس لیئے کیا جاتا ہے تاکہ پولیس کی جگہ انہیں اختیارات ملیں	پولیس کو ناکام کی ایکہری ل یک ی دداید آگے پلی ی جگا ہونے اختیارات مڑے
common_voice_ur_31984781.mp3	شہر سے دور ہونے کے باعث یہاں گاڑیوں کی آمدورفت بہت کم ہوتی ہے ۔	شہر تے دور ہونے گے بیرجیاں گاڑیوں کی آم درا بہت کم ہوتی ہے
common_voice_ur_38429772.mp3	پاکستان کو دیکھنا ہے کہ اس نے اپنے مفاد کا تحفظ کیسے کر نا ہے۔	پاکستان کو دیکھنا ہے کہ اس نے اپنے مفاد کا تحخوج کیسے کرنا ہے
common_voice_ur_31793978.mp3	کرس میک ریلی ارجنٹائن کے فاتح تیرہ برس بعد ورلڈ ریلی چیمپئن جیتنے والے پہلے برطانوی	کرس میک ریلی ارچنٹیم کیفاتیں تیرابر اسباد ویلٹ ریلی چیمپئین جیتنے والے پہلے برتانگی
common_voice_ur_31958338.mp3	جیمی کہتی ہیں اس بات کی واضح شواہد موجود ہیں پلیٹ دو حصوں میں ٹوٹ رہی ہی۔	جیمی قیحتی ہے اس بات ہی وزار شواہد موجود ہیں پلیٹ دو حصوں میں ٹوٹ رہی ہے
common_voice_ur_31954191.mp3	تو پھر کپتان کوئی بھی ہو ، مثبت نتائج کی فراوانی نہیں رک سکے گی	تو پھر کپتان کوئی بھی ہو مضبد مطائچ کی فراوانی نہیں رک سکے گی
common_voice_ur_38429382.mp3	پارلیمان کی منظوری سے یہ صحیح معنوں میں ایک قومی بیانیہ بن پا ئے گا۔	پارلیمان کی منضوری سے یہ صاحی معنوں میں ایک قومی بیانیاہ بند پائے گا
common_voice_ur_31980021.mp3	اس تبدیلی کی تعریف نہیں کر سکا وہ یہ بتانے میں بھی ناکام ہے	پس تبدیلی کی تاریف نہیں کڑ سقا وو گئ بتایا بتانے میں ہی ناکام ہے
common_voice_ur_38446912.mp3	اس بنیاد کا اثر زائل ہونے کی بجائے چھاپ کی مانند آئندہ نسلوں پہ ثبت ہوتا گیا۔	ایسپنیاد کا اصر صائل ہونے کی بجائےک چھاپ کی مانند آئندا نسلوں پس سبد ہوتا گیا
common_voice_ur_31982209.mp3	گندم کی برمدی قیمتیں بھی بڑھ گئیں جس کی وجہ سے ارجنٹائن میں پیداواری کمی ہے	گندوم کی برندی قیمتیں بھی بھڑ گئی جس کی وجہ سے آرجنٹائن میں پیداواری ہی کمی ہےں
common_voice_ur_41153804.mp3	انتخاب کی رات دھرنے میں غلام سرور خان ان کے دائیں کندھے سے کندھا ملائے کھڑے تھے۔	انتخاب کے رات دھڑنے میں خنام صرورخان انکی دائیں کندےس قنداہ ملائع کھڑے تھے
common_voice_ur_41103280.mp3	میں سوچنے پہ مجبور ہوا کہ یہ ادارہ نہ ہوتا تو مریض کہاں جاتے؟	میں سوچنے ف مجبور ہوا کہ یہ ریادانا ہطا تو مجیز کہاں چاکتے
common_voice_ur_38461728.mp3	شیطان کا رویہ اختیار کرنے والے انسانوں سے اللہ تعالیٰ ناراض ہو جاتے ہیں	شیطان کرویا اختیار کرنے والے انسان و سیالا طعالع نراز ہو جاتے ہیں
common_voice_ur_41108530.mp3	حساس علاقوں میں تیل گیس کے ذخائر کی تلاش کیلئے سیکیورٹی اہلکار بڑھانے کا منصوبہ	حساس علاکو میں ٹیل گیس کے زخائر کی تلاش کےلیے سکیوٹیا علکار بڑانے کا منصوفہ
common_voice_ur_41108730.mp3	بیرونی ممالک میں پناہ لینے والے صحافیوں پہ ایک نئے حملے کا آغاز کیا گیا	بیرونی ممالک میں پنا لی نے والے صافیوں پہیک نئے حملے کاآغاز کیا گیا
common_voice_ur_38409889.mp3	اس مدرسے کے مشاہدات لوگ اگر سنیں توحیران ہوں کہ ایک مدرسہ ایسا بھی ہو تا ہے۔	اس مدری صے کے مشاعدات لوگو اگر سنے توحران ہو کہ ایک مدریسہ ایسا بھی ہوتا ہے
common_voice_ur_31841558.mp3	لیکن اللہ تعالیٰ کی یہ دنیا صرف ان مادی احوال تک محدود نہیں ہے	لیکن اللہ تعالا کی یہ دنیا صرف ان مادی احوال تک مہدوط نہیں ہے
common_voice_ur_38465700.mp3	ان کے چھ سات کے جوہری ذخیرے کے مقابلے میں ہمارے پاس کہیں زیادہ ایٹمی قوت ہے۔	اینک ٹھے سات کے جوہری ظقیرے کے مقابلمں ہمارے پاس کہیں زیادہ ایٹنی قوت ہے
common_voice_ur_38415641.mp3	بائیک واش کرتے وقت کوشش کرکے میٹر یا ہیڈ لایٹ کی جو وائیرنگ ہے اس پر کم واٹر یوز کرو	بائیک واش کرتے وقت کوشش کرکے میٹر یا ہئڈلائنٹ کی جو وائرنگ ہے اس پر کم غارڈر یوس کرو
common_voice_ur_31813874.mp3	تو اب آ پ کو اس بارے میں پریشان ہونے کی ضرورت نہیں ہے	تو اپب آپ کو اس بارے میں پریشان ہونے کی ضغط نہیں ہیں
common_voice_ur_31813875.mp3	ماہرین کا خیال ہے کہ پھل اور سبزیاں انسانی خوراک کا لازمی جز ہونی چاہئیں	ماہرین کا خیال ہے کہ پھل اور سب سیہ انسانی خراق کا لازمی دوسر ہونی چاہیےں
common_voice_ur_38504470.mp3	شردھا کپور نے بوائے فرینڈ کو فرحان اختر کے ساتھ کام کرنے سے روک دیا	شادہ کپ اور نےں بائ فرنٹس کو فرحان اخدر کے ساد کام کرنے سے روک دیا
common_voice_ur_32008935.mp3	ان کا کام سیاست نہیں، بلکہ سیاست دانوں کو دین کی رہنمائی سے آگاہی ہے	ان کا کام سیاست نہیں ملک کہ سیاست دانوں کو دین کی رہنومائی سے آگائی ہے
common_voice_ur_31946187.mp3	درد کی شدت اب سہی نہیں جاتی اس لیے آرام کرنا چاہتا ہوں۔	درد کی شدر اب سحنئی جاتی اسلی عرام کرنا چاہتھا ہوں
common_voice_ur_31814061.mp3	مسلمان ممالک مل کر بھی شام کو خود سے سبق نہیں سکھا سکتے	مسلمان ممالک معل کر پی شام کو خد سے سبق نہیں سکھا سکتے
common_voice_ur_31984278.mp3	درد کی شدت اب سہی نہیں جاتی اس لیے آرام کرنا چاہتا ہوں	دید کی شدحت عب سحی نئی جاتی اس لیے آرام کرنا چاتا ہوں
common_voice_ur_38484846.mp3	دوسرے سے مختلف، انہیں کچھ زیادہ توجہ، دیکھ بھال کی ضرورت رہتی ہے۔	دوسرے سے مختلف ونے کچھ زیادہ توججہ دیک وال کی ظررت رہتی ہے
common_voice_ur_31967596.mp3	ایس ای سی پی نے پبلک فرنگ ریگولیشن میں ترامیم متعارف کروا دیں	ایس ائیسی پی نے پابلک فرنگ ریگلیشن میں تارامی متارف کرواتی ہے
common_voice_ur_31845898.mp3	درمدات کے باوجود ٹماٹر پیاز کی قیمتیں بلند ترین سطح پر پہنچ گئیں	درامددرامدات کے باو جود ٹما ٹرفیاس کی قیمتیبنترین سطعب پر فوچ گئی
common_voice_ur_31978440.mp3	گلاب اور چنبیلی کے پھولوں کا نام ہم بچپن سے سنتے آ رہے ہیں	گلابور زمبیندی کے بھونوں کا نام ہم وجپنسے سنتیا رہے ہیں
common_voice_ur_31971394.mp3	پی ایس ایل تھری کے کامیاب انعقاد پر پوری قوم خوشی سے نہال	پی ایس ایل تھری کے کامیاب انیعقات پر پوری قوم کھوشی سے نحال
common_voice_ur_32598173.mp3	یہ عمل اس کے پچھلے گناہوں کی معافی کا ذریعہ بن جائے گا	یہ عمل اس کے پچھلے گنا ہوں کی مافی کا ظریع بن جائیے گا
common_voice_ur_38411458.mp3	پاکستان کا صرف سات ارب سعودی عرب لیکن پاکستان کی مدد کا طلب گار ہے۔	پاکستان کا صرف اح طعرب صعدی عرب لیکن پاکستان کی مدد کا طرب گار ہے
common_voice_ur_32598311.mp3	دوسرا دور جسے میں لبرل ازم کا عہد کہتا ہوں، اب جاری ہے۔	دوسروا دور یسے میں لبرللزمد کا عاہد کہتا ہوں اب جاری ہے
common_voice_ur_41023814.mp3	یو ایس ایڈ پاکستانی ام برامد کنندگان کی مدد کررہا ہے ڈاکٹر یوسف ظفر	یو ایسیٹ پاکستانی عم برامت کنندگان کی مدد کر رہا ڈاکٹر یوسف صفرہ
common_voice_ur_41023846.mp3	سعید اجمل ایک بار پھر قومی ٹیم میں شامل ہونے کے لئے پرعزم	سئید عجمہل ایک بار پھر قومی ٹیم میں شامل ہونے کیلے پر عظم
common_voice_ur_31887530.mp3	سیاح کو ہندودش کے بلند و بالا پہاڑی سلسوں کا بھی نظارہ کر سکتے ہیں ۔	سیاع کو ہندو دیش کے بلند و بالا پہاڑی سی چلو کبھی نزارہ کرسکتے ہیں
common_voice_ur_31951657.mp3	میں جانتا ہوں وہ منڈیوں میں واپس آنے کے لیے نہیں جا رہے ہیں	میں جانتا ہو وہ منڈیوں میں واپس آنے کے لئے نہیں جرہے ہیں
common_voice_ur_31822783.mp3	وسٹا پہلا اوپریٹنگ سسٹم ہے جو مکمل طور پر بٹ کو سپورٹ کرتا ہے	گسٹہ پہلا اپریٹنگ سسٹم ہے جو مکمل دور پر بیٹ کو سکورٹ کرتا ہے
common_voice_ur_31968152.mp3	اب چونکہ رکازی ایندھن کا استعمال دنیا بھر میں بہت زیادہ ہورہا ہے	اب چونک ہ رقازی انہن کا استعمال دنیا بھرما بھوت ضودا ہو رہا ہے
common_voice_ur_31829630.mp3	شاہد فریدی نے ٹیبل ٹینس کھلاڑی مہک انور کے علاج کا اعلان کردیا	شاہد فریدی نے ٹیبل ٹینس کھلاڑی مح قنور کیعلاج کا علان کردیا
common_voice_ur_31829463.mp3	پی سی بی نے قومی کھلاڑیوں کیلئے اپنے خزانے کا منہ کھول دیا	پیسی بی نے قومی کھلاڑیوں کییے اپنے خزانے کا مونکھول دیا
common_voice_ur_31829350.mp3	اس کہانی کو انصاف کرنے کے لئے اتنا وقت نہیں دیا جاتا ہے	اس کہانی کو انصاف کرنے کے لی اتنا وقت نہیں دیا جاتا ہے
common_voice_ur_32015984.mp3	جو آہستہ آہستہ پاکستان کرکٹ کو صلاحیت کے حوالے سے بنجر کرتا جا رہا ہے ۔	جو احستہ عسا پاکستان کرکٹ کو صلاحیت کے حوالے  ہے بنجر کرتا جا رہا ہے
common_voice_ur_31791782.mp3	ایل پی جی درامد کنندگان کا حکومت سے انکم ٹیکس ختم کرنے کا مطالبہ	ایل پی جی رامنت کنند گان کا حکومت سے انکم ٹیکس حتم کرنے کا متعلپہ
common_voice_ur_31792295.mp3	ان کی زندگی ڈرامائی پیچ و خم سے بھری ہوئی دکھائی دیتی ہے۔	ان کی زندگی ڈرامائی پیچھ خام سے بھری ہوئی دکھائی دیتی ہے
common_voice_ur_31974381.mp3	سنیل گواسکر کی عمران خان کو فون پر مبارکبادتقریب میں شرکت سے معذرت	سنیل کا واسقت کی عمران خان کو فون پر مباڑق باع تقدتقریب میں چرکت سے ماصرت ہے
common_voice_ur_31974411.mp3	رسول جب آ جائے تو پھر اس کو ہر صورت غالب رہنا ہے۔	رسول جب آ جائے تو تو پھر اس کو ہر صورت غالم برہنا ہے
common_voice_ur_38438312.mp3	سماج کو اپنی مضبوطی کے لیے ایک نظام اقدار کی ضرورت ہوتی ہے۔	سماج کو اپنی مزبوطی کے لئے ایک نظام اقدار کی ظرورت ہوتی ہے
common_voice_ur_31976865.mp3	بالكل ايسا هي هے تم سب اس پولٹکس کا حصه هو كورونا سب بكواس هے	بلککل ایسا ہی ہے تم سب اسپارٹز کا حثہ ہو کورونا سب باقواض ہے
common_voice_ur_32056173.mp3	زیادہ سے زیادہ دو برس کے اندر اس منصوبے کو تکمیل تک پہنچانا چاہیے۔	زیادہ سے زیدہت دو بڑے اس کی اندری س منصوبے کو تقمیل ت پہون چانا چاہیے
common_voice_ur_31891833.mp3	مصر دسمبرایجنسی ایک اداکارہ کے بوائے فرینڈ کو لیکر تنازعہ کھڑا ہو گیا ہے	میلصی بس ہمبر ادن ایک ادا کارہے کہ بائ فرینٹ کو لے کا اتناظا کھڑا ہو گیا ہے
common_voice_ur_31832260.mp3	کیا تم وہ دن بھول گئے جب میں نے تمہاری دھلائی کی تھی	کیا توم وہ تن پھول گئے جب مینے تماری تھلائی کی تھی
common_voice_ur_31832285.mp3	اسے یہ شخص یا کیفیت حیران کن اور مزا دینے والی لگتی ہے	اسے یہ شاخصیہ خیفیت حیران کناور مزہ دینے والی لگتی ہے
common_voice_ur_38427367.mp3	اس صورت حال میں اپنا ذہنی اور جذباتی توازن قائم رکھنا ضروری ہے۔	اس سورتحال میں پنا رینی اور جزقواہتی تواظن غائم جپنا زروری ہے
common_voice_ur_38472618.mp3	ان کے طرز سیاست، منشور اور عرصہ حکومت کو زیر بحث لانا چاہیے۔	ان کے ترزی سی است منشور اور ارصہ حکومت کو زیرے بحث لانا چاہیے
common_voice_ur_31832517.mp3	میں نے انسانیت کا وہ روپ دیکھا جو چراغ لے کر بھی ڈھونڈو	میں نہانسانیت کا وہ روپ دیکھا جو چراح لے کر بھی  ٹھون ڈو
common_voice_ur_31927345.mp3	سلام ہے ان تمام سپاہیوں کو جو وبا کے اس محاذ پر ڈٹے رہے	سلام ان توام سباہیوں کولجیوگ وہ بعدہ کیسے اس محاز پر ٹٹے رہے
common_voice_ur_31834785.mp3	او جی ڈی سی ایل اور گیزپرام کے مابین مشترکہ منصوبوں کے ایم او یوز پر دستخط	او جی ڈی سی ایل اور کیس پرام کے بھابین مشترکا منصوہوں کہ ایم اور یوس پر دست خط
common_voice_ur_31812811.mp3	وہ تو مسجد پر حملہ نہیں کریں گے نہ ہی انہوں نے کیا	وہ تو مسد بل حملا نہی کریں گی ناہی انہوں نے کیا
common_voice_ur_31812744.mp3	ویسٹ انڈیز کا دورہ پاکستانپی سی بی نے رکنی ٹیم کا اعلان کر دیا	ویسٹان ڈیز کا دورا پاکستان پیسی وی نے لکھنی ٹیم کا اعلان کردیا
common_voice_ur_32035134.mp3	کیا یہ نظم ریاست ان کی حدود کا بھی تعین کر تا ہے؟	کیا یہ نظم ریاست ان کی حدود کا بھی تعاعین کرتا ہے
common_voice_ur_31888925.mp3	فرانس کروشیا کو ہرا کر دوسری مرتبہ فیفاورلڈ کپ کا چیمپئن بن گیا	فرانس کروشیا کو حراگر دوسری مرتبہ فیفح ورڈ کپ کا چیمپئن منگیے
common_voice_ur_31887698.mp3	ان کے لیے ہمدردی رکھتا ہوں جو مچھ سے زیادہ برے حال میں ہیں	ان کے لیے ہمدرتی رکھتا ہوں جو مجھ سے زیادہ برے حال میں ہیں
common_voice_ur_31837038.mp3	بکی سے رابطوں کا الزام بھارتی بورڈ سری نواسن سے ناخوش ئی سی سی چیئرمین کا عہدہ خطرے میں	بکی سےر آپ توں کا اعزام بھارتی بوٹ صری نوانسن سے ناکوش ائی سی سی چیرمین کا عغضہ خطرے میں
common_voice_ur_31981849.mp3	اسٹاک مارکیٹ کے نیچے جانے کی وجہ جے ائی ٹی ہے گورنر سندھ	اسٹوک مارکیٹ کنیچھے جانے کی وجہ جے ائیٹی ہے گلنرسن
common_voice_ur_38453920.mp3	علم و عقل کی ان بلندیوں کی طرف پرواز کے قابل ہو جاتی ہے	الموں عقل کی ان بھلندیوں کی طرف پر واز کے قابل ہو جاتی ہے
common_voice_ur_31837167.mp3	بی بی سی اردو معافی مانگے کہ اس نے مریضوں کی شکل بلیرڈ نہیں کی۔	بیبی سی اردو مافی مانگے کہ اس نے مریزوں کی شکل دلئٹ نہیں کی
common_voice_ur_31994091.mp3	وجود رنگ کے مجموعہ گڈ مڈ کر د والے ہی کیوں نہ ہوں	وجوز رآگ کے بنموا گور منٹ کرت والے ہی کیونہ ہوں
common_voice_ur_31772102.mp3	ہر سال کی طرح اس سال بھی ح بجٹ موضوع بحث بنا ہوا ہے	پئ سال کی ترحاں اس صال کی ہا جیٹ معزوں بحث بنان ہوا ہے
common_voice_ur_31793987.mp3	ہمارے نزدیک، ملائکہ کی ذمہ داریوں اور ابلیس اور اس کے لشکر کی چالبازیوں کے نتیجے میں وہ صورتِ	ہمارے نستیک ملائقہکسی مداریہں اورابلیس اوراس کے لش کری چالبازیوں کے نتیجے میں وصورت
common_voice_ur_31794025.mp3	ونڈوز میں روایتی سٹارٹ بٹن کو واپس شامل کیا گیا ہے وہ بہت أہم ہیں	منڈوس میں روایتی سٹاٹ بٹنڈ کو واپش امل کیا گیا ہے وہ بہت اہم ہیں
common_voice_ur_38460928.mp3	ان کی مایوسی حکومت کے خلاف اٹھنے والی آوازوں کو توانا کرے گی۔	ان کی معیوسی حکومت کے خلاف اٹنے والی آوازو کو طوہن نہ کری گی
common_voice_ur_31976958.mp3	آپ ایسا کریں کے شام کی ٹرین میں پانچھ سیٹیں بک کر دیں۔	ہ پ ایس اعنرے گ شام کی ٹرین میں پانچ سیٹیں بد کرزی ں
common_voice_ur_31887970.mp3	فی زمانہ اگر دیکھا جائے تو پاکستان کی فوج اسلامی فوج ہے ہی نہیں	فی زمانہ اگر دیکھا جائ تو پاکستان کی فوچ اسلامی فوج حیح نئیں
common_voice_ur_31957834.mp3	ریلوے کی تمام مسافر کوچز اگلے دو برسوں میں اپ گریڈ کر دیں گے سعد رفیق	ریلوے ک تمام صافح  کوچے سقلے دوبر سمعا اپ کھریٹ ردیں گے ساد رافیک
common_voice_ur_31885249.mp3	اگر حقیقتا ہمارا ایک برا دن ہو پروگرام کہے گا خریدو وہ وضاحت کرتا ہے	اگر حقیقتا ہمارا ایک برا دن ہو پرو گرام کہی گا خرید و ہو گضاحت کرتا ہے
common_voice_ur_41168335.mp3	سب سے پہلے تو اسے خود خیر کا پیام بر بننا ہو گا۔	سب سے پیلے تو سے خود خیر کا پیام بر بننا ہو گا
common_voice_ur_31992910.mp3	طبی عملے کے مطابق ملک میں کورونا وائرس کی علامات کو چھپایا جاتا ہے	تپ بھی عملے گے مطاوق ملک میں کرونا وائرس کے علامات کو چھ پایا جاتا ہے
common_voice_ur_31837179.mp3	ونڈو فون میں کافی عرصے سے مختلف ملکوں کی قومی زبان آپشن ہے	ونڈو فون میں کافی ارسے سے مقلع ملکوں کی قومی زبان اپ شن ہے
common_voice_ur_41120665.mp3	یہاں تو مسلک ہی اتنے ہیں کہ آسانی سے گنے نہ جا سکیں۔	یہاں تو مسلک لتنے ہ کہ اسانی سے گریا نآجا سکیں
common_voice_ur_38460668.mp3	ان کے خلاف ریاستی قوت کو پوری طرح سے بروئے کار آنا چاہیے۔	ان کے خلاف ریاسطی کوت کو پوری طرح سے بروئ کار آنا چاہیں
common_voice_ur_32057190.mp3	ائی سی سی نے علیم ڈار کو بھارت میں میچ امپائرنگ سے ہٹا دیا	آئی سی سینے لیم ڈار کو بھارت میں میچ آمپائرنگ صہٹا دیا
common_voice_ur_31952135.mp3	پی اس ال کا فائنل دوسری فائنلسٹ ٹیم اسلام باد یونائیٹڈ کراچی پہنچ گئی	ی س الکا فائنل دوسریف انل استیم اسلاموہ دیو نایٹی کراچی پہنچتیں
common_voice_ur_31980691.mp3	انگلینڈ کیخلاف پہلا ٹیسٹ یاسر شاہ ان فٹ ظفر گوہر کو کھیلانے کا فیصلہ	انگلینڈ کے خلافعی ڈیس سیاسی شا انفق وہئڈ کائو کھلانے کا بیضلا
common_voice_ur_31980043.mp3	سڑکوں کی بندش سے تیل کی سپلائی میں تعطل ملک میں تیل کے بحران کا خدشہ	سرپویں کی بندے سیٹ ی کی سپلائی میں تاطل مرک می تیل ئ بہران کا ھدشہ
common_voice_ur_31952387.mp3	میں ایک ٹورسٹ ہوں اور میں نے کئی جگہ ہرن چیتے دیکھے ہے پاکستان میں	میک ڈورسٹہوں اور میں نی کئی جگہ ہرل چیطے دیکھے ہیں پاکستان میں
common_voice_ur_38481242.mp3	چنانچہ ضروری ہے کہ ریاست مسخ شدہ جہادی عقائد سے برتر تصورات کی آبیاری کرے۔	نہا چزوریں کے ریاست مصح شغح جہادی یقایسے بھرطر صورات کی ابخیاری کرے
common_voice_ur_38492962.mp3	پی ٹی آئی نے ضرور ان کی مخالفت کی اور ان کا جینا حرام کیا۔	پیٹی ائی نی ظرور ان کی مخالفت کی اور عنگرجینا حرام کیا
common_voice_ur_31924296.mp3	ہوشیاری اور یِہ کرنا شوخی انداز مَیں سَب کا اندر یِہ کرنا مقبولیت کا لئے کافی ہونا	او شیاری اری کرنا شوقری ندازمیں سب کااندریہ کرنا مقوریت کےلئے کافی ہم
common_voice_ur_31989207.mp3	لوگ بے صبری سے شاہد آفریدی کی بیٹنگ کا انتظار کیا کرتے تھے	لوگ بے سبریج سے شاہ ظفریدی کی بیٹنگ کا انتظار کیا کرتے تھے
common_voice_ur_31989649.mp3	کے سرکاری اسپتال پمز کے کورونا آئی سی یو میں خصوصی رسائی دی گئی۔	کہ سرکاری اسپبطال پیمنز کے کورونا آسیوں میں خسوسی رسائی دی گئی
common_voice_ur_31841520.mp3	ٹی ٹوئنٹی ٹرائی سیریز زمبابوے کی ٹیم سٹریلیا کے مد مقابل ہو گی	ٹیٹ ونٹی ٹرائیسیریر زمبابوے کی ٹیم اس ٹریلیا کی عمت مقابل ہو گی
common_voice_ur_31841375.mp3	میں روتا ہوں چیختا چلاتا ہوں مجھے چھوڑ دو مجھے کچھ یاد نہیں میرے ٹکٹرے جواب دیتے ہیں	میں روتا ہو چیختہ چللاتا ہوں مھے چھوڑ تو مجھے کچھ یا نہیںن میرے ٹک ٹرے جواب دیتے ہیں
common_voice_ur_32011884.mp3	لہذا مصنوعی طور پر گرم علاقوں جیسا ماحول پیدا کرنے کی غرض سے	لحعضا مسنوعی تور پر گرح ملاکھو جیسہ ماحول پیدا کرنے کی غر سے
common_voice_ur_31918898.mp3	کل شام کو ایک کتابوں کی دکان میں بہت عرصے بعد گھس گیا	کل چان کو ایک دابوں کی دپان میں بہدر سے بعت بر گئے
common_voice_ur_38504390.mp3	کراچی میں بھی کہتے ہیں کہ اسی فی صد جرائم ختم ہو گئے؟	فراچی میں بھی کہتیں کہ ایسے فی اسہے جرائیم حتم ہو گے
common_voice_ur_38504639.mp3	لاک ڈان اسپنرز کی تکنیک پر کام کرنے کیلئے بہترین وقت ہے مشتاق احمد	رانک ٹونے سپیسکتکم ٹیکنیک پر کام کرنے کیلئے بہتنین وقت ہے مشتا کہمد
common_voice_ur_32047710.mp3	ہاشم املہ نے ون ڈے کرکٹ میں رچی رچرڈسن کا ریکارڈ توڑ ڈالا	آاشم آاملانے ون ڈے کرکٹ میرچےرے جٹسن کا ریکارڈ دور ڈالا
common_voice_ur_31980792.mp3	بنو امیہ کی تاریخ کے رخ کو تباہی اور زوال کی طرف موڑ دیا	بنون عمیان کہ تاریخ کے وکوس باہی اور زوائل کی طرف مورڑ دیا
common_voice_ur_38419103.mp3	افواج پاکستان کا شمار دنیا کی چند بڑی عسکری قوتوں میں ہوتا ہے۔	افاجے پاکستان کا شماع دنیا کی چندبڑی عصکری قووتو میں ہوتا ہے
common_voice_ur_31893545.mp3	دل نے تو یہ چاہا تھا کہ آپ کو عید مبارک کہوں گا۔	دیلنے تو ی لہ چاہا تھا کہ اپ تو اید مبارٹکا ہں گا
common_voice_ur_31993512.mp3	نیّرندیم صاحب کا آبائی تعلق منقسم ہندوستان کے علاقہ برن بلند شہر سے ہے	نئیہ ندین صاب کا حبائی تعلق مقصم ہندوستان کے ہلاٹا بن بلند شحص ہے
common_voice_ur_41137452.mp3	کورونا وائرس کے باعث لاک ڈان ئل گیس کی ترسیل ضروری خدمات قرار	کورونا وارس کے باعسٹ لاگ ڈان ائل گیس کی ترسیل زروری اخجمات قرار
common_voice_ur_31860916.mp3	پاکستان جیتی بازی ہار گیا سٹریلیا پہلا ٹیسٹ میچ ڈرا کرنے میں کامیاب	پاکستان جیٹی باضی ہار گیا اسٹریلیا پہلا ٹیسٹ میچ ڈراکرنے میں کامیاب
common_voice_ur_31833951.mp3	محسوس کرتا ہوں کہ میں چیزوں سے نبرد آزما ہونے کے قابل نہیں	عحسوس کرتا ہوں کہ میں چیزوں سے نمرد آزماہ ہونے کے قابل نہیں
common_voice_ur_31828942.mp3	ٹیکس دہندگان کی مشکلات کم کرنے کا ایک اور وعدہ پورا کردیا اسحاق ڈار	ایکس دحندگان کی مشکلات کم کرنے کا ایک اور وادہ پورا کردیا گیا کسا ب ٹھا
common_voice_ur_32051612.mp3	ممبئی ائی پی ایل کے میچز چنائی سے باہر منتقل کر دیئے گئے	ہمبئی آی پی  ایل کے میچیز چنائی سے باہر منتقل قر دیے گئے
common_voice_ur_31965055.mp3	کل اہم میچ پاکستان اور بھارت کی ٹیموں کے درمیان کھیلا جائے گا	کل احم میچ پاکستان اور بھارت کی ٹیمو کے درمیان کھیلا جائے گا
common_voice_ur_31836931.mp3	یہ مقدمات کمپنیوں کے سماجی اور بینالاقوامی اعتماد کو ٹھیس پہنچانے میں رہنمائی کرتے ہیں	یہ مقدمات کمپنیوں کے سماجی اور بینا لاقوامی اتمات کو ٹھیسٹ منچانے میں رہنمہہی کرتے ہیں
common_voice_ur_31836934.mp3	فخرزمان اور امام الحق نے پہلی وکٹ کی شراکت کا عالمی ریکارڈ قائم کردیا	فکر زمان اور ایمامل حق نے پہلی ویکٹ کی شراخت کا علمی ریکارڈ کائم کردیا
common_voice_ur_32004239.mp3	پاکستان اور انگلینڈ کے درمیان دوسرا ٹیسٹ کل سے دبئی میں شروع ہوگا	پاکستان ا رینگ وینڈ کے درمی اندوکر ٹیس کلسو جوئی میں شروع ہو گا
common_voice_ur_31990814.mp3	سپر بائیک ورلڈ چیمپئن شپ چاز ڈیوس نے سب کو پیچھے چھوڑ دیا	سوپر بائک وارلڈ چیمپئن شپ چاسٹ ڈیوس نے سب کو پیسے شوردیا
common_voice_ur_41131070.mp3	وہی پرانا مسئلہ جو نون لیگ کی اعلی قیادت کو لاحق رہا ہے۔	ولی پرانا مسئلہ جنون لیگ کے آلہ قیدت کو لاحقکرہا ہے
common_voice_ur_38446450.mp3	جب تک ہمت رہی وہ ویل چیئر پر بھی اپنی سرگرمیوں میں لگے رہے	جب تکک ہمت ترحیع وہ ویل چیر پر بھی اپنی سر گرمیوں میں لگیے رہے
common_voice_ur_31984910.mp3	پاک ارمی اور پی سی بی الیون کا میچ جنرل راحیل نے افتتاح کیا	آٹ اڈمیار پی سی پی الیون کا مینچ جنرر راہیل نے فططا کیا
common_voice_ur_38437094.mp3	ڈپٹی سپیکر کی رولنگ میں بظاہر الزامات ہیں کوئی فائنڈنگ نہیں: چیف جسٹس	جٹیس پیکر کی رولنگ میں بزاہی جلزہمات میں کوئی فانڈگ نہیں چیف جسٹس
common_voice_ur_38437106.mp3	تو آپ نے فرمایا: سونے میں اگر دراڑ آ جائے تو اس کو پگھلا کر	تو آپ نے فرمایا سونے میں اگر دلاڑھ آ جائے تو اس کو پہ گلاں کر
common_voice_ur_32004982.mp3	لیکن ہماری تحقیق کے مطابق ابھی یہ پلانٹ جاپان میں مہنگا پڑتا ھے	لیکن ہماری تحقیقکی مطابق کبھی بلانٹڈ جیابان میں مئیں گا پڑھتا ہئے
common_voice_ur_32000966.mp3	وہ دوسرے مفادات کو جاری رکھنے جا رہے ہیں مِسٹر جان نے کہا	گوہ دوسرے مفدات کو جاری رکھنی جا رہی ہیے ماسٹرڑچون نے کاہاما
common_voice_ur_31974053.mp3	اس میں کیمرہ کی کچھ اچھی پوزیشن اور ترمیم کا استعمال کیا گیا ہے	اس میں کیمرائی کی کچھ اچچھ پوزیشن اور ترمیم کا استعمال کیا گیا ہے
common_voice_ur_31999514.mp3	پاک بھارت کرکٹ تنازع ائی سی سی نے پی سی بی کی درخواست خارج کردی	پاک بھارت کرکٹ دنازے آائیسی سی نے پی سی بھی کیک درپاشک ھارج کردی
common_voice_ur_31921739.mp3	پہلا ون ڈے پاکستان ویمن ٹیم نے بنگلہ دیش کو شکست دے دی	پہلا ون ڈے پاکستان ویمن ٹیم نے بنگلہ دیش ہو سکرستیتی
common_voice_ur_38470255.mp3	ان کی نظروں میں عادل ڈار‘ جس نے پلوامہ فدائی حملہ کیا‘ دہشت گرد نہیں ہیرو ہے۔	عن کی نظلوں میں آدل ڈال جس نے پلواما فدائی حملا کیا دیشد گرڈ نہیں ہیو ہے
common_voice_ur_31921617.mp3	شکست کو فتح میں بدلنے کا ہنر انہیں دوسرے باکسروں سے منفرد بناتا ہے۔	شکست کو فطہ میں بتننے کا عنر عنہے دوسرک باقصروں سے منفرل بناتا ہے
common_voice_ur_41169962.mp3	اداکارہ سجل علی اور احد رضا میر حقیقی زندگی کے ہم سفر بن گئے	اداکارا صجعل علی اور احد رظع میر حقیی زندگی کے اہم سفر بنں گئے
common_voice_ur_31836617.mp3	کہ جس کے بعد فتویٰ بازی قابلِ دست اندازیِ پولیس جرم بن جائے	کیہ جس کے بعد فطوای باعضی قابلی دست اندازی پولیس جرم بن جائے
common_voice_ur_32000024.mp3	بی بی سی اردو کی اس پوڈ کاسٹ میں یہی جاننے کی کوشش کی گئی ہے	بی بی سی اردو کی اسپارٹ کیسٹ میں یہی جانے کی کھو شش کی گئی ہے
common_voice_ur_41159182.mp3	نئے راستوں پہ اپنی قوموں کو ڈالا اورفرسودہ روایات سے اپنے لوگوں کو آزاد کرایا۔	نئی راست طوپ اپنی قوام کو ڈالا اور فرصدہ روایات سے اپنے لوگوں کو عضاد کھرای ہوا
common_voice_ur_38443748.mp3	سب متفق تھے کہ ملک کو سیاسی نہیں، سماجی تبدیلی کی ضرورت ہے۔	سب متفق تھے کہ ملک کو سیاسی نہیں سماجی تبدیلی کی ظرورت ہے
common_voice_ur_31889191.mp3	اب چین پہ ہم نے تکیہ کیا ہواہے کہ سی پیک کے ذریعے	اب چین پھہ ہم نے تیہ کیا ہوا ہے کہ سی پیککہ ضریے
common_voice_ur_31975535.mp3	گزشتہ سال اسی دن اور تاریخ کو ایک نا قابل فراموش واقعہ رونما ھوا	گزشتہ سال اسی دین اور تاریخ کھو ایک ناقابلیں فرا موش واقیا رونما ہوا
common_voice_ur_31959446.mp3	سوچتا ہوں کے ٹیکس کا بہت زیادہ حصہ فنکاروں کی بہبود میں جاتا ہے	سوچتاہڑک کہ ٹیکس کا پہٹ سادہ ہسا فن کاروں کی پہپود میں جاتا ہے
common_voice_ur_31933988.mp3	ہر مشہور ادیب کے ناول میں شناخت اور ہجرت اہم موضوع رہا ہے	ہر مشہور عدیب کے ناولمیں شناخ اور حصرت اہم موضوع رہا ہے
common_voice_ur_38472055.mp3	تو مسافروں نے بتایا بھائی یہ تیزگام ہے ۔دینہ سے گزرے گی مگر رکے گی نہیں	تو مصافروں نے مطایاہ بھائی یہ تیز گام ہے دینا سے گزرے گی مگر رقے گی نہیں
common_voice_ur_38471148.mp3	اس کی سیاسی تجسیم ہوئی تو ہندوتوا جیسی تعبیرات سامنے آئیں اس کی بنیاد ہندو عصبیت ہے۔	اس کی سیاسی تجسیم ہوئی تو ہندوطوہ جیسی طعبیرات سامنے ائیں اس کی بنیاد ہندو عصبیتھ ہیں
common_voice_ur_31998888.mp3	اردو کی معروف ڈرامہ نگار مصنفہ اور شاعرہ الطاف فاطمہ برس کی عمر میں انتقال کر گئیں	اورتوکی معروف پرامہ نکار مصنفا اور شاحرا الطحاف تنا برز کی عمرمی انتقال کرگئیں
common_voice_ur_32060165.mp3	اعصابی نظام کی دائمی بیماری بنیادی طور پر مرکزی اعصابی نظام کو متاثر کرتی ہے	عصابین عظام کی دئیمی بھی ماری بنیاری تو پر مرکزی ایسابی نضام کو متاصر کرتی ہے
common_voice_ur_31828678.mp3	اسکول ہو کہ بازار ہسپتال یا پھر پولیس اسٹیشن پار کر جاتے ہیں	مسکول ہو کے بزار حسبطال یا پھر پولیسٹیشن بارڑ کر جاتی ہے
common_voice_ur_31974623.mp3	زار بند کیلئے استعمال ہونے والا الاسٹک بھی تیل ہی سے بنتا ھے	زاربند کے لیے استعمال ہونے والا علاشٹک بھی طیر ہی سے بنتا ہے
common_voice_ur_31917210.mp3	کسی بھی قسم کی تکرار یا بار بار ترغیب غنودگی جیسی کیفیت پیدا کرتی ہے	کسی بی قسم کی تکرار یا بایر بار ترخین غنودکی جیسی کیکٹ کدا کرتی ہے
common_voice_ur_31917252.mp3	ان کی بقول سمارا میں آنی والازلزلہ دراصل اس طویل عمل کی ایک یاد دہانی تھا	عنکی وکال سمارا میں آنے وایلا سلٹ زیلاز ایراسل  اس طویر امریکی ایکقیاددھانی تھا
common_voice_ur_38463032.mp3	اوروہ ہر کسی کے لیے قومی مفاد اور سماجی امن پر مقدم ہیں۔	اور وہ ہر کسی کے لیے قوامی مفاد اور سماجی عمن پر مقدم ہیں
common_voice_ur_31828566.mp3	مشرف نے بتا دیا تھا کے بینظیر کا قاتل اصف علی زرداری ھے۔	مشرف نے بتادیا تھا کہ بہنزیر کا قاتل اص ف الدیزر کاریف
common_voice_ur_38442967.mp3	دونوں فرائض میں شامل ہیں اور جب ایک مسلمان مکلف ہو جاتا ہے۔	دونوفرائز میں شامیل ہے اور جب اک مسمان قلف ہو جاتا ہے
common_voice_ur_32020378.mp3	نان کے ساتھ اچھے لگے مگر میری بیٹی نے انہیں ابلے ہو چاولوں کے ساتھ پسند کیا	نان کسہادت چھ ل اگے مگر مربیٹینے اہے اپرے ہوئے چاونوں کے سات پسند کیا
common_voice_ur_38459164.mp3	چپ کبھی سب سوالوں کا جواب ہوتی ہے مگر کبھی خود سوال بن جاتی ہے۔	چوپ ک بھی سب سوالوں کا جواب ہوتی ہے مگر کبھی خود سوال بن جاتی ہے
common_voice_ur_32034647.mp3	ہم شیشے کی منڈی کو اندر سے دیکھنا چاہتے ہیں نہ کہ باہر سے	ہم شیشے کی منڈی کو اندر سے دیکھنا چاتے ہیں نہ کہ باہرزمیں
common_voice_ur_38478042.mp3	اسلامی تہذيب کا حصہ ہونے کی وجہ سے اس ميں کافی تہذيبی ہم آہنگی موجود ہے	اس لامی تظیب کر عصا ہونے گی وارجا اس میں کافی تہزیب ہم آنگی معجود ہے
common_voice_ur_38472644.mp3	چلو اسی کرونا کے بہانے پیسے ہی کماؤ یعنی رو دھو کر سپورٹ لو	چلوش قرونو کے وہانے پیسے ہی قماو یعنی رودو کے سپوڈلو
common_voice_ur_31793277.mp3	وزارت صحت کا مقصد اس بیماری کے بارے میں شعور اجاگر کرنا ہے	وضارتی صحت کا مقصد اس پیماری کے بارے میں شہور اچا گر کرنا ہے
common_voice_ur_31999105.mp3	جو ایک پل کے لیے بھی ان کی نگرانی سے غافل نہیں ہوتے	جو ایک بل کے لیے بھی ان کی نگرانی سے غافل نہیں ہوتے
common_voice_ur_32004330.mp3	پاکستان کی برمدات بہت کم ہیں ایسے ملک نہیں چلتا گورنر اسٹیٹ بینک	پاکستان کی برامدات بحد کم ہے ایسے ملک نہیں چلتا گونڈاسٹیٹ بینک
common_voice_ur_38417096.mp3	اور ان میں جو عجز تھا وہ کائنات کے کسی اور جیو یا جاندار میں نہیں	اور ان میں جو اچستھا وہ قائنات کے کسی اور جیو یانداندار میں نہیں
common_voice_ur_38417199.mp3	نتیجتا شناخت بھی مطالعے کے دوران میں ایک سوال باربار سامنے آ کھڑا ہوتا ہے۔	نتیجاتن شناخت بھی مطالق کے دوران میں ایک سوال باربڑ سامنیات پھڑا ہوتا ہے
common_voice_ur_38416936.mp3	اس پس منظر میں ڈاکٹر خلیل احمد کی کتاب بہت اہمیت رکھتی ہے۔	اس پس ے منظر میں ڈاخٹر خلیل اہمت کی کتاب بہت  حمیت رکھتی ہے
common_voice_ur_31815636.mp3	صبح کے وقت کھلی فضا میں تازہ آکسیجن وافر مقدار میں میسر ہوتی ہے	صبح کہ وقت کھڈی کے زام اٹاضا اوکسیجن وافر میڈار میں معصر ہوتی ہے
common_voice_ur_41156545.mp3	دوسرا خانہ ان کاموں کا ہے، جو ہنگامی نہیں، مگر وہ اہم ہیں۔	دوسرا خانہ ان کاموں کا ہے جو ہنگامی نہیں مگر وہ احم ہیں
common_voice_ur_41156645.mp3	اہل علم اِس معاملے میں بھی اپنی تعبیرات اِسی طرح پیش کرتے رہتے ہیں	ححلے علم اس معاملے میں بھی اپنی تاپیرات اسی طرحع پیش کرتے رہتے ہیں
common_voice_ur_41156809.mp3	اس پر مسلم لیگ ن کے حامی حلقے شدید تنقید کر رہے ہیں۔	حس پر مسلم لیگ نون کے ہامی خلکے شدید تنقید  کر رہے ہیں
common_voice_ur_32003671.mp3	حکومت نے نئے سال کی خوشیوں سے پہلے عوام پر پیٹرول بم گرا دیا	حکومت نے نئی سال کی کھشیوں سے پہلے عوام پر پیٹرولبامکی رآ دیا
common_voice_ur_31903099.mp3	محسوس کرتا ہوں کہ میں چیزوں سے نبرد آزما ہونے کے قابل نہی	محسوس کرتا ہوںکہ مچیزوں سے نبر آلمہ ہونے کے قابل نہیں
common_voice_ur_31823459.mp3	کے الیکٹرک کی جانب سے کراچی والوں کو مہنگی بجلی دینے کا انکشاف	کہ الیکٹرک کی جانیب سے کراتھی والوں کو مہنگی بفلی دینے کا انکشاف
common_voice_ur_31929370.mp3	میں ابھی صرف ایک چیٹ بوٹ ہوں،لیکن میں مستقبل قریب میں پہلا اردو اسسٹنٹ ہوں گا۔	میں ابھی صرف ایک چیکٹ بارڈ ہوں لیکن میں مستقبل قریب میں پیلا اور دو اسسٹنٹ ہو گا
common_voice_ur_32023484.mp3	انسان پر لازم ہے کہ وہ اللہ تعالی کی وحدانیت کا اقرار کرے	انسان پر لازمہی کے حوللا تالا کی بھیدنٹ کا قراح کرے
common_voice_ur_38463563.mp3	ان میں سب سے نمایاں مسلمان ہیں جن کی تعداد بیس کروڑ ہے۔	ان میں سب سے نمایا مسلمان ہیے جنکی تعدا بھیس کے وہرہیں
common_voice_ur_31935983.mp3	فیفا ورلڈ کپ فرانس اور بیلجیئم اب تک ایونٹ میں ناقابل شکست ہیں	فیفہ ولٹ کپ فرانس اور بلجیم اپ تک اونٹمین ناقاولی شکست ہیےں
common_voice_ur_31943575.mp3	ماہرین کے مطابق انسانی صحت کا براہ راست تعلق غذا سے ہوتا ہے	وائر ان گے مطعبق انسانی صعت کا برائ راست علوق گیزا سے ہوتے
common_voice_ur_41156385.mp3	میں اسے تب سے جانتا ہوں جب وہ چھوٹی سی بچی ہوتی تھی	میں اسے تب سے جانتاہوں جب وہ چھوٹی سھی بچھی ہوتی تھی
common_voice_ur_31996878.mp3	جب ہمارے ہمراہیوں کو پتہ چلا کہ ہم بطور مہمان یہاں تشریف لائے ہیں	جب ہمارے ہم رہمیوں کو پطا چلا کے ہم بطور میںمعن یع تشریف لئے ہیں
common_voice_ur_31824225.mp3	آپ کے خیال میں شعور پھیلانے کا سب سے موثر طریقہ کیا ہے	آپ کے خیال میں شائور پھلانے کا سب ے موصد طریقہ کیا ہے
common_voice_ur_31809697.mp3	اور وقت تھما ہوا دکھائی د لگ ہے اور چندہ ثانیہ گھنٹہ پر بھار پڑ ج ہیں	اور وقت تھما ہوا دکھائی تلق ہے اور چنداسانیا گھنٹا پر بھار پڑج ہیں
common_voice_ur_38443712.mp3	ان کے دور میں لوگوں کو کم ہی شریک مشاورت کیا جاتا تھا۔	ان کے دور م لوگوں کو کم ہی شرکت مشہورت کیا جاتا تھا
common_voice_ur_31823399.mp3	موسم گرما کے آغاز پر ہی بجلی کا شارٹ فال دیکھنے کو مل رہا ہے	موسم گرما کے اغاز پر ہی بجلی کا شارٹفول دیکھنے کو مل رہا ہے
common_voice_ur_38412770.mp3	اردو شاعری ایک شاعری کی روایت ہے جس میں بہت سے مختلف اسلوب ہیں۔	اور دوشاعیری ایک شاعری کی روہائت ہے جس میں محود سے مختلف آصلوع ہیں
common_voice_ur_38501720.mp3	وہ کھیلنے کے لئے پارک میں جاتے ہیں اور دوستوں کے ساتھ مزیدار وقت گزارتے ہیں۔	وہ کھیلنے کے لیے پاک میں جاتے ہیں اور دوستوں کے ساتھ مزہ دار وق گزارتے ہیں
common_voice_ur_31823414.mp3	بلکہ اس کا استعمال صرف تحقیقی اور سائنسی اعداد و شمار تک محدود تھا	بلکہ اس کا استعمال صظف تخقیقی اور سائنسی ادازو شمار تک مہدود  تھا
common_voice_ur_31840965.mp3	اور چترال دنیا کے چند اہم سیاحتی مقامات میں سے ایک مانا جاتا ہے ۔	اور صترال دنیا کا چند احم سیاہتی مکامات میں سے ایکھ معنا جاتا ہے
common_voice_ur_32015850.mp3	کراچی نیب کی سابق ڈی جی ریلوے جی ایم قریشی کے خلاف تحقیقات مکمل	کراچین ایپ کے صاعب عک دی جی ریلوے جی ایم کریشی کے خلاف تحقیقات مقمل
common_voice_ur_41106798.mp3	ان میں بہت سے ایسے ہیں جن کی لالچ پوری ہی نہیں ہوتی۔	ان میں بہت سے ایسے ہے اجن کی لالچ پوری ہی نہیں ہوتی
common_voice_ur_31841012.mp3	پاک سری لنکا سیریز کا دوسرا ون ڈے اج پالی کیلے میں ہوگا	پاک صریل لنکا سیریس کا دوسرائ ون ڈے آجھ پالی کیلے میں ہو گا
common_voice_ur_38410337.mp3	اس کا آغاز سیاسی جماعتوں کی تنظیم کو بہتر بنانے سے ہو گا۔	اس کا آغا سیاسی جاماعتوں کی تنزیم کو بہتر بنانے سے ہو گا
common_voice_ur_32018999.mp3	ابھی کامیاب جوان لون پروگرام کی ویب سائیٹ کھولیں اور آن لائین بلا سود قرضے کا فارم بھریں	ابھی کامیاب جوان لونڈ پروغرام کی ویب سائٹ کھولیں ار ان لائن بلاسکوٹ کرزے کا فام بھرے
common_voice_ur_31916505.mp3	گھومنے پھرنے کا ارادہ ہے تو ہماری خوب آؤ بھگت شروع ہو گئی	گھمنے پھنے کا عرادہہے تو ہماری قو با بغض شروع ہو گئی
common_voice_ur_33605894.mp3	دنیا میں ایسے خواتین و حضرات کم پائے جاتی ہے جو مثالی ہوں۔	دنیا میں ایسے خواتینوں ہزرات کم پائے اجاتےں ہیں جو مسائلی ہوں
common_voice_ur_38457742.mp3	ثانیہ مرزا اور مارٹینا ہنگس ڈبلیو ٹی اے کا فائنل جیتنے میں کامیاب ہو گئیں	سانیا میرزاور مارٹینہنگز دبلیوٹیئے کفھ ععندل جیترے میں کا میاب ہوگئیں
common_voice_ur_31840977.mp3	یہ ایک بہت آسان طریقہ ہے مگر اس میں تھوڑا وقت کار ہوگا	یہ ایک بہت اصان طریکا ہے مگر اس میں تھوڑا وقت کار ہو گا
common_voice_ur_38422403.mp3	اپنی غلطی کا احساس ہو جاتا ہے تو اس کے بعد اس کی ڈیتھ ہو جاتی ہے	اپنی غقنی کا احساس ہو جاتا ہے تو اس کے بعد اسہی ڈفت ہو جاتی ہے
common_voice_ur_38422405.mp3	پاکستان کے مذہبی طبقات کا متفقہ فیصلہ ہے کہ بھٹو صاحب ایک سیکولرآ دمی تھے۔	پاکستان کی مضہبی تبکات کا متفقہ فیصلہ ہے کہ بربو صاحب ایک سےیکولر عدمی تھے
common_voice_ur_31828314.mp3	مجھے لگتا ہے کہ یہ چپ کا روزہ اسی وقت ختم ہو گا۔	مجھے لقٹاہے کہ جبکا یروزا عسی فقت ختم ہو گا
common_voice_ur_38499044.mp3	اس کے بعد ہی بادل چھٹیں گے اور آگے کے منظرنامے کے خدوخال نظر آنے لگیں گے۔	اس تبعد کی بادل چھٹیں گے اور آبے کے منظر نامے کے قدوخال نظر آنی لگے
common_voice_ur_41165234.mp3	انہیں دہشت گردی سے متعلق قوانین کے تحت کیوں پکڑا جا رہا ہے؟	ہلین تاشد کرتی کے متعلق کوانین کےتحد کیوں پکڑائے چا رہا ہے
common_voice_ur_31972312.mp3	سابق وزیراعظم کی مشیر خزانہ کو انفرادی انکم ٹیکس میں فوری کمی کی ہدایت	اسخابخ وزیرازم کی شیعٹ ہزانا کھو انفرادی ان کم ٹیکسٹ میں فوری کیم کی ہضائت
common_voice_ur_38432959.mp3	ان شہروں پر مقامی آبادی کے ساتھ پورے ملک کا حق ہوتا ہے۔	ان شہروں پر مکامی بادی کے ساتھ پورےں ملک کا حق ہوتا ہے
common_voice_ur_31973968.mp3	جبکہ یونیورسٹی کینٹین کے کنارے لگا چیڑ کا درخت خاموش ہےاور ٹھنڈی ہوا کے جھونکوں کا منتظر ہے	جب کہ ینیورسٹی کھینٹینڈ کہ کھنارے لگا شکیڑ کا طرق خاموش ہے اور ٹنڈی ہوا کہ چھونکہ کا منتزر ہے
common_voice_ur_31849562.mp3	گرمیوں کے آنے کے ساتھ ہی مختلف بیماریوں کا سلسلہ بھی شروع ہوجاتا ہے	گرمیوں کیانے کے ساتی مخطلپیمانیوں کا سدصلاہ بی شروعحہو جاتا ہے
common_voice_ur_38460440.mp3	نہ سائنس میں آگے نہ کسی کلچر نام کی چیز کو ہم پنپنے دیتے ہیں۔	نو سائینس مں آگئے نہ کسی کلچر نام کی چیز کو ہم پناپنے دیتے ہیں
common_voice_ur_38461537.mp3	"اب کہاں سے آئے صدائے لا الہ الااللہ"" تو کیا اس بے حسی کو دوام حاصل ہے؟"	اب کہاں سے آیے سدا لا یلاہا علللا تو کیا اس بے حسی کو دوام حاصل ہے
common_voice_ur_38443635.mp3	پلاسٹک میں غرق قوم‘ اور بچانے والا کوئی نہیں ہندوستان اور امریکہ سے خطرہ نہیں۔	پلاسٹک م غرک قوم اور بجانے والا کوئی نہیں ندوستان اور امریکہ سے خطرہ رہیں
common_voice_ur_31823112.mp3	نیپرا کا لائسنس شرائط پوری نہ کرنے پر نیشنل ٹرانسمیشن اینڈ ڈسپیچ کمپنی پر جرمانہ	نیپرا کالائسن شرائعد گوری نا کرنے پر نیشکنار ٹرانسمیشن این ڈس پیچ کمپنی پر جرمانا
common_voice_ur_31823231.mp3	مجھے تو یہ بھی قرآن کا ایک معجزہ لگا اور ایمان تازہ ہوگیا	مجھے تو یہ بھی کران کا ایک موطضہ لگا اور امانتعظہ ہو گیا
common_voice_ur_31823132.mp3	میں ان کو دیکھتا اور کچھ سوچے بغیر ہی یہاں سے گزر جاتا	میں ان کو دیکھتا اور کچھ سوچے بگئے کی یہاں سے گزرجا تا
common_voice_ur_31974656.mp3	آج شام کے وقت سے ہی میرے سر میں شدد درد شروع ہو گیا	آج شام کے وقت صحید میرے صر میں شدد درض شروع ہو گیا
common_voice_ur_31834217.mp3	انکشاف ہوا کہ نمک مرچ تو راستے سے خریدنا ہی بھول گئے ہیں	انگشا حوا کہ نمک مش تو راستے سے خریدنا ہی بھول گئے ہے
common_voice_ur_38478349.mp3	آدھے سے زیادہ دن سو کر گزارا مس کرنے کا ٹائم ہی نہیں ملا	آد اسی زیادہ دن سو کر گزارا عملز کرنے کا ٹائم ہیں نہیں ملا
common_voice_ur_31990374.mp3	کولاراڈو دنیا کا سب سے چھوٹا ٹرانسفارمر ايجاد کرلیا گیا ہے جس کے اونچائی صرف ملی ميٹر ہے	کولاراڑو دنیا کا سب سے چھوٹا ٹرانسفارماریاد کرلیا گیا ہے جس کی ام چائی سیف میلی میٹر ہے
common_voice_ur_38434056.mp3	رکشے کے بے ہنگم شور میں کچھ بھی سنائی نہیں دے رہا تھا۔	رکشے اے بے ہنگام چھوٹ میں کچھ بھی سنائی نہیں دیھ رہا تھا
common_voice_ur_38439209.mp3	ان کے ایک حکم کی دیرہے لیکن وہ حکم بادلوں یا پہاڑوں کے پیچھے کہیں گم ہے۔	انکہ ایک حکم کی دیر ہے لیکن وہ حکم بادلوں یا پہاڑوں کے پیچھے کہیں قوم ہے
common_voice_ur_41136088.mp3	ہمیں تو اندازہ بھی نہیں کہ افراط زر کہاں تک جا سکتی ہے۔	ہمیں تو اندازہ بھی نہیں کے افراتی ظر کہاں تک جا سکتی ہے
common_voice_ur_41141479.mp3	قطری شہزادے سے کسی معاہدے کے بارے میں بھی زیادہ نہیں جانتے تھے۔	قطری شعظاظد قسی ماعدے کے بارے ویںبھی زیادہ نہیں جانتے تھے
common_voice_ur_38432295.mp3	جو لوگ درد کو سمجھتے ہیں وہ کبھی بھی درد کی وجہ نہیں بنتے	جو لوگ درڑت کو سماچھتے ہیں وہ کب ہی بھی درد کی بجہا نہیں بنتے
common_voice_ur_38438960.mp3	انسان سلطنتوں کے دور سے نکلا اور اب قومی ریاستوں کے دور میں داخل ہو چکا ہے۔	انسان سلترنتوں کے ور سے نکلا اور اب قومی ریاستوں کے دور میں داخل ہو چکا ہے
common_voice_ur_38412994.mp3	اقبال جیسا آدمی بھی اپنی صفوں میں کسی غزنوی کو تلاش کرتا ہے۔	ایک بال جیسا عدمی بھی اپنی صفوں میں کسی گزنوی کو تلاش کرتا ہے
common_voice_ur_31958382.mp3	چناچہ ریس کا دن آپہنچا اور ریس کے لیے خرید گ خصوصی ج کا ٹیکہ تک نا اکھاڑا گیا	چناچاراس کا دن  پانچا ارریس کے لئے کھرید گاف خسوصی جیم کا ٹیکہ تق نہ اکھا ڑاں گیا
common_voice_ur_38505969.mp3	یقین رکھیں اصل زندگی موت کے بعد شروع ہوتی ہے حمزہ علی عباسی	یکین رٹحیسلزرندگی مات کے بعد شروعتی بمزالہ ی واسل
common_voice_ur_38476639.mp3	اس عرصے میں انہیں ترقیاتی کاموں سے کیسے منع کیا جا سکتا ہے؟	ایس عرصمیں عنحی طرقی آٹیخ اموصک ایسے منا ک یا جا سکتا ہے
common_voice_ur_31847575.mp3	گوارا کیا اس لیے کہ اگر ان کے فوری خاتمے کا اعلان ہوتا	گاوارہ کیا اس کلیے کی اگر ان کی فوری خاتمیں کا اعلان ہوتا
common_voice_ur_31834547.mp3	لیکن پوری دنیا میں لوگ بہت سست رفتاری سے ونڈوزایٹ اور سیون پر اپ گریڈ ہوہے ہیں	لیکن پری تنیا میں لو بہت سست ترفتاری سے ونڈوز ایٹ پسٹ سیون پر اپ گریڈ ہو ہے ہیں
common_voice_ur_38443469.mp3	پجاری سہم گیا اور اس نے وعدہ کر لیا کہ وہ بھائی کو سمجھائے گا۔	پوجاری صحم گیا اوراس نے وادہ کر لیا کہ وہ بھائی کو سمجھائے گا
common_voice_ur_31792990.mp3	آج ان کی بیٹی کو بھٹو کا نام لیتے ہوئے تکلف نہیں ہوتا	آج ان کی بیٹی کو بھٹوں کا نام لیتے ہوتتقللف نہیں ہوتا
common_voice_ur_31829128.mp3	ان کی صلاحیت میں کوئی اضافہ نہیں ہوتا اور وہ موت کےقریب ہوجاتے ہیں	انکس لاعت میں کوئی اضافہ نہیں ہطار وہ معت کے قریب ہو جاتے ہیں
common_voice_ur_31829152.mp3	پاکستان کی ون ڈے رینکنگ میں تنزلی چیمپئنز ٹرافی میں شرکت بھی خطرے میں پڑگئی	پاکستان کی ون ڈے رینکنگ میں تنزیری چیمپئنز ٹرافی میں شرکوی خطریں پڑگئی
common_voice_ur_38499116.mp3	سینیٹ کے جن ممبران نے اس بات کو مسئلہ بنانے کی کوشش کی ہے۔	سینڑکی جم میمبران نے اسبات کو مسئلہ بنانے کی کو شیشکیل ہے
common_voice_ur_38422592.mp3	ان کو ڈھونڈھ کر بتانے اور لانے میں تقریباً ایک گھنٹہ لگ گیا تھا۔	ان کو ڈون کر بتانے اور لانے میں تقریبا ایک گھنٹا لگ گیا تھا
common_voice_ur_32017555.mp3	سچ کو سب پسند کرتے ہیں اور سچے آدمی کی قدر کی جاتی ہے	سچ گصب پسند کرتے ہیں اور سچھے آدمی کی قدرکی جاتی ہے
common_voice_ur_38468780.mp3	اللہ کے نبی نے رمضان میں اس عمل کی بڑی فضیلت بیان کی ہے	ینےرمزان میں اصعمل کی بڑی فضیلت بیان کی ہے
common_voice_ur_31980106.mp3	ان کا کام جہاد و قتال نہیں، بلکہ جہادکی تعلیم اور جذبۂ جہاد کی بیداری ہے	انکاکام چہا تو کتار نہلی بلکہ ضحاد کی تانیم و جصفای حد کی بداری ہے
common_voice_ur_31957256.mp3	پہاڑ پر سے برف پگھلتے ہی پرند کا ساتھ ساتھ یَہاں جنگلی بکری بھی نمودار ہونا ہونا	پہاڑ پرسے بر پے گلتے ہی پرند کا ساتھ ت یہاں جنگدی بقری بی نا مدار ہونا ہونا
common_voice_ur_38412510.mp3	جس کو ہو دین و دل عزیز‘ اس کی گلی میں جائے کیوں؟	جس کھ ہوہ تین نہ دل ازیز اس کی گڈین میں جائے گیوں
common_voice_ur_31834820.mp3	راہل اور پانٹ کی سنچریاں رائیگاں بھارت کو خری ٹیسٹ میں بھی شکست	راحول اور پانٹ کی سنچریاں آرائے گا بارت کو ہری ٹیسٹ میں بھی شکست
common_voice_ur_38443123.mp3	چھ سات ماہ وہ ڈیوٹی سے غیر حاضر رہا، پھر منتیں ترلے کرکے سمجھوتہ ہوا۔	چھے سات ما وہ ڈیوٹی سے غئر حاظر رہا پھر منتے ترلق کر کے سمجھ ہوتا ہوا
common_voice_ur_38407778.mp3	میرا ارادہ تھا کہ میں کالم میں اس دم توڑتی روایت کی بات کروں گا۔	میرا عرادہ تھا کہ میں کالم می اس دم توڑ تھی ریوایت کی بات کروں گا
common_voice_ur_38450903.mp3	نہ پیغمبروں کی یہ کام تو وہ بھی کرلیتے ہیں جو خدا سے واقف ہیں۔	نہ پیغمبروں کی یہ کام توبھی کرلیتے ہیں جو خدا سے واقف ہے
common_voice_ur_38435078.mp3	اسلام اباد یونائیٹڈ سے وابستہ جنوبی افریقا کے پیسر ڈیل اسٹین پاکستان پہنچ گئے	اسلامں وال یونائٹٹ سے وابستہ جنوبی افریکہ کے پیسر ڈیل سٹین پاکستان پہنچ کرے
common_voice_ur_30663258.mp3	کرنسی کی قدر کم کرنے اور درامدات بڑھنے سے پاکستان کی مالی مشکلات میں اضافہ	کرنچسی کی قدر کم کرنے اور درامدات بڑھنے سے پاکستان کی معلی مشکلات مں اضافہ
common_voice_ur_31814814.mp3	ممبئی ڈسمبرایجنسی بالی ووڈ کی دھک دھک گرل مادھوری نے انڈین نیشنل کانگرس کو جائن کرنے کا فیصلہ کیا ہے	ممبائی ڈسمبر ایجنسی بالوڈ کی تھدد گل معدھوری نے انڈیا نیش نیں قامگویس کو جائنگ کرنے کا فیصلہ قیا ہے
common_voice_ur_38412877.mp3	اقتدار کے بے رحم کھیل نے نواز شریف کو مظلوم بنا دیا ہے۔	اقتدار کے بےرہم کھیل و نناز شریط کو مجنوم بنا دیا ہے
common_voice_ur_31917241.mp3	خون کی شریانوں میں سختی کے باعث ریڑھ کی ہڈی کو متاثر کرتا ہے	خونکی شریانوں میں سختی کے باعس ریڑ کی ھڈی کو متاصر کرتا ہے
common_voice_ur_38487608.mp3	ہمارے ہاں جنون کی کمی نہیں لیکن وہ فضولیات سے جڑا ہوا ہے۔	ہمارے ہاں جنون کی کمی نہیں لیکن وہ فضولیاد سے جوڑا ہوا ہے
common_voice_ur_38431354.mp3	سسٹم ٹھیک کرنے کی نیت جب ہو، تب ہی کچھ ہو پاتا ہے۔	سسٹم ٹھی کرنے کی نیت جب ہو تب ہی کچھ ہو باتا ہے
common_voice_ur_38460572.mp3	پی پی پی کا کوئی وزیر اعظم اصغر خان کیس سے نہیں بچ سکتا تھا۔	پی پی پی کا کوئی وزیرعظم اضغر خان کے سے نہیں بج سکتا تھا
common_voice_ur_38460064.mp3	اس وقت جہاد کے لیے قائم تنظیمیں یہ فریضہ ادا کر رہی ہیں۔	صوب جہانت کے لئے قائم تنزیمں یہ فریزا اداع کررہی ہیں
common_voice_ur_31967961.mp3	محمود نظامی منظر سے متاثر ہو کر تاریخ بیان کرنے لگتے ہیں	محمود نےزامی منظر سے متاصر حوکٹ تاریخ بیان کرنے لگھتے ہیں
common_voice_ur_32035568.mp3	کون ہے جو ان میں کسی کو اسلام کا نمائندہ کہہ سکے؟	کول ہے جو انمیں سے کسی کو اسلام کو نمائندا کیہ سکے
common_voice_ur_31985636.mp3	چترال کا یہ بے مثال حسن دیکھنے والوں پر سحر طاری کردیتا ہے	چھترال کا یہ بہ میں سال حسن دیکھنے والوں پر صہر طاڑی کائڑ دیتا ہے
common_voice_ur_32056343.mp3	ائی سی سی چیف ایگزیکٹو شوسینا کے حملے کو مذاق میں ٹال گئے	ائی سی سی چیف ایگزقتو سوشینا کے حملے کو مزاخ میں ٹال کئے
common_voice_ur_32056342.mp3	پنجاب میں صنعتوں اور سی این جی سیکٹرز کو گیس کی فراہمی معطل	پنجاب میں صنعطوں اور سی این جی سیکٹرز کو گیسی کی خامی معاطر
common_voice_ur_31823614.mp3	سید نور اپنی فلم چین ائے نہ سے کیا سکھانا چاہتے ہیں	سید نور اپنی فلم چین ائ نا سے کیا سکھانا چاہتے ہیں
common_voice_ur_31874144.mp3	جہاں بحرینی چیف آف سٹاف فیلڈ مارشل شیخ خلیفہ بن احمد سے ملاقات کی	جہاںن بہرینی چیف افسٹاف فگرلڈ مارصل شح خلیف ہ بین احمت سے ملاقات کی
common_voice_ur_32058658.mp3	حکومت ملکی پیداوار کی شرح بڑھانے کیلئے اقدامات کر رہی ہےہارون اختر	حکومت ملکی پیداوار کی شرح بڑھانے ی لئے اکدامات کررہی ہے ہاروں نختر
common_voice_ur_31951455.mp3	ایسے کثیر قلمی مواد کی شاید تجارتی اطلاق کے لیے ضرورت ہو گی	ایسے قسیر کلمی مواکی شاحتجارتی  لاکلی اضورت حودی
common_voice_ur_31951249.mp3	سابق فیلڈنگ کوچ کی پی سی بی اور کھلاڑیوں پر الزامات کی بوچھاڑ	صابک فیلڈنگ کوٹچ کے پیسی بی اور کھلاڑیوں پر علزامات کی بوتچھا
common_voice_ur_41133327.mp3	اس بارے میں پی ٹی آئی کی لیڈرشپ کو بتا دیا ہے	اس بارے میںپیٹی ائی کی لیڈر شپ کو بطا دیا ہے
common_voice_ur_31983368.mp3	پاکستان اور کینٹ کے مابین پریکٹس میچ اج بھی تاخیر کا شکار	پاکستان اور کنڈ کے واں بیںن پریکٹس میچ اج بھی تاخیر کا شکار
common_voice_ur_31793550.mp3	کیا آپ چاہتے ہیں کہ میں آپ کو اس کے گھر لے جاؤں؟	کیا اپ چہتے ہیں کہ میں آپ کو اس کے گھر لے جانں
common_voice_ur_31793876.mp3	ساف فٹبال ٹورنامنٹ سیمی فائنل میں پاکستان کو بھارت کے ہاتھوں شکست	سافوڈ بارلڈ ڈورنمنڈ سیمی فائلل میں پاکستان کو بھارت کیہات و شکست
common_voice_ur_31793866.mp3	حالات میں واضح طور پر بہتری آ چلی تھی کہ لگتا ہے۔	حلاتمی واضح تور پر پہتری آج چلی تھی کہ لکھتا ہے
common_voice_ur_30644987.mp3	سوال اگر یہ ہو کہ ان میں سے کون محب وطن ہے	سوا اگر یہے ہو کہ انمیں سے کون موحبے وتن ہے
common_voice_ur_31997115.mp3	دنیا کا ایک بڑا نہری نظام بھی پاکستان کے پاس موجود ہے	دنیا کا ایک بڑا نہری نے ظامبھی پاکستان کے پاس مجود ہے
common_voice_ur_31994390.mp3	انسانیت کی نہج میں تغیر و تبدل کا عمل ہمیشہ رہتا ہے	انسانیت کی نحز میں تغیر تبدل کا عمل حمیشہ رہتا ہے
common_voice_ur_31982044.mp3	جولائی ء کو نیا اوپریٹنگ سسٹم ونڈوز وسٹا کے نام سے آیا	اا
common_voice_ur_38492849.mp3	پاکستان کو سی پیک کی وجہ سے بیرونی دباو کا سامنا ہے موڈیز	پاکستان کو سی پی کی وجہ سے بیرونی دوائو کا سامنا حیموڈیز
common_voice_ur_31989830.mp3	سی پیک منصوبے سے کاروبار کی نئی راہیں ہموار ہوں گی لاہور چیمبر اف کامرس	سی پیک منصوبے سے کاروبار کی نئی راہیں ہموار خونگی لاہور شیرمین آفکامرس
common_voice_ur_31994984.mp3	محمد علی کا باکسنگ سٹائل عام باکسروں سے مختلف اور دلکش تھا	مہمہ علی ک پاکسن سٹائلاں پاکستروال سر مختلف دل کش تھا
common_voice_ur_31895937.mp3	اس طرح کسی بھی مشق سے ایک کیفیت پیدا کی جاسکتی ہے	اس طرحاں کسی بھی مشک سے ایک قیفیت پیدا کی جا سکتی ہے
common_voice_ur_32005158.mp3	کامیاب دورہ زمبابوے کے بعد شاہینوں نے وطن واپسی کی تیاریاں شروع کردیں	کامیاب دورائے زمبابوے کے بعج شاہینوں نے وطن وابسیکی تیاریاں شروع کردیں
common_voice_ur_31914727.mp3	یورپین انویسٹمنٹ بینک پاکستان کے توانائی کے شعبے میں سرمایہ کاری کرے گا	یورپین اینویسمنٹ بینک پاکستان کی طوانائی کے شعبےمیں صرمایا کاری کرے گا
common_voice_ur_30724455.mp3	بلکہ ماضی میں وہ اس کے عملی مظاہر پیش کر چکی ہے۔	بلکہ معازی میں وہ اس کے عملی مزاہر پیش کر چکی ہے
common_voice_ur_31970099.mp3	جبکہ میرے ساتھ پورے کا پور ڈیلیگیشن دوگھنٹے تکے میرا انتطار کرتا	جب کہ میرے سات پورے کا پور ڈیلیگیشن جوگھنٹے تکھ میا انتظار پڑتا
common_voice_ur_31952100.mp3	آپ مانتے ہیں کہ سیمور اُسے دوبارہ کر سکتا ہے یا آپ نہیں مانتے	آخوانتیہیں کہ س مر اسے تبھارح کرسکتا ہےا اپنی مندں
common_voice_ur_31929458.mp3	کسان کارڈ کے آنے سے کرپشن کا عنصر ختم ہو جائے گا	کستان کارڈ کئ آنے سے کرپشن کا عناصح حطم ہوجائے گا
common_voice_ur_38444889.mp3	جب بیمار ہوں تو یہی رشتے سب سے زیادہ پریشان ہوتے ہیں	جبہ مار ہوں تو یہی رشتے سب سے زیادہ پریشان ہوتے ہیں
common_voice_ur_31954261.mp3	کیونکہ وہ اپنے علم و فضل کے لحاظ سے اس لائق ہیں۔	کیونکہ وہ اپنے الممو فظل کے لحاسے اس لائق ہیں
common_voice_ur_31972238.mp3	حکومت نے استعمال شدہ گاڑیوں کی غیر رسمی کمرشل درامد ختم کردی	حگومت نے استعمال شدہ گاڑیوں کی غیر رسمی کمئرشل درامد ختم کردی
common_voice_ur_31823564.mp3	وہ ایک نئے جہان فکر و عمل کی تلاش میں ہوتے ہیں۔	وہ ایک نئے جہاں فکرو عمل کی تلاش میں ہوتے ہیں
common_voice_ur_31972567.mp3	آج ان کی معنویت واضح ہے مگر اس وقت کتنے لوگ تھے	آج انکہ معنوغیت واضح ہے ماگر اس وقت کتنے لوگ تھے
common_voice_ur_38453967.mp3	اس کا وجود کیسے زبان حال سے اپنی بندگی کا اعلان کرتا ہے؟	ایس کا وجود کیسے زبان حال سے اپنی بندگی کا اعلان کرتا ہے
common_voice_ur_38443400.mp3	برائی کی ہر ترغیب کے سامنے یہ ڈھال اس طرح استعمال کرے	بھرائی کی ہڑ طغیب کے سام نے یو ڈھال استریستعمال کرےں
common_voice_ur_38445651.mp3	انسان اپنے خیالات موجود لغت اور اصطلاحوں ہی میں بیان کر تا ہے۔	انسان اپتنخیالات معجود لغت اور اصطلاحوں ہی میں بایان کرتا ہے
common_voice_ur_31971069.mp3	اس لئے اس عرصے میں پرسنل کمپیوٹر کا استعمال محدود پیمانے پر رہا	اس لیے سیوسا میں پرسنل کمپیوٹر کا استعمال محنور  پہمانے پر رہا
common_voice_ur_30724453.mp3	شاہ رخ نے کئی ہولی وڈ فلموں سے انکار کیا فرح خان	شارخ نے کئی حالیورڈ فلموں سے انکار کیا فراخان
common_voice_ur_31917394.mp3	پاکستان کا ہر شعبہ دن دگنی رات چگنی ترقی کر رہا ہے	پاکستان کہر شور دین دگمین راٹ چگمی طرقھی کررہا ہے
common_voice_ur_30643866.mp3	ایشائی ترقیاتی بینک کی پاکستان کو مختلف شعبوں میں اصلاحات کیلئے امداد کی پیشکش	ایشیی ترکیاتی بینک کی پاکستان کی مختلف شعبو میں اصلاحت کیلیے مداد کی پیش کس
common_voice_ur_31984767.mp3	ایشیا کپ کا فائنل کون کھیلے گا پاکستان اور بنگلہ دیش مدمقابل	ایشیا کپ کا فائنل کون ٹھے لے گا پاکستان اور بنگلہ دیش مدے مقابل
common_voice_ur_32026637.mp3	زندگی بھر مشقت قربانی اور آخر میں تنہائی اور دنیا سے جانے کا انتظار	زندگی بر مشقت قربانی اور اآخر میں تنہائی اور دنیا سے اجانے کا انتظر
common_voice_ur_38438052.mp3	بلکل ٹھیک فرمایا آپنے جناب ہم لوگوں کو بہت کچھ سیکھنے کی ضرورت ہے	بلیول ٹیک فرمائیا آپنے جناب ہم لوگوں کو بہوت کچ سکھ نے کی ضرورت ہے
common_voice_ur_32020036.mp3	یہاں تک کہ انہوں نے کراچی کو استنبول بنانے کا وعدہ کیا	یہاں تقینوں نے کراج خستنبول ونا نکروادہ کیا
common_voice_ur_32028084.mp3	بارسلونا اوپن ٹینس اسٹار کھلاڑی نے کوارٹر فائنل میں جگہ بنا لی	برسلونوں اپن ٹاینس ٹینڈ کھلاڑی نے کوارٹر فائنلی میں جگہ بنالی
common_voice_ur_31793301.mp3	اس لیے سب کو مل کر اپنے اس مسئلے سے نمٹنا ہو گا۔	اس لیے سب قومل کر اپنے اس مسئلح سے نمٹھ نہ ہو گا
common_voice_ur_32008038.mp3	لیکن زلزلی سی متاثر ہونی والی جزیری سماٹرا اور انڈونیشیا میں کئی لوگوں کویقین ہی	لیکن ضلظ لی سے متاصعر ہونے والی جزیری صماعطرا اور انڈونیشیا میں کئی لوگوں کو یہ قین ہیں
common_voice_ur_31975044.mp3	اب بھی ہو رہاہے کیا ہم تحفظ حرمین کے عنوان سے ہونے	ابھی ہوہ رہا ہے کیا ہم توہبسہرمین کے عنوان سے ہونے
common_voice_ur_41133053.mp3	حوالہ ہنڈی کرنسی کاروبار کے دو مگر مچھ کل رات سے غائب ہیں	ہوالا ہنڈی کرنسی کاروبار کے دو مگر مج کلڈاتھ سے گئب ہیں
common_voice_ur_31999903.mp3	کہ اس سے فرانس ا ور جرمنی کے انتخابات پر بھی اثر	یہ ان سے فرنس اور جرمنی کے انتخابات پر بھی اصر
common_voice_ur_31968019.mp3	آج حالت یہ ہے کہ پاکستانی حصول ملازمت کیلئے ملائشیا جاتے ہیں۔	آج حالت یہ ہے کہ پاکستانی حسولیں ملازمت کی لیے ملیشیہ جاتے ہیں
common_voice_ur_31793439.mp3	اگر ان سے ملاقات ہو تو میری طرف سے سلام عرض کیجیے گا۔	اگر ان سے ملاقھات ہوتو میری طرف سے سلام عرس کی جیے گا
common_voice_ur_31982178.mp3	سب پھول جب اکٹھے ہوتے ہیں پھر جا کے بنتا ہے پاکستان	سب پول جبے کھرٹے ہوتے ہیں پھر جاکے بنتا ہی پاکستان
common_voice_ur_31826912.mp3	اپنی ذات اور زندگی کو پرکھنے میں لطف اندوز ہوتا رہتا ہوں	اپنی زات آرجسندیگی کو پرکھنے میل لوتفن دوس ہوتا رہتا ہوں
common_voice_ur_31888642.mp3	فرائض منصبی کے سلسلے میں ملک سے باہر جانے کا موقع ملا	فرائس منصبی کے سلسلے میں ملک سے باہر جانے کا موقھع ملااہ
common_voice_ur_32044220.mp3	کروناء ٹائم میں اپنی جان کی پرواہ کیے بنا کام کر رہے ہیں۔	کوروناٹائم میں اپنی جاند کی فروا کیئے بناکام کر رہے ہے
common_voice_ur_38478799.mp3	روایات میں نورہ کا ذکر ایک بہترین دوا کے طورپر کیا گیا ہے	ریوایت میں نورا کا ضکر ایک بہترین جوا کہ دور پر کیا گیا ہے
common_voice_ur_31999052.mp3	وہ بتوں نے ڈالے ہیں وسوسے کہ دلوں سے خوف خدا گیا	وہ بوتونے ڈالے ہیں بسوص کہ دیلوں سے خواف خدا گیا
common_voice_ur_31901420.mp3	احتجاج کے لیے جلسہ کیا جا سکتا کم و بیش ہر شہر	احتزارت کلیے جلسق کیا جا سکتا قاموں بیش ہڑ شہر
common_voice_ur_31793266.mp3	دین جاننے کے لیے اب انہی کی طرف رجوع کیا جائے گا۔	دین جانے کے لئے اب انہیں کی ترف روجوع کیا جائے گا
common_voice_ur_31793343.mp3	اب ہم احتجاج کر رہے ہیں کہ کشمیر کے سپیشل سٹیٹس کو	اب ہم اہتجاچ کرہے ہیں کہ کشمیر ہ سپیشل سٹیٹس کو
common_voice_ur_32059688.mp3	جنہیں دوسرے ٹیسٹ کی شکست نے برہنہ کر کے رکھ دیا ہے	جنے دوسر ٹیسٹ کی شکست نے بھرانا کرکے رگتیا
common_voice_ur_32046292.mp3	یوں کہیے کہ شرق و غرب کی تاریخ کو سمیٹ دیتے ہیں۔	یوں کہیے کہ شرقع غرپ کی تاریخ قسمہیٹ دیتے ہیں
common_voice_ur_38461972.mp3	بولی وڈ فلم سڑک کا گانا عشق کمال پاکستانی گانے کی کاپی نکلا	بالی ورڈ فلمز سڑک کا گانا اش کے کمہار پاکستانی گانے کی کوپی نکلہ
common_voice_ur_35150972.mp3	پہلے دو جج صاحبان نے تو وزیراعظم کو دروغ گوئی کی بنا پہ نااہل ٹھہرایا۔	پہلے دو جج شاہے بان نے تو وزیر اعضم کھو درو گوئی کی بنا پر ناحیل ٹھرایا
common_voice_ur_31946736.mp3	فیفا ورلڈ کپ انگلینڈ کی ٹیم سویڈن کیخلاف میدان میں اترے گی	فیفاولڈ کپ انگلن کی ٹیم سویٹم کی خلاف میدان میں اتری
common_voice_ur_31899741.mp3	عالمی بینک کی پاکستان میں ارب ڈالر کی سرمایہ کاری کی حکمت عملی مرتب	علمی بینک کی پاکستان میں ارب ڈالر کی سرمایا کاری کی حکمئت عملی مرتب
common_voice_ur_31934410.mp3	بوندا باندی ہو یا بارش کا طوفان، دونوں کیفیت بدل دیتے ہیں	بونہ بن دی ہوئیا بارش کا طفن دونوں کیفیت بدل دیتے ہیں
common_voice_ur_31915888.mp3	مشرق وسطی میں جنگ کی آگ کسی وقت بھی بھڑک سکتی ہے۔	مشرق ہ رستامی جنگ کی آک کسی وقت پی بڑک سکتی ہے
common_voice_ur_31915767.mp3	پاکستانی اوپنر فخر زمان نے ڈبل سنچری داغ کر تاریخ رقم کر دی	پاکستانی اوپنر فخر زمانی ڈبل سینچری داغ کر تاریخ رکم کردی
common_voice_ur_31986986.mp3	سلیکشن کمیٹی اراکین کو پی ایس ایل سے الگ کرنے کا مطالبہ	سلیکشن کمیٹی عراکین کو پیسل سے علگ کرنے کا متعلب
common_voice_ur_31793922.mp3	ایسا معاشرہ تشکیل دیا جائےجو ایسے مریضوں کی مدد اور دیکھ بھال کرے	ایسا مواشٹہ تشکیل کیا جائے جو ایسامعریسوں کی مدد اور دیک بال کرے
common_voice_ur_31793949.mp3	پی ایس ایل تھری میں لیوک رونکی ٹورنامنٹ کے بہترین کھلاڑی قرار	پیایسس ایل تھری میں لیوں کھرونکی ٹونمن کے بہترین کھلاڑی کرار
common_voice_ur_31793904.mp3	اب اسے کسی آئینی طریقے ہی سے ختم کیا جا سکتا ہے۔	اب سے کسی آئنی تریقیع ہی سے حطم کیا جا سکتا ہے
common_voice_ur_38478824.mp3	اس میں فیصلہ سازی کا اختیار چند افراد کے ہاتھوں میں مرتکز ہے۔	اس میں فیصلہ صاظی کا اختیا چند افرات کے حاتھو میں مر تقیز ہے
common_voice_ur_41133338.mp3	یہ اسلامی دنیا کی واحد اور جنوبی ایشیا کی دوسری ایٹمی طاقت ہے	یہ اسلامی دنیا کی واعد اور جنوبی ایشیا کی دوسری عٹمی طعقت ہے
common_voice_ur_31928311.mp3	ریلوے ملازمین کو اگست کی تنخواہ عیدالضحی سے قبل دینے کا فیصلہ	ریلوے ملازمین کو اگست کی تنخوا ایدل اظحاع سے قبل دینے کا فیصلہ
common_voice_ur_31793440.mp3	اس انتشار فکر کے مظاہر جس طرح دائیں طرف پائے جاتے ہیں	اس انتشار فکر کے وزاہر جس درحاں دایت طرف پائے جاتے ہیں
common_voice_ur_31824379.mp3	ابو ظہبی ٹیسٹ پاکستان کو سنسنی خیزمقابلے کے بعد رنز سے شکست	اگوزبی ٹیسٹ پاکستان کو سنصنی کھیز مقابلے کے بعد زنڈ سے شکست
common_voice_ur_31971884.mp3	ترقیٔ معکوس کا یہ عمل ایک بار پھر شروع ہو گیا ہے۔	ترقی مہ کھوس کا یے عمل اقبر پھی شروع ہو گیا ہے
common_voice_ur_31959738.mp3	موقف کی صحت کے بارے میں البتہ دو آرا ہو سکتی ہیں۔	موقف کی صحت کے بارے میں البتہ دو آرا ہو سکتی ہیں
common_voice_ur_32018636.mp3	تھے کتنے اچھے لوگ کہ جن کو اپنے غم سے فرصت تھی	پھیک اتنے اچھے لوگ کے جین کو اپنی غم سے فرصد تھی
common_voice_ur_38410220.mp3	اس میں شبہ نہیں کہ پاکستان کی جمہوریت ارتقا ئی مراحل میں ہے۔	اس میں شبح نہیں کے پاکستان کی جمہوریت ایر تقائی مراحل میں ہے
common_voice_ur_38411773.mp3	انسانی معاشرے کا عمومی سفر انفرادی دانش سے اجتماعی دانش کی طرف ہے۔	انسائنی موشرع کا عمومی سفر انفرادی دانش سے اجتمائی دانش کی طرف ہے
common_voice_ur_31981708.mp3	اتنی بے ہنگم ہو گئی ہے اور کئی سیکٹرز اتنے برے لگنے	اتنی بیہنگم ہو گئی ہے اور کئی سیکٹرز اتنے بھرے لگےں
common_voice_ur_31965443.mp3	تو اس کی نشان دہی کرے اگر کوئی بات قابل گرفت ہے۔	تو اس کی نشان دحی کرے اگر کوئی بات قابل گرفت ہے
common_voice_ur_31809352.mp3	قومی فٹبال ٹیم کے سابق کپتان کلیم اللہ کو شوکاز نوٹس جاری	قومی فٹبالٹ ٹیم کی ستابک کپتان کلی ملا کو شقاست نوٹس چاریں
common_voice_ur_31823388.mp3	اور انھیں خیروشر کے ترک و اختیار کی پوری آزادی حاصل ہے	اور انہیں خیروشر کہ ترق کو اختیار کی پوری اضادی حاصل ہے
common_voice_ur_38429418.mp3	انہوں نے کوشش کی کہ نواز شریف زمینی حقائق سے متصادم نہ ہوں۔	انہوں نے کوششقی کے نواز شریف زمینی حکائی ک سے متصعدم نہ ہوں
common_voice_ur_31923549.mp3	اور ہماری عقل سے بڑھنا کرنا اور حسن و جمال کو پسند فرمانا ہونا	اور حماریقل سے بڑھنا کرنا اور حستوں جمال کو پسند فرمانہ ہونا
common_voice_ur_31991077.mp3	وہ مل کر بعض مظلوموں کے حق میں آواز اٹھا رہے تھے۔	وہ میل کر بعز مظعلوموں کے حپمیں آواز ٹھارئیں تھے
common_voice_ur_32010745.mp3	چونکہ ہم مسلمانوں کے گھر پیدا ہوئے ، لہذا جبری مسلمان قرار پائے	چونکہ ہم مسلمان کے گھر پیدا ہوے لہازہ جبری مسمام کرار پہے
common_voice_ur_31990978.mp3	پاکستانی شہریوں کے لیے کویتی ویزے کی بحالی پر بڑی پیش رفت ہوئی ہےا	پاکستانی شہریوں کے لیے کویتی ویزں کی بہالی بر بڑی پیشرف ہوہیے
common_voice_ur_31828197.mp3	انہوں نے اسے ترک کردیا اور کسی دوسرےملک کی شہریت اختیار کرلی	انہنے سے ترکھ کردیا اور کسی دوسرے ملک کی شہریت اختیار کرلی
common_voice_ur_38467136.mp3	انہیں لندن کا پہلا مسلمان میئر کہا گیا اور کہا جاتا رہے گا۔	انگہ لندن کو پ علا مسلمان میر کہا کیا وڑکہا جاتے دے گا
common_voice_ur_31987611.mp3	آپ ان کو یہ سہولت دیں، کون آپ کا ہاتھ پکڑ رہا ہے؟	آپ ان کو یہ صحولت دیں کون آپ کا حاد پکر رہا ہے
common_voice_ur_31954025.mp3	مذہب کی تعبیر پر اس نے اپنا تسلط قائم کر رکھا ہے۔	مزحد کی قابیل پرڑ اس نے اپنات ساللت قائم کر رکا ہے
common_voice_ur_32022582.mp3	ٹام اور میری نے کہا کے وہ حسد محسوس کر رہے ہیں۔	ٹام ور میری نے کہا کہ وہ حصد محسوس کر رہے ہیں
common_voice_ur_32019439.mp3	اب اس تصویر پر لے دے ہو رہی ہے اور متعلقہ ایڈ ا	اب اسے تصویع پر لے دے ہو رہی ہے اور مطعلکاریڈیا
common_voice_ur_38434427.mp3	اس صائب مشورے کی روشنی میں بھارتی جاسوس اورفساد گر کلبھوشن یادیو کو بھی چھوڑ دینا چاہیے۔	اسائد مشورے کی رشتین م بھایتی ک چی اور فساد کرککریشن جایکوکیچھو دیچہے
common_voice_ur_32028854.mp3	گندم کے بعد اب چینی کی درامد پر بھی ریگولیٹری ڈیوٹی ختم	گرنومکہ بعد اب چینی کی درامت پر جی ریگلیٹری جیوٹی ختم
common_voice_ur_32017420.mp3	سرفراز نے بلے بازوں کو شکست کا ذمہ دار قرار دے دیا	سرخراز نے بھلے بازوں کو شکست ہ زمدار کھرار دی دیا
common_voice_ur_38433782.mp3	پھر یہ خطہ عالمگیر انقلاب کے لیے جدو جہد کی بنیاد بن جا ئے گا۔	پریہ ختطہ آ رنکیر اتراب کے لی جی تو چہد کی گنیاد بنجئ گے
common_voice_ur_38458174.mp3	انہی دنوں ملالہ کو دھڑادھڑ مختلف ایوارڈز اور انعامات دیے جا رہے تھے۔	انحی دیناوں ملاضہ کھو دھڑہ تھر مختلف ایوردس ار عنامات دیے جا رہے تھے
common_voice_ur_38447541.mp3	پیٹرول کی قیمت روپے ڈیزل پیسے فی لیٹر کم کرنے کا اعلان	پٹروکی قیمت روپے ڈیسل پسے فی لٹڑ کمپ کرنے کا اعلان
common_voice_ur_41142168.mp3	اکثریت پاکستانی لوگوں کے معاشرتی ، سیاسی اور معاشی نظریا ت کی عکاسی کرتا ہے	حکصریت پاکستانی لوگو کھی مواشرتی سیاسی ہورڈ موای نظریات کے اقاصی کرتا ہے
common_voice_ur_41156515.mp3	بھارت ٹیسٹ میچز کی پانچ سنچریز مکمل کرنے والا چوتھا ملک بن گیا	بھارت ٹیسٹ میچز کی کی پانچ سنشریز مکمل کرنے والا چوتھا ملک بن گیا
common_voice_ur_31968678.mp3	کن کھلاڑی نے اچھ کارکردگی پیشہ کی اور وہ کونہ سے کھلاڑی تھے	ان کھلاڑی میں اچھ کارکردگی ٹیشا کی و ونے سے کھلاڑی تھے
common_voice_ur_31878964.mp3	اللہ کے نام سے شروع جو بڑا مہربان نہایت رحم والا ہے	اللاکانام سے شروع جو بڑا امہبان ہے طرم ولا ہے
common_voice_ur_32043852.mp3	مجھے پتا کرنا تھا کے کراچی کےلیے ٹرین کب روانہ ہو گی۔	مجھے پدا کرنا تھا کہ قراچی کے لیے ٹرین کب روہانا ہوگی
common_voice_ur_32047220.mp3	غصہ ، ہوس اور لالچ انسان کی روح کو مردہ کر دیتے ہیں	اگستا حسولالال چانسان کی روح کو مرددھا کر دیت ہے
common_voice_ur_26701477.mp3	قومی تاریخ کے ہر موڑ پر یہ اختلاف مو جود رہا ہے۔	قومی تاریخ کے ہر مور پر یا اختلاف موجود رہا ہے
common_voice_ur_31950754.mp3	ماحولیاتی تبدیلیوں سے نمٹنے کے لیے ماحولیات کو نصاب کا حصہ بنایا جائے۔	معحولیاتی تبریلیہوں سے نمٹنے کیلیے مامحولیات کو نصاب کا حصہ بنایا جائے
common_voice_ur_41036618.mp3	چیئرمین ایف بی ار شبر زیدی کو تبدیل نہیں کیا جارہا نعیم الحق	چھیمین ایف بی ا شبر زیدیکتدننہیں کیا جاے رہا نعئیمالحرے
common_voice_ur_31091818.mp3	کرا چی کو قومی دھارے میں لانا آج ملک کی ضرورت ہے۔	کراشیکع قومی زوریمیلانا آج ملک کی زروشد ہے
common_voice_ur_32031094.mp3	سعودی مسلح افواج کے سربراہ جنرل فیاض بن حامد الرویلی نے بحرین کا دورہ کیا	سعودی مسللہخ سواچ کے سربھر یو مسیز سعیا بنحامد علوینی نے بہران کا دورا کیے
common_voice_ur_31988164.mp3	مثال کے طور پر اگر آپ کسی نوکری کے انٹرویو کے لیے جاتے ہیں	مصاب کے طارٹ پر اگھر آپ کسی نوخری کے انٹرویوں کے لیے جاتں ہے
common_voice_ur_32056074.mp3	وہ چھلانگ لگا کر کار میں گھسا اور پچھلی سیٹ پر لیٹ گیا۔	وہ چیلانگ لگا کرکار میں گھساہور پچھ لی سیٹ پر لیٹ گیا
common_voice_ur_32050274.mp3	زمبابوے میں جاری سہ ملکی سیریز کا فائنل کل کھیلا جائے گا	زمباوے میجاری سے ملکی سیریز کا فائنل کل کھیلا جائے گا
common_voice_ur_31979612.mp3	اس پورے خطے میں وہ امن اور انصاف کا ذمہ دار تھا۔	اس پور خطے میں وہ عمن اور انساخ کا زمیدار تھا
common_voice_ur_31809519.mp3	ان سب خوش رنگینیوں کے ساتھ چترال کے سادہ لوح اور شرافت کی نعمت سے	ان سب خوش رنگگینیوں کے ساتھ چطرال کے ساتہ لو اور شرافت کی نعمت سے
common_voice_ur_32060437.mp3	میں پُریقین ہوں وہ ایک مکمل بولی کے لیے جا رہے ہوں گے	میں پوڑیہ کی عنوع وہ ایک مکمل بولی کے لئے جا رہی ہوں گے
common_voice_ur_32059162.mp3	دورہ ائرلینڈ اور انگلینڈ کی تیاریاںقومی کھلاڑیوں کا تربیتی کیمپ لاہور میں جاری	دورائے لینڈور انگلینڈ کی تعیاریاںقومی کھلاڑی و کی تربیتی کی عملاہور میں جاریں
common_voice_ur_31990498.mp3	تیندوے کی تصدیق مختلف شکاریوں کو یہاں کھینچ سکتی ہے شکار کے لیے	تینوے کی تصدی مقتلف شکاریوں کو یہں کہیں شسکتی ہے شکار کے لیے
common_voice_ur_31930488.mp3	وہ مذہب کے نام پر تشدد کی ہر صورت نفی کرتے ہیں۔	وہ مظہب کے نم پر تشہدوت کی حرصورت نفی کرتے ہے
common_voice_ur_32019931.mp3	درحقیقت ہر رشتہ ہی مطلبی اور خودغرض بن کر رہ چکا ہے	پہر کی کتھا ڈشتا ہی مطلبی اور حود گرڑز برن گر ڑہ چکا ہے
common_voice_ur_31929789.mp3	اور ایک فرشتے کے مسلط کیے جانے کی تعبیر اختیار کی گئی ہے	ہاور ایک فریشتے ک مسعلت کیے جانی کی طابیر اختیار کی گئی ہے
common_voice_ur_31794344.mp3	یا رسول اللہ، کیا آپ کے ساتھ بھی یہی معا ملہ ہے؟	یا رسول اللا کیا آپ کے سات بھی یہی ماملہ ہے
common_voice_ur_32023672.mp3	میرا کہنا یہ تھا کہ ٹاک شو میں اصلا دو فریق ہیں۔	میرا کہنا یہ تھا کہ ٹاک شو میں اصلہ دو فریک ہے
common_voice_ur_31967941.mp3	دونوں ملکوں کی مسلح افواج کے سربراہوں نے تبادلہ خیال کیا ہے	دونوں ملکو کی مسئلاخ واج کی اسر براہونیت تبالا حیار گیا
common_voice_ur_31823474.mp3	پریمییر لیگ فٹبال مانچسٹر یونائیٹڈ نے ٹاپ ٹیم مانچسٹر سٹی سے فتح چھین لی	پریمیر لیگ فٹبال بانچیسٹر یو نائیٹڈ نے ٹاپ ٹیم انچیسٹر سٹی سے فطحچھین لی
common_voice_ur_32006135.mp3	کیا آج کا ادیب ا ور شاعر اس روایت سے وابستہ ہے؟	کیا آج کا عدیب وہ شاد اص روایے سے وبستہ ہے
common_voice_ur_32004940.mp3	ہمارا سلام ہے آپ سب ڈاکٹرس اور ہسپتال کے تمام سٹاف کو	ہمارا سالاع میں آپ سب ڈاکٹرس اور آزمطالب کے تامام سٹاف کو
common_voice_ur_31980533.mp3	میں نے مشورہ دیا کہ ہماری پاس چینی وافر مقدار میں موجود ہے	این ا ماشورہ دیا کے ہمائری قاس رینین حوافر مقدار نے معجود ےہے
common_voice_ur_31929471.mp3	پاکستان اور ائی ایم ایف کے درمیان پوسٹ پروگرام مذاکرات کا اغاز	پاکستان اور ائی ایم ایف کے درمیان پوسٹ پر گرام مزاکرا کا غاز
common_voice_ur_31952360.mp3	"ایک فون میں ""ای سگریٹ"" کا اضافہ بھی کر دیا گیا ہے"	ایٹ فونمں ال سکٹرٹ کر ضاتمہ بیکر دیا گیا ہے
common_voice_ur_31952568.mp3	یہ ناکامی اس بیانیے کے فروغ کا کس حد تک باعث ہے؟	یہ ناکامی اصپیانیے کے فروقاتس حطق باعص ہے
common_voice_ur_31952032.mp3	دیگر عبادت گاہوں میں بھی دعائیہ تقریبات کا اہتمام کیا گیا تھا	دیکروغر قاحوں میں بہیر دواحیتقریباہ کرہ تمام کیا جا تھا
common_voice_ur_32037140.mp3	خوشونت سنگھ نے علامہ اقبال کے کلام کا انگریزی ترجمہ کیا ہے	کو شنہج سنگن علامہ ایک بال کے کلام کا انگریزی طرجوماہ کیا ہے
common_voice_ur_31929778.mp3	نوٹ بک کے بعد ان سے بھی مختصر کمپیوٹرز پام ٹوپ کے نام سے متعارف ہوئے	نوٹ بک کے باد ہن سے بھی مختصر کمپیوٹرز پامٹ ٹوپ کے نام سے مطارف ہوئے
common_voice_ur_31917360.mp3	پبلک اکانٹس کمیٹیوزارت اطلاعات کو بجٹ سے زائد ثانوی گرانٹ جاری ہونے کا انکشاف	پبلک کونٹس کمیٹی وزارے طعطلاد کو بجٹ سے زائد سانوی گرانٹ جاری ہونے کر نا کای شاف
common_voice_ur_31930226.mp3	اقبال کی شاعری نے دنیائے اسلام میں ایک انقلاب پیدا کر دیا۔	ایک بال کی شہری نے دنیائی اسلامع قرینقلاب پیدا کردیا
common_voice_ur_38502257.mp3	مک جائے نام تیرا سیاست کے فسانے سے تیرا رونا ہی بنتا ہے زمانے میں	مک جہہے نام طرہ سیاست کے فسانے سے تیرا رونا ہی بنتا ہے زمانے میں
common_voice_ur_31853649.mp3	انفیکشن ایک شخص سے دوسرے میں سانس کے ذریعے منتقل ہوتا ہے	انفیکشن ایک شخصے دوسرے نیں سانس کے زریئے منتقل ہوتا ہے
common_voice_ur_31853684.mp3	لندن قومی ٹیم کا ٹاس جیت کر انگلش کانٹی کلب کیخلاف بیٹنگ کا فیصلہ	لندن قومنی ٹیم ک ٹا اٹاس جید کر انانلش کانٹی قلب کیخلاف بیٹنگ کا فیصلہ
common_voice_ur_38446812.mp3	میں کسی جلسے میں جاتا تو ہاتھ ملانے سے پہلے لوگوں سے بغل گیر ہوتا۔	میں کسی چلسے میں جاتا تو حاتھ ملانے سے پہلے لوگوں سے بغل گیر ہو تا
common_voice_ur_38437398.mp3	یہ سارے کا سارا مکینک کا فالٹ ہے کمپنی سے بائیک بیسٹ سیٹنگ سے سیٹ ہو کر نکلتی ہے	یہ صارح کو صارا ماکینی کاف آرڈ ہے کمپنی سے بائ یقبیسٹ سیٹینگ سے سٹ ہو کر نے کلدی ہے
common_voice_ur_31951967.mp3	وہ عزم و ہمت کا ایک ایسا استعارہ ہے، جو ہمیشہ چمکتا رہے گا۔	وہ اض موحمت کا ایا اسطہارہ ہے جو ہمیشہ چمک تہ رہے گا
common_voice_ur_31953574.mp3	آئندہ کا نقشہ محکمہ زراعت اورمنصفین کو مل بیٹھ کر بنانا چاہیے	ائندا کا لقشہ محکمہ ظراتھ اور منسفین کو بل بیٹھ کر بنانا چاہگی
common_voice_ur_38444948.mp3	اسلامی سکالر کے طور پر مولانا طارق جمیل کو پسندیدہ قرار دیا	اصلام ی اسقالر کے تور پر ملانا تارق جمیل گو پسندیدہ کرار دیا
common_voice_ur_31879400.mp3	میں لیوائز کے ساتھ اپنی میوزک ویڈیو کی ریلیز پر بہت خوش ہوں	میں لوائس کے سات اپنی محصرق ویڈیئو تیر ریلیز پر بہت بوشہوں
common_voice_ur_31809200.mp3	آج بھی وہ خوشبو کم نہیں ہوئی دل بے چین ہوگیا:جی اماںجی؟	آج فی وہ خشفو کم نہی ہوئی دل پہ چین ہو گیا جی ما جی
common_voice_ur_31998373.mp3	شیوسینا اور مودی سرکار کا گٹھ جوڑ شہریار کو بلایا ہنگامہ کرایا	شویسیا اور مدی تھر کار ر کڑ جوڑش ہریار کو گجایا ہمگانا درہے
common_voice_ur_31863821.mp3	کھلاڑی جنوبی افریقہ کے خلاف سیریز میں بھی جگہ حاصل کرلیں گے ۔	کھلاڑی جنوبی افریکہ اخلاف سیریز میں بھی جگہ حاصل کر لیں گے
common_voice_ur_31863795.mp3	اس کے لیے میں نے بعض باتوں کی طرف اشارہ کیا ہے۔	اس کے لیے میں نے بعز باتوں کی طرف اشارہ کیا ہے
common_voice_ur_31985161.mp3	زندگی کو اس کے اصل رنگ اور ذائقہ کے ساتھ دیکھا اور محسوس کیا	رندکی کواس کے ایفور را اار جائےکے یہ خیر دیخلا اور محصوس کیا
common_voice_ur_31863731.mp3	پاکستان میں صوبائی اور قومی الیکشن اسی سال مئی میں ہونے والے ہیں	پاکستان نیں صباعی اور قومی الیکشن اسی سال مئی میں ہونے والے ہیں
common_voice_ur_31863874.mp3	اسٹریلیا کے سابق نائب کپتان ڈیوڈ وارنر کا کرکٹ نہ کھیلنے کا عندیہ	اسٹیڈیا کستا بک نائید کپتان ڈیوڈ وارنرر کا کرکٹ نہ کھیلنے کا ی مدیا
common_voice_ur_31863928.mp3	تو وہ کیوں ان مذہبی جماعتوں کو یک جا نہیں کر رہا؟	چوہ کیوں ان مضہبی جماعتوں اور یک جا نہیں کررہا
common_voice_ur_31923022.mp3	اب اگر اس جنگ کے اگلے مرحلے میں مسخ شدہ جہادی تصورات	اب اگر جنگ ہ اگلے مرحلے میں مصخ شدح جہادی تصوبرات
common_voice_ur_31842230.mp3	ایک ہزار روپے سے شروع کمپنی لاکھ کروڑ کی مالک بن گئی	ایک ہزا روپے س شہروع کمپنی لا کڑور کی مالک بن دے
common_voice_ur_31842188.mp3	یہاں تک کہ آپ واپس حقیقت کی دنیا میں لوٹ آتے ہیں۔	کیاں تک کے آپ واپز حقیقت کی دنیا میں لآاٹھ آتے ہیں
common_voice_ur_31827295.mp3	اور ہم حافظ جی کی طرح پورا قرآن پڑھ گئے بغیر سمجھے	اور محافض چی کی تراں پورا قران پڑ گئے بابیسم تھے
common_voice_ur_31983829.mp3	نئے ہفتے پر بین الاقوامی مارکیٹ کے اثرات پیر کو سامنے آئیں گے	نئے ہفتے پر فائینوں لاکمابی مارکٹ کے آصرات پیر کو سامنے ھئیں گے
common_voice_ur_31791277.mp3	معاشی حقائق جاننے کیلیے وزیر اعظم کے غیر جانبدار ماہرین سے رابطے	ما شی حقا عیک چاننے کے لی وزیر ازم کے غیئر جامبدار ماہرین سے راپت
common_voice_ur_31977305.mp3	تو یہ ساری مشق گناہ بے لذت کے سوا کچھ نہیں تھی۔	تو یہ سارین مشگنا بی لزت کی حسیواع کوچ نہیں تھی
common_voice_ur_31828554.mp3	پاکستان کرکٹ بورڈ نے اٹھارہ نوجوان کرکٹرز کو ایمرجنگ کیمپ کیلئے بلا لیا	پاکستان کرکٹ بھول نے اٹھائیاں نو جوان کرکٹرس کو ایمرجن کیم کلے بل اگیا
common_voice_ur_41130732.mp3	درجہ حرارت میں مستقل تبدیلی کے طور پر بیان کیا جاتا ہے	دڑ جہرارات میں مستقل تبدیلی کھے طھور پر پیان کھی آ جاتا ہے
common_voice_ur_41130506.mp3	انہوں نے کہا کہ پاکستان اب معرض وجود میں آ رہا ہے۔	ان ہو نے کہا کہ پاکستان اب مرز فجود میں آرہ ہے
common_voice_ur_31916332.mp3	اور یہ اپنے سالے کا بھی قاتل ھے۔ اب دیکھنا یہ ھے کہ یہ کس طرع مرتا ھے۔	او یہ اپنی سالے کابھ قاطر ہے اب دیکھنا یہ ہے کہ کسی طرحا مڑتا ہے
common_voice_ur_31941911.mp3	آپ کا کھانا کمال نہیں آپ جو مساکین کو کھلاتے ھو سب اس کا صدقہ ھے	آپ اٹھانا کمال نئیں آپ جو مصاقین کو کھلاتی ہو سب اس بحسد کا ہے
common_voice_ur_31837282.mp3	بھلے وہ گورا ہی کیوں نہ ہو اسکو بھی نشان پاکستان ایوارڈ جاتا ہے	پلے وہ گوارا ہی کیوں نا ہو اس کو بھی نشانے پاکستان اعوارڑ جاتا ہے
common_voice_ur_31965180.mp3	جس کے پہلے تین بیٹسمین پہلی اننگز میں اسکور پر پویلین لوٹ گئے ۔	جس کے پرٹیبسمین پیٹیننگ سمیں سکور پرربلین ہلورڑ گے
common_voice_ur_31860976.mp3	سرشاریہاں کے باشندوں کی مہمان نوازی اور برتائو سیاح کو ساری زندگی یاد رہتی ہیں ۔	سرشار یہان پانچسو یمعنوازی اور برتائو سیاح کو ساری زندگی یاد رہتی ہیں
common_voice_ur_31849505.mp3	اسے اندازہ ہوا کہ جو لاوا پک چکا، اب بہنے کو ہے۔	اسے اندازہ ہو ہے کہ جو علاوہ پک چکا  اب پہنے کو ہے
common_voice_ur_31998238.mp3	خدا ہر پل ہمارے ساتھ ہے بس دعا کیجئے،انشاءاللہ سب ٹھیک ہوجائےگا	خدا حاروپل ہمارے ساتھ ہے بس طواع کی جیئے انشالہ سبٹھی ہو جئےگا
common_voice_ur_31791823.mp3	بلکہ یہ کہا جائے گا فلاں نظریہ یا فلاں طرزِ عمل شرک ہے	بل کہ یہ کہا چاےیکا کہ فلاں نزریاہ فلاں تر سے عمل شرک ہے
common_voice_ur_41170269.mp3	نانا پاٹیکر نے اداکارہ کو جنسی ہراساں کرنے کے الزامات پر خاموشی توڑ دی	نانہ پاٹکرنے اداکارک کو ایجنسی حراسہ کرنے کہ الظامات پر خاموشی تور دی
common_voice_ur_32020347.mp3	انسان کو عقیدہ توحید پر ایمان لانے کی دعوت دی گئی ہے	انسان کو اقیدہ تو ییت پر ایمان لانے کھی داوت دی گئی ہے
common_voice_ur_31934607.mp3	جہاں کے اکثر ملکوں میں سال کے بیشتر حصے کے دوران ٹھنڈک رہتی ہے	جہاں کے اکصر ملکو میں سال کے بیشترہ سے کے دوران ٹھنڈاک رہتیا
common_voice_ur_32014930.mp3	حضرت عثمان کی شہادت کے بعد ہر عالم بطورِ خود فتویٰ دینے لگا	سوانی شادت کے واضحر اال بتورے خود فتوح دینا لگا
common_voice_ur_32046699.mp3	داسو پاور پراجیکٹ کی تعمیر رواں ہفتے شروع ہوجائے گی چیئرمین واپڈا	داسو پاور پروجک کی تعمیر رواں ہفتے شروع ہوجئی گی چیرمین وابڈا
common_voice_ur_31828759.mp3	یہ سچ ہے جس کے پیمانے پر گروہوں کو پرکھا جائے گا۔	یہ سچ ہے جس کے پیمانے پر گروحوں کو پر کھا جائے گیں
common_voice_ur_41165422.mp3	جب تک بچوں کو محبت سے پالا جائے وہ خوش رہتے ہیں	جب تکبتچکو مبت سےپالازع وہ خوش رہت ہے
common_voice_ur_38448891.mp3	گزر گیا اب وہ دور ساقی کہ چھپ کے پیتے تھے پینے والے	گضل گیا اب کوہ داڑساقی کہ چھوکے پیتے تھ پینے والے
common_voice_ur_31790481.mp3	گلین میکسویل نے سرفراز احمد سے ہاتھ نہ ملانے پر معذرت کر لی	گلینڈ میکسویل نے سرفرانس احمت سے حات نہ ملانے پر موصرت کردلی
common_voice_ur_31790554.mp3	کو یاد ہوگا کہ تین چار ماہ پہلے پاناما لیکس کے طوفان	کو یاد ہو گا کہ تین چار ماں پہلے پناما لیقس کے طوفان
common_voice_ur_32028988.mp3	سال کے لیے پالتو خوراک حجم سطح کے برابر تھا کمپنی نے کہا	سال کے لیے پالتو فرا حجمب سطح کے ویابٹ تھا کمنی نکاہا
common_voice_ur_32030829.mp3	چینی سرمایہ کاروں کو اسٹیل ملز خریدنے کی پیشکش کا فیصلہ تبدیل	چینی سرماعے کاروں کور سیل ملزس پھرینے کی پیشک شکہ فیصہ تبدیل
common_voice_ur_41130920.mp3	ڈکٹیشن لینے والا ای میل کے ذریعے کالم اخبار کو بھیج دیتا ہے۔	ڈیکپیشن لینے والہ عیمر کے ضیریت کالم اخبار کو بھیٹ دیتا ہے
common_voice_ur_31962459.mp3	کراچی میں پی ایس ایل کا جادو سر چڑھ کر بولنے لگا	کراچی میں پی ایسیلال کا جادود سرب شڑ کٹگورنی لگرا
common_voice_ur_32004949.mp3	مریضوں اور ان کے اہلخانہ کی جانب سے دھمکیوں کا سامنا رہا ہے۔	مریزوں ار ونکی لے خانا کی جینف سے دنکیوں کا سمنا رہا ہے
common_voice_ur_31916578.mp3	بجٹ میں اس بار تعلیم کے لیے پانچ فیصد بجٹ مختص کیا جائے	بجٹ میں اس بار تاریم کےلے پانچ فیصد غجر مختص کیا چہے
common_voice_ur_31790497.mp3	ان پر سب سے پہلے بیگم اختر ریاض الدین نے قدم رکھا	ان پر سب سے پہلے بیگم اختے ریاضوت دین نے قدم رکھا
common_voice_ur_31943199.mp3	بہت زبردست بات ھے کہ بلوچستان کے جنگلی محکمہ ابھی تک زندہ ھے	ہوت زوجس بات ہے کہ رنگیستان بھی جنری مرٹول و بھی ترزندا ہے
common_voice_ur_41120346.mp3	آج کی نسلوں کا موسیقی کا ذوق بے حد خراب ہو چکا ہے۔	آج ہی نسلوں کا موسیقی کا زوق بہد خراب ہو چکا ہے
common_voice_ur_31849158.mp3	چولہا کیا تھا دیکھنے میں کوزے کے نچلے حصے کی طرح لگتا تھا	چولا کیا تھا دیکھ نے میں قود کہ نچلے سے کی طراں لکتا تھا
common_voice_ur_31790971.mp3	چینی سرمایہ کار ازاد کشمیر کی سیاحت میں سرمایہ کاری کریں سینیٹر عبدالقیوم	چینی سرمایا کار آضات کشمیر کی سیاحت میں سرمایا کاری کریں سینیٹر ادل کئی ہوں
common_voice_ur_31956651.mp3	گورننس کا سب سے اہم پہلو مو جود نظام کی اصلاح ہے۔	کاوننز کا سب سے احم پہلوں معجود نے ضام کی اسئلہ ہے
common_voice_ur_31975710.mp3	اور جب ملک سے باہر ہوتے ہیں پاکستانی پاسپورٹ غایب گویا ڈبل مزہ	ر جا ملک سے باہر ہوتے ہیں پاکستانی پاسپورٹ غائےگ گویا ڈیبل مزع
common_voice_ur_31975786.mp3	سنسناٹی اوپن ٹینس کا ٹائٹل سوئٹزرلینڈ کے راجر فیڈرر نے جیت لیا	سن سناٹی اوپن ٹینس کا ٹائیٹل سویٹزر لین ٹک راجیو فلڈر نے جیت لیا
common_voice_ur_38500328.mp3	کیا انہوں نے ایک بے بنیاد بات کسی دوسرے سے منسوب کی؟	کیا انہوں نے ایک بھیبنیاد بات کسی دوسرے سے منصوع کی
common_voice_ur_31848912.mp3	مفاد کی وجہ میں نے عرض کر دی کہ دھڑے کی سیاست ہے۔	مبعت کی ویس عیمیںنے آرز ٹر دی کہ تڑی کی سیاست ہے
common_voice_ur_38467459.mp3	ان کے نزدیک حجاب گھروں میں لٹکائے جانے والے پردے کو کہتے ہیں۔	انکہ مزدیق ہھجاب گھروں میں اٹکائے جانے والے پڑدے کو کہتے ے
common_voice_ur_32027877.mp3	فیفا ورلڈکپ کے سیمی فائنل مرحلے کا غاز کل سے ہو گا	فیفا برل کپ کے سمی فائنل مارحلے کا غاز کل سے ہو گا
common_voice_ur_31922351.mp3	وزیر اعظم نے ورلڈ اکنامک فورم پہ اپنی قادرالکلامی کی دھوم مچا دی۔	وزیر اععظم نے ورلڈ ایک نامک فورم پہ اپنی قادل قلامی کی دھوم مچا دی
common_voice_ur_38422708.mp3	جو ایک تھا اے نگاہ تو نے ہزار کر کے ہمیں دکھایا	جو ایک تااےر نے گاہ تو نے ہزار کرکی ہمیں دکھا یاں
common_voice_ur_31793034.mp3	ہر اچھی چیز کا المیہ یہ ہے کہ وہ ختم ہو جاتی ہے۔	ہر اچھی چیس کا علمیہ یہ ہے کہ وہ ختم ہو جاتی ہے
common_voice_ur_31836724.mp3	میں نے ذاتی وجوہات کی بِنا پر قبلازوقت ریٹائرمنٹ لینے کا فیصلہ کِیا ہے	میں نے زیاتی وجوحات کی بنا پر کبل از وقت دیٹائرمنڈ لینے کا فیصلہ کیا ہے
common_voice_ur_31836715.mp3	کام شروع کرنے کے لیے حوصلہ افزائی کی ضرورت محسوس کرتا ہوں	کام شروع کرنے کے لیئے فوسلاف زائی کی زرورت محسوس کرتا ہوں
common_voice_ur_38422225.mp3	ان کے خیال میں، ایک مسلمان کے لیے اجتماعیت کی اساس نظریہ ہے۔	انکے خیال میں ایک مسلمان کے لیے استعماعیت کی اساس نظریا ہے
common_voice_ur_38422395.mp3	شان مسعودکاؤنٹی کرکٹ میں ڈبل سنچری اسکور کرنیوالے پہلے پاکستانی اوپنر بن گئے	شان مصوص قونٹی کرکٹ می ڈبل سنچریس اسکورڈ کرنے والے پہلے پاکستانی اور بنار بنگے
common_voice_ur_31979431.mp3	یوم پاکستان کے موقع پر کھلے سمندر میں ماہی گیروں کے مابین کشتی رانی مقابلے کا انعقاد	یومی پاکستان کے موکے پر کھلے سمندر میں ماہی گیروں کے معبین کشتیرانی مقابلق کا انعقاد
common_voice_ur_38499122.mp3	اسلامی تعلیمات بت پرستی کو اور تصویر پرستی کو یک سر مسترد کرتی ہے	اسلامی طلیمات بت پرستی کو اور تصبور پرستی کو یکصر مسطرط کرتی ہے
common_voice_ur_38499085.mp3	منی لانڈرنگ کہانی میں ایک شخص انور مجید کا نام کثرت سے آیا ہے۔	ای لونڈرنگ کہانی میں ایک شقس انور مجید کا نام کسترس سے ایا ہے
common_voice_ur_32002964.mp3	ادھر افغانستان میں بھی ایک گروہ نے خود کو داعش قرار دے	ادھر افغانستان میں بھی ایک گروں نے خود کو دائش کرار دے
common_voice_ur_31937667.mp3	پہاڑی علاقوں کی یہ خصلت مجھے بہت بھاتی ہے یہ بل کھانے والی خصلت	پہاری علاقو کی ایک حصد مجھے بہت بھاٹی ہے یہ بلک ہانے والیک حاصلد
common_voice_ur_32008548.mp3	تحقیق کے مر حلے میں اس کا اعادہ نہیں ہو نا چاہیے۔	تحچیق کے محلے میں اس کا آعدہ نہی آنا چہے
common_voice_ur_32006366.mp3	عوام کو بیوقوف بنانے کے سارے گُر اپنے بچوں کو اور اپنی بچیوں کو بھی سیکھاتے ہیں	ہوام گوی وقوف بنانے کے سارے گرڑ اپنے بچوں گو ر اپنی بچیوں گو بھی س کھاتے ہیں
common_voice_ur_31815630.mp3	انٹرنیشنل چیمپئن فٹبال کپ ٹوٹنہم نے روما کو گول سے شکست دے دی	انٹرنیشنل چیمپئن فٹبال کپ ٹوٹنام نے روما کو گلٹ ہی شکست یدی
common_voice_ur_32043029.mp3	یہ درحقیقت پیغمبر کی عصمت کی حفاظت کے اس نظام کا نتیجہ ہے	یہ دارحقیقت پیغمبر کی عصبت کی فاد کے اس نظام کا نتیجہ ہے
common_voice_ur_38417226.mp3	ان مقتدر حلقوں کو ہم نے انتہا پسندی سے نمٹتے بھی دیکھا ہے۔	ان مختبھر حل کوں کو ہم نے انتہا پسندی سے نے مڑھتے بھی دیکھا ہے
common_voice_ur_41167003.mp3	حدود آرڈیننس کے خاتمے سے معاشرے کے غیر فطری پن میں کمی آئے گی۔	خدود آرڈننز کے خاطمیں سے معشرے کی غیر فتھری پنڈ میں کمی آئے گی
common_voice_ur_38417014.mp3	دن سے کیا مراد ہے اور گھنٹے کو کس کے مساوی سمجھا جائے؟	دن سے کیا مراد ہے اور گھنٹے کو کس کے مساوی سمجھا جائے
common_voice_ur_32012529.mp3	بہت چاؤ سے بیٹے کی زندگی کو خوشگوار بنانے کی کوشش کی جاتی ہے	بہت چاؤ سے بیٹی کی سندگی کو فمشکوار بنانے کی کوشش کی جاتی ہے
common_voice_ur_31815656.mp3	اب وہ عام سیاست دانوں کی صف میں آ کھڑے ہوئے تھے۔	اب وہ آم سیاست دانوں کی سف میں آ کھڑے ہوئے تھے
common_voice_ur_31828267.mp3	حکومت کی مہنگائی کے مارے عوام پر ایک اور بم گرانے کی تیاریاں	حکومت کیمیں گائی کی ائیمارے عوام پر ریکاربم گرانے کی تیاریا
common_voice_ur_32011805.mp3	ساتھ ہیمپٹن ٹیسٹ کا دوسرا دن پجارا اور معین علی کے نام	ساتھ ہمٹن ٹیسٹ کا دوسرہرن کجارا اور موئینگ علی کے نام
common_voice_ur_32009759.mp3	آج بھی لوگ بحث کرتے ہیں کہ عقل ماخذ علم یا وحی؟	آج بھی لوگ بحص کرتے ہیں کہ عقل ماخیض علم یا وہی
common_voice_ur_31957836.mp3	یہ خو بصورت وادی ا دل کش نظاروں کی وجہ سے سیاحوں میں مشہور ہے ۔	ایقب صورت وادی طلکش نسارو کی وجسس سیاحوں میں ماشہور ہے
common_voice_ur_31792241.mp3	سبزہ کی بھرمار تھی کہیں میدان آ جاتا پھر جنگل شروع ہو جاتا	سب سہ کی بھرماٹ تھی کہیں میدان آ جاتا پھر جنگل شروع ہو جاتا
common_voice_ur_32000240.mp3	اے خدا کے بندوں کبھی سوچا ہے قبر کا عذاب کتنا خطرناک ہے	ایا خدا کے بندی قبھی سوچے ہیں قبھر کا عصاف کتا حتناک ہے
common_voice_ur_31836936.mp3	ابھی یہ طے ہو نا ہے کہ کون سی صنعت کہاں لگنی ہے۔	ابھی یہ تین ہونا ہے کہ کون سی صنعت کہاں لگنی ہے
common_voice_ur_31927844.mp3	ترغیب کے اثرات سے بیماریوں سے بھی چھٹکارا حاصل کیا جاسکتا ہے جیسے کینسر	ترغیب کے اصرات سے بیماریوں سے بھی چٹخارہ حاصل کیا جا سکتا ہے جسے کینسر
common_voice_ur_32000725.mp3	میں دنیا کی ساتویں ایٹمی طاقت اور دنیا کے پانچویں بڑے مُلک کا وزیراطلاعات ہوں	میں دنیا کی ساتھوی ایٹمی طاقت اور دنیا کے پانچھوے بڑے ملک کا وزیرہ اطلات ہوں
common_voice_ur_31935956.mp3	یہ ان کی عطا ہے جو اس سیاسی بندوبست کے خالق ہیں۔	یہ ان کی آوطا ہے جو اس سیاسی بندو برست کے خالک ہیں
common_voice_ur_38420093.mp3	نہ ہو جب دل ہی سینہ میں‘ تو پھر منہ میں زباں کیوں ہو؟	ناہو جب دل ہی سینا میں تو پھر معح میں زبان کیوں ہو
common_voice_ur_38482733.mp3	ان کے لکھے خاکے ان کے سماجی اورعلمی پس منظر، تربیت، ذوق اور رجحانات کا عکس ہیں۔	ارڈکے لکھے خاکے انکے سماجی اور علوی پس ےمنظر تربید ظواقھ اور روجھا ناد کا عق ہیں
common_voice_ur_31888019.mp3	میٹھے انڈے کا نام سننا تھا کہ سب کے ماتھے پر شکنیں پڑ گئی	میٹھے انڈے کا نام سنا تھا کی سب کے ماتھی پر شکنے پڑگئیں
common_voice_ur_31951045.mp3	نبی رحمت حضرت محمد مصطفیٰ صلی اللہ علیہ وسلم پر ہزاروں درود و سلام	نوی رمت حضرت محمد مستفع سے لاہو لہ والے سعلم پر حزاروں درودو سلام
common_voice_ur_41161421.mp3	ویب سائب یوٹیوب پر پابندی طلبہ و طالبات کو کس طرح متاثر کر رہی ہے	ویب سائیٹ یوٹیو پر پربندی طلباحو تالبات کو کسی طرح مطاصر کررہی ہے
common_voice_ur_31974643.mp3	کہ حضرت صفیہ کے مسجد میں حضور سے ملنے آنے کا واقعہ	کی حزد سفیہ کی مرجد محضوری سے منی آننے کا واکر
common_voice_ur_31812767.mp3	تو ان لمحوں میں بھی امید کا ایک در کھلا رہتا ہے۔	تو ان المپوں میں بھی امید کا ایک در کھلا رہتا ہے
common_voice_ur_32015336.mp3	جنگلی حیات کی حفاظت کے لیے شکار پر مکمل پابندی ہونی چاہیے	جنگری حیات کی فعظت کیلیے شکار پر مکمل پابندی ہونی چاہیرں
common_voice_ur_31961900.mp3	اسکی جان کو خطرے میں ڈال دیا آپ نے رپورٹنگ کر کے	اس کی جاگ کو خطرے میں ڈالدیہ آپھ میں ریپھورٹنگ کری کھیے
common_voice_ur_31834346.mp3	بیرون ملک مقیم پاکستانیوں کیلئے لاکھ ڈالر تک کے سرٹفکیٹ جاری کرنے کا اعلان	بیرونا ملک مقیم پاکستانیوں کیلئے لاکھ ڈالٹ ت کے سٹیفکیٹ چاری کرنے کا اعلان
common_voice_ur_31812683.mp3	کچھ باقی دوست جن کو اندر جگہ نہ ملی وہ لٹک گئے ۔	کچھباکی دوست جنکوندرجگہ ناملی کو لٹھتےں
common_voice_ur_38483929.mp3	جغرافیائی طور پر پاکستان جنوبی ایشیا کے شمال مغربی حصے میں واقع ہے	جوغرافئی دور پر پاکستان جنوبی ایشیا کے شمال مغربی حثے میں واکعے ہے
common_voice_ur_31834167.mp3	عالم اسلام کے اس قلعے کو مسمار کرنے میں کوئی دقیقہ فروگزاشت نہ کیا جائے	آلے میں اسلام کھہ اس کے لےکو ماسمات کرنے میں کوئین تقیقہ فروق ساشت نہ کیا جائے
common_voice_ur_31948861.mp3	جہاں پر انسان نے قدم رکھا اس جگہ کو آلودہ کرتا گیا	جہان پر انسانقدم رکھا اس جغہ کو الودہ کرکرتا گیا
common_voice_ur_31813026.mp3	سورۂ رعد میں اس سے بھی واضح الفاظ میں یہ بات بیان ہوئی ہے	صورحاد میں اسے بھی باح علیپھاض میے یہ بعد پبیان کوئی ہے
common_voice_ur_32050562.mp3	یہ آزمایش کے لیے جنوں اور انسانوں کو دی گئی آزادی ہے	یہ ازمائش کی لیے نجنون اور انسانو خو تریغی عزادی ہے
common_voice_ur_31855001.mp3	تعلیم کا بجٹ بڑھانے کا مطالبہ ٹوئٹر ٹرینڈز کی شکل میں بھی دیکھنے میں آیا	طعالیم کو بجہٹ بھرہانے کا مطالباہ ٹوئیٹر ٹرینڈ کی شکل میں بھی دیکھنے میں آیا
common_voice_ur_41161498.mp3	اب شام ڈھلے اور موضوعات دل کو گھیر ے میں لیے رکھتے ہیں۔	اب شاہم ڈھلے اور موضواد دل کو گھیرے میں لئے رکھتے ہیں
common_voice_ur_31835428.mp3	ایف بی ار اور تاجروں پر مشتمل ٹیکس سروے ٹیمیں متنازع ہو گئیں	ایف پیآر اور تعجروں پر مشتمل ٹیکس سرویٹ ٹیم میں متناضح ہوگئیں
common_voice_ur_31822754.mp3	بی بی سی والوں کو یہ وڈیو بنانی تب کیوں یاد نہ آئی	جیبیسی والوں کو یہ بھیڈیو بنانی تب کیوں یاد نہ ائی
common_voice_ur_31927158.mp3	کچھ داو پر لگا ہوا ہے لیکن بہت دہائیوں بعد اگر پاکستان کے	کچھ دوا پر لگا ہوا ہے لے تلبوت دوا دھائییو باد اگر پاکستان کے
common_voice_ur_38437811.mp3	ڈاکٹر یوں گھبرا کر پیچھے ہٹا کہ طلعت کو سخت غصہ آیا	رابٹور یوں کبرا کر پیچھے ہٹا کے تلت کو سخت خصہ آیا
common_voice_ur_38457063.mp3	مزاحیہ اداکار کپل شرما کو بھاری پڑی فلرٹنگ سلمان خان کے پاس پہنچی شکایت	مزاعیہ ادکار کپل شرمہ خو بہاری پڑی فلورٹنگ سلمان خوان کے پاس پہنچی شکاید
common_voice_ur_38430062.mp3	انہوں نے اور پوری اسمبلی نے مبینہ طور پر انتہا کر دی تھی۔	انہو نے اور پوری اصمغی نے وبینا تور پر انتحا کر جی تھی
common_voice_ur_38432737.mp3	اس وقت جب امام غائب ہیں، قوم کو ولایت فقیہ کی ضرورت ہے۔	اس وق جب امام غائےب ہیں قوم کو ولایت فکیہ کی زرورت ہے
common_voice_ur_38432795.mp3	کہ جس کو ہم چاہیں وہ کیوں نہ خود پر ناز کرے	کہ جس کو ہم چاہیں وہ کیو نا کھتپڑھ ناس کرے
common_voice_ur_26756920.mp3	فیفا ورلڈ کپ یوروگوئے کی ٹیم روس سے سعودی عرب کی ٹیم مصر سے ٹکرائے گی	فیفول کپ یورو گوئی کی ٹیم روح سے ساؤدی ارب کی ٹیم مصر سے ٹکرائے گی
common_voice_ur_38480911.mp3	سنی لیونی کا نام سرکاری ملازمت کے امیدواروں کی فہرست میں انے پر تنازع	سنی لیونی کا نام سر کاری ملازمت کے امیدواروں کی فیرست نے آنے پر تناضل
common_voice_ur_31835488.mp3	کیا اس جذبے نے ان کے معاشی مفادات سے جنم لیا ہے؟	کیا اس چسپے نے ان کے ماشی مفادات سے جنم دیا ہے
common_voice_ur_41149012.mp3	واقعہ یہ ہے کہ وہ قوم کے اجتماعی ضمیر کی علامت تھیں۔	واقیہ یہ ہے کہ وہ قوم ک اشتعمائی زمید کی علامت تھی
common_voice_ur_41149025.mp3	خطاب کے دوران کہا کہ روز سے صنعتی علاقوں میں میںسےگھنٹے کی لوڈشیڈنگ	خطاب کے دوران کہا کے روس سنآنتی لاگھوں میں میدیس ا گھنٹے کی لوڑشڑنی
common_voice_ur_33635800.mp3	اگر یہ محض اسلامی امریکی کانفرنس ہوتی تو اس میں کیا حرج تھا؟	اگر یایم محث اسلامی امریکہ کامریکی کنفرنس ہوتی ٹو اس مں کیا خرش تھاا
common_voice_ur_38475785.mp3	پیغمبروں کی سیرت یہی کہتی ہے اور قوموں کی تاریخ بھی یہی شہادت دیتی ہے۔	پیغمبروں کی صیرت یہی کہتی ہے اور قوموں کی تاریخ بھی یہی شہادت دیتی ہے
common_voice_ur_38414715.mp3	اور شہریوں سے اپیل کی کہ وہ ایس او پیز پر عمل کریں	اور شہریوں سے عپیل کی کے وہ ایس وپیس پر عمل کریں
common_voice_ur_38483480.mp3	نیلو کا تعلق شہر بھیرہ سے تھا اور وہ ایک کرسچیئن فیملی میں پیدا ہوئیں۔	نیلوں کا تعلق شہر بہیرہ سے تا اور وہ ایکیشن فیملی ویں پیدا ہوئیں
common_voice_ur_31814667.mp3	ارجنٹائن گراں پری موٹو جی پی کا ٹائٹل انگلینڈ کے کال کرچلو لے اڑے	آرجنٹائن گانٹپری موتوجیپی کھا ٹائٹال انگلین کے کالد کرچلول پڑے
common_voice_ur_38475321.mp3	اس میں عوام جھوٹے کو کسی منصب کے لیے نا اہل سمجھتے ہیں۔	اس میں عوام جھوٹے کو کسی ملصب کے لیے نا احث سمجتے ہیں
common_voice_ur_38464034.mp3	ہم اور بھی سہم گئے کہ لالہ جی کچھ ناراض معلوم ہوتے ہیں	ہم اور بھی صحم گئے کے لالا جھی کچھ نراز معلوم ہوتے ہیں
common_voice_ur_31835086.mp3	یہی وجہ ہے کہ جن علاقوں میں حکومت کی گرفت کمزور ہوتی ہے	یہی وجہ ہے کہ چن الاکمحومت کی گرفت کمضور ہوتی ہے
common_voice_ur_31950149.mp3	جو رکے تو کوہ گراں تھے ہم جو چلے تو جاں سے گزر گئے	جو رکے تو کوہیے گراں تھ ہم جو چیلی تو جاں سے گزر کرےں
common_voice_ur_41158720.mp3	عورت ہوکر خواتین کے گینگ ریپ پر اکسانے والی شیطان سے بڑھ کر ہے	اورہد حو کر خوا تین کہ گینگرےپ پر اکسانے ولی شہطان سے بڑ کر ہے
common_voice_ur_41159240.mp3	تو کیا ایک بچہ چلنا بولنا اور کھانا پینا کیسے سیکھ سکتا ہے	تو کیا ایک بچک چلنا بولنا اور کھانا پینا کیسے صیکسکتا ہے
common_voice_ur_41163280.mp3	وہاں سے ان کی نظریں پہلے پنجاب اور پھر ہندوستان پر لگیں۔	وہاں سے ان کے نزریں پہلے پنجاب اور پھر ہندوستان میں لگیں
common_voice_ur_33854328.mp3	محترمہ ثمینہ شیخ صاحبہ گجرات سے آپ کی رپورٹ مختصر لیکن عمدہ تھی	محطرما سامینا شیک ساحبہ گجرات سے آپ کی رپورٹھ مقتصر لیکن امدا تھی
common_voice_ur_33854378.mp3	اس کی آنکھوں کا کر ب میرے دماغ کے اندر بنے ہوئے	اس کی آنکھوں کا قرب میرے دمان کے اندربنی ہوئے
common_voice_ur_38504686.mp3	فیشن ویک میں مرد ماڈل کی جانب سے خاتون کے جوتے اٹھاکر واک کرنے کی تعریفیں	فیشہ نویک میں مرت معڑل کی جانی پسے کھاتون کے جوتھی اٹھا کر وہ کرنے کی تائیخیں
common_voice_ur_32006992.mp3	اب مذہبی انتہا پسندی کے آخری دن آ گئے مولانا فضل الرحمن	اب مزہبی انتہاع پسندگ کے اخری دن آا گئے فلانا فظہل رحمن
common_voice_ur_31955960.mp3	آج مذہبی حلقوں میں حکومت کا کوئی ہم نوا باقی نہیں ہے	آج مصبی حلکوں می حکومت کا کوئی حمنوا باقی نہیں ہہے
common_voice_ur_31971319.mp3	حکومت کو اس وقت رد عمل کی نفسیات سے نکلنا ہو گا۔	حکومت کو اس وقت ردے عمل کی نفسیات سے نکلنہ ہو گا
common_voice_ur_38451535.mp3	اس لیے، حق واضح ہوجائے تو پھر انتخاب کا حق چھن جاتا ہے۔	اس کی حقت وازح ہو یئے تسپھر انتہا کا حق پچھند جاتا ہے
common_voice_ur_38415468.mp3	بہتر ہے کہ کلمہ پڑھ لو اور اللہ کی طرف جانے کی تیاری کر لو	بہتر ہے کہ قلمہ پر لو اور اللہ کی طرف جانے کی تیاری کر ڑو
common_voice_ur_38417359.mp3	اورغالب کے الفاظ میں شکوہ کروں کہ ایک اور خزانہ تیرے حوالے ہے۔	اور گالیکیل پھاس میں شکوح کرو کہ ایک اور حسانہ تیرے حوالے ہے
common_voice_ur_31835323.mp3	اور پھر ایک بہادر ہیرو کے ذریعہ آدمی میں شکست کھاتا ہے	اور پھر ایک بہادر ہیروں کے جلیے آدمی میاں شکست کھاتا ہے
common_voice_ur_31944816.mp3	پولیس والوں نے ان کو پالا ھے پولیس ان کی پشت پناہی کررہا تھا	پولیس والوں نے ان کو پالا ے پولیس ان کی پوشت بناحی کا غہا تھا
common_voice_ur_31930860.mp3	کسی سے پیار کرنا اور کسی کا پیار ہو جانا سب سے بڑی خوشیاں ہیں۔	کچی زے پیار کرنار کسی کا پیار ہو جانا سب سے بڑی خش ہیا ہیں
common_voice_ur_38415167.mp3	روزے دار کے منہ کی بو مجھے مشک کی خوش بو سے زیادہ پسند ہے	روزدار کہ معن کی بہ مجھے مش کیق خشبوع سے زیادہ پسند ہیں
common_voice_ur_32059021.mp3	اس لئے ابھی اس گاڑی کو بیچنے پر اتنا زور نہیں دیا گیا	اس جیے ع بی اے سی گارڑی کوبیچھ نے پر اتنازور نہیں دیا گیا
common_voice_ur_38428781.mp3	پھر لٹریچر سے شغف کے باعث، یہ نو جوان اسالیب سخن سے بھی واقف ہیں۔	پھر لٹریچر س شقف کے باعس یہ نا جوائم ایسائ لیب سخن ے فی باقف ہیں
common_voice_ur_38446078.mp3	اورنگزیب کے بعد کمزور حکمران آئے تو سلطنت انتشار کا شکار ہوتی گئی۔	ارنگزیب کے بعد کم زور حکمران آید تو سلطرت انتشار کا شکار ہو تی گئی
common_voice_ur_31943645.mp3	یہ معلوم کرنا مشکل نہیں کہ کس ملک کا کتنا کچرا ھے	یہ معلوم کرنو مصکل نہی کے کسی محمملک کا کتنا کچر ہے
common_voice_ur_31891047.mp3	ایشیا کپ ہانگ کانگ کو دلچسپ مقابلے کے بعد بھارت کے ہاتھوں شکست	ایشیا کپ ہونکونگ کو دلچسپ مقابلے کے باہد بھارت کے حاتوں شکست
common_voice_ur_31949022.mp3	تشدد سب جانتے ہیں کہ بد ترین گھٹن کو جنم دیتا ہے۔	تشدوت سب جانتے ہیں کے بدترین بھٹن کو جنم دیتا ہے
common_voice_ur_38456020.mp3	لوگ پہلے سمجھتے تھے کہ سورج زمین کے گرد گردش کرتا ہے۔	لو پرے سماشتت کے صرت زمین کی گلت کردش کرتا ہے
common_voice_ur_31969951.mp3	خیال تھا کہ عید کے تہذیبی پہلو پر کچھ لکھوں گا۔	خیال تھا کہ اید کیے تیظیبی پھیلو پہر کچ لکھ ہوں گا
common_voice_ur_31959148.mp3	دنیا میں بقا کی جنگ نئے دور میں داخل ہو رہی ہے۔	تنیا میں بقا کے جنگ نئ دور میں داخل ہو جئی ہے
common_voice_ur_31953683.mp3	نوجوان کرکٹر حسین طلعت اور اصف علی کا ٹی میں ڈیبیو	نجوان کرکٹر سینطعلت اور آاصب حری کٹ ٹیم میں ٹیفیو
common_voice_ur_38438826.mp3	اور اس وقت ملتان کی سرحدیں ساحل سمندر تک پھیلی ہوئی تھی	اور اصبق ملقان کس درحدیں لائنے سمندر تک ٹھیڈی ہوئی تھی
common_voice_ur_32054523.mp3	تو لوگ اس کی عظمت کے اعتراف میں مضامین لکھتے ہیں۔	تو لوگ اس کی عظمت کے اطراف میں ملامی لکھتے ہیں
common_voice_ur_31972948.mp3	فلاحی ریاست کی اولین ترجیح عوام کی فلاح و بہبود ہوتی ہے۔	لاہر ریاست کی عولن ترجی اوام کی فلاعو بہبود ہوتی ہے
common_voice_ur_31837084.mp3	وہ اپنی ہر غلطی کے اسباب خارج میں تلاش کرتے ہیں۔	وہ اپنی حر گلتی کہ اسباب خارج میں تلاش کرتے ہیں
common_voice_ur_32010423.mp3	سر درد کی تکلیف اور ذہنی امراض کے درمیان ایک تعلق ہے	سئلدیسکی تطریف اور زہنیہ امراسک درمیان ایک تعلق ہے
common_voice_ur_31813656.mp3	مستحکم کرنے کے بعد اب معیشت ٹیک آف کر چکی ہے	مستحکم کرنے کے بعد اب معیشت ٹیک آف کرچکی ہے
common_voice_ur_31960065.mp3	میں اسی لیے سیاسی عمل کے تسلسل کی حمایت کرتا ہوں۔	میں اسی لئے سیاسی عمل کی طصلصوس کی حمائت کرتا ہوں
common_voice_ur_38487521.mp3	لہذا ہم جیسے اناڑیوں کے لئے کمپیوٹر کا استعمال خاصا مشکل تھا۔	لیازا ہم جیسی عناڑیوں کھلیے کی بوٹر کا استعمال خاسہ مشکل تھا
common_voice_ur_31982207.mp3	ان پران کے آگے پیچھے سے امرِالٰہی کے مؤکل لگے رہتے ہیں	ان پھر ان کے اوگے پیچھے سے عمرع لاحی کے مکے لگے رہتے ہیں
common_voice_ur_38461161.mp3	شمالی نصف کرہ میں اس مہینے میں سردی کا موسم ہوتا ہے	شمالی نسف قرا میں اس مہینے میں سردی کا ماسن ہوتا
common_voice_ur_31809520.mp3	ماں کا وجودسارے ماحول کو اپنی لپیٹ میں لے رہا ہے۔	ماں کا وجود صارے ماحول کو اپنی لپیٹ ملھ لیے رہا ہے
common_voice_ur_31837112.mp3	ترقیاتی کاموں کے لیے بجٹ کی خطیر رقم مختص کی گئی ہے۔	توقیاتی کام وں کلیے بجٹ کی خطی رکم مختص کی گئی ہے
common_voice_ur_38426097.mp3	انسانی ضروریات صرف مادی نہیں ہوتیں یہ روحانی اور جمالیاتی بھی ہوتی ہیں۔	انصانی ضروریات صرف معدی نہیں ہوتی یہ روحانی اور جمالیاتی پھی ہوتی ہیں
common_voice_ur_38426345.mp3	اسکردو کو تیزی سے یورپ میں تیار کردہ ایشین نقشوں میں کھینچ لیا گیا	سکردو کو تیزیسے یورپ م تیار کرتا ایشین نقشاں میں کھینچھ لیا گیا
common_voice_ur_31830712.mp3	مشرق وسطی میں اضطراب ہے اور ہم اس کی زد میں ہیں۔	مشرق وستہ میں اس طراب ہے اور ہم اس کی زد میں ہیں
common_voice_ur_38427390.mp3	انتخابات سے پہلے سدھائے ہوئے پرندوں کو نئے آشیانے فراہم کیے جارہے ہیں۔	انتخابات سے پہلے سدئے ہوئے پرندو کو نئے اشیانے فارہم کیئے جا رہے ہیں
common_voice_ur_31837039.mp3	اور غریبوں کو قتل کیا ریاست کے ریٹائر طاقتور لوگ جس کے ملازم ھیں	اور غریبوں کو کتلکیہ ریاست کے ریٹائر ٹاقتور لوگ جس کائے ملازم ہیں
common_voice_ur_31950989.mp3	کہ زر مبادلہ کے ذخائر گر رہے ہیں اور اتنے محدود	کیہضیر مباتلہ کے زخھائر گیر رہے ہیں اور اتن محدود
common_voice_ur_31937120.mp3	اسلام کو نئے پن کی نہیں، تجدید کی ضرورت ہو تی ہے۔	اسلام کو نئے پن کی نہیں تجدید کی ظررت ہوتی ہے
common_voice_ur_31834684.mp3	سلیکشن کمیٹی کا سرفراز کو ئندہ سیریز میں رام دینے کا فیصلہ	سلیکشن کمیرٹی کا سرفراز کو اندا سیریس میرام دین کا فیصلہ
common_voice_ur_41173435.mp3	انڈیا کی ثقا فت کی پاکستان پر یلغار سب کے سامنے ہے	انڈیا کی صقافت کی پاکستان پاری گلغار سب کے سامنے ہے
common_voice_ur_32091098.mp3	وہ برابر اپنے نگران فرشتوں کو ان پر مقرر رکھتا ہے	وہ برابر اپنے نگران فریشتوں کو ان پر مقر رکھتا ہے
common_voice_ur_31995521.mp3	تمام ہوا تاہم ایک نظریے کے طور پر وہ زندہ ہے	تمام واعتا ہم ایک نظری کے دورپر وہ زندان ہے
common_voice_ur_31792339.mp3	میرے لیے اس سارے کھیل میں یہی بات باعث تشویش ہے۔	میرے لیے اس سارے کھل میں یہیں باد باعصے تشویش ہے
common_voice_ur_31792320.mp3	استاد ستون کے ساتھ ٹیک لگائے بیٹھا درس دے رہا تھا۔	استات سطوں کے ساتھ ٹیکھ لگائے بیٹھا درسے رہا تھا
common_voice_ur_31846655.mp3	کورونا کے باعث کروڑ مزدوروں کی جگہ روبوٹ لے لیں گے	کارونا کے بائ اس کروڑوں مزورو کی جگا روبوٹ لی لیں گے
common_voice_ur_31843378.mp3	لباسِ ظاہری کو گندگی اور نجاست سے آلودہ نہ ہونے دے	نواسہ زاحری کوگندگی اور نجاست سے علودہ نہ ہونے گی
common_voice_ur_31997435.mp3	سابق کوچ کمبلے کو ہٹانے کیلئے کوہلی کی سازش کا راز فاش	اا
common_voice_ur_31809809.mp3	اسلام اباد وفاقی حکومت نے شاہد محمود سیکریٹری خزانہ تعینات کردیا	اسلامباوفا کی حکومت نے شاہد محمود سے کریٹٹگی خزانا تائیغنا ٹکردیا
common_voice_ur_31830233.mp3	اور یہ رنگین لمحات آنکھوں اور دل میں محفوظ کر لیا جائیں۔	اریے رنگین لمحاد آنکھوں اور طل میں محطوس کر دیا جائے
common_voice_ur_31834809.mp3	حکمت عملی کے تحت خاموشی بھی روا رکھی جا سکتی ہے۔	اکمتے املیقت تہت خام وچھی بھی روا رکھی چاسکتیے
common_voice_ur_31823336.mp3	حیات شیخ چلی کے چند صفحات پروف دوم کے لیے میسر ہیں۔	حیاد شہ چللی کے چن سفاتھ روخ دوم کے لئے میسر ہیں
common_voice_ur_31998146.mp3	اکثر یورپ کے رنگ میں رنگ جاتے ہیں پھر ماں باپ روتے ہیں	اگصر جرپ کے رنگ میں رنگ جاتے ہیں پھر معباب روتے ہیں
common_voice_ur_38437040.mp3	جو زخم دل میں ہیں سبھی تن پر سجا کے لا	جو صکق دلنہوں سبھی تنپیس سجا کیلاا
common_voice_ur_38447140.mp3	اس لئے خفیہ اداروں کے تمام امور کو بخوبی جانتے تھے	اس لیے نفیہ عڈارو کے تمام عموب کو بفوبی جانتے تھے
common_voice_ur_31990531.mp3	ی الحال اس ہنگامی صورتحال میں سوال ہی پیدا نہیں ہوتا	یہ لحال اس آنگامی صورتحال میں سوال ہی پیدانیں ہو تا
common_voice_ur_38479198.mp3	میں بھی ایک دو بار انہیں ملا اوربڑا ہنس مکھ اورکھلے ڈلے مزاج کا پایا۔	میں پھی ایک تو پر انہیں میلا اور بڑا حنسموں اور کھلے دل میں زاج کا پایا
common_voice_ur_32028688.mp3	کچھ لوگ ایران کو طاغوت سے مصالحت کا طعنہ دیں گے۔	کچھلوغیان کو تاوح سنص علخ کاتانا دلنز
common_voice_ur_31985896.mp3	بی بی سی اردو صرف اسلام دشمنی کے علاوہ کچھ نہیں کرتی	بی بی سی وردو صرف اسلام دشمنی کی علاوا کچھ نہیں کرتی
common_voice_ur_31955180.mp3	اس کے بعد پیٹ پوجا کی تیاریوں میں مصروف ہو گئے	اس کے بعد پیٹپوجہ کی تیاریوں میں مصروف ہو گئے
common_voice_ur_31955377.mp3	جو نفس تھا خار گلو بنا جو اٹھے تھے ہاتھ لہو ہوئے	چونآفستہ خوار غلوع بنا جو اٹھے تھحات لہورہوے
common_voice_ur_32089871.mp3	مزاحمت ہی میں ان کے لیے بقا کا امکان پوشیدہ تھا۔	مزاحمت ہی میں انکے لئے بکا کام امکان پوشیدہ تھا
common_voice_ur_31958608.mp3	آپ نے اس غریب دیہاتی کا وہ لطیفہ تو سنا ہو گا	آپ نے اس گقریب جہاتی کا وہ لتیفہ تو سنا ہو گا
common_voice_ur_31964895.mp3	میں بھی بے روزگار ہوں مجھے بھی کچھ ایسا کام ڈھونڈ دیں	میں بھی بیروسکار خمجہ بھی قچھ اصتاقامد من ف
common_voice_ur_38429179.mp3	وہ اسلام علیکم کہہ کر تیزی سے نشست پر بیٹھ گیا۔	وہ اص لامو لیکم کے کہ تیزی سے ن شسٹ پر بیڈ گیا
common_voice_ur_31949930.mp3	لو وصل کی ساعت آ پہنچی پھر حکم حضوری پر ہم نے	لو وسلد کی سااتھ آپ ہونچی پھر خکم حصوری پر ہم نے
common_voice_ur_31991170.mp3	جو کہ پوری دنیا میں کِسی بھی موبائل فون پر بھی پڑھنا جاسکیں	جو کہ پوری دنیا میں کسی بھی مبائل فون پر بھی پڑنا جا سکھے ہیں
common_voice_ur_31991173.mp3	بلکہ اس میں پانچ اسپیشلسٹ بیٹسمینوں سمیت دس کھلاڑی اور بھی ہیں	بلکہ عس میں پانچ سپیشلسٹ بیٹس منو سمیٹ دس کھلاری اور بھی ہیں
common_voice_ur_31813849.mp3	وہ بین السطور اسے کپڑے پہنانے کی تاکید کر رہا ہے۔	وہ بین ال عزدور اسے کپڑے پہنے کی تاقیق کرہا ہے
common_voice_ur_31953259.mp3	جہنم کا جو نقشہ قرآن پاک میں پیش کیا گیا ہے	جہنومکا جو نکشاہ کرآن پاک میں پیش کیا گیا ہے
common_voice_ur_31847582.mp3	تو صحافت اور سلامتی کے تعلق پر کیوں نہیں ہو سکتی؟	تو صحافت و سلامتی کی تعلق پر کیوں نہیں ہوسکتی
common_voice_ur_31995186.mp3	چیئرمین پی سی بی کو عہدے سے ہٹانے کیلئے دائر درخواست مسترد	چیرمن پی سی بھی کو آودعے سے ہھٹانے کی لئے داہر درقواس مسترد
common_voice_ur_31828180.mp3	ائی سی سی ورلڈ الیون بمقابلہ ویسٹ انڈیزشاہد افریدی شعیب ملک ورلڈ الیون میں شامل	آئسیسی ورلڈ الیون مقعبلا ویسٹ انڈیز شاہد آفریدی شرب ملیک ورلی لیونمیں شامنں
common_voice_ur_31957921.mp3	آج تک یہ حرکت وزارت عظمی کی چھتری تلے ہو رہی تھی۔	آج تک یہ حرکت وزارطیرزوی کی چطہری طلع حوری تھی
common_voice_ur_32050712.mp3	اب وہ لوگ کھل کر سامنے آئیں گے جو جہانگیر ترین	اب وہ لوک  کھلی تر سامنے آئیں گے جڈ جھانگیٹ تے رہیں
common_voice_ur_32012287.mp3	پاکستان میں اردو زبان میں ڈب کر کے نشر کیا جارہا ہے	پاکستان اولدزبان میں ڈپ کئی کے مشح کیا جا راہے
common_voice_ur_31811188.mp3	اختلاف اس سلیقے سے کیا جائے کہ کسی سے ناانصافی نہ ہو۔	مختلاف اص طلیقے سے کیا جائے کہ کسی سے نہ انصافی نہ ہو
common_voice_ur_31990564.mp3	اسی شاخ کو کاٹتے ہیں جس پر ہمارا آشیانہ قائم ہے۔	حسی شا کو کارتی ہیں جس پر ہمارا آشیانا کائم ہے
common_voice_ur_31957832.mp3	گزشتہ ایک ہفتہ کے دوران اسٹیٹ بینک کے زرمبادلہ ذخائر میں اضافہ	غزشتہ ی کب ٹک دوا رنج ٹیٹ بینکز زر مبنل  خائع میں اصافہ
common_voice_ur_31809489.mp3	کیوں اس لیے کہہ وہ اپن کیخلاف ہی لڑ ہوئے ید ہوئے	کیوں اس لیے کہ وہ اپن کے خلاف ہی لڑ ہوئے یا دوئے
common_voice_ur_31834741.mp3	کسٹم نے طورخم بارڈر پر اربوں کی کرپشن کو جھوٹ قرار دے دیا	کسٹام نے تارخم بارڈر پر عرپوں کی کرپشن کو جھوٹھ کرار دیدیا
common_voice_ur_38438156.mp3	پهر، جی میں ہے کہ در پہ کسی کے پڑے رہیں	پھر جیم  ہے کہ درپہ کسی کے پڑے رہے
common_voice_ur_38436547.mp3	واہ بھائی واہ آج پتا چلا کہ سب ببلو کو کتنا چاہتے ہیں	وا بھئی وا آج بتا چیلا کے سب ببلو کو کتنا چاہتے ہیں
common_voice_ur_31984815.mp3	واجبادائیگی کی مختصر تاریخیں بڑھتی ہوئی شرح کی علامت جانی جاتی ہیں	وج وجاعی کی مختصع تاریشیں برتی ہوئی شرحقی علامت چانی جاتی ہیں
common_voice_ur_38435376.mp3	ٹھنڈی ہوا چل رہی تھی چاند اپنی نورانی کرنیں پھیلائے ہوۓ تھا	ٹھنڈی ہوا چالرہی تھی چاند اپنی نورانی کیرنے پھلائے ہوے تھا
common_voice_ur_32025873.mp3	اب بھی سرکاری سکولوں میں ٹیچروں کا جنرل نالج زیرو ہے	اب بھی سلکالہ سفرووٹتی فل کا جانلنالچھ زروے
common_voice_ur_31832330.mp3	تجربہ یہ ہے کہ دھرنے صرف حادثات کو جنم دیتے ہیں۔	تجربہ یہ ہے کہ دھرنے صرف آج سات کو جینام دیتے ہیں
common_voice_ur_31832288.mp3	تو اسے آزادیٔ رائے سے الگ کرنا مشکل ہو جائے گا۔	تو اسے آزادی رئے سے الح کرنا مشکھل ہو جائے گا
common_voice_ur_32005013.mp3	اللہ پاک آپ کو صحت کے ساتھ خوشیاں عطا فرمائے آمین	اللہ پاک آپ قو صعت کے ساتھ کشیاں دافرمائآمییں
common_voice_ur_31987889.mp3	وہ اسی مسئلے پر گرینڈ ڈائیلاگ کی بات کر رہے ہیں۔	وہ اسی مسلق وڑڈ گرین ڈائ لاگ کی بات پر رہے ہیں
common_voice_ur_38499178.mp3	فردوس عاشق اعوان نے پیٹرولیم مصنوعات کی قیمتوں میں کمی کا اعلان کردیا	پردوس اش کوانے پٹرولیں مسنوععت کی قیم کو میں کمی کا اعلان کر دیا
common_voice_ur_38499113.mp3	بادشاہ بیگم ایمان علی نے صبا قمر کی جگہ لے لی	بعد شاہ بیگم امان علی نے سبا قمر تی جگاہ لے لی
common_voice_ur_38499149.mp3	خودی سے اس طلسم رنگ و بو کو توڑ سکتے ہیں	اسے اس طلسمیں رنگو بوح کو توڑ سکتیں ہے
common_voice_ur_38460701.mp3	اس موضوع پر ان کی معلومات کی وسعت اور تازگی حیرت انگیز تھی۔	اس موصع پر انکیمعلومات کی وصت اورطعصکی حیرت انگیس تھی
common_voice_ur_31829300.mp3	ہنگری میں ایئر ریس کا انعقادپائلٹس کے سٹنٹس نے سب کو چونکا دیا	ہنگری مں ایئر ریس کا عناقات پائلٹس کی سٹینٹس نے سب کو چنکا دیا
common_voice_ur_31829283.mp3	کسی کو ہار پہنانے کے لیے خوشبودار پھول استعمال ہوتے ہیں۔	کسی قہار پہنانے کیلیے خوشخودار پول استعمال ہوتے ہیں
common_voice_ur_31843149.mp3	ہمارے ہاں جب علوم کے احیا کی کوئی تحریک اٹھے گی۔	ہمارے حان جب علوم کی آحیا کی کوئی تیریق اٹھے گی
common_voice_ur_31792779.mp3	امریکی شہر لاس اینجلس میں خصوصی اولمپکس کی رنگا رنگ تقریب	امریکی شہیل لاسٹ انجلیس میں خسوسی اولیمپکس کی رنگا رنگ تقریب
common_voice_ur_31836918.mp3	تو عاصم اور جمہوریت کو کیوں الگ نہیں کیا جا سکتا؟	تو عاسیم اور جمہوریت کو کیوں الگ نہیں کیا جا سکتا
common_voice_ur_31955202.mp3	دل کی صفائی کے لیے جد و جہد کرتے رہا کرو	دل کی سفاعی کیلیے جدو جہر کرتے رحا کرو
common_voice_ur_31977367.mp3	شین واٹسن نے ٹیسٹ کرکٹ سے ریٹائرمنٹ کا اعلان کر دیا	چھین واٹسمن نے ٹیسٹ کرکٹ سے ریٹارمٹ کا اعلان کر دیا
common_voice_ur_31997462.mp3	خیر کچھ ضروری سامان جلد بازی میں لیا اور نکل پڑے ۔	خیر کوچھ ظروری سامان جلد باضی میں لیا اور نکل پڑے
common_voice_ur_31924363.mp3	ان میں بے شمار فرقے ہیں اور بہت سے لوگ لبرل ہیں۔	ان میں بے شمار فرکے ہیں اور بہت سے لوگ لبرل ہے
common_voice_ur_31979672.mp3	اس بات کا لحاظ رکھنا ہے کہ کوئی جذبہ انتقام یا	اصبات کی ل حاص رکھنا ہے کہ کوئی چیسوائی انتقام یا
common_voice_ur_31979435.mp3	لوگوں میں کس کے خلاف اشتعال پیدا کیا جا رہا ہے؟	لوگوں میں کس کی خلاف اشتعیال پیداے کیا جا رہا ہے
common_voice_ur_31836871.mp3	لاہور نجی باڈی بلڈنگ کلب کے تحت پاکستان باڈی بلڈنگ چیمپئن شپ کا انعقاد	لاہور نجی باڑی بیڑنگ کل ابکہ تہے پاکستان بارڈی بیڑنگ چیمپئین شپ کا ان عقاد
common_voice_ur_38431403.mp3	الیکشن کمیشن نے بھی ان کے ساتھ جو نرمی برتی، میرا خیال ہے۔	الیکشن ک میشن نے بھی ان کے سات جو نرمی برتی میرا خیال ہے
common_voice_ur_38460530.mp3	ضرورت فقیر کی بھی پوری ہوتی ہے لیکن خواھش بادشاہ کی بھی پوری نہیں ہوتی	زرورت فکین کی پھی پوری ہوتی ہے لیکن فاعش باشہ کی بھی پوری ندہیں ہتل
common_voice_ur_31829196.mp3	جمہوریت کی برکت سے لیکن اس کا امکان کم ہوگیا ہے۔	جمہوریت کے برکت سے لیکن اس کا امکان کم ہو گیا ہے
common_voice_ur_31792952.mp3	کرن کے سوال کے جواب میں شویتا نے کہا ایشوریا کبھی بھی	کرنڈ کے سوال کے جواب میں شوعطا نے کہا ایشوریا کبھی بھی
common_voice_ur_31831546.mp3	بس کسی شادی بیاہ یا عید کے موقع پر کبھی کبھارکھلتا ہے ۔	بس کسی شادی بیا یا عیت کے ماقعے پر کبھی کبار کھلتا ہے
common_voice_ur_31960385.mp3	کم کارڈیشین نے پیپلز چوائس ایوارڈ فائر فائیٹرز کے نام کردیا	کن کا ڈیشل میں پیپلز چوئز اوارڈ فائف ائیڈرز کے نام کردیا
common_voice_ur_31864638.mp3	تھائی لینڈ غار اپریشن تمام بچے اور کوچ بحفاظت نکال لئے گئے	تھائیلینڈغار آپریشن تمام بچے اور کوچ کاحیفاضت نکار لیں گے
common_voice_ur_38464207.mp3	اس مفاہمانہ رویے کے پیچھے زرداری صاحب کے نیب میں موجود کیسز ہوں۔	اس مفاخ مانہ روعییے ک کیچھ زرداری ساعم ی ہنے ے تیہ میودکیسے
common_voice_ur_31998704.mp3	تو کشمیر کے مسئلے پر ہم کیوں یہ توقع رکھتے ہیں۔	تو کشمیر کے مسلپےر ہم کیو یہ توکہ رکھتے ہیں
common_voice_ur_31952221.mp3	تو میرا خیال ہے کہ انہیں یہ موقع ضرور ملنا چاہیے۔	تو میراخیال ہے کہ انہیں یہ موکھے ظرور میں نا چاہیے
common_voice_ur_31952130.mp3	ان دنوں حسین حقانی صاحب کا ایک مضمون زیر بحث ہے۔	ان دنوں حسین حقانی سائب کا ایک مزوون زیر بحث ہے
common_voice_ur_31847413.mp3	سٹریلیا سے ٹیسٹ سیریز کیلئے قومی ٹیم کا اعلان عامر ڈراپ	اسٹریلیا سی ٹیکس سینیز کی لیے قومی ٹیم گا ایلان آمیڈراف
common_voice_ur_31927388.mp3	اس کی صورت حال میں روشنی کی کوئی رمق نہیں دیکھتا ہے۔	اس کی صرت حالمیں روشنی کی کوئی رمک نہیں دیکھتا ہے
common_voice_ur_31886863.mp3	اس بیانیے کی بھرپور تائید کے ساتھ میرا تجزیہ یہی ہے	اس بیانیے کی بھر پور تائید کے ساتھ میرات تجسیہ یہی ہے
common_voice_ur_32042729.mp3	تین روزہ عالمی کانفرنس موئن جو دڑو پر منعقد کررہے ہیں	ٹین روزا آلمی کانفینس مئنجر دوڑ پر مناقد کر رہے ہیں
common_voice_ur_31927480.mp3	وہ اگر اپنے علاوہ کسی کی بہادری کا ذکر کرتے ہیں۔	وہ اگر اپنے علاوہ کسی کی بہادری کا ضکر کرتے ہیں
common_voice_ur_31832161.mp3	ان کے باب میں تاریخ پر انحصار نہیں کیا جائے گا۔	ان کے باب میں تاریخ پر انحصر نہیں کیا جائے گا
common_voice_ur_31925908.mp3	آج دینی مدارس کی سب سے بڑی وکیل جماعت اسلامی ہے۔	آجگوع مدارس کی سب سے مری وکیل جمات کنانی ہیں
common_voice_ur_31987908.mp3	وہ صرف تجربہ کر کی چیز ہے اور بتائی نہیں جاسک	وہ صرف تجربہ کرگ کی چیز ہے اور بتائی نہیں جاسکا
common_voice_ur_31974260.mp3	مے کشوں پر ہوا محتسب مہرباں دل فگاروں پہ قاتل کو پیار آ گیا	نے کشوں پرخواع محتصے مہیبان دل چھگاروں ب قاطل کو پیا آ گیا
common_voice_ur_32099819.mp3	کراچی سے خانپور تک ریلوے ٹریک کی بحالی کا منصوبہ مکمل	کراچی سے خان پور تکھ ریلویٹ رے کی بہالی کا منصوبہ مقمل
common_voice_ur_31809538.mp3	لله ان سب کو اور انکی فیملیز کو اپنے حفظ و امان ميں رکھے	اللہا انسب کو اوران کی فیملیز کو اپنے حوسہ آمان میں رکھے
common_voice_ur_31922065.mp3	مرد سفر نامہ نگار منظر کی کی قوس و قزح بکھیرنے کی کوشش کرتے ہیں	مائڈد سفر نامہ نے گائر منظر کی کی کو کوسو کزاب بکھینے کی کوشش کرتے ہیں
common_voice_ur_32068021.mp3	پی سی بی نے احمد شہزاد کو شوکاز نوٹس جاری کردیا	پی سی بی انےےیم اشیاد کو شکیس نوٹل چاری کردیا
common_voice_ur_32053934.mp3	اس کے لیے وہ ناظرین کی تعداد میں اضافہ چاہتا ہے۔	اس کے لیے وہ ناہظرین کیطادات میں ظافع چاتا ہے
common_voice_ur_31814897.mp3	آپﷺ کی ذات اور آپ کے اہل بیت اس کاخصوصی ہدف تھے۔	آپ سلالاحو لہے والے وی سلم کی زات اور آپ کے اہلے بحچھ کسی کاخخصوصری عدق تھے
common_voice_ur_38476172.mp3	کیوں کہ مجھے وہ نہیں اچھا لکھتا مجھے دوسرا لڑکا اچھا لگتا ہے	کیونک مجھے وہ نہیں اچھا لکھتا مجھہے دوسرا لرقا اچھا لبٹا ہے
common_voice_ur_31960280.mp3	شاہد افریدی کا بیان تنگ نظر بھارتیوں کو پسند نہ ایا	شائد افریدی کابعیان تنگ نظر بھارتیوں کو پسندہ آیا
common_voice_ur_31965523.mp3	پی سی بی چیئرمین کا انضمام اور باسط پر مکمل اعتماد کا اظہار	پیسی بی چرمین کا ہنزمام اور باست پر مکمل عیجمانت کردہر
common_voice_ur_31835198.mp3	پشاور ہائی کورٹ کا چکن کی برآمد پر پابندی کا حکم کام کر گیا	پشا ور ہائی کھورڈ کا چکن کی برامت پر پابندی کا حکم کام کر کیا
common_voice_ur_31894705.mp3	جو یَہاں کا جنگلات کےحسن کو چار چاند لگنا دینا ہونا	جو یہاں کا جمبلاک کے حسن کو چاراند لگنا دینا ہونا
common_voice_ur_31835265.mp3	ٹرکوں پر دلکش نقش ونگار بنانے والے فنکار مسائل کا شکار	ٹرپقوں پر تلکش نقشوں نکار بنانے والے فن کار مسال کا شکار
common_voice_ur_31829393.mp3	اور گرین ہاؤس ایفیکٹ کو سبز مکانی اثر لکھا کرتے تھے	اور گرین ہاؤسس ایفیکٹ بو سب س مکانی اصر لکھا کرتے تھے
common_voice_ur_31829392.mp3	میرا احساس ہے کہ اس کی جڑیں فکری ابہام میں ہیں۔	میرا ععصاص ہے کہ اس کی جریں فکریب ایبھام مے ہیں
common_voice_ur_31894890.mp3	پھر صرف ایک آواز گونجے گی: 'آج اقتدار کس کا ہے‘؟	پھر صرف ایک آواز گنجے کی ج اقتدار کسی کا ہے
common_voice_ur_31829993.mp3	ہوائی سفر کے لیے مسافروں کو محفوظ گزرگاہ فراہم کی جائے گی	ہوائی سفر کی لیے مصافروں کو محوز گزر گا فراہم کی جائے کھی
common_voice_ur_31955403.mp3	اس نشہ میں اسے جو بتایا جائے، اسے سچ مان لیتی ہے۔	اس نشی وہیں اسے جو بٹایا جائے اسے سچھ معن دیتی ہے
common_voice_ur_31927863.mp3	اپنی پہچان کرنے کے بعد ہی آپ کو خالق کی پہچان ہوگی	اپنی پیچان کرنے ک بعد ہی آپ کو خالق کی پچان ہو گئی
common_voice_ur_31835268.mp3	برطانیہ لندن کے بعد یارک شائر نے بھی اوبر کے لائسنس کی تجدید سے انکارکردیا	پرتانیا لندن کی باد اجارقش سائل میں بھی عبر کی لیسنس کی تج تیب سے انکار کردیا
common_voice_ur_31813095.mp3	شاہد افریدی کا کشمیر سے متعلق بیانبھارتی کرکٹرز کو اگ لگ گئی	شائد افریدی کا دشمیر سے متعلق بیان بھارتیک رک رس کو آک لگگئی
common_voice_ur_31978976.mp3	صبح فردا کو پھر دل ترسنے لگا عمر رفتہ ترا اعتبار آ گیا	تبا فردہ کا پھر ڈل طرسٹ نے لیگا عمر رفطہ طرح اٹبا آ گیا
common_voice_ur_31792741.mp3	تمام گیسیں جو زمینی درجہ حرارت میں اضافے کا باعث بنیں	تمام گیسیں جزمینی درجہرارت میں اظافے کا باعس نہیں
common_voice_ur_31965524.mp3	کچھ عرصہ پہلے لکھا جاتا تھا کہ غربت بھی فحاشی ہے۔	کچاسپیلے لکھا جاتاتا کہ گربر بھی خہر ہی ے
common_voice_ur_31960546.mp3	ملتان نیشنل بینک کے عملے کے مبینہ فراڈ کے خلاف تاجروںشہریوں کا احتجاج	ملقان میشنل بینگ کے عملے کی مبینا خرارٹ کے خلاف تاجروں شہریوں کا عتجاج
common_voice_ur_31792476.mp3	ایک زیادہ تنخواہ والی نوکری کا انتخاب کرنا غیراخلاقی نہیں ہے	انک سیادہ تہخوا والی نوقری کا انتخاب کرپنا غیر احلاقی نہیں ہے
common_voice_ur_31792474.mp3	کھوکھرا پار مونا با ریل لنک کے معاہدے میں تین سال کی توسیع	ہوکرا پار مونا باریل لنک کی موایتی متتین سال کی توسحیح
common_voice_ur_31976109.mp3	ٹی ٹونٹی ورلڈکپ ءمیرے کیریئر کا خری ورلڈ کپ ہو گا شاہد فریدی	ٹی ٹونٹی ورلڈ کپ میرے کریر کا آخری ورد کپ کہو گا شاہد آفری تی
common_voice_ur_31965577.mp3	اسی طرح نیکیوں کا بھی ایک جیسا اجر بیان کرتا ہے۔	اسی طرہاں لی کیوں کا بھی ایک جیسا اآجہربیان کرتا ہے
common_voice_ur_31828879.mp3	سفر نامے میں عوامی زندگی اور اُس سے جڑے ہوئے مسائل	سفر نامے میں عوانی زندگی اور اسسے ججڑے ہوے مسائر
common_voice_ur_31920493.mp3	میرے اور ان کے گاؤں میں چند کلو میٹرکا فاصلہ ہے۔	میرے اور ان کے گاؤں میں چند کیلوں میٹر کافاصلہ ہے
common_voice_ur_31816209.mp3	بالائی سطح پر پاکستان میں کرپشن کا خاتمہ ہو چکا ہے۔	بالائی صطعح پر پاکستان میں کرپشن کا خاتمہ ہو چکا ہے
common_voice_ur_31968672.mp3	پاکستان کاکینیڈا سے ٹیکسٹائل مصنوعات کو ڈیوٹی فری رسائی دینے کامطالبہ	پاکستان کا کنڈا سے ٹیکس ڈائل مسنوات کو جیوٹی فری رسائی ڈینے گا مقالبے
common_voice_ur_32024033.mp3	محترم جنرل حمید گل صاحب کی سیاسی فقہ میں ممکن ہے۔	محترم جنون حمید گو بزہارگی سیاسی فکہ میں ممقن ہے
common_voice_ur_32050278.mp3	فاطمہ بجیا کے ترجمہ شدہ جاپانی ڈراموں پر مشتمل کتاب کا اجراء	فعتمابجیہ کے ترجومہ شدہ جاپانی ڈراموں پر مشتمل کتاب کاعدر
common_voice_ur_32026720.mp3	قومی کرکٹر محمد حفیظ کے بالنگ ایکشن کا ٹیسٹ ہو گا	قوم یک ریکیٹ مومزر فیج کی والںگ ا یکشن کا ٹریفس ہو گا
common_voice_ur_31809591.mp3	ابوظہبی میں مصباح الیون کیخلاف معین علی انگلش ٹیم کے مددگار	اب و صہپی میں مسبا علیون کیخلاف موئل علی انلیش ٹیم کا مدد کار
common_voice_ur_32040319.mp3	صرف کام کرو کھانا کھاؤ ٹیکس دو کام ختم اور ہم بھی فارخ	صرف کام رو کھاناکھاو ٹیکس تو کام ختم اور حمدی فاغر
common_voice_ur_31916684.mp3	ہیجان پیدا کرنا اس وقت ملک کے مفاد میں نہیں ہے۔	ایجان پیدا کرنا اس وقت ملک کے مفاد میں نہیں ہے
common_voice_ur_31950589.mp3	مقبول قیادت کو بے توقیر کرنے کا عمل آگے بڑھے گا۔	مکبول کعیادت کو بےتوکین کرنے کا عمر اگے پڑھے ہے
common_voice_ur_38457034.mp3	یہاں تو زندہ انسان بغیر کھال کے لٹکا ہوا تڑپ رہا تھا	یہاں تو زندہ انسان بغیر خال کہ لڑکا ہوا تڑپ رہا تھا
common_voice_ur_31944304.mp3	سوال یہ ہے کہ ایک خلاف شریعت فعل واقع کیسے ہوگا؟	خواری حے کیہ ایک خلافیشیرید خائل واکی کی سے حولدیا
common_voice_ur_31943826.mp3	جس ادا سے یار تھے آشنا وہ مزاج باد صبا گیا	کس دا سے عیار تھے اشدح وہ میدائج ا کورا دیا
common_voice_ur_31980172.mp3	میرے وطن کو اباد رکھنایوم ازادی کے لیے نیا ملی نغمہ	میرے وطن کوواعد رکھنا یومیا زاد کھلین نیا منی حتنا
common_voice_ur_31837409.mp3	دوسرا اس وجہ سے کہ اس کی پشت پر ذرائع ابلاغ ہیں۔	دوسرہ اس وجہ سے کہ اس کی پچھت بر زرائے اب لاگ ہیں
common_voice_ur_31955707.mp3	اب تو انکےلئے اسطرح کا ہر قدم خودکشی کے مترادف ہے	اب تو انکے لیے اس طرح کا حر قدم خود کشے کے مترادف ہے
common_voice_ur_38433626.mp3	کہا تم نے کہ ’’ کیوں ہو غیر کے ملنے میں رسوائی‘‘	کہا تم نے کہ کیوں ہوہ غیر کے ملنے میے رسوائی
common_voice_ur_32017672.mp3	آپ بھی سوچیے کہ ہمارے ساتھ یہ حادثہ کیسے گزر گیا؟	اب بھی صوچیع کے مارے ساتھ ی آ ساد کیسی گزر گیا
common_voice_ur_32018713.mp3	مجھے ڈر رہتا ہے کے میں کچھ غلط کر دوں گا	ویہ ڈھر ہیتا ہے کہ میں کجھ قلت کا دوں گمجےبی
common_voice_ur_31790593.mp3	دھکا م دیجئے، بس پر چڑھنے کے لئے اپنی باری کا انتظار کریں	دہکام دی جئے بس پھٹ چہنے کے لیے آپنی باری کا انتصار کرےں
common_voice_ur_31813925.mp3	اس نے غم کی وجہ سے چار دن سے کھانا نہیں کھایا	اس نے گم کی وجہ سے چار دن سے کھانا نہیں کھایا
common_voice_ur_31825555.mp3	سپیکر نے اسمبلی کی سطح پر ایک اچھا قدم اٹھایا ہے۔	سپیکر نے صملی کی سطح پر ایک اچشا قدم اٹھایا ہے
common_voice_ur_31921863.mp3	دین کا غلبہ رسالت مآبﷺ کے کار منصبی سے متعلق تھا۔	دین کا غل بھر ساعلع تماب صرلاحلورصیلم کے کار منصروی سے متعلق تھا
common_voice_ur_32020616.mp3	اس کے لیے سیاسی جماعتوں کا مضبوط ہو نا ضروری ہے۔	اس کے لیے سیاسی جماعنتوں کا مظبوط ہو نا زروری ہے
common_voice_ur_32017201.mp3	باقی تاریخ عمرانیات مالیات تھے مضامین جو وہ کبھی نہیں رکھتے تھے	باکس تاریخ حمرانیات مالیات تھ مزہامی ج وہ کبھی نہیں رکھتے تھے
common_voice_ur_40988989.mp3	جرمنی میں ابھی بھی ڈاک کا نظام استعمال کیا جاتا ہے	جننی میں ابھی فھیٹ ڈاککہ نے زام استعمال کیا جاتا ہے
common_voice_ur_31938347.mp3	اس کے گھر والے آجکل واہ کینٹ میں رہائش پذیر ہیں ۔	اس کے گھر والے آج کل وع کینٹ میں رہائیش بزیل ہیں
common_voice_ur_31855163.mp3	ایک پیش رفت اور ہے جس کا ایک مظہر پی ٹی ایم ہے۔	ایک پیش رفت اور اےہے جس کاایک مزہر بی ٹی ام ہیں
common_voice_ur_41165073.mp3	اس قسم کی کرپشن اس دور کے سوویت یونین میں عام تھی۔	اس خصن کی کرپشن اسدور کے سلیٹ یونئ میں عم تھ ی
common_voice_ur_31856293.mp3	ہمیں آگے بڑھ کر دائرے کے اس سفر کو روکنا چاہیے۔	ہم میں آگے بڑ کر دائرے کے اس سفر کو روکنا چائیے
common_voice_ur_31962844.mp3	قومی کرکٹ ٹیم کی دورہ زمبابوبے کے لیے تیاریاں عروج پر	کومی کھیٹ ٹیم کئی دورازنبابوے کیلیے تیاریاں اعروش کرر
common_voice_ur_31962537.mp3	وہی بتا سکتے ہیں کہ میرا طرز عمل کتنا متوازن ہے۔	وہی بطاسکتے ہیں کہ میرا ترز عمج کہنا متواسن ہے
common_voice_ur_41130921.mp3	گندم کے لیے کم از کم امدادی قیمت روپے مقرر کرنے کی تجویز	ی گننوم کے لیے کماس کم ہمدادی کیمت ہیپے مقرر کنیتی تیجیض
common_voice_ur_31962737.mp3	سعودی عالم کا فتوی ہمیں اس جانب متوجہ کر رہا ہے۔	صودی اجم کا فطو ہمیں اس جانی متوجہ کر رہا ہے
common_voice_ur_32051409.mp3	اسلام اباد احتساب عدالت نے مضاربہ کیس کا فیصلہ سنا دیا	سانوار اطصاب دالکنے مزاربہ کہ اس کا فیصل سنا دیا
common_voice_ur_31917188.mp3	مذہب کے پس منظر میں جب ایک امت وجود میں آتی ہے۔	مظہر کے پیسے منزہمی جب ایک او مط وجوڈ نے آتی ہے
common_voice_ur_31975260.mp3	ہمیں اس کے ضائع ہونے کا خطرہ مول نہیں لینا چاہیے۔	ہمی اس کے زائع ہونے کے خطرہ مول نہیں لینا چاہیے
common_voice_ur_31856390.mp3	کچھ یہ بتانا چاہتے ہیں کہ سارا گلاس بھرا ہوا ہے۔	کچھ یہ بتانا چاہتیں ہیں کہ سارح گلاص بھرا ہوا ہے
common_voice_ur_31856153.mp3	خلیفہ کے حکم کے بغیر نہ وعظ کہتے تھے اور نہ فتویٰ دیتے تھے	حللیفا کے حکم کے بغیر نا واغز کیتے ہیناف تواع دیتے ہیں
common_voice_ur_38457277.mp3	اپنے دین کو تبدیل کئے بغیر اشرف غنی سے شادی کرلی	اپنے دین کو تبدیل کیئے بگیر اشرف غنی سے شادی کرلی
common_voice_ur_32049808.mp3	کَل کا اعلان منڈیوں کے بند ہونے کے بعد کِیا گیا تھا	کل کاعلان منڈیوں کے بند ہونے کے باد کیا گیا تھا
common_voice_ur_31919386.mp3	اس کا نتیجہ سوائے انتشار اور انارکی کے اور کچھ نہیں نکلتا	اس کا نتیجہ سوائ انتشار اور عناکی کے ور کچھ نہیں نکلتا
common_voice_ur_31946057.mp3	موئن جو دڑو کا شمار قدیم ترین تہذیبوں میں ہوتا ہے	موئنجو دڑھو کا شماع قرین ترین تحصیموں میں ہوتا ہے
common_voice_ur_31967040.mp3	جس خار پہ ہم نے خوں چھڑکا ہم رنگ گل طناز کیا	جس خار پہ ہم نے خوں چھڑکا ہم رنگے گل تناز کیا
common_voice_ur_31951055.mp3	عالمی چیمپئن شپ میں شرکت کیلئے کوئی اسپانسر نہیں محمود لودھی	آلمی چیپئن کٹ شرکٹ کیلیے کو اسپانسر نہی میں مودلودی
common_voice_ur_31966130.mp3	اسٹیل ملز لیز پر دینے کیلئے معاملات حتمی مراحل میں داخل	اسٹیل ملز لیز پر دینے کے لئے موعاملات حتمی مراحل میں داخل
common_voice_ur_31814480.mp3	ضرورت اس امر کی ہے کہ ادارے مضبوط ہوں ’’ شخصیات ‘‘ کی بجائے	زلوت اس عمل کی ہے کہ ادارے مزبوت ہوں شکسیات کی بجئے
common_voice_ur_41177770.mp3	بنگلہ دیش لاک ڈان کے دوران اجرت کیلئے مزدوروں کا احتجاج	بنگلہ دیش لاگ ڈاکے دھوران اجرت کے لئے مزدور گا اہتجاج
common_voice_ur_41149675.mp3	بھارتی کھلاڑیوں کے آئی پی ایل سے دستبردار ہونے کا سلسلہ شر	پھارتی کھلاریوں کہ ائی بی ایل سے رسدستبردار ونے کار سلصلاف شر
common_voice_ur_31920816.mp3	احسان مانی اسد خان کی پی سی بی گورننگ باڈی میں نامزدگی نوٹیفکیشن جاری	ایسال مانیہ سدخان کی پی سی بھی گوورنڈنگ بارڈی میں نامددگیت کوٹ طرشن جاریں
common_voice_ur_31860138.mp3	پچھلے چند دنو ں سے ایک ہزار سے زیادہ نئے مریض سامنے آرہے تھے	پچھلی چن دنہوں سے ایک ہزار سے زیادہ نے مری سامنے آ رہے تھے
common_voice_ur_31834863.mp3	سابق لیگ اسپنر عبدالقادر کے بیٹے ٹورمیچ میں اسٹریلیا کی نمائندگی کریں گے	سابٹ لیگ سپنار اب دلکھادر کی بیٹیئر ٹور میچ میں اسٹریلیا کی نمائندگی کریں گے
common_voice_ur_38455317.mp3	اگر ڈاکٹر وقتی طور پر کوئی دوائی دے دیتا تو کیاہرج تھا۔	اگری ڈاقٹر وقتی تورپر کوئی دوائی دی دیتا تو کیا ہرچھ تھا
common_voice_ur_31849611.mp3	یونیورسٹیوں کے اخراجات ہائیر ایجوکیشن کمیشن کی دی گئی گرانٹ سے پورے ہوتے ہیں۔	انوسٹیوں کیا خراجات ہائے ایجقیشن کمیشن کی دیکرے کرانٹ سے پورے ہوتے ہیں
common_voice_ur_31977412.mp3	میڈیکل اور آئل فیلڈ میں ٹیکنیکل ویزا پر کوئی پابندی نہیں ہوگی	میڈیکل اور آئل فیلٹز میں ٹیکنیکل ویزا پر کوئی پابندی نہیں ہوگی
common_voice_ur_31870145.mp3	پاکستان نے ون ڈے سیریز میں زمبابوے کو کلین سوئپ کردیا	پاکستان نے ون ڈے سیریز میں زمبابو ےک افرین چاعپ کردیا
common_voice_ur_31983645.mp3	کے لیے دل پر قابو پانے کیلئے آسان نہیں طاقت حوصلہ ندارد	کےلیے دل پر قابوع پانے کےلیے آصاح نہیں طاقد حوسلہ ندائر
common_voice_ur_31849650.mp3	کَیا کھلاڑی نے اچھی کارکردگی پیش کرنا اور وُہ کَیا سے کھلاڑی ہونا	کیا کھلاڑی نے اچھے کر کردگی پیش کرنا اور وہ کیا سے کھلاڑی ہونا
common_voice_ur_41156132.mp3	تو کراچی میں ایم کیو ایم کی سیکولر دہشت گردی قائم تھی۔	تو کراچہی میں ایم کیو ایم کی سیکیلر دیشد گردی قائم تھی
common_voice_ur_41126006.mp3	کیا پاناما کیس کا فیصلہ آنے میں قدرے دیر نہیں ہوگئی؟	کیا پنامہ کہ اس کا فیصلہ آنے میں قدرے دیر نہیں ہو گئی
common_voice_ur_31950287.mp3	چیمپئنز لیگ فٹبال سیمی فائنل میں لیورپول کی روما کو شکست	چیمپئنز لیگ فٹبال سینی فائنل میں لیبر پول کی عروما کو شکث
common_voice_ur_31849602.mp3	برائڈل فیشن ویک کا دوسرا روز خوبصورت عروسی جوڑوں کی دھوم	برائڈر فیشن میٹ کا دوسراروس کوبصورت عروسی جورو کی دعم
common_voice_ur_31984900.mp3	آنکھوں کے دریچے بند کیے اور سینے کا در باز کیا	آنکھو کے دریچھے بند کیئے اور سینے کا درباز کیا
common_voice_ur_31957762.mp3	پی ایس ایل فائنل پشاور زلمی کی شکست پر سپورٹرز افسردہ نہیں	پیس ورف فائنر پے شایور زرمی کی شکس پسپورٹرز ابسڈگا نہیں
common_voice_ur_41158119.mp3	غصے کے علاج کے حوالے سے جو بھی علاج ذکر کیا جائے گا	اسے کلاچ کے حوالے سے جو بھی قلاج صکر کیا جائے گا
common_voice_ur_32049594.mp3	میں نے شعر افسانے اور ناول کا مطالعہ ضرور کیا ہے	میں نے شہر افصانے اور ناول کا متالعہ ظرور گیا ہے
common_voice_ur_31934129.mp3	اس بیباک سچ لکھنے کے بعد تین سال جیل میں گزارنے پڑے	اس بیباک سچھ لکھنے کے باد تین سال جیل میں گزارنے پڑے
common_voice_ur_31984608.mp3	تو یہ ہماری مجبوری نہیں ہوتی، ہم ہر جگہ ایک ہیں۔	تو یہ ہماری مجبوری نہیں ہوتی ہم ہر جگہ ایک ہیں
common_voice_ur_31957729.mp3	خاموشی اس قدر تھی کہ ہوا کی سنسناہٹ سنی جا سکتی تھی	شی اس کرٹ حیکہ ہوا کی سنسناٹ سنیں جا سکدی تھی
common_voice_ur_31970982.mp3	کیا ایک ٹی وی چینل کسی قانون ضابطے کا پابند نہیں؟	کیا ایک کیوی چیننگل کسی قانون زاب تھے کا پابند نہیں
common_voice_ur_31791054.mp3	وہ یہ مقصد ہیجان برپا کر کے حاصل کرنا چاہتے ہیں۔	وہ یہ مقصد ہیجان بر پار کرکے حاصل کرنا چاہتے ہیں
common_voice_ur_31916296.mp3	جیمز اینڈرسن ٹیسٹ کرکٹ کے کامیاب ترین فاسٹ بالر بن گئے	جیمزینڈرسن ٹیسٹ کرکٹ کے کامیاب ترین فاسٹ بارربن گے
common_voice_ur_31921949.mp3	عالمی بینک کے اعلی سطحی وفد کی مشیر خزانہ سے ملاقات	علمی وین کہ اعلا صطی وخت کی مشیر خزانا سے ملاقل
common_voice_ur_38472469.mp3	زمینی حقائق کی بنیاد پر نیا نظام زکو تشکیل دینے کی تجویز	زمینی ہقائیق کی بنیات پر نیا نے زام ضہقو تشکیل دینے کی تجویز
common_voice_ur_32006048.mp3	ڈرائیور کے بغیر بس نے خودکار طریقے سے سفر طے کیا	ڈرائیور کے بغیر بسنں خدکا ترق سے سفر تھکیا
common_voice_ur_38432105.mp3	دور حاضرمیںخود کش حملوں کے جملہ حقوق ان ہی کے نام محفوظ ہیں۔	دورے حاظر میں خود کش حملوں کے جملا حکوخ انہیں کے نام مفوض ہیں
common_voice_ur_33605813.mp3	فلک نہ دور رکھ اس سے مجھے کہ میں ہی نہیں	فلک نا دور رک اسسے مجہے کہ میں یہ نہیں
common_voice_ur_33605882.mp3	وہ عمر میں مجھ سے غالباً سال ڈیڑھ سال بڑے رہے ہوں گے	وہ عمر میں مدھ سے غالبن ڈیڑ سال بڑے رہے ہوں گے
common_voice_ur_31973139.mp3	یہ دکھوں کو اپنے راستے کی رکاوٹ نہیں بننے دے گی۔	یہ دکھوں کھو اپنی راستھے کی رکاوٹ نہیں بننے دی کی
common_voice_ur_31953645.mp3	جب ہیومن انٹریکشن ختم ہوگا تو کرپشن خودبخود ختم ہو جائے گی	چھبھ ہیو مان انٹراکشن ختم ہو گا تو کرپشن خود بخود ختم ہوجائے گی
common_voice_ur_31834843.mp3	اسی دوران پرسنل کمپیوٹرز میں ملٹی میڈیا ٹیکنولوجی کو فروغ حاصل ہوا	اسی دوران پرس کل کمپیوٹرز میں ملٹی میٹیا ٹکنانی چی کو فخروب حاصل ہوا
common_voice_ur_31968751.mp3	چاہے پارسی ہو یا کوئی اور ہم سب پاکستانی بھائی بھائی ہیں	ارے پارسی ہو یہ کوئی عور ہم زر پاکستانی بھئی بئی ہیں
common_voice_ur_31842149.mp3	پاکستان میں ڈاکٹروں اور دیگر طبی عملے کو کورونا وائرس سے متاثرہ	پاکستان میں ڈاٹروں اور تیگر تب بھی آملی کھو کورونا وائرفس سے مرطاصر
common_voice_ur_31935577.mp3	یوں اس کے داخل میں ایک نفسیاتی کشمکش جنم لیتی ہے۔	یون اٹس کے ڈاخل میں ایک نفسیاتی کشمکش چنم لیتی ہے
common_voice_ur_31976651.mp3	اس کے باوجود آپ کے فن کا اعتراف عام لوگوں میں ہے۔	اس کے باوچیود آپ کے فن کا احتراف آم لوگو مں ہے
common_voice_ur_31946304.mp3	ایسے پروگرامز بھی سوشل میڈیا اور ٹی وی پر بھی دکھائے جائیں	ایسی پروورام خویش سوشل میڈیا اور ٹلگی پر دھائ بی دکھائے جئے
common_voice_ur_38438339.mp3	آگ اس گھر میں لگی ایسی کہ جو تھا جل گیا	آگ اس گھر میں لگی ایسی کے جو تھا جل گیا
common_voice_ur_31837337.mp3	ایجاب و قبول جانے اور دیکھے بنا کیسے ہو سکتا ہے؟	پیجابوہ قبول جانے اور دیکھی بنا کیسے ہو سکتا ہے
common_voice_ur_31837307.mp3	یقین کرتا ہوں کے لوگ بنیادی طور پر مہذب ہوتے ہیں	یقین کرتا ہوں کے لوگ بنیادی دور پر محظہب ہوتے ہیں
common_voice_ur_31835059.mp3	کہ اللہ تعالیٰ کی ذی شعور مخلوقات میں فرشتے اورجنات بھی شامل ہیں	کہ اللہ تالی کیزی شعر محلقات میں فرفتے اور جنات بھیش امل ہے
common_voice_ur_38466413.mp3	ان کا بڑا سرمایہ کار بہرحال نقصان میں نہیں رہے گا۔	اک کا بڑا سلما ہے کر بہرحال نوقصاد میں نہیں رہے گا
common_voice_ur_38436270.mp3	"ان کی کئی کتابیں بعد میں پڑھیں ''دلی"" ان کا مشہور ناول ہے۔"	حقی قئی کتابع بات میں پڑہی دری ان کا مشہور ناول ہے
common_voice_ur_31917907.mp3	یہ تصور ریاست ہی قدیم فہم اسلام کے لیے اجنبی ہے۔	یہ تصوہ ریاست ہی قدین فحیم اصلام کے لئے اجنبی ہے
common_voice_ur_30643863.mp3	ہوپ نے بنگلہ دیش سے فتح چھین لی ویسٹ انڈیز فاتح	ہوک نے بانگلازی سے فطح چھینی گسٹ انڈیز فاتے
common_voice_ur_31972015.mp3	آرمی چیف نے پی ایس ایل کا فائنل لاہور میں کرانے	آرمی شیفنے پیاں سیل کا فائنل ناہور میں کرانے
common_voice_ur_38431447.mp3	چائنا پاکستان اکنامک کاریڈور بنے گا، اس کی راہ میں کوئی ملک روڑے نہیںاٹکائے گا۔	چائنا پاکستان ایک نومے کالیڈور بنے اس کی رابنگ کوئی ملک کروڑے نہیں آٹکائے گا
common_voice_ur_31891785.mp3	فیفا ورلڈ کپ جاپان اور پولینڈ کی ٹیمیں مدمقابل ہوں گی	یفا ورلد کپ چپان اور پولن کی ٹیم وک مد مقابل ہون گی
common_voice_ur_31990836.mp3	ان سے نجات کے لیے ہمیں ترجیحات کا تعین کرنا ہے۔	ان سے نجات کے لیاں مترجیحاتکا طائیون کرنا ہےں
common_voice_ur_31970708.mp3	رافیل نڈال نے گیارہویں مرتبہ بارسلونا اوپن کا ٹائٹل جیت لیا	رافیل نے ڈال نے گیاری  مرتبہ باڑ سلونا ہوپن کاڈ ٹائیٹل جیت لیا
common_voice_ur_31929348.mp3	تو وہ جمہوریت اور آزاد میڈیا کے مخالفین ہو ں گے۔	تو وہ جمہوریت اور عضاد میڈیا کے محالفین ہوں گے
common_voice_ur_31972650.mp3	آپ نے ملاحظہ کیا ہو گا کہ میں گول مول انداز میں	ہحاو نے ولاحفس کیا ہوا ہو گا کہے میں گول مول انداز میں
common_voice_ur_32018347.mp3	بالواسطہ خبر ملتی ہے کہ آج کل کیا مباحث جاری ہیں۔	اللہ واصتہ خبر ملتی ہے کہ آج کل کیا وہ باحث یاری ہی
common_voice_ur_41144516.mp3	مختلف تعلیمی اداروں میں گئے اور نوجوانوں کے ساتھ رقص کیا	مختلف تعلیمی داروں میں گئے اور نوجوانوں کے ساتھ رکس کیابا
common_voice_ur_31918082.mp3	لوگ پاکستان میں سیاست تو کیا جائیداد تک نہیں خرید سکتے	لوغ پاکستان میں سیاست تو کیا جائے دات تق نہیں خریع سکتے
common_voice_ur_31898271.mp3	بی بی سی کے اسد علی کی تحریر سنیے نادیہ سلیمان کی زبانی	بی بی سی کے عصد علی کی تحریق سننے نادیہ سولمان کی زوانیںی
common_voice_ur_32013932.mp3	مقتول کو ذاتی دشمنی پر عامر نامی شخص نے قتل کردیا	موقطور کو زاتی دوسمنی پر آمئ حرامی شق سنے قطر کردین
common_voice_ur_31916514.mp3	انسانی لہو کا رنگ ان رنگوں میں سب سے نمایاں ہے۔	انسانی لہوع کا رنگ دن رنگوں میں سب سے نمایہ ہے
common_voice_ur_31897562.mp3	میں نے ٹام کو بتایا میرا چلنے کا موڈ نہیں ہے	میںنے ٹام کو بتایا میرا چلنے کا معڈھ نہیں ہیں
common_voice_ur_38487662.mp3	سکھوں کو شکست دیکر پنجاب کو برطانوی سلطنت میں شامل کر لیا	سکھوں کو شکست دیکر پنجاب کو برطانوئی سلطنت میں شامل کرلگیا
common_voice_ur_26756832.mp3	میرے صبر کا امتحان مت لو تم برا کیوں مناتے ہو	میرے صبر کا امتحان مت لو تم برا کیوں مناتے ہو
common_voice_ur_31902143.mp3	سابقہ ادوار میں توانائی بحران سے معیشت کو بیحد نقصان ہوا شہباز شریف	سحب کا عدوار میں توانائی بوران سےمج ست خوبھی حد نق صاحن ہوا تیسے با صحیص
common_voice_ur_31835466.mp3	، اپنے گریبان میں جھانکنے کی بجائے دوسروں کو برا بھلا کہا جائے	اپنے گربان می چھنک نے کی بچائے دوسروں کو بھرا بھلا کہا چائے
common_voice_ur_32053358.mp3	عباس نے دنیا بھر کے کرکٹرز کو اپنا گرویدہ بنا لیا	اب بعز نے دوریا بھر کے کیرکریٹرز کو اپنا غروی دا بنا لیا
common_voice_ur_38415183.mp3	سرخ و سفید رنگت کے ساتھ چوڑی پیشانی کے نیچے دو بڑی بڑی آنکھیں تھیں	سرخو صفید رنگت کے ساتھ چوڑی بیشانی کے نجے دو بڑی بڑی آانکھی تھیں
common_voice_ur_31986132.mp3	ائی ڈی پیز سے اظہار یک جہتی کیلئے دوستانہ کرکٹ میچ	ائیڈی پیس اضارع یک جیتی کے لئے دوستانہ کرکٹ محدے
common_voice_ur_41136943.mp3	اور اگر ویت نام ماضی کی بات ہے، عراق ہمارے سامنے کی مثال ہے۔	اور اگروی اتنا ماضی کی بات ہے عراک ہمارے سامنے کی مسال ہے
common_voice_ur_32055363.mp3	جنوبی افریقہ سابق ایتھلیٹ اسکر پسٹوریس پیرول پر جیل سے رہا	جنہوبی افریکا صابک اٹھلیٹ اسکھ اسٹوریس پیرول پر جیل سے ریہا
common_voice_ur_31967831.mp3	اور بَہُت دلکش اورخوبصورت انداز میں مَیں یِہ کو دانہ چننا ہونا	اور بہد دل کش اور خوبصورت انداز میں میں یہ قودانا چننا ہونا
common_voice_ur_41121136.mp3	کم عمر لڑکیوں کے ریپ کا الزام ار کیلی پر فرد جرم عائد	قممررس لورکیو کہ ریبکلزام  آرکی لی ف فرد چیڑوں میں آئی دے
common_voice_ur_41119993.mp3	بلکہ ان کا دائرہ کار نا قابل تسخیر ہو گیا ہے۔	بلکن تدایر کار ناقابہ تصویر ہو گیا ہے
common_voice_ur_31954728.mp3	کمیل ننجیانی انجلینا جولی کے ہیرو بننے سے قبل اوبر ڈرائیور بن گئے	طمیر انجیانی انجلینا جولی کے ہیرو بننے سے قبھل اوبر ڈرائور بن گے
common_voice_ur_32030580.mp3	پاک فوج نے شمالی علاقہ جات میں پھنسے سلوینیا کے کوہ پیما کو بچالیا	پاک فورجنی شمالی علاق جات میں پھسے سلوینیا کی کو ٹریما کو بچاہیا
common_voice_ur_31878114.mp3	اقبال کے الفاظ میں انبار گل کو آدم کیسے بنانا ہے؟	بال کہ الفاز میں نبار گھل کو آدم کیسے بنا نا ہے
common_voice_ur_26756726.mp3	پاکستان ایک بار پھر یورو بانڈز کی مارکیٹ میں پہنچ گیا	پاکستان ایک بار پھر یورو بانڈز کی مارکیٹ میں پہنچ گیا
common_voice_ur_26704017.mp3	اہل فتنہ کے خلاف لڑنے کا حق ریاست کے لیے ثابت ہے۔	اہلی فطنہ کے خلاف لڑنے کا حق ریاست کے لئے صابت ہے
common_voice_ur_31794119.mp3	ہندسے معلوم نہیں کب تک فرشتے کا ساتھ دے پائیں گے۔	ہند سے معلوم نہیں کب تکوریشتے کا ساتھ طے پائیں گے
common_voice_ur_31820415.mp3	ارسطو کی زندگی کے بارے میں بہت کم جانا جاتا ہے	پرستو کی زندگی کے بارے میں بہت کم جانا جاتا ہے
common_voice_ur_31928576.mp3	ہم نے کئی جدید افکار کو غیر متعلق ہوتے دیکھا ہے۔	ہمنے کئی جلدید افکارکو غیر متاللک ہوتے دیکھا ہے
common_voice_ur_31835663.mp3	یہ اظہار کے لیے بھی ایسے ہی لطیف اسالیب چاہتا ہے۔	یہ اظہار کے لیے بھی ایسے ہی لتیف عصانیق چاہتا ہے
common_voice_ur_32012208.mp3	ہم چلتے رہے جب تک ہماری ٹانگوں نے ہمارا ساتھ دیا	ہمچلتری جب تکمائی ٹانمگوں نے ہمار صابیل
common_voice_ur_32021440.mp3	آزادی کی ایسی کیفیت کہ الیکشن سٹاف بھی ان کے پولنگ ایجنٹس کے	کلابی کی ایسی کیفیعت کئی الیکشنس ٹاہبیئل کا بلک لیجنز ہے
common_voice_ur_31934574.mp3	اور سینئر ڈاکٹروں اور نرسوں کی جگہ خاک روب اور عیسائی لڑکے لڑکیاں وردی پہن کر	اورسینیئئر ڈوکٹوروں اور نرصوں کی جگا فاک روب اور ایسائی لڑ کے لڑ کیان وڑدی فہین کر
common_voice_ur_31823044.mp3	اتنی ہی مقدار میں پہنچ پاتی ہے جتنی کہ ضرورت ہو	اتنی ہی مق دار ویں پہنچ پاتی ہے جتنی کی ضررت ہو
common_voice_ur_31823060.mp3	یہ وہ مباحث ہیں جو اغیار کے گھروں میں ہو رہے ہیں؟	یہ وہ مباہع سیں جو اغیاد کےیک گھروں میں ہو رہے ہیں
common_voice_ur_31823416.mp3	آج اہل فلسطین کو ایک نئی حکمت عملی کی ضرورت ہے۔	آج اہلے فلستین کو ایک نئی ہی قمت املی کی ضوظت ہے
common_voice_ur_31892088.mp3	صارفین کی جانب سے یہ بات باور کرائی جا رہی ہے	صاریفین کی چانپ سے یہ بعد باور کرائی جا رہی ہے
common_voice_ur_31915390.mp3	اس بہار میں کلیاں ہی نہیں، چہرے بھی کھل اٹھے ہیں۔	اس بہار میں کلیاں ہی نہیں چہرے بھی کھیلوٹھی ے
common_voice_ur_31892108.mp3	اس کے برخلاف اقتدار کی کشمکش میں وہ ایک فریق ہے۔	اس کے بر خلاف ایکدار کی کشماں کش میں وہ ایک فریک ہے
common_voice_ur_31943617.mp3	محفل درد پھر رنگ پر آ گئی پھر شب آرزو پر نکھار آ گیا	بیسے لیرت بھر رمگ فر آگے ہی پھر شبوعاراس پر نکارحا گیا
common_voice_ur_41150957.mp3	مالیاتی جرائم کی روک تھام کیلئے پاکستان کی کارکردگی میں نمایاں بہتری	مالیاتی جی رائم کی روکتھان کلی پاکستان کی کارگردگی میں نماعیاں بہتری
common_voice_ur_38432727.mp3	افغانستان سے شہریوں کے بجائے جانوروں کا انخلا، برطانوی وزیراعظم دباؤ میں	ابغانستان میں شیلیوں کے بجہجاہنر کے انکھلا بڑطانوی وزیر عضم دبائو میں
common_voice_ur_38446861.mp3	ترا دل تو ہے صنم آشنا تجھے کیا ملے گا نماز میں	ترہ دل دو ہے سن آش نہ تجھہ کیا ملے گا نماز میں
common_voice_ur_31901321.mp3	ایم کیو ایم کرنا پریس کانفرنس دیکھئے سوشل میڈیا پر دستیاب ہونا	اا
common_voice_ur_31831702.mp3	اسٹریلیا کے ایئرپورٹ میں باسکٹ بال کھلاڑی کے سامان سے کتا برامد	اسٹریلیا گیرپورٹمیں باسکٹ بال کھلاڑی کے سیمان سے کتابرامد
common_voice_ur_32018865.mp3	جبکہ اس بات کا دارومدار بھی افراد کی عادات پر ہے	جبکہ ازبات کا داروں مطار بھی افراد کی ادات پر ہے
common_voice_ur_41108139.mp3	مالکان اپنے ملازمین کو تنخواہ کے ساتھ چھٹی دیں ماہرہ خان	مالیقان اپنے ملازمین کو تنخوا کہسادھ چھتیدی ماہراخان
common_voice_ur_31903028.mp3	اور وزیراعظم عمران خان بھی اس کے مداحوں میں سے ہیں	اور وزیر ععظم بیمران قان بیس کے مردحں میں سے ہے
common_voice_ur_31934416.mp3	اسی طرح آج کل بلاگنگ میں بھی جدت آتی جا رہی ہے	اس طرحاں آج کل لوکنگ میں بھی اجدت آتی جا رہی ہے
common_voice_ur_31841529.mp3	امریکاشمالی مشرقی ساحل سمندر پر سالانہ موٹر بوٹ ریس کا انعقاد	امریکہ شمالی مشرکی ساحل سمندر پر سالانا موٹر بوٹ ریس کا انعقاد
common_voice_ur_38445985.mp3	پرانوں کے مطابق رام کے بیٹے راجا لوہ نے شہر لاہور کی بنیاد رکھی	فرانوں کے متابق رام کے بیٹے راجہلو نے شہر لاہور کی بنیاظرکھی
common_voice_ur_32005887.mp3	چیزوں میں وہ خوبصورتی دیکھتا ہوں جو شائد دوسرے نہیں دیکھتے	چز میں وہ خبصورتی دیکھتا ہوں جو شاد دوسرنی رفتی
common_voice_ur_32016979.mp3	ہت ھی اچھا لگا ان پارسی بہن بھائیوں کو دیکھ کر	ہجھ ہی آچا لگا ان پر صی بہنٹ بھاعی وں کو دیک کر
common_voice_ur_38470593.mp3	یہ رسم برہم فنا ہے اے دل گناہ ہے جنبش نظر بھی	یہ رص بھرحم فنا ہے دل گنا ہے جمبش نظر بھی
common_voice_ur_38427802.mp3	محرم اور ربیع الاول پر بھی کوئی خصوصی پروگرام نشر نہیں کیا گیا	محرم اور رپیل فل پربھی کوئی خصوسی پروگریم نشہڑ نہیں کیا گیا
common_voice_ur_31892454.mp3	رات کے کھانے پر ہم نے اس معمے پر کافی سوچ بچار کی	رات کے کھانے پر ہم نے ایس یم ماملں پر کافی سوچ پچار کی
common_voice_ur_38465314.mp3	سوتن کے ساتھ رہنے پر خاتون نے شوہر کا پرائیویٹ پارٹ کاٹ ڈالا	سعطن کے ساتھ رہنے پر خاتون نے شہر کا پرائیوٹ پارڈ کارڈ ڈالا
common_voice_ur_38462297.mp3	شنگھائی میں تین ماہ کے لاک ڈان کے بعد ڈزنی لینڈ کھولنے کا اعلان	چنگھائی میں تین ماہ کے لوگ ڈاوں کے بار ڈزنی لینڈ کھولنے کا اعلان
common_voice_ur_31990831.mp3	یہ مریم نواز صاحبہ کی عوامی سیاست کا پہلا دن ہے۔	یہ مریم انواز صاعبی کی عوامی سیاست کا پیلا دین ہے
common_voice_ur_32043883.mp3	میں یہ نہیں کہتا کہ حکومت اس آپریشن کے خلاف ہے۔	میں یہ نی کہ تاے حکومت اس آپریشن کے خلاف ہے
common_voice_ur_31812934.mp3	وہ طاقت رکھتے ہوئے بھی خوف کے سائے میں جیتے ہیں۔	وہ طاقت رکھتے ہوے بھی خوف کے سائمیں جیتے ہیں
common_voice_ur_31815573.mp3	دوسرا یہ کہ اس سے مراد اداروں میں تصادم نہیں ہے۔	دوسراہ یہ کہ اسے مراد عداروں میں تصادم نہیں ہیں
common_voice_ur_32004405.mp3	اس پر مستزاد ان کی لا علمی اور سطحی انداز نظر ہے۔	ایسپر مستظاد ان کی لاعلمی و سیتحی انداز ان نظر ہے
common_voice_ur_32055730.mp3	آج نواز شریف نے مشروط اجازت قبول کرنے سے انکار کیا ہے۔	آج نواز شریف نے مشروع یہ جادت کبول کرنے سے انکر کر دیا
common_voice_ur_38453158.mp3	اب اردگرد کی دنیا کے بارے میں اچھا نظریہ رکھتے ہیں	اب عردگھر کے دنیا کے بارے میں اچشہ نظریہ رکھتے ے
common_voice_ur_31999277.mp3	بعد میں قائداعظم کانگریس کی مسلم کش پالیسیوں سے بددل ہوکر شامل ہوگئے	بعد میں کایدر اعظم کانگریس کی مسلم کرش پالیسیوں سے بددل ہو کئ ش امل ہو گئے
common_voice_ur_38451729.mp3	یہ حرکتیں تھیں ادھر کے مسلمز کی جو ان کو زوال آیا	یہ حرکتین تھی ادر کی مسلمز کی جو ان کو زوال آیا
common_voice_ur_32052080.mp3	تو یہ اونٹ کی پیٹھ پر آخری تنکا ثابت ہو سکتا ہے۔	تو یہ عونٹ کی پیٹھ پہ اخریت دنکاح صابے دہو سکتا ہے
common_voice_ur_38422248.mp3	ہم نے کیا لڑنا ہے ججز خود ہی لڑتے جا رہے ہیں	ہمنی کیا لڑنا ہے جسس قود ہی لڑھتے جارے ہے ہیں
common_voice_ur_31887717.mp3	گویا آسمان سے آنے والی صدا اسی طرح گونجتی رہے گی۔	گویا اسمان سے آنے والی سدار اسی تہیا گونچھتی رہے گی
common_voice_ur_31887981.mp3	ماہرین کی بقول گو کہ پلیٹ کی تقسیم کا یہ عمل کئی	ماحیرین کے بقول گوکھے پلیٹ کی تقصیم کا یا مل کئیں
common_voice_ur_31983832.mp3	ہر چیز فطرت کے اصول کے عین مطابق آگے بڑھ رہی ہے۔	ہر چیز فطرت کے عصول کے عین متعلق آگے بڑ رہی ہیں
common_voice_ur_32041721.mp3	جنہیں مجموعی طور پر فوسل فیول یعنی رکازی ایندھن کہا جاتا ہے	جنی مجمہوع دور پر فوسل فیولیانی رقاضی اندنکھہا جاتا ہے
common_voice_ur_31834487.mp3	برگ ہائے سبز ہیں جنہیں پالک کا نام دے دیا گیا ہے۔	برگہائی سب سہیں چھینے پالک کا نام دی دیا کیا ہے
common_voice_ur_31932104.mp3	زندگی، سچ یہی ہے کہ موت کے آغوش میں سانس لیتی ہے۔	زندگی صرچہی ہے کہ ماکیا حوش مسانس لیتی ہے
common_voice_ur_32017951.mp3	تو کون اسے کسی گہری کھائی میں گرنے سے روک سکتا ہے ۔	تو قون اسے کسی گیری کھائی میں گرنے سے روک سکتا ہے
common_voice_ur_31793224.mp3	تو ہماری جماعت کو اس پر کوئی اعتراض نہیں ہو گا۔	تو ہماری جمات کو اس پر کوئی اعتراس نہیں ہو گا
common_voice_ur_31815026.mp3	اب تو کسی کی تعریف بھی کرنا پڑی تو احتیاط برتنی ہو گی	اب تو پسی گی تاریق بھی کرنا پڑی تو اہتیات برتنی ہو گی
common_voice_ur_31819969.mp3	اب یہ خصوصیت ان کی شہرت میں جو چاند ٹانک رہی ہے	اب یہ خصوصیت انکی شہرت میں جو چانٹ ٹنک رہی ہے
common_voice_ur_38476055.mp3	دوسرا یہ کہ یہ تعبیر چند بنیادی مقدمات اوردینی دلائل پر کھڑی ہے۔	دوسرا یہ ک یہ طابل چند بنیادی مقما تور دینی دلیل پر کھڑی ہے
common_voice_ur_31833984.mp3	بعض ٹی وی چینلز مسلسل نفرت کا کاروبار کر رہے ہیں۔	بعسٹیبی چنلز مسئلصن نفرت کا کربھار کر رہیں
common_voice_ur_35150504.mp3	مقبوضہ کشمیر شہید طالبعلم کا جنازہ سبز ہلالی پرچم کے سائے تلے آزادی کے نعروں کیساتھ سپردخاک	مقبوزہ کشمیر شخیڈ تعلبلم کا جنازا سب خلاری پرچم کے سائ تلع آزادی کے ناروں کے سات پور دیھا
common_voice_ur_31954858.mp3	اب ان سے ذاتی تشہیر پہ صرف کی گئی رقوم کی واپسی	اب انسے زاتی تشہیر پصرف کی گئی رکوم کی واپسی
common_voice_ur_31822890.mp3	تو کیا اہل سیاست سے خیر کی توقع نہیں رکھنی چاہیے؟	تو کیا اہلے سیاست سے خیرکی طوقطہ نہی رکھنے چاہیے
common_voice_ur_31822940.mp3	ور یہی وجہ ہی کہ سماٹرا کو جس زلزلی نی نشانہ بنایا	ور یہی وجہ ہی کہ سماٹرا کو جس رظلی نے مشانا بنایا
common_voice_ur_31833830.mp3	لاہور سوئی ناردرن گیس نے متعدد پاور ہاسز کو گیس سپلائی بند کر دی	لاہور صوئی نودرند گیس کہ متعدت پاور ہاؤسس کو گیس بلائی بند کرتی
common_voice_ur_31965308.mp3	اس نظام میں خرابیوں کے باوجود اب بھی بہت خیر ہے۔	اس نےظام میں خرابیوں کے باوجود اب پھی بہت خیل ہے
common_voice_ur_41119177.mp3	چین کا شمسی توانائی سے اڑنے والے ڈرون کی کامیاب پرواز کا دعوی	چین کا شمصی طوانائی سے اڑنے والے ڈرون کی کامعیاب پرواز کر داوا
common_voice_ur_31902411.mp3	جنسی ہراساں کرنے کا الزام افغان فٹبال فیڈریشن کے سربراہ پر پابندی	جنسی حراحصہ کرنے کا اظام افگن سٹبند سٹریش کے سربرا پر پہولی
common_voice_ur_31976017.mp3	کچھ عرصہ سے کورونا کی دوسری لہر سر اٹھا رہی ہے	کچھ اڑسا سے کرولا کی دوسری لہر سر اٹھائ رہی ہے
common_voice_ur_31987442.mp3	یہ ہی حال کشمیر، فیصل آباد اور دوسرے علاقوں میں ھے	یہ ہی حال کا شمیر فیصلہ بعاد اور دوسرے لاکھوں میں ہے
common_voice_ur_31833828.mp3	کپاس کی مجموعی ملکی پیداوار کم ترین سطح تک رہنے کے خدشات	کپاس کی مچ موعی ملکی پیدوار کم ترین سطع رہنے کے خج شات
common_voice_ur_31906214.mp3	کراچی وزیر اعلی سندھ کا نیشنل اسٹیڈیم کا دورہ سکیورٹی انتظامات کا جائزہ	کراجی وزیر اعڑا سندکا نیشناش کے عیلیم کا دورس کوڈیٹی انتدامات کا جائے گا
common_voice_ur_31979910.mp3	بیمار معیشت کی بحالی لیگ کا عظیم کارنامہ ہے شہباز شریف	بیمار معیشیت کی بہالی لیگ کا عضیم کارنامہ ہے شہباز شریف
common_voice_ur_41133003.mp3	یہ تو وہی ہوا جو ہمارے معزز مولوی صاحب کے ساتھ ہوا۔	یہ تو وہی خوا جو ہمارے موضس ملوی صاحب کے ساتھ ہوا
common_voice_ur_28900869.mp3	وادیٔ سندھ کی تہذیب کے عظیم شہر پر بہت کام ہوا ہے	وادے اسند کی تہیب کی عزیم شہر پر بہت کام ہوا ہے
common_voice_ur_31955947.mp3	مارچ میں جب سپین میں کوورونا وائرس کے سبب سخت لاک ڈاون تھا	مارشمیں جلسپین میں کرونا وائرس کے سبب سفت لاقٹن تھا
common_voice_ur_38485023.mp3	اگر ایسا نہیں کرسکتے تو پھر انتظار کی سولی پر چڑھ جاﺅ	اگر ایسا نائن کا سقتے طوپو انتزار کی سولع پڑھ چارڈ جائوں
common_voice_ur_31958982.mp3	خوف کا پہلا اثر اعصاب اور دوسرا ذہن پر ہوتا ہے۔	خواف کا پہلا عصیر اساب اور دوسرا زہن پڑ ہوتا ہے
common_voice_ur_38470417.mp3	احد چیموں کی بھی پانچوں گھی میں ہوتی ہیں اور خادمان قوم بھی فائدے میں ہوتے ہیں۔	اہد چیموں کی بھی پانچو گی میں ہوتی ہے اور حادمان قومبی فائدہ میں ہوتے ہیں
common_voice_ur_38468368.mp3	میڈیا کی غیر سنجیدگی کوذمہ دار ٹھہرائیں یاکم علم متکلمین کو، نتیجہ ایک ہی ہے۔	میڈیا کی غیرس انجیب کی کو زمدار ٹھے رائیں یا کم عل مدتق قل مین کو نتیجہ ایک ہی ہے
common_voice_ur_31928106.mp3	وزیر اعظم مراعاتی پیکج برائے برامد کنندگان میں کلیمز جمع کرانے کی تاریخ میں توسیع	ورزیر اعظم مراتی پیکج برائے برامت کنندگان میں قیمز جماع کرانے کی تاریخ میں توسھی
common_voice_ur_31951865.mp3	ہر فریق دوسرے کے لیے سِفارشات کی تجویز دیتا ہے	حرف حریک دوسرے کے لیے سفر شحتھ کی تجیز دیتا ہے
common_voice_ur_31951907.mp3	آج حکومتیں طاقت کے ان مراکز کے سامنے بے بس ہیں۔	آج حکومت ینتاقد کھے ان مراقس کے سآامنی بیوز ہیں
common_voice_ur_32027807.mp3	اسپاٹ فکسنگ کی پیشکش عمر اکمل کیخلاف ئی سی سی کی تحقیقات	سپورٹ رفت ان کے پی کر شھوم راقمل کے حلاف ائسی سی کی تحیقات
common_voice_ur_32029194.mp3	تو بی بی سی والوں کو ڈرامے بنانا یاد آگئے ہیں	تو بھیبی اسی والوں کھو ڈھامعیں بنانا یاد آگئے ہیں
common_voice_ur_32032230.mp3	اور انہیں زمین کی طرف دوبارہ سے خارج کردیتے ہیں	اور عنے زمین کی طرف تبارہ سے خارش کردیتے ہیں
common_voice_ur_41142403.mp3	حمزہ علی عباسی اور نیمل خاور کی بیٹے کے ساتھ تصویر وائرل	ہمظہ علی عباسی اور نیمل خاور کی بیٹے کے سات تسویر بائعرل
common_voice_ur_32039534.mp3	اللہ اللہ خیر سلا کم از کم جان تو محفوظ رہتی تھی۔	ہللہ اللہ خیر سلہ کماج کمجاں تو محسوز ریتی تھی
common_voice_ur_32056001.mp3	پاکستان کبڈی سپر لیگافتتاحی میچ میں گوادر نے گجرات کو چت کردیا	پاکستان ک بنڈی سکر لیگ فتھٹائی میچ میں گوادر نے وجرات کوچت کر دیا
common_voice_ur_31962500.mp3	مجھے امریکہ کے بارے میں کوئی خوش گمانی نہیں ہے۔	مجھے امریکہ کے بارے میں کوئی حوش گمانی نئیں ہے
common_voice_ur_31835052.mp3	تیسرا ون ڈے بھارت کو جنوبی افریقا کے ہاتھوں شکست	تیسرا ون ڈے بھارت کو جنوبی افریکاہ کی ہاتوں شکست
common_voice_ur_38481351.mp3	سرکاری خرچ پر ہیلی کاپٹر استعمال کے الزامات میں کوئی صداقت نہیں۔	سرقاری حرچ پر ہیلی کوپٹری اسٹعمانکی ظماعت میں کوئی سداقت تہی
common_voice_ur_31834911.mp3	جبکہ اس سے مستفید ہونے کا کوئی بل بھی نہیں	چبکہ اس سے مستفید ہونے کا کوئی بل بھی نہیں
common_voice_ur_31980219.mp3	مشہور بینک نے ان تمام اکاؤنٹس کو بند کردیا ہے	مشور بینک نے انتوامہ اکانٹس کو بند کردیاے
common_voice_ur_38413691.mp3	میں نے کہا کہ ’’ بزمِ ناز چاہیے غیر سے‘ تہی ‘‘	میںنے کہا کے بزمیں ناص چاہیے غیڑ سے تحی
common_voice_ur_31814026.mp3	اپنی ڈائری لے جا کر ان یادوں کو اپنی تحریر میں سمونے لگا	اپنی ڈہری لے جا کر ان یادوں کو اپنی تہریل میں سمونے لگا
common_voice_ur_31814028.mp3	ان کی شخصیت میں جو سحر تھا وہ دوسروں میں مفقود تھا۔	ان کی شخصیت میں جو سحرتھا وہ دوسروں میں مفکود تھا
common_voice_ur_31984735.mp3	ایشین ڈویلپمنٹ بینک کے وفد کی شہباز شریف سے ملاقات	ایشین ڈویلپنڈپین کے وفد کی شباض شریف سے مطقات
common_voice_ur_31955665.mp3	دوچار افراد میں تنہائی کا عنصر ابھر کر سامنے آتا ہے	دوچار افرا عتمتنہائی کا انصر ا بھر کر سامنے آتا ہے
common_voice_ur_38503253.mp3	فواد اور ماہرہ کی مولا جٹ کی ریلیز ڈیٹ کا اعلان	فوادور ماحرا قی مولا چٹکیل اتلیز ٹیٹ کا احلان
common_voice_ur_31981690.mp3	جو کا سبب پاکستان کرکٹ تنزلی کرنا جانب گامزن ہونا	چوکا سب پاکستان کرکٹ تنزندی کارنا جاندب کامزن ہونا
common_voice_ur_32006621.mp3	شعیب ملک نے مداحوں کو ننھے مہمان کی امد کی نوید سنادی	اشفع ملق انے مداحوں کو ننے میمان کے عمد کی نویز سنادے
common_voice_ur_31814663.mp3	ارے خیال میں فوج میں بہت بڑے آپریشن کی ضرورت ہے	ارے خیال میں خوج میں ببہت بڑے اپریشن کی ضعظت ہے
common_voice_ur_31814666.mp3	لیکن دنیا بھر میں مقبول اس ڈارمے کا مرکزی کردار ارطغرل	لیکن دنیا بھر میں مقبول اس رامے کا مرکضی کی اردار ارتغل
common_voice_ur_38491191.mp3	نورہ کی صفائی کے بعد نیم گرم پانی سے نہا لیں	نورا کی سفاعی کے بعد نیم گرمپانی سے نحالے
common_voice_ur_31966278.mp3	سٹیڈیم کا جنون مُلک میں وسیع طور پر اثرانداز ہو رہا ہے	اسٹیڈیم کا جنوع ملک میں وسیط اور پر اصر انداز ہو رہا ہے
common_voice_ur_31974649.mp3	امجد رمضان کی نشریات کا ایک لازمی حصہ بن چکا تھا۔	ہمجد رمزان کی نشریات کا ایک لازمی ہسہ بن چکا تھا
common_voice_ur_32059754.mp3	وزیر داخلہ کا تازہ ترین بیان اس کا ایک نمونہ ہے۔	وزیر داخلہ کا تعظہ ترین بیان اس کا ایک نمونا ہے
common_voice_ur_31828621.mp3	والوں کو سوچنا چاہیے کہ ان کانام اگر دہشت کی	والوں کو سوچنا چاہیے کے ان کا نام اگر دیشد کیں
common_voice_ur_32036192.mp3	یہ نہیں کہا جائے گا کہ فلاں شخص کافر ہے	یہ نہیں کہا جائے گا کہ فلاںش شخاففر ہے
common_voice_ur_38454497.mp3	سن کے‘ ستم ظریف نے مجھ کو اٹھا دیا کہ ’’ یوں؟ ‘‘	سند کے ستم صریف نے مجھ کو اٹھا دیا کہ یووں
common_voice_ur_38454511.mp3	غیر یوں کرتا ہے میری پرسش اس کے ہجر میں	غیل یہں کرتا ہے میری پرسصش اس کے خجل میں
common_voice_ur_38465267.mp3	میں ہوں صدف تو تیرے ہاتھ میرے گہر کی آبرو	میں ہو صدف تو تیرے حات میں میرے گھرکی ا بروپ
common_voice_ur_31978538.mp3	پاکستان سپر لیگ سیزن تھری گاڑیوں کی پارکنگ کیلئے مقامات مخصوص	پاکستان سپڈڑی سٹیزنتھوی گاڑیو کی پارکنگےریہ مکامار محسوس
common_voice_ur_31919697.mp3	نہ محکوم وہ خواب دیکھتے ہیں کہ:''اب راج کرے گی۔	لا حکوم وہ خواب دیکھتے ہکہ اب پراش کرےں گی
common_voice_ur_31919707.mp3	خدا کے حضور سجدے میں گرنے کو دل کرتا تھا	خدا کے حصول سجتے میں گھیرنے کو دند کرتا تھا
common_voice_ur_31967035.mp3	جیسے تمام احباب مناسب سمجھیں ویسا فیصلہ کر لیا جائے۔	جیسی تمام آہباپ مناسب سمجھیں ویصل فیصلہ کرلیا جائے
common_voice_ur_31921557.mp3	بارش نہ ہو رہی ہو تو بھی کھیت سرسبز ہو سکتے ہیں۔	بارشنہ ہو رہی ہو تو بھی کھیٹ سر سبس ہوسکتےیں
common_voice_ur_32018695.mp3	بڑی مشکل سے ہوتا ہے چمن میں دیدہ ور پیدا	پوڑی مشکل سے ہوتا ہے چمن میں دید اور پیدا
common_voice_ur_32019416.mp3	تو شاید وہ ناقدین کی نظر میں معتبر بن جاتا ۔	تو شائد وہ نا قدین کی نظر میں معطور بن جا تا
common_voice_ur_31916643.mp3	اچھا یہ بتاؤ کے آج کوئی کام ہے کرنے والا؟	اچا یہ بتا کیاچ کوئی کام کھی کرنے والا
common_voice_ur_32017586.mp3	جسے ابھی عقیدے سے ایک علمی دریافت میں بدلنا تھا۔	جسے ابھی عقیدع سے ایک علمی دریافت میں بدننا تھا
common_voice_ur_32026854.mp3	پی ائی اے عملے کے نئے یونیفارم کی ایک جھلک	پی ائیے املے کنے یوری فرم کی ایک چھلق
common_voice_ur_31916571.mp3	یہ اصطلاحیں مغرب کے سماجی پس منظر میں ظاہر ہوئیں۔	اس طلاحی مغرب کے سماجی پیسے منضر میں ضاہل ہوئے
common_voice_ur_31916501.mp3	میرے بڑے بھائی یہاں کے ایک سکول میں پڑھاتے تھے۔	میرے بڑے بھاری آں کہ ایک سکھول میں پڑھاتے تھے
common_voice_ur_32039912.mp3	ایشیا کپ کیلئے سری لنکا کی ٹیم میں ملنگا کی واپسی	ایشے کپ کے لیزر ڈھناکا کے ٹیمیاں ملنگق کی واپسی
common_voice_ur_31918132.mp3	کھلنا ٹیسٹ کے دوسرے روز پاکستانی بالرزاور بیٹسمینوں کی عمدہ کارکردگی	کھلنا ڈس کے دوسرے روس پاکستانی بعلرز اور بیٹس میںن وں کی امدہ کار کرتری
common_voice_ur_31918200.mp3	اس ایک میں سکرین دونوں امیدواروں کی تصویروں سے بھرتی ہے	اس ایک میں اس کرین دونوں امی دوائروں کی تصویروں سے بھڑھتی ہے
common_voice_ur_31966029.mp3	کپتان کو بدلنے کی بجائے اپنی سوچ اور نظام کو بدلو	کپتان کو بدلنے کے بجہئی اپنیے سوچ اور نعزام کو بدلو
common_voice_ur_31812717.mp3	اسپینش کلب ریال میڈرڈ نے انٹر میلان کو شکست دے دی	اسبیانش کھل پریال میر ڈرنے انٹر ملان کو شکست یدی
common_voice_ur_31916190.mp3	کبھی بھی پیرا شوٹ سے چھلانگ لگانا پسند نہیں کروں گا	کبھی وھی بیرش شوچھا چھلانگ لگانا پسند نہیں کروں گا
common_voice_ur_31847037.mp3	یہی لوگ دراصل انتہا پسند تنظیموں کی غذا بنتے ہیں۔	یہی لوگ درا سال انتیار پسند ترندھیموں کی غظہ بنتے ہیں
common_voice_ur_41138702.mp3	کیویز کے خلاف فتح کے بعد بھارتی کرکٹ ٹیم کی نمبرون پوزیشن یقینی	ٹیوزی کی خلاف طح کے بعتبارتی سی کہی ٹیم کی نمروار پوزیشن جکری گیں
common_voice_ur_38444054.mp3	نہیں گر ہمدمی آساں‘ نہ ہو‘ یہ رشک کیا کم ہے؟	نہیں گھر ہم دمی آنساں ناہو یہ رش کیا کم ہے
common_voice_ur_32046503.mp3	حضرت علی بن حسین رضی اللہ عنہ سے روایت ہے	آی
common_voice_ur_32046568.mp3	لیکن یہ کس کا قصور ہے نواز شریف اور زرداری کا	لیکن یہ کس کا کسورا نواز شریف اردداری کا
common_voice_ur_31962213.mp3	اس کی ضمانت صرف قومی سیاسی جماعتیں دے سکتی ہیں۔	اس کی زمانت صرف قومی سیاسی جماعتیں دی سکتی ہیں
common_voice_ur_31956751.mp3	بی بی سی اردو کو اردو نہیں آتی تیندوا ہندی میں ہوتاہے	بیویسی اردو کو رجوں نہیں آتیتینوا ہندی ہا ہوتا ہے
common_voice_ur_31956663.mp3	آپ نے میرے بھائی کو گالی دینے کی ہمت کیسے کی	آپنے میرے بھائے کو گالی دینے کی ہمد کیسے کی
common_voice_ur_31970538.mp3	اس کو چیتا کے نام سے ہی سنتے آرہے ہیں	اس کو چیتہ کا نام سو ہی صنت آ رہے ہیں
common_voice_ur_31955972.mp3	ایشیا کپ میں پاک بھارت مقابلوں میں کس کا پلڑا بھاری	ایشیا  اپنے پرغبھارک مقابلومی کسی کا پیلرہ بھاری
common_voice_ur_32000595.mp3	یہ کس خلش نے پھر اس دل میں آشیانہ کیا	یہ کش ھڑس نے بھر اس دل میں آشیانیا کیا
common_voice_ur_32000248.mp3	ان جگہوں کا اندرونی ماحول جو نسبتا گرم ہوتا ہے	ان جہگوں کا اندرونی ماحول جو نے سبطا گرم ہوتا ہے
common_voice_ur_31837365.mp3	بھی دینی حلقوں میں اضطراب کی لہر دوڑا دی ہے۔	بھی دنی حلکوں میں اس طراب کی لہر دوڑا دی ہے
common_voice_ur_31837345.mp3	یہاں کی منفرد روایات سیاح کو بہت بھلی لگتی ہیں ۔	یہاں کی منخری دروایات سیاح کو بہت گھلی لگتی ہیں
common_voice_ur_31916329.mp3	لیکن ہاف میراتھن دوڑ ایک بڑا ہی مزیدار اور گوارہ تجربہ رہا	لیکن حاف میں ا تھن دور ایک بڑا ہی مضطار اور گھوارا تجربا ہے
common_voice_ur_31998688.mp3	اور خوش اخلاق انسان ہیں اللہ آپ کو سلامت رکھے	اور خوش اخلاق انسان ہے اللہ آپ کو سلامت رکھے
common_voice_ur_31977307.mp3	جہاز کے حادثے کی خبر نے ھمیں خوفزدہ کر دیا	جہاص کے حاسے کی خبرنے ہمیں خف ضدع کردیا
common_voice_ur_31983659.mp3	شاہ ولی اللہ محدث دہلوی اپنی کتاب ”ازالتہ الخفا ء“ میں لکھتے ہیں	شا ولیو اللا محدس دہلوی اپنی کتاب زالتہ الحفہ میں لکتے ہیں
common_voice_ur_31849660.mp3	یہ عمرؓ ابن خطاب کا کوڑا نہیں تھا جس کا رعب تھا۔	یہ عمہر اپھنے ختاب کا کوڑانی تھا جس کا راپ تھا
common_voice_ur_31849668.mp3	دھر گرین ہاؤس میں کاربن ڈائی آکسائیڈ کی اضافی مقدار	دھر گرین ہاؤس میں کاربن ڈائی آقسائیک کی ز افی منتاہے
common_voice_ur_31791368.mp3	تو اس احتجاج نے اس کو دوسو روپے تک پہنچا دیا ہے۔	تو اس اہتجا نے اس کو دوسورپیت تک پہنچھا دیا
common_voice_ur_31842109.mp3	اسی طرح فیض کی شاعرانہ عظمت کی ایک دنیا معترف ہے۔	ایس سران فیص کی شیرانا عزمد کی ایک تنیم معطرف ہے
common_voice_ur_31841724.mp3	پیار یہ ہے کہ تم اسے اپنے خوابوں میں دیکھو۔	کیار یہ ہے کہ تو میں سے اپنے خوابوں میں دیکھو
common_voice_ur_31965090.mp3	میں کمپیوٹرکو اچھی طرح جانتا ہوں انٹرنیٹ بھی اچھا ہے	میں کمپیچرکار شکار جاتا ہو انٹنیٹ بیٹسہے
common_voice_ur_38482373.mp3	وہ نہیں ہم کہ چلے جائیں حرم کو اے شیخ!	وہ نہیں ہم کہ چلے جاییں حرم کو ایشیخ
common_voice_ur_31832530.mp3	تو پھرلغت میں 'دیانت‘ کے معانی کو بدل دینا چاہیے۔	تو پھر لغت میں تیانت کے معانی کو بدل دینا چاہیے
common_voice_ur_31976254.mp3	انشا اللہ جلد ہی سب کچھ ٹھیک ہو جائے گا	ان شا اللہ جلد ہی سب کچھ ٹھیٹ ہو جائے گا
common_voice_ur_31921430.mp3	پاکستان کو بہترین فیلڈنگ سائیڈ بنانا ہدف ہے بریڈ برن	پاکستان کو بہترین فلمنگ سائیڈ بنانا حدف ہے بریڈبن
common_voice_ur_31841726.mp3	آئیڈیالوجی، علما اور اہل علم و دانش کا موضوع ہے۔	ائیڈیالوجی علیما اور ایہل علم مودانش کا معضول ہے
common_voice_ur_31842053.mp3	امریکی سویابین لانے والا بحری جہاز بندرگاہ سے ہٹایا نہیں جا سکا	امریکی سویعبھین لانے والا بہری چاہاز بندرگا سہہا ٹایا نہیں جا سککا
common_voice_ur_31923007.mp3	کاش گھڑی کی سوئ ٹھہر ج اور میں ی بیٹھا ر	کا ج گھڑی کی صوئیح حیرچ اور میں یی بھیٹاکرے
common_voice_ur_31956873.mp3	اسٹریلین کھلاڑی نے مجھے اسامہ کہہ کر پکارا معین علی کا دعوی	اسٹریلین کھلاڑین مجھوسامہ کہ کر کقارا ہم وئین علی فتاغ
common_voice_ur_31992942.mp3	قائداعظم محمد علی جناح ہندو مسلم اتحاد کے حامی تھے	کا اداضہ معمد عجی جناہنڈوں مسلم تحاد کے حامی تھے
common_voice_ur_31837210.mp3	جہاں باپ اور بھائیوں کو بھینٹ چڑھا دیا جاتا ہے۔	جہاں پاپ اور بھائیوں کو بھینٹڑہایا ڈیا جاتا ہے
common_voice_ur_32056082.mp3	تو اس سے علاقائی اور مقامی سیاسی قوتیں کمزور ہوں۔	تو اس سے علاقئی اور مکامی سیاسی قووتیں کمزور ہیں
common_voice_ur_31957133.mp3	اقدار میں اصلاح کاآغاز رجحان ساز طبقات سے ہو گا۔	اقدار میں اصلاحقا آغاز رجحان ساس طبقات سے ہو گا
common_voice_ur_32062733.mp3	پہلے مرحلے میں انتظامیہ اپنے ملازمین کو ویکسین لگائے گی	عیریا مارحیل یمی انتظامیہ اپنے ملازمین کوویکسین لگائے کی
common_voice_ur_31943055.mp3	سچ ہے ہمیں کو آپ کے شکوے بجا نہ تھے	خچ حے ہمیں قوآب کہ شکوع بجانہ تھے
common_voice_ur_31943139.mp3	اپنے کردار کو اچھا کرو ہر لباس میں اچھے لگو گے	ارنے کےدار کو چھے ک رو ہر یہ باس ویہ وچھے لبول گلی
common_voice_ur_38504647.mp3	عامر خان نے سیاست میں انٹری پر خاموشی توڑ دی	آمخانے سیاصت میں انٹری پر خاموشی تور دی
common_voice_ur_31974398.mp3	ماہ میر کی ناکامی کے سوال پر انجم شہزاد برہم	معمی کین نیکامی کہ سوال پر انجم شہزاد برحم
common_voice_ur_31976532.mp3	نوازشریف اب ایک نئے تعارف کے ساتھ سامنے آرہے ہیں۔	نواز شریف اب ایک نئے تارف کے ساتھ سامنے آرہے ہیں
common_voice_ur_31791619.mp3	جانتا ہوں کے قوائد و ضوابط سے کیسے کھیلنا ہے	چانتا ہوں کہ قوائدو ضوابت سے کیسے کھیل نہ ہے
common_voice_ur_31791620.mp3	ایشین گیمز پاکستان کی نرگس کا ویمنز کراٹے میں کانسی کا تمغہ	ایشیان گیمز پاکستان کی نرکس کا ویمنس کراٹی امی کانسی کا ختام خاہ
common_voice_ur_31957272.mp3	عصری سیاست میں دینی ماخذ سے استدلال‘ نازک کام ہے۔	آصری سیاست مدینی باخض سے استطلال ماصقاب ہے
common_voice_ur_31957271.mp3	وہاں گاہکوں کے جسم کے درجہ حرارت ناپنے کا اہتمام نہیں تھا	وہاں گاقو کے جسم کے درجہرارت نابلے کا اعتمام نہیں تھا
common_voice_ur_31951355.mp3	وہ انسانوں میں چھپی تجلی کو بھی دیکھ سکتی ہیں	وہ انسانوں میں چھپہ تجلی کو بہی دیکھ سکتی ہیں
common_voice_ur_31849599.mp3	بل کھاتی ہوئی ایک سڑک مسلسل بلندی کی طرف جاتی ہے۔	پھر کھارتی ہوئی ایک صرب مسلل پلندی کی طرف جاتی ہے
common_voice_ur_31849616.mp3	یوں اب جمہوری طریقے سے اقتدار تک پہنچنا ممکن ہے۔	کیوام جہوری تریقسے اغدارطرف پہنچ نہ ممکن ہے
common_voice_ur_31849607.mp3	جب لوگ اسے دنیاوی مقاصد کے لیے استعمال کرتے ہیں۔	جب لوگو سے دنیابی مقاصت کیرا استعمال فکھتے ہیں
common_voice_ur_31791496.mp3	کیا تحریک انصاف میں خود احتسابی کا کوئی نظام ہے؟	کیا تہریکان صاف میں خوت اہتصابی کا کوئی نتظام نہیں
common_voice_ur_31791497.mp3	جنگل زیادہ گھنا نہ تھا راستے میں جگہ جگہ خوبصورت چراہ گاہیں آئیں	جنگل زیادہ گھنا نہ تھا رستے میں جگا جگا خوبصرچ شراح کاہآئیں
common_voice_ur_31980657.mp3	اپنی طرف متوجہ مبذول ہونے سے خوف محسوس کرتا ہوں	اپنی طرف متوجہ مبصون ہونے صیع خواف محسوس کرتا ہوں
common_voice_ur_31981016.mp3	رہی معیشت تو اس کی داستان گلی گلی بکھری ہوئی ہے۔	رحی معیشت تو اس کی داستان گلی گلی فکھری ہوئی ہے
common_voice_ur_31791780.mp3	اور دنیا بھر سے اپنی غلطیوں کی معافی ما نگے	اور دنیا بھر سے اپنی غلتیوں کی موافی ماں گے
common_voice_ur_31993899.mp3	جدہ مکہ شاہراہ پر شمیسی چیک پوسٹ میں نئے ٹریک بنائے گئے ہیں	جددہ مکہ شہرات پر شیمعسی ٹریک پوسٹ مینے ٹریک بناے گئے ہیں
common_voice_ur_31994014.mp3	کروشیا مرسینجا پوزیگا کلب کا کھلاڑی سینے پر گیند لگنے سے ہلاک	اوریشیا منسنجا زیکہ کلب کے کھلارڑی سینے پر کین لگنے سے حلاق
common_voice_ur_31841864.mp3	ایما واٹسن بیوٹی اینڈ دی بیسٹ کے لیے پرفیکٹ انتخاب	ایما وارسنکیوٹی این دیبیسٹ کی لیے ا پرایفکٹ انتحاب
common_voice_ur_31849557.mp3	وہ نکاح شادی جیسے اداروں کی حوصلہ افزائی کرتا ہے۔	ونیکا شادی جیسے داروں کی حوسلام صائن کرتا ہے
common_voice_ur_31885343.mp3	وہ دانستہ ان پہلوئوں کی نقاب کشائی سے گریزاں ہے۔	وہ دانستان ان پہلووں کی نقاب کو شاعئی سے گریزاں ہے
common_voice_ur_31923067.mp3	رومن اور بابل کی تہذیبوں میں بھی کچھ ایسے ہی	رومن اور بابول کی تہضیبوں میں بھی کچھ ایسے ہی
common_voice_ur_31951500.mp3	دنیا میں ہر کسی کو کسی نہ کسی شے کی ضرورت ہے۔	دنیا میں ہر کسی کو کسی نہ کسی شہقی زرورت ہے
common_voice_ur_31951901.mp3	طیارے میں سیناٹائزنگ کے باعث سفر بہت زیادہ محفوظ ہوجاتا ہے	تیارے میں صینا ٹایزنگ کی باعس سفر بہت زیادہ محیفوض ہو جاتا ہے
common_voice_ur_41168223.mp3	کیا مرا تذکرہ جو ساقی نے بادہ خواروں کی انجمن میں	کیا میرا تصکرہ جو صاقینے بعدہ خواروں کی انجمن میں
common_voice_ur_31792136.mp3	اورقانو اور غیر قانون شکار کر والہ کے ل سزا مقرر کر	اور قانو اور غیر کانون شکار کرفالا کی لامپ سضا مقرر کر
common_voice_ur_32009264.mp3	آپ کے لیے ویسی جس کی آپ نے تیاری کی جو یہاں	آپ کے لیے ویسی جس کی آپ نے تیاری کی ہو یہاں
common_voice_ur_32056260.mp3	تاریخ کے لیے زیادہ ترکتابوں سے رجوع کیا جاتا ہے۔	تاریک لیے سیارت طر کتاغوں سے رجود کیا جاتا ہے
common_voice_ur_31957856.mp3	گزشتہ چند بر سوں میں مریخ کے حوالے متعدد خبریں سامنے آرہی ہیں	گزشتعصن برسمں معریخ کے حوایلے مطعدط خبرس امنیا رہی ہے
common_voice_ur_31970247.mp3	اب کے ہم بچھڑے تو شاید کبھی خوابوں میں ملیں	اپ کے ہم بچھڑے تو شاید کبھی خوابوں میں ملے
common_voice_ur_31885226.mp3	یہ جنونی مذہب کی روح اور جدید دنیا سے نابلد تھے	یہ جنوبی مظہب کی روعح اور جڈید دنیا سے نابلد تھے
common_voice_ur_31844254.mp3	یہ 'تحریک‘ نئے نئے مو ضوعات کا مطالبہ کر تی ہے۔	اتہریک نےنے معزوات کتار مطاروح کرتی ہے
common_voice_ur_31982843.mp3	تو اسے خوش اسلوبی سے قیادت تک پہنچایا جا سکتا ہے۔	تو اسی خوش اصلوبی سے قیادت تک پنچایا جا سکتا ہے
common_voice_ur_31846883.mp3	ایک مضبوط حزب اختلاف سیاسی ارتقا کے لیے لازم ہے۔	ایک مضوود حظرو اختلاف سیاسی اڑتقام کیلی لازم ہے
common_voice_ur_31958788.mp3	جیسے خوشبوئے زلف بہار آ گئی جیسے پیغام دیدار یار آ گیا	جیسے خوشبوئے ضلف بہار آ گئی جیسے پیغام دیدار یا رآ گیا
common_voice_ur_31959873.mp3	چار شہرو ں میں پروازوں کی کمی کر رہے ہیں	چا شیروں ایں پروازوں کی کمی کرریں ہیں
common_voice_ur_32041095.mp3	باکسر محمد وسیم ایک مرتبہ پھر میدان میں اترنےکیلئے تیار ہیں	باقصرم حمد وسین ایک ممرتبہ پھر میدان میں اترنے کے لیے تیار
common_voice_ur_31846715.mp3	حالانکہ ان میں چھلنی کوئی نہیں، سب چھاج ہی ہیں۔	حراکی ان میں چھرنی کوئی نہی سب چھازہی ہی
common_voice_ur_31970684.mp3	تو پھر استخراجی منطق کا اطلاق بھی کیا جا سکتا ہے۔	پھر استخراجی منطگ کا اتلاق بھی کیا جا سکتا ہے
common_voice_ur_31952566.mp3	وفاقی محفوظہ بورڈ کے صنعتی پیداواری انڈیکس نے ایسا ہی کِیا	افائمیںفوزاب بورڈ کے صنعتمبی تواری انڈیکس نے ایسا ہی کیا
common_voice_ur_31960287.mp3	اس وقت غزہ میں رہنے والوں میں چھ فی صد مسیحی ہیں۔	اس پ غزا میں رینے وال لوگوں میں چھیف اصر مصیحی ہیں
common_voice_ur_31831784.mp3	اثاثے کیا چھپانے تھے‘ جس لائق وکیل نے ان کے کاغذات	آسیاصے کیا چھپانے تھ جس لائق وکیل نے ان کے کاغظا
common_voice_ur_31975869.mp3	رواں اردو کی غرض سے گرین ہاؤس کو سبز مکان	روا ارتو کی غرز سے گرین ہاؤس کو سبس ماکان
common_voice_ur_31888148.mp3	وزیراعظم نے اقتصادی رابطہ کمیٹی کا اجلاس اج طلب کرلیا	وزیر اعضم نے اکتصاتی رابتہ کمیرٹی کا اجلاس آش طلف پر لیا
common_voice_ur_31832377.mp3	تحریک انصاف پنجاب میں پیپلز پارٹی کا نیا ظہور ہے۔	تاریخ انصاف پنجاب میں پیپلز پارٹی کانیا ظہور ہے
common_voice_ur_38424034.mp3	آپ نے سب کو تیار کر کے میدانِ کارزار میں بھیجا	آپ نے سب خو تیار کرکے میدانے کارزار میں بھیجاں
common_voice_ur_38511280.mp3	آپ سب کھانے گھر میں بناتے ہیں یا بازار سے منگواتے ہیں؟	آپ سب خھانے گھرمیں بناتے ہیں یا بزاش سے منگواتے ہیں
common_voice_ur_31951871.mp3	کراچی پی ایس ایل فائنل کیلئے ٹریفک انتظامات بھی مکمل	کراچی پیاس ایل فائنل کی لئے ٹرفیکنتستامات پھک قمل
common_voice_ur_31848447.mp3	ورنہ اپنا درد تو حیوان بھی محسوس کر تے ہیں ۔	ورنہ اپنا دھر تو حیوان بھی میںسوس کرتے ہیں
common_voice_ur_41174320.mp3	پریانکا چوپڑا فلم کی کمائی سے حصہ لینے والی پہلی اداکارہ	کریانکہ چوپڑا فلم کی قماں اس رحی صال لینے والی پہلیہ داکھارا
common_voice_ur_38462962.mp3	یہ بندہ وقت سے پہلے قیامت کر نہ دے برپا	یہ بندا وقت سے پہلے قیامت کرڑنا دے بر پا
common_voice_ur_31829624.mp3	نظم اجتماعی کے خلاف عوام میں بغاوت پیدا کرتے ہیں۔	نضم اجتماعی کے خلاف عوامیں بغاوت پیدا کرتے ہیں
common_voice_ur_31979170.mp3	یورپی مصوری میں زرد رنگ کی تاریخی اور معاشی اہمیت	یورپی مسوری میں ظرد رنگ کی تاریخی اور معاششی ایمیت
common_voice_ur_31830097.mp3	اورعرب فنکار اپنے فن کا مظاہرہ کر رہے ہوتے ہیں۔	اور عرب فنکار اپنے فن کا مزاہرہ کررہے ہوتے ہیں
common_voice_ur_31830058.mp3	مشکل پیش آئی ابتدائی مر حلے میں یہ پاکستان کے	مشکل پیشائی اقتدائی مرحلے میں لیئے پاکستان گے
common_voice_ur_31973116.mp3	لوگ کہانی پر آخری منظر دیکھ کر تبصرہ کر رہے ہیں۔	لوگ کہانی پر اخی گضر دیک کر تب صرحہ کر رہے ہیں
common_voice_ur_31836913.mp3	پنجاب میں پاکستان کے ساٹھ فی صد افراد آباد ہیں۔	پنجاب میں پاکستان کے ساٹھ فیصح افراد عباد ہیں
common_voice_ur_31925910.mp3	یہاں ایک اور چھوٹی سی کہانی کی معمولی لائنیں ہیں	یہاں ایک اور چھوٹی سمکا ہنے کی مامولی لال میں ہے
common_voice_ur_31925844.mp3	جَہاں یِہ جانور اپنی خوراک کرنا تلاش میں آنا ہونا	اچہاں یہ جانور آقمیک فراک کرنا تلاش میں آنہ ہونا
common_voice_ur_32008199.mp3	رسالت مآبﷺ کی حیات مبارکہ کے آخری ایام کیسے تھے؟	رسالے تی ماب سلے لاوری وجیل صلم کی حیاتی مبارکہ کی اخیہ یان کیسے تھیں
common_voice_ur_38499186.mp3	تاج محل میں دودھ پلانے والی ماں کیلئے علیحدہ کمرہ بنانے کا اعلان	تعج محل میں دود پلانے والی ماح کے یے الیدہ کمرا بنانے کا اعلان
common_voice_ur_32004146.mp3	پاکستان میں نظریاتی لبرل عددی طور پر بہت کم ہیں۔	پاکستان میں نضریاتی لبل عددی ٹور پر بہت کام ہے
common_voice_ur_31829319.mp3	اس وقت کمپیوٹر کے سامنے بیٹھ کر ٹائپنگ کر رہا ہوں	ایس بک کمپیٹر کے سامنے بیٹکلیے ٹائیپنگ کر رہا ہوں
common_voice_ur_32014177.mp3	میاں برادران ترقی کا پہلا ماڈل پیش نظر رکھتے ہیں۔	میاں برادران ترققی کا پہلا معڈل پیش ناظر رکھتے ہیں
common_voice_ur_31890014.mp3	سوات کی ریاست نے پاکستان کے ساتھ الحاق کیا تھا ۔	سوات کی ریاست نے پاکستان کے ساتھ الحا کیا تھا
common_voice_ur_31985183.mp3	اس حصہ کو ووٹر شناختی یونٹ کا نام دیا گیا ہے	اس حس سے کو ووٹر شناختی عنٹ کا نام دی گیا ہے
common_voice_ur_38422597.mp3	کسی روز مسکرا کے آ ، ہر طرف ضیاء کر دے	اسیے روسمس کرا کھے آ ہھرد طرف زیا کردیں
common_voice_ur_38441188.mp3	وہ ستم گر مرے مرنے پہ بھی راضی نہ ہوا	وہ سطمگڈ مرے مرنے پہ بھی رازی نہ ہوا
common_voice_ur_31792740.mp3	ائل ٹینکر اونرز ایسوسی ایشن کا مطالبات کی منظوری تک ہڑتال جاری رکھنے کا اعلان	آئل ٹینکر اونرس اسوسییشن کا مطالبات کی مدوری تکھڑطا جاڑی رکھنے کا اعلان
common_voice_ur_31836992.mp3	انہیں کالم نگاری کے بارے میں تحقیق کرنا ہوتی ہے۔	ان ہی اکعلم نگاری کے بارے میں ٹہتیق کرنا ہوتی ہے
common_voice_ur_31889801.mp3	وہ فوجداری دفاعی کام میں پیشہور مہارت حاصل کرے گا	وہ فوش تاریح دفائی قام میں پی شور محارت حاصل کرے گا
common_voice_ur_31829627.mp3	جنہیں اپنی مناسب نشوونما کیلئے زیادہ حرارت درکار ہوتی ہے	جنہی اپنی مناصبنشہماں کہلیے زادہ ہر ار درکھار ہوتی ہے
common_voice_ur_31828409.mp3	ایف بی کا ڈاکٹرز کے بعد فیشن ڈیزائنرز کے گرد گھیرا تنگ	ایف پیکھا ڈاکٹرس کے بعد فیشن ڈزائنرس کے گرد کھیرا تنگ
common_voice_ur_38422323.mp3	یااللہ رحم فرما ہم سب پہ یا ظالمو کو ہدایت دے آمین	یا اللہ رحم فرما ہم سب پہ یا ضالموں کو حدایت تےقامییں
common_voice_ur_31989103.mp3	دنیا بھر میں خواتین کا ڈونلڈ ٹرمپ کے خلاف مارچ	دنیا بھئمیں خوا تین کا ڈونڈ ٹرمپ کے خلاف مارچ
common_voice_ur_32042137.mp3	ماجد خان کو چیئرمین پی سی بی بنانے کی تجویز	معجد خان کو چیرمین پی سی بھی بنانے کی رجویز
common_voice_ur_32007953.mp3	گو سب کو بہم ساغر و بادہ تو نہیں تھا	وو سب کو باہم صاقیرو بادہ تو نہیں تھا
common_voice_ur_32008136.mp3	سر بیچ دیں تو فکر دل و جاں عدو کریں	سر بیش نی تو فکر دلو جاں عجوع کریں
common_voice_ur_31937432.mp3	جون سے شرم الشیخ سے جدہ کے لیے براہ راست پروازیں چلائی جائیں گی	جون سے شارمل شیک سے جدا کےلئے برائے راست پروازیں چھلائی جائیں گیں
common_voice_ur_31937251.mp3	ٹرنباگو نائٹ رائیڈرز تیسری مرتبہ کیریبیئن پریمیئر لیگ کی چیمپیئن	چن باگو نائی چائیڈرز ٹیسی مارتبہ قاریون پریمیئر لیگ کی چامپئن
common_voice_ur_31952655.mp3	کے عشرے میں روس کے خلاف افغان تحریک مزاحمت کو سپورٹ	کی اشریم میں روست کے خلاف اوغان تیریقہ مضاحمنات کو سپہورڈ
common_voice_ur_38441577.mp3	ایک اک لمحہ ایک صدی تھا کب ہم پر آسان ہوا	ایکہ قلمہاں ایک صدی تھا کب ہم پر آسان ہوا
common_voice_ur_38457333.mp3	معروف سوشل میڈیا اسٹار شام ادریس نے دوست سے منگنی کرلی	معروف شوشل میڈیا شٹاج شاہ میں دریسٹ ڈے دوس سے مننی کردلی
common_voice_ur_38442322.mp3	کوئی میرے دل سے پوچھے ترے تیر نیم کش کو	کوئی میرے دل سے پچھے تیر تین نے کشکرو
common_voice_ur_31999704.mp3	اس نسل کی ایک جوڑی کی بولان کے پہاڑیوں میں بھی موجودگی کی اطلاعات ہے	اس نصل کے یک جوڑی کیل بلان کے پہاڑیوں میں بھی مچودکیکی اتلاات ہیں
common_voice_ur_31792873.mp3	صوبوں کو صنعتی زونز کے قیام کیلئے ہدایات جاری کردیں احسن اقبال	صوبوں کو صنتی زونس کے قیام کے لیے ہدایاچھ جاری کرتے اسان اک بارے
common_voice_ur_32038316.mp3	اور عوام الناس اسی اعتبار سے اسے قبول کرتے ہیں	اور عوامال ناس ایس اعتبار سے اسے قبول کرتے ہیں
common_voice_ur_32002474.mp3	جہاں انسانی لاشوں کو عبرت کے لیے لٹکایا گیا تھا۔	جہان انسانی لاشوں کو عبرت کے لئے لڑتایا گیا تھا
common_voice_ur_31793075.mp3	ان کے شوخ رنگ قاری پر جادو کر دیتے ہیں	ان کے شوخرنگ کاری پر جادوع کر دیتے ہیں
common_voice_ur_32009608.mp3	پاکستان اسٹاک ایکسچینج میں روز تک کاروبار بند رہے گا	پاکستان اسٹافج سین میں رولس ٹک کاروبار بنڈ رے گا
common_voice_ur_31828572.mp3	عزیر جسوال نے اداکاری کے میدان میں قدم رکھ لیا	عزہیر جیس وال نے اداقاریکے میدانمیں قدم رفلیا
common_voice_ur_38477209.mp3	ہفتہ وار دو چھٹیاں ختم کرنے پر بینک ملازمین سراپا احتجاج	ہفتا وال دو چھٹی ہتم کرنے پر بینک نلازبن صرح پہتر جاج
common_voice_ur_30574181.mp3	اب تو خریدوفروخت کے نہ کھاتے رکھے جاتے ہیں اور نہ ہی اشیائے	اب تو خریدفروخت کے ناکھاتے رکھے جاتے ہیں اور ناہیں عشیائ
common_voice_ur_32045128.mp3	کھیل اب سرمایہ دارانہ نظام معیشت کا ایک حربہ ہے۔	کھیل اب سرمایا دارانہ نثام معیشیت  کا ایک ھربا ہے
common_voice_ur_31890634.mp3	بلکہ اردو میں ایک ویب سائٹ کا اجرا بھی کیا ۔	بلکہ اردوں میں ایک ویب سائیڈ کا اجرہ بھی کیا
common_voice_ur_31890780.mp3	انسانیت کی نہج کبھی بھی ایک ڈگر پر گامزن نہیں	انسانیت کی نہیج کبھی بھی ایک ڈگر پر گامزن نہیں
common_voice_ur_32006386.mp3	قندیل کی کہانی ان خواتین کی زبانی جو انہیں سب سےبہتر جانتی تھیں	کندیل کی کہانی ان خواتین کی زبانی جوئانہیں سب سے بہتر جانتی تھیں
common_voice_ur_32005193.mp3	افسانہ طرازی اپنی جگہ مگر یہ امر واقعہ ہے کہ	افصانہ تراضی اپنی جگہ مگریا عمروا کیہے گے
common_voice_ur_31836678.mp3	تاہم کہانی نے واقعتا اپنے تمام امکانات کی کھوج نہیں کی	تہم کہانی نہے باکتن اپنے تمام امکانات کی کھوج نہیں کی
common_voice_ur_31836687.mp3	میں نے انتخابات کے دنوں میں اسے مو ضوع بنایا ہے۔	میں نے انتخابات کے دیوں میں اسے موضوع بنایا ہے
common_voice_ur_31793237.mp3	کھیلوں سے متعلق کارکردگی کا جائزہ لینے کیلئے ٹاسک فورس بنانے کا فیصلہ	کھیلاوسے متعلق کرکردگی کا جاعضہ لینی کیلیٹ ٹاسک فورس بنانے کا فیصلہ
common_voice_ur_31894729.mp3	ایشیا کپ بھارتی ٹیم کا اعلان ویرات کوہلی ٹیم سے باہر	ایشیا ک بھارٹیٹیمز کا ععلان ویرات کولی ٹیم سے باہر
common_voice_ur_31966215.mp3	چین سان یوان نے یہ گیم اپنے بھائی سے سیکھی تھی	چین سال یوہان نے یہ گیم اپنے بھائی سی سیکی تھی
common_voice_ur_31324157.mp3	ومبلڈن اوپن ٹینس کیون اینڈرسن نے فائنل کے لئے کوالیفائی کر لیا	ویمنڈن اوپرن ٹینس کیوں ان انڈسن نے فائنل کے لیےک والفعع کللیا
common_voice_ur_31836665.mp3	سیاسی جماعتیں پہلے کی طرح باہم دست و گریبان ہیں۔	سیاسی جماعتی پہلے کی طراعں باہم دست و گریبان ہیں
common_voice_ur_31966057.mp3	نوجوان کھلاڑی شاہین افریدی نے ویسٹ انڈیز کیخلاف ڈیبیو کردیا	نوجوان کھلاری شائین افریدی نے ویسٹ انڈیز کے کھلار ڈیپیوں کر دیا
common_voice_ur_31926210.mp3	اس ادارے سے بعض نامور علمی شخصیات وابستہ رہی ہیں۔	اس سے دارے سے بعزت نامور علمی شخصیات وابستا رہی ہیں
common_voice_ur_31934437.mp3	سبز پتے ہیں جو آنکھوں کے لیے ٹھنڈک کا باعث ہیں۔	سب زبتہیں جوان کھو کھیلیٹ ٹھنڈا کا باحص ہیں
common_voice_ur_31982129.mp3	صحبت میں غیر کی نہ پڑی ہو کہیں یہ خو	سوبرت میں غیر کی نا پڑی ہو کہیں یہ خو
common_voice_ur_32008876.mp3	پرانا شوق پورا کیا ، کتابی دیکھیں ، کچھ نئی ، کچھ وہی پرانی	پراڈا شاک بورا کیا کتابی دیکھ ہیں کچھ نئی کچھ وہی پرانیں
common_voice_ur_31920335.mp3	اُس پرانی فلم نے میری بچپن کی یادیں تازہ کردیں	عس پورانی فلم نے میری بسبن کی یادیانتازاہ کردیں
common_voice_ur_31959296.mp3	ایشیا کپ بنگلہ دیشی اسکواڈ سے صابر اور انعام ڈراپ	ایشیا کپ بنگلہ دیشی سیکارڈ سے سابر اوڑے ناب کراپ
common_voice_ur_32005287.mp3	سو کر ہی نہ اٹھیں یہ ارادہ تو نہیں تھا	سو کرخینا اٹھیں یہ عرادہ او نہیں تھا
common_voice_ur_31793344.mp3	کینیا سے درامد چائے میں مضر صحت کیمیکل کی موجودگی کا انکشاف	کینیا کے در آمت چائمیں منصری صحت کیم کل ی مجودکی کا انقشاف
common_voice_ur_31967970.mp3	اوریہ کہ وہ تصادم کی نہیں، اصلاح کی بات کررہی ہے۔	اوریے کہ وہ تصادں کی نہیں اصلاح کی بات کررہے ہیے
common_voice_ur_31981601.mp3	اس کے برخلاف ایڈہاک ازم سب کچھ برباد کر دیتا ہے۔	اس کے ور خلاف ایڈ حوقزم سب کچھ برابر کر دیتا ہیں
common_voice_ur_31978938.mp3	وسیم کے بعد رمیز بھی ڈب اسمیش کلب کے ممبر بن گئے	وسین کے بار رمیز بھی ڈب سمیچ کلب کے ببر بن گے
common_voice_ur_31824275.mp3	سلیمان ندوی آخر نورجہاں پر کیا اور کیوں لکھیں گے؟	سلیمان ندوی اخر نور جہاں پر کیا اور کیوں لکھیں گے
common_voice_ur_32014444.mp3	جہاں دو متحارب افواج ایک دوسرے کے مد مقابل ہوں۔	جہاں دو مطحارب افج ایک دوسرے کے مد مقابل ہوں
common_voice_ur_32044516.mp3	کہا جاتا ہے کہ ''ڈان لیکس‘‘ محض ایک راؤنڈ تھا۔	کا جا تاہی کیہ ڈان لیقس میں زےک رانڈ سا
common_voice_ur_31996541.mp3	فیفا ورلڈکپ کولمبیا اور جاپان اگلے مرحلے میں پہنچ گئیں	ایف امرکب قولمبی ور جپانا گلی مرعلم پہنچس ہے
common_voice_ur_31975466.mp3	ایشیا کپ کے وہ یادگار لمحات جنہیں بھلانا ممکن نہیں رہا	ایشیا کپ کے وہ یادگار لمحار جینے بھلانا ممکن نہیں رہا
common_voice_ur_31988204.mp3	رقبے کے لحاظ سے براعظم افریقہ کا سب بڑا ملک ہے	رڈبے کے لہاں صےف بریعزن افریکہ کا سب بڑا ملک ہے
common_voice_ur_31793908.mp3	۔ یہ پکنک ، سیاحت وغیرہ پرلے جانے کے لئے بہترین ہے۔	یہ پیکنک صیحا تو اگیرا پر لیے چانے کیلے بہترین ہے
common_voice_ur_31915937.mp3	اپنی اپنی تعبیر اور اس پر اصرار کہ یہی اسلام ہے۔	اپنی اپنی تابیق اور اس پ اصرار کہ یہی اسلام ہیے
common_voice_ur_31967342.mp3	جیمی مک کائی سنگاپور میں قائم اداری ارتھ آبرو یٹری سی منسلک ایک ماہر ارضیات ہیں۔	جیمی مک کائ سنگاپور میں قائم عداری ععتھ آبرو یٹی سی منصلق ایک محاح ارزیات ہیں
common_voice_ur_31975894.mp3	یہ آزمائش پانچ ہفتوں تک جاری رہنے کی توقع ہے	یہ آزمائی شپاچ ہفتو تک جاری رینی کی توقو ہے
common_voice_ur_31955855.mp3	کیا لبرل ازم اور مذہب میں کہیں اعتدال نہیں ہوتا؟	کیا لبرلزم اور مزحب میں کہی اتدال نہیں ہوتا
common_voice_ur_31833838.mp3	حبیب بینک نے تیسری مرتبہ قائد اعظم ٹرافی جیت لی	ویپ بینکھ ن تیسی مرتبا قا دی عظم ٹرافی چ اتھلے
common_voice_ur_38462325.mp3	مذاکرات کے بعد ممکنہ رہائی پر مبنی خبروں میں نہ آئیں	مزاقرات کے بعد ممکنارحائی پر مبنی خبروں میں نا آئمں
common_voice_ur_38463667.mp3	دوبارہ سے میری ریڑ ھ کی ہڈی میں سرد لہر ڈوڑتی چلی گئی	دبارہ سے میری دیڑ کی ہڈی میں سرد لحر دورتی چلی گئیں
common_voice_ur_32002053.mp3	یوں مصنوعی نہیں رہیں بناوٹ کی عمر مختصر ہوتی ہے۔	یوں مسنوئی نئی رہے بناوٹ کی عمد مختصر ہوتی ہیں
common_voice_ur_31978924.mp3	اب یہ کچھ عرصے سے یہاں پہ تیندوا مشہور ہوگیاہے	اب یہ کچھ ارصے سے یہاں پہ تین روہ مشہور ہو گیا ہے
common_voice_ur_31823902.mp3	سی پیک منصوبوں میں عدم دلچسپی کی رپورٹس پروپیگنڈا ہیں چین	سی پ ایک منصعبح میں ادم دلچسبی کی ریپوٹس پرو پ گینڈا ہچینیں
common_voice_ur_31997055.mp3	میں اپنے پارسی بھائیوں کیساتھ اظہار یک جہتی کرتا ھوں	میں اپنے پارسی بھعیوں کے سات عضارے یک دہتی کررتا ہوں
common_voice_ur_41133114.mp3	افواہیں ختم کیدر ناتھ میں سارہ علی خان اور سشانت سنگھ کا رومانس سامنے اگیا	افواہیں کھتم کے درناتھ میں صارح لیکھان اپرسشانتسنگ کا روند سامنے آ گیا
common_voice_ur_31824212.mp3	وہاں لوگوں کے مذہبی جذبات سے بھی کھیلاجا رہا ہے۔	وہاں لوگوں کے مزہبی جظبات سے بھی کھیلا جائ رہا ہے
common_voice_ur_31948654.mp3	تھی یاروں کی بہتات تو ہم اغیار سے بھی بیزار نہ تھے	تھی آروم کی بفتاح تو ہم اغیار سے بھیں بیزار نہ تھے
common_voice_ur_31833058.mp3	کیا وہ بھی کسی نیک مقصد کے لیے حوالۂ زنداں ہیں؟	کہ وہ بھی کسی ن ایک مقصد کی لیے حبال ائے اضدا ہے
common_voice_ur_31833097.mp3	آج بھی دیوی دیوتاؤں کے نام کے بت بنا ئے جاتے ہیں	آج وی دور عیتاؤں کے نامپ کے بھوت بنائی چاتے ہیں
common_voice_ur_38431450.mp3	"امجد کی کوششیں لاحاصل نہیں رہیں آج میرے لبوں پہ ""تاجدار حرم"" ہے۔"	عمجد کی کوششے لاحاصل نہیں رہی آج میرے لبوں پہ تاج دارع حرم ہیے
common_voice_ur_38431571.mp3	"اس وقت کو بڑھایا جا سکتا ہے"" مگر اس کی تحدید لازم ہے۔"	اس وقت کو بڑھایا جا سکتا ہے مگر انکی تہدید لاضم ہی
common_voice_ur_38459183.mp3	گری ہے جس پہ کل بجلی‘ وہ میرا آشیاں کیوں ہو؟	گری ہے جس پے کل بجلی وہ میرا آشیاں کیوں ہوں
common_voice_ur_31986681.mp3	ویسٹ انڈیز کا دورہ پاکستان ان لائن ٹکٹوں کاکوٹہ سے فیصد کردیاگیا	ویسٹ انڈیز کا دورے پاکستان آون نائن ٹکٹوں کا ٹوقا سے فیسد کلدیا کیا
common_voice_ur_31897130.mp3	وہ دنیا سے انمٹ حسین یادیں چھوڑ کر رخصت ہوا۔	وہ دنیا سے انمٹھ حسین یادیں چھوڑ کر رخصد ہوا
common_voice_ur_31995245.mp3	مبشر صدیق صاحب آپ کو دعائیں ہیں آپ کے والد محترم کی	وبشر خریخ صہا وآ کو دوائیں ہں آپ کے والیت محطرم گی
common_voice_ur_31986445.mp3	اس موقع پر سیرت نگاروں کو انعامات دیے جاتے ہیں۔	اس موکے پرسیرت نے گاڑوں کو عنامات لیے جاتیں ہیں
common_voice_ur_31775006.mp3	جو وائرس کے ساتھ ساتھ افواہوں کے خلاف بھی لڑ رہے ہیں۔	جو وائرس کے ساتھ ساتھ افواحوں کے خلاف بھی لڑ رہے ہیں
common_voice_ur_31931563.mp3	عوام سے پہلے، خواص کو اس کی حساسیت کو سمجھنا ہے۔	عوام سے پہلے خواس کو اس کی حصاسیت کو سمجنہ ہے
common_voice_ur_31772082.mp3	آپ فکر نہ کریں مجھے آپ کی یاد داشت پر بھروسہ ہے	ہ فکر نہ کرے مجھے آپ کی یآ داشت میں بھرصہ ہے
common_voice_ur_31985289.mp3	ملک کے حالات ماضی سے یکسر مختلف نظر آتے ہیں۔	ملک کے حالات ماضی سے یکصر مختلف نظہر آتے ہیں
common_voice_ur_31951339.mp3	عالمی سازشوں کو اپنی شکست کی وجہ قرار دیتے ہیں	عنمی سالشوں کو افنی شکست کی وضق رارتےتہیں
common_voice_ur_32003618.mp3	ثانیہ مرزا اور اظہر محمود کے درمیان دلچسپ نوک جھونک	سائنیامرزا اور اظہر محنود کے درمیان دلچسٹ نوک چھر
common_voice_ur_32036637.mp3	بہت سی تحریریں، ان سب خواص سے تہی دامن ہوتی ہیں۔	وہ چھی تہریرے ان سب خواسی تحیدامں ہوتی ہیں
common_voice_ur_31985064.mp3	پھر جنگل ہیں جو زمین کے موسموں کو تھامے ہوئے ہیں۔	پھے جنگل میں جو زمین کے موسموں کو تھامیں ہوئے ہیں
common_voice_ur_38415640.mp3	جوئے خوں آنکھوں سے بہنے دو کہ‘ ہے شام فراق	جوئی خون آنکھوں سے بہنے دو کئ ہیں شام فراق
common_voice_ur_32030170.mp3	سیاست دان قانون اور اخلاقیات کا پابند ہو تا ہے۔	سیاسدان قانون اور اخلاقیت پر کا پابند ہوتا ہے
common_voice_ur_31841577.mp3	اُردو کا بعض اوقات ہندی کے ساتھ موازنہ کیا جاتا ہے	اوردوں کا پاضوقات ہندی کے سات مہ واصنہ کیا جاتا ہے
common_voice_ur_38443986.mp3	خطا کس کی ہے یا رب لا مکاں تیرا ہے یا میرا	خطا کس کی ہے یارب یا مکھاں تیرا ہے یہ میرا
common_voice_ur_32017825.mp3	بقیہ پورا ٹور تو ٹیم نے اچھ کارکردگی دکھائی ہے	باکیا پورا ٹیم تو ٹیم عنیا چھاک کر کر دگی دکھائی ہیں
common_voice_ur_31981025.mp3	گمان یہی رکھنا چاہیے کہ ہر مسلمان نماز پڑھتا ہے۔	گمان یہیں رکہا چاہیئے کے ہر مسلمان نماز پرھتا ہے
common_voice_ur_31794079.mp3	اور سردی سے بچائو کے لئے یہاں کے غریب عوام لکڑی جلاتے ہیں ۔	اور صردی سے بچاو کھےلئے یہاں کے غریب عوام لقڑی جلاعتے ہیں
common_voice_ur_31794142.mp3	ھر یہ سوچتا شاید ان کو ابھی تک کوئی کام	ہریہ سوچتہ شائد ان کو ابھی تک کوئی کام
common_voice_ur_31794137.mp3	ناصر جمشید کا اسپاٹ فکسنگ کیس اینٹی کرپشن ٹربیونل کو بھیج دیاگیا	ناسر جیمشیس کا سپٹ فکسنگ کیس اینٹی کرپشن ٹربیونل کو بھہیچھ دیا گیا
common_voice_ur_31794258.mp3	اسی طرح افغانستان کے ساتھ فطری رشتہ دوستی کا ہے۔	اسی طرح افغانستان کے سات فطری رشتہ دوستی کا ہے
common_voice_ur_31974443.mp3	اسٹریلیا پاکستان کو ڈیری کے شعبے میں معاونت فراہم کرے گا	آسٹیلیا پاکستان کورڈ ڈیری کے شعبے میں معاونت فرام کرے گا
common_voice_ur_31878379.mp3	پاکستانی کَیا طرح صبح سویرے بیدار ہونا اور پریس کانفرنس کرنا	پاکستانی کیا ت کیا ترح سبح سویر بیدار ہنا اور پریس کانفرنس کرنا
common_voice_ur_31953250.mp3	ہم سے جہاں میں کشتۂ غم اور کیا نہ تھے	ہم سے جہاں میں کشتہ غم اور کیا نہ تھے
common_voice_ur_31863792.mp3	ایسے لمحوں میں خود کو سنبھالنے کی ضرورت ہوتی ہے۔	اسے لمحوں میں خود کو سمبحالنے کی ضرورت ہوتی ہے
common_voice_ur_31985233.mp3	جہاں علامہ اقبال اور قائد اعظم نے اسے چھوڑا تھا۔	چہاں علامہاعیق بارو گائ دیظم نے کے چھوڑت ہے
common_voice_ur_31841278.mp3	فخرزمان کی تعریف کرنے پر محمد کیف تنقید کا شکار	فخر زمان کی تاریف کرنے پر محمد کیف تھنکیت کا شکار
common_voice_ur_38466493.mp3	کراچی میں گرمیاں اپریل سے اگست تک باقی رہتی ہیں	کراچی میں گرمیاں ایپرل سے اگست تقباکی رہتی ہے
common_voice_ur_38441113.mp3	عدو کے ہو لیے جب تم‘ تو میرا امتحاں کیوں ہو؟	مرتوب کے حللیے جب تم تو میرا امتہاں کیوں ہو
common_voice_ur_31968006.mp3	موجودہ زمانے میں امتِ مسلمہ کا ایک بڑا المیہ یہ ہے	مجدہ زمانے نے عمتے وسلماں کا ایک بڑا علمیا ی ہے
common_voice_ur_31952819.mp3	تو انہیں یہ اینکر انتہا پسند دکھائی دینے لگے ہیں۔	ٹو انہ یہ انکر انتحا پسند دکھائی دینیں لگے ہیں
common_voice_ur_32016450.mp3	میں اپنا تجزیہ نکات کی صورت میں بیان کر رہا ہوں۔	میں اپنا تعیزیرنقاتقصورت میں بیان کاراؤ ہوں
common_voice_ur_31809276.mp3	پھر نہ رباعی کی خبر آئی اور نہ غزل کا نشان ملا	پھر نا ربھائی کی خبر آئی اور نا غضل کا نشان بھلا
common_voice_ur_41108210.mp3	وہ اپنی کامیابی کو اپنے اہداف کی طرف قدم بڑھاتے ہیں۔	وہ اپنی قامیابی کو اپنے اہداق کی ترف قدم بڑاتے ہیں
common_voice_ur_38469227.mp3	آپ ہی ہو نظارہ سوز پردے میں منہ چھپائے کیوں	آپ پھی ہوہ مزارہ سوسپردے میں مون چھپائے گیے
common_voice_ur_31809294.mp3	پروفیسر صاحب نے خود کو روایت سے وابستہ رکھا ہے۔	پروفیسر صعب نے خود کو روایت سے وابستہ رکھا ہے
common_voice_ur_31950570.mp3	تمہیں تو ٹھیک طرح سے کام کروانا بھی نہیں آتا	تمہیں تو ٹھیک درحاں سے کام کروانا بھی نہیں آتا
common_voice_ur_31343268.mp3	زخمی ہوجانے سے رنویر سنگھ کو کروڑ روپے کا نقصان	ضخوی ہونے سئں رینگویر سنکو اڑوڑوپے کا ننکسان
common_voice_ur_38499817.mp3	اور تو اور اپنے دیس کا لباس، مردوں اور عورتوں کا، تبدیل کر ڈالا۔	اور تو اور اپنے دیس کا لباس مردو اور ار توقا تبدیل کر ڈییا
common_voice_ur_41174300.mp3	کیونکہ اس نے اسد حکومت کو گرنے سے بچایا ہے۔	کیم کے اور اسنے اصے حکوملت کو گھرنے سے بچایا ہے
common_voice_ur_31967649.mp3	مگر اب تو کچی شراب ہر جگہ پی جانے لگی	مگر اپ تو کچی شراب ہرڑ جلہ تی جارلے
common_voice_ur_31937219.mp3	غیور دلیر بہادر بلوچ مسلمان کے لیئے وہ خوشی کا دن تھا	روئی یور دلیر بہادر بھلوشٹ مسلمان کے لئے وہ خوشی کا دیلیکھا
common_voice_ur_31841296.mp3	حکومت اور ریفائنریز میں فرنس ئل کی خریداری پر معاملات طے پاگئے	حکومت اور جفانڈیس میں فارنس آئل کی خریداری پر معاملا تے پا گئے
common_voice_ur_32017969.mp3	براہ مہربانی کچھ دیر انتظار فرمائیں یا اپنے براؤزر کو ریفریش کریں	برائے میروانی کچھ تیر انتزار صرمائی اپنے براؤزر کو رفریش کریں
common_voice_ur_32019071.mp3	پیرس کے حادثے پر ان کا ابتدائی رد عمل ناکافی تھا۔	ایراس کہاد سے بر انکا اعتدائی ردیمل نا کافی تھا
common_voice_ur_38452352.mp3	کعبہ میں جا رہا‘ تو نہ دو طعنہ‘ کیا کہیں	قوابی نے جا رہا تنا دھوتانا کیا کہےں
common_voice_ur_32010344.mp3	یہ مسائل اصل مسئلے سے کہیں زیادہ گمبھیر ہوتے ہیں۔	یہ مخائل عصل مئلے سے کہیں زیادہ گمبیر ہوتے ہیں
common_voice_ur_38447406.mp3	صحبت پیر روم سے مجھ پہ ہوا یہ راز فاش	سوحبت پی روم سے مجھ پہ ہوا یہ راث واش
common_voice_ur_31916309.mp3	پاکستان بھارت کے عظیم کھلاڑیوں کے ناموں سے سیریز ہونی چاہیے	پاکستان بھارت کیعضیم کھلاڑیوں کے نامو سے سیس ہونی چائیں
common_voice_ur_38428603.mp3	انہیں میں تشنگی کی حد کو بھی چھو کر بناتی ہوں	ان میں تشنگی کی ہط کو بھی چھو کر بناتی ہوں
common_voice_ur_38451712.mp3	ووٹنگ کے لیے کوئی حتمی وقت طے نہیں ہو سکا	ووٹنگ کے لیے کئی ختمی وقت یں نہیں ہوسکا
common_voice_ur_31833746.mp3	پی سی بی نے سزا یافتہ کرکٹرز کیلئے روڈمیپ جاری کردیا	اسی بی انیں صظاح آف تکریکیٹرز کے لیے روڈ میپ جاعی کر دیا
common_voice_ur_31809354.mp3	کہ گو یا یہ حسین نظارے اوجھل نہ ہو جائیں	کہ گویا یہ حسین نزارے اچھل نہ ہو جائے
common_voice_ur_38452689.mp3	ظلم برداشت کرنے والا بھی اتنا ہی ظالم ہے جتنا ظلم کرنے والا	ظلم ب داشت کرنے والہ بھی اتناہی ضالم ہے جیتنا ظلم کرنے والا
common_voice_ur_38467397.mp3	اس دن پوری اسلامی دنیا میں جشن کا سماں ہوگا	ایس دین پوری اسلامی دنیا میں اجیشن کا سماہ ہو گا
common_voice_ur_31990554.mp3	اورنہ ہی ان کے قریبی رفقا کی، جن سے میں واقف ہوں۔	ہور ناہی انگے گری بھی رفکا کی ین سی معں واقف ہوں
common_voice_ur_31930294.mp3	نہ کس کو نشان حیدر ملا اور نہ ہی کس کو ستائش کا ٹیفکیٹ	ناکسی کو نشانی عدرملا اور نا ہی کی سکوٹ سطائش کا ٹیفکیڈ
common_voice_ur_31828172.mp3	ندی دریا اور گاؤں کی گلیاں بھی بل کھاتی ہوئیں	ندی دریا اور گاؤں کی گھلیاں بھی بھل کھاتی ہوئیں
common_voice_ur_31809614.mp3	کہ انہیں کسی ایسی ہستی کی تائید میسر آ جائے	کیہ انہیں کسی ایسی حستی کی تایطمعیس سر آ جائے
common_voice_ur_38433672.mp3	دیا ہے خلق کو بھی تا اسے نظر نہ لگے	دیا ہے قلک کو بھی تعا اسے نظر نہ لگے
common_voice_ur_31970287.mp3	ڈن اینڈ بریڈ اسٹریٹ کے پاکستان کیلیے کاروباری امید کے اشاریہ کا اجرا	این این بیڈ اسٹریٹ کری پاکستان کیلئے کاربای امید کا اشاریا کا اجرہ
common_voice_ur_31823211.mp3	چیزوں کو ان کی رفتار سے چلتا رہنے دیتا ہوں	چیزوں کو ان کی رفتار سے چلتا رہنے دیتا ہوں
common_voice_ur_38471904.mp3	اس کی فصاحت وبلاغت اور زبان پر قدرت کی مثالیں دی جاتی تھیں۔	عس کی فصاحح تو بغالغت اور زبان پر قدرت کی مسالیں تی جاتی تھیں
common_voice_ur_31950129.mp3	مسجد کو تقسیم کا نہیں، وحدت کا مرکز ہو نا چاہیے۔	وستد کو تقصیم کا نہیں باہدت کا مرکرس مورا شریف
common_voice_ur_31841075.mp3	جنونی خوابوں خیالوں کی دنیا سے لطف اندوز ہوتا ہوں	جنوبی خوابوں خیالوں کی دنیا سے لتف اندوز ہوتا ہوں
common_voice_ur_31971024.mp3	آنکھ اٹھتے ہی ایک نظر میں عالم سارا گزرے تھا	ارفٹ کی ایک نضر میں عالم صعرق گزر تھاا
common_voice_ur_31929607.mp3	خشوع و خضوع نماز کے معیاری ہونے کے لیے ضروری ہے۔	اش مرسون نماس کی میاری ہونے کےلیے ضروری ہے
common_voice_ur_38445579.mp3	میری جنریشن کے لوگ ان پرانی پارٹیوں کے نام سن سن کے بوڑھے ہوچکے ہیں۔	میری جنرویشن کے لوگ انپرانی پارٹیوں کے نام سنفن کے بھوڑے ہو چکھے ہیں
common_voice_ur_38457078.mp3	عامر لیاقت نامناسب تصویر پوسٹ کرنے پر تنازع کی زد میں	آمے لیاقت نہ مناسب تسویر پوسٹ کرنے پر تنازے کی ضد میں
common_voice_ur_38441209.mp3	خبر رساں ادارے تسنیم کے نامہ نگار کی رپورٹ کے مطابق،	کھبر رسائے دارے تسنیم کے نامہ نگارڑ کی ریپورٹ کے مطابق
common_voice_ur_38413018.mp3	کسی کو دے کے دل‘ کوئی نوا سنجِ فغاں کیوں ہو؟	کسی کو دیکے دل کوئی نوا سنجھے فگا کیو ہوں
common_voice_ur_31809677.mp3	پی ایس ایل کے ادھے میچز پاکستان کرائیں گے نجم سیٹھی	پی ایس ایل کے آدم میچس پاکستان کرائیں گےاجمپ سیٹھی
common_voice_ur_31989439.mp3	بیشک ایک صحت مند اانسان کے اوپر اسکے بہت احسانات ہیں	بی شک ایک صحط ہون علصان کے غفر عسک بہت اہسا نات ہے
common_voice_ur_41118346.mp3	اقتدار سے معزول ہو گئے اور انہیں سزا بھی ملی۔	اقتدار سے معضول ہوگئے اور ونے سظا بھی ملی
common_voice_ur_31903076.mp3	عورت تاریخ کے ہر دور میں مرد کے تابع رہی ہے	اور عتاری کفردول میں مرد کی تابی رہی ہے
common_voice_ur_31840958.mp3	کُچھ لوگ ایسے واقعات کوآڑ بنا کردوسرے ملکوں کی امیگریشن حاصل کرتے ہیں	کچھ لوگ ایسے واقیات کو آڑ بنا  کر دوسرے ملکھوں کی امگریشن حاصل کرتے ہیں
common_voice_ur_38428742.mp3	اسدؔ ہر جا سخن نے طرح باغ تازہ ڈالی ہے	عصد ہرجیا سخن نے ترانباغ تاضع ڈالی ہے
common_voice_ur_31835450.mp3	وہ ریگن کی انتظامیہ کے دوران زیادہ خوشقسمتی نہیں رکھتے تھے	وہ رنکن کی انتظامیہ کے دوران سیادا خوش قسمتی نہیں رکھتے تھے
common_voice_ur_31835469.mp3	دوسرے دن دفتر میں تیسرا ملازم موجود ہی نہیں تھا	دوسرے دن دفتر میں تیسرا ملازم موجود ہی نہیں تھا
common_voice_ur_38435454.mp3	نیا کام کرنے والےافراد ذہنی دباؤ کا شکار ہوجاتے ہیں	نیا کام کرنے والے افراز زہنی دباو کو شکار ہو جاتے ہیں
common_voice_ur_38444240.mp3	سنا ہے یہ قدسیوں سے میں نے وہ شیر پھر ہوشیار ہوگا	سماہے یہ ادوسریوں سفمیں نے بوہ شعد پھر خوشیاد ہو گا
common_voice_ur_31909503.mp3	بھارت پہلے میچ کی شکست کے بعد پریشر میں ہوگاوسیم اکرم	بھہارت پیلے میچ کی شکست کے باد پریشر میں ہوگا وسی مقرم
common_voice_ur_31855060.mp3	محمد عرفان کا ٹی ٹوئنٹی کرکٹ میں حیرت انگیز ریکارڈ	وہ ممندرفن کا ٹی ٹھونٹی کیھٹ محر تنگ گی ریکھار
common_voice_ur_32019765.mp3	یہ ماضی پاکستان کی سیاسی تاریخ کا جزو لا ینفک ہے۔	یہ معضی پاکستان کی سیاسی تاریخ  ا جوس لائی ینف ک ہے
common_voice_ur_41159271.mp3	یہ کہنا غلط ہے کہ سعودی خواتین فیشن نہیں کرتیں	یہ کہنا خالت ہے کہ سودی خوارتین فیشح نہیں کرتی
common_voice_ur_41164668.mp3	موجودہ حکومت کے اخری بجٹ کے اخراجات میں اضافے کا امکان	موجودہ حکومت کی آقھری بجٹ کیے ایک رجات پھی عظافر کا امکان
common_voice_ur_32050107.mp3	پندرہ روزے رکھے ہیں‘ اب کمزوری محسوس کر تا ہوں۔	پندرا روزے رکھ ہیں اب کھمزوری معسوس کرتا ہوئیں
common_voice_ur_38443516.mp3	مرنے کی اے دل اور ہی تدبیر کر کہ میں	مرنے کی عیر دل اور ہی تدبیر کرکے میں
common_voice_ur_31993547.mp3	ون ڈے سیریزپاکستان زمبابوے کیخلاف تیسرا میچ کل کھیلے گا	ون ڈے سییز پاکستان سمبابوے کے ہڈا تیسرہ میچ کل کھیلے گا
common_voice_ur_31847456.mp3	بلال اصف کے مستقبل کا فیصلہ چنئی میں بائیومکینک ٹیسٹ اج ہوگا	بلاہ عصف کی مستہقول کا فیصللہ چیننی میں بایو میٹرک ٹیس آج ہو گا
common_voice_ur_31847410.mp3	آج ہمیں ہندوستان کے ایسے لبرل عناصر اچھے لگتے ہیں	آج ہمں اندوستان کئے سے لبرل آنا صی رچھل لگھتے یں
common_voice_ur_38415453.mp3	پردہ چھوڑا ہے وہ اس نے کہ اٹھائے نہ بنے	بردا چھوڑا ہے وہ اس نے کہ اٹھائے نہ بنے
common_voice_ur_38418498.mp3	پیسہ کتنی عجیب چیز ہے جو رشتوں کو بھی بھولا دیتا ہے	پیسا ککی عجیب چی سے جورش تو کو بھی بھلا دیتا ہے
common_voice_ur_38436521.mp3	میگھن مارکل کو شہزادے سے محبت کی قیمت چکانی پڑی	میگر مارکل کو شہساتہ سے محبت کی کیمت چکھانی پڑیں
common_voice_ur_38439442.mp3	اقتصادی کوریڈور کی کنجی امن ہے جس کےلئے باہمی مذاکرات ضروری ہیں	اقتصادی کوریڈور کی کنجی عمن ہے جس کے لئے باہمی مزاقرات ظروری ہیں
common_voice_ur_31835376.mp3	فلور ملز ایسوسی ایشن کے دفترپر چھاپہ ریکارڈ قبضہ میں لے لیا	لوہملس اسوسیشن کے دفتر بچھا بارے کارڈ کب صا ملے لیا
common_voice_ur_41174004.mp3	میں نے بھی اپنا کاروبار صفر سے شروع کیا ہے	مینی اگی اپنا کاروبرت سخ صی شرور گیا ہے
common_voice_ur_31846773.mp3	چکن سستا ہونا شروع مہنگا ہونے کی اصل وجہ افغانستان برآمد تھی	چکنس استہ ہونا شروع مہنگا ہونے کی عسل وج افغانستان برا مہ تھی
common_voice_ur_38412542.mp3	پاکستان آبادی کے لحاظ سے دنيا کا چھٹا بڑا ملک ہے	پاکستانین حواتی کے لیاصے دنیے کا چھیٹا بڑا ملک ہے
common_voice_ur_31814969.mp3	سیرنیا ولیمز نے سنسناٹی ڈبلیو ٹی اے ویمنز ٹائٹل جیت لیا	سرینا ولیمز نئ سن سناکی ڈبلیو ٹی اے گیمن سٹایٹل جیس لیا
common_voice_ur_31835195.mp3	بولتے وقت الفاظ ایک دوسرے کے ساتھ جوڑ دیتا ہوں	بولتے وقت الفاز ایک دوسرے کساچھ جوڑ دیتا ہوں
common_voice_ur_32005870.mp3	چیمپئنز ٹرافی ہاکی گرین شرٹس اپنا پانچواں میچ بیلجیئم کیخلاف کھیلیں گے	چیمپئنز ٹرافی ہاکی گرین شرٹس س ٹنا پانچواں میچ بیلجئیم کے خلاق کھلیں گ
common_voice_ur_38506002.mp3	گروپ کی شکل میں گانے گانا دماغی صحت کیلئے بہتر	گربکی شکل نے گانےں گانا ماغی سے د کییئے کر پریں
common_voice_ur_31931610.mp3	میں نے بک شاپ میں کئی گھنٹے کتابوں کی ورق گردانی میں صرف کئے	میں نے بک شاپ میے کئی کہنڈے کتابوں کیف بٹٹ  کردلی میں سرف ہے
common_voice_ur_31827363.mp3	پاکستان کو اس معرکے میں مرکزی کردار ادا کرنا ہے۔	پاکستان کو اس مہر کہ میں مرکضی کے دار ادا کرنا ہے
common_voice_ur_38502684.mp3	بندوق اور توپ و تفنگ تو افواج کے پاس ہوتے ہیں۔	اندوب کور توپ تفنگ تو عفآچ کے پاس ہوتے ہیں
common_voice_ur_38428920.mp3	کہ دل کو حق نے کیا ہے نگاہ کا پیرو	کیہ دل کو حق نے کیا ہے نگا کے پیہرو
common_voice_ur_31971637.mp3	یہ قربت نان موومنٹ کو کسی موومنٹ میں بدل سکتی ہے۔	یہ قربت نان مائی منت کو کسی معئیمنت میں بدل سکتی ہیں
common_voice_ur_38470114.mp3	تو بچا بچا کے نہ رکھ اسے ترا آئنہ ہے وہ آئنہ	تو بچا بچا کہ نا رق اسے تیراں آئینا ہے وا ائینا
common_voice_ur_41180357.mp3	حکم دیا گیا تھا۔ پاکستان کے پارلیمانی نظام میں، وزیر	خکم دیا گیا تھا پاکستان کی پالمینی انسام نے وزیر
common_voice_ur_38469929.mp3	مگر ان کا نمبر ابھی تک بند مل رہا تھا۔	مگر ان کا نمبر ابھی تک بند مل رہا تھا
common_voice_ur_31973473.mp3	اور یوں شکاری پہلہ سے وَہاں موجود ہونا ہونا یِہ پر فائر کھولنا دیتاہے	اور یوں شکاری پہلے سے وہا موجود ہونا ہونا یا پھرفایر کھولنادیٹا ہے
common_voice_ur_38477591.mp3	جاں فزا ہے بادہ‘ جس کے ہاتھ میں جام آ گیا	جانفضاہ ہے بعدہ جس کے حات میں جام آ گیا
common_voice_ur_31979920.mp3	مسلم یہودی اور مسیحی دوسری تحریک وہ تھی جس کی	مسلم یحودی اور مسیحی دوسری تحریق وہ تھی جس کی
common_voice_ur_32004426.mp3	جدید ریاست ماضی کے مقابلے میں کہیں زیادہ منظم ہے۔	یدید ریاست معاسی کے مقابلے میں کہیں سیادہ منظم ہے
common_voice_ur_31809545.mp3	ناصر عباس تاریخ کے مارکسی نقطہ نظر کے حامل ہیں۔	ناصر عباس تاریخ کی مرکسی نقتا انظر کے حامل ہے
common_voice_ur_38408971.mp3	کیا آئینہ خانے کا وہ نقشہ تیرے جلوے نے	کیا آئینہ خانے کبود نقشہ تیری جلویے نے
common_voice_ur_41145826.mp3	کام کے بدلے جنسی تعلق قائم کرنے والا بھی ملزم	کان کے بطلیٹ جنسی ٹارلق قائم کرنے والہ پھی ملسم
common_voice_ur_31971001.mp3	کہ اِس سڑک کا نام فقیر ایپی روڈ ہے	کہ اس صڑق ہناک فکیر ایپی روڑھیا
common_voice_ur_32059956.mp3	اور جن اولادوں کے لیئے ساری عمر کماتے ہیں	اورجن پاولادو کے لئے ساری عمر کماعتیں ہیں
common_voice_ur_31814031.mp3	خارجہ پالیسی ظاہر ہے کہ متنوع امور کا مجموعہ ہے۔	پارچہ پولیسی ظاہر ہے کہ متنوں اموار کا مجھ مواں ہے
common_voice_ur_32007189.mp3	کیا اس کے دوسروں کے ساتھ سرحدی تنازعات نہیں ہیں؟	کیا اس کے دوسروں کے ساتھ سرحدی تنازات نہیں ہیں
common_voice_ur_31814100.mp3	لیکن فرشتوں اور جنات کے انسانی زندگیوں میں کردار	لیکن فریشتوں اور جنات کے انسانی زندگیوں میں کرتار
common_voice_ur_31971642.mp3	کیا نوازشریف ٹھنڈے پیٹوں یہ سب برداشت کر لیں گے؟	کیا نوازشریف ٹھنڈے پیٹو یہ سب کرداشت کرلیں گے
common_voice_ur_31809652.mp3	جو گرم اور مبہم احساسات کے لیے قابلِاجازت سطر پر سے گزرا	جو گرم اور باب ہم احتصات کی لیے قابل اجاضت سطر پر سے گزرا
common_voice_ur_38435895.mp3	میرا اور حسنین لہری کا بریک اپ ہوچکا ہے	میرا اور حسنین لہری کا بریک کپ ہو چکا ہے
common_voice_ur_31971504.mp3	محمدحفیظ ٹیسٹ میچوں میں مسلسل سنچریاںبنانیوالے چھٹے پاکستانی بلے باز بن گئے	محامد فیز ٹیسٹ میںچروں میں معیل سل سنچریا بنانے وال بنوانے والی چٹی پاکستان  بلے بعز بن دے
common_voice_ur_31971551.mp3	بنگلادیش کرکٹ بورڈ کے وفد کا قذافی اسٹیڈیم کا دورہ	بنگلہ دیش کرکٹ بورڈ کے واافد گاب قزامی اسٹیڈئم کا دورہ
common_voice_ur_31813927.mp3	پی ایچ ایف فیکٹ فائنڈنگ کمیٹی کا اجلاس اج طلب	پی ایچ ای یفیکٹ فائننگ کمپنی کا اطلاص آاج طلب
common_voice_ur_31814665.mp3	جنرل اسمبلی تمام رکن ممالک پر مشتمل ہوتی ہے	جنا اساملی تمام رکام معمالک پر مشٹمل ہوتی ہے
common_voice_ur_38484661.mp3	سکھ دور میں مغلیہ دور کی کئی عمارتوں کو نقصان پہنچایا گیا	سیکھ دور میں مغریہ دور کی کئی اماععرتوں کو نقصان پون چایا گیا
common_voice_ur_31983621.mp3	تو کیاہم اس پر قادر ہیں کہ ان سب کونذر آتش کردیں؟	کیا ہم اسبرقاد رہےں کہ ان سب کو نظر آتشکردیں
common_voice_ur_31833849.mp3	اپنے اپنے شہر میں استاد سے گاہے گاہے مل لیتا ہے۔	اپنے پنے شہر میں استاتھ تھے گاہر گاہممل لیتا ہے
common_voice_ur_31833850.mp3	اور یہ دشوار ترین گزر لئے کھلی رہتی ہے ۔	اور یہ دشوار ترین گزر لیے کھلی رہتی ہے
common_voice_ur_32022779.mp3	بیٹھے غصے کی گولی کھا کر اپنے آپ کو	ٹیٹھیبسے کی بھولی خان کار اپنی آپ ے
common_voice_ur_32018395.mp3	امیر معاویہ یا معاویہ اول اموی خلافت کے بانی تھے	امیر ماویہ یا معاویہ اول عمظی حلافت کے بند تھے
common_voice_ur_31972172.mp3	چترال پہنچنے کے لئے واحد زمینی راستہ لواری ٹاپ ہے ۔	چترا فنچ نے کےلئے وائزمینی رسہ لے واری ٹاپ ہے
common_voice_ur_31968610.mp3	کس دن ہمارے سر پہ نہ آرے چلا کیے	ٹھ دن ہمارے صرو نہ آر چھلائے کیے
common_voice_ur_31968637.mp3	ٹور اف اسپین سائیکل ریس ٹام ڈومیلینڈ نے جیت لی	ٹورف سپین سائکل لیس ٹان ڈومیلن نے جی دھی
common_voice_ur_31968708.mp3	نفرت کا گماں گزرے ہے میں رشک سے گزرا	فت کے گماں گزرے ہے میں رش سے گزرو
common_voice_ur_32043911.mp3	یہ انسانی تاریخ کا سب سے بڑا اسلحے کا معاہدہ ہے۔	یہ انسان تاری کا سب سے بڑا اصلیاح کہ معاع ہے
common_voice_ur_31973581.mp3	اس کے جواب سے دل پر ایک چوٹ لگی	اس کے جواب سے دل پر ایک چھوٹ لگی
common_voice_ur_31973125.mp3	ان کی زبان و بیان کی خاص خوبی یہی تشبیہات ہی	ان کی زمانوں بیآنکی خاصخوبھی یہی تشویات ہی
common_voice_ur_41159946.mp3	قوم ان کے ناموں سے آگاہ ہے، طلال چوہدری اور دانیال عزیز۔	قوم ان کی نامون س اگا ہے تلاج چھودری اور دانیال عزیز
common_voice_ur_32003838.mp3	دیدہ و دل کو سنبھالو کہ سر شام فراق	ٹیدہ و دل کو سنبالوں کے سئے شام فراق
common_voice_ur_31950120.mp3	ستم پہ خوش کبھی لطف و کرم سے رنجیدہ	سطم پہ خوش کبھی لطفو قرم سے رنجی تا
common_voice_ur_31950121.mp3	یوں گلگت بلتستان میں تحریک جعفریہ کی حکومت بن گئی	یونگی الگت بل دستان میں تہریے کی یافریا کی عحکومت بن گئی
common_voice_ur_32009813.mp3	ان لوگوں نے ھمیں اتنی زبردست انداز سے سمجھای	ان لوگہں نے ہانے اتنی صبدز انداز  ہے سمجھائی
common_voice_ur_31814841.mp3	اس سے قوم کے عزم کو تقویت پہنچی ہے۔	اس سے قوم کہ عظم کو تقریت ہنچی ہے
common_voice_ur_32012286.mp3	میرا خاندان بھی یہاں سینکڑوں سال سے آباد ہے	میرا قامن میاں سکر شال سے آوالے
common_voice_ur_31891880.mp3	باکستانی ٹیم صرف دو میچز میں ہی خراب کھیلی ہے ۔	پاکستانی ٹیم صرف دو میچس میں ہی خراب کھیلی ہے
common_voice_ur_31967868.mp3	وہ تقریر جس کا وہم و گماں نہ تھا۔	وہ تکریج جس کا خہمو کہانا تھا
common_voice_ur_32055169.mp3	وہ اپنا کاروبار فرسٹ اٹلانٹا کی طرف لے گئی	وہ اپناقارو بفساٹلانٹا کی طرف لی گڑیے
common_voice_ur_32053643.mp3	یہ واقعہ بارسلونا کے تھیم پارک میں پیش آیا	یہ واقیہ بارسرونا کی تحیم پارک میں پہیش آیا
common_voice_ur_31984899.mp3	کس نے روکا ہے سرِ راہِ محبت تُم کو	ٹیسٹرے روکا ہے سر راہئ محبطمکو
common_voice_ur_31991981.mp3	لوگوں کا دیکھنے کا زاویہ اور ڈھنگ بدل رہا ہے	لوگوں کا دیکھنے کا ظاویہ اور دھنگ بدل رہا ہے
common_voice_ur_31991919.mp3	اس فلم کی کوئی معلومات یا توقعات نہیں تھیں	س فلم کی کوئی معجومات کیجا طوب قواتھ نئی تھیں
common_voice_ur_31943499.mp3	وہ دانشمندانہ کام کرنے کی صلاحیت کم رکھتی ہیں	وہ دانش مندانہ کام کانے کی سلاہت کم رکھتی ہیے
common_voice_ur_31809480.mp3	نہ بیجنگ ریاض نہ تہران ہمارا حوالہ اسلام آباد ہے۔	یہ بیجنگ ریاز نا تہران ہمارا والا اسلاوا بات ہے
common_voice_ur_31809486.mp3	وزارت صحت نے ویکسین کی دوسری خوراک منسوخ نہیں کی	گزارت صیعتنے وقسین کی دوسری خراق من سوقھ نہیں کی
common_voice_ur_38411651.mp3	سی آئی اے کی کارروائیوں اور دنیا میں امریکہ کی	سیائاے کی قاروائیوں اور دنیا میں امریکہ کی
common_voice_ur_31928633.mp3	منافع منقسمہ ادا کرنے کے لیے منافعے اور سرمایہ نہیں رکھتا	منافی منکسماں عدا کرنے کے لئے منافع آڑ سرمنایا نہیں رکھتا
common_voice_ur_31809391.mp3	کسی میں جرات نہیں کہ مجھے کمزور کر سکے	کسی میں جرت نہیں کہ مجھے کمضور کرسکےے
common_voice_ur_31967078.mp3	اس اجمال کی تفصیل یہ ہے کہ جی ٹی روڈ	اس عشحمال کی تفسیل یہ ہے کہ جی ٹی روڈ
common_voice_ur_31828198.mp3	'مودودیت‘ ایک اصطلاح ہے جو ان حلقوں میں رائج ہے۔	مدودی تیک اصتلا ہے جو ان ہل قومیں رائیج ہے
common_voice_ur_38466129.mp3	تو ابھی رہگزر میں ہے قید مقام سے گزر	تو ابھی رہ گزر میں ہے کیر مقام سے گزر
common_voice_ur_38469300.mp3	یا شمع جل رہی ہے پھولوں کی انجمن میں؟	یا شمہ جل رہی ہے پھولوں کی انجمانمیں
common_voice_ur_31833875.mp3	ہر محب اپنے محبوب کو راضی رکھنا چاہتا ہے۔	ہر محب اپنے محبوق کو راضی رکھنا چاہتا ہے
common_voice_ur_31887511.mp3	بینکوں کے غیرملکی زرمبادلہ کے ذخائر مسلسل زوال کا شکار	بینکو کہ غین معمولی ضرے مبادلہ کے جخائ مسئلسل زوال کا شکار
common_voice_ur_38435034.mp3	خادم اعلی کو بہت سارے معاملات کا سامنا ہے۔	خادم علا کو بہت سارے معاملاہت کا سامنا ہے
common_voice_ur_31903029.mp3	جب سیاست بنی امیہ کی بنیادیں ہل چکی تھیں	جب سئیسیاست بلی مئیہ کی بنیاد عیل ٹرپیو تھیں
common_voice_ur_38452021.mp3	دیکھیں کیا گزرے ہے قطرے پہ گہر ہوتے تک	لیکھن کیا گزرے ہے قطرے پہ گہر ہوتے تک
common_voice_ur_38474455.mp3	سبب کیا خواب میں آ کر تبسم ہائے پنہاں کا	سبب کیا خواب میں اکصر تبسم ہائے پیناہاں کا
common_voice_ur_38444336.mp3	کوئي پوچھے کہ يہ کيا ہے تو چھپائے نہ بنے	کوئی پوچھے کہ یہ کیا ہے تو چھپائے نہ بنں
common_voice_ur_31929288.mp3	ان کا مستقبل خطرے سے خالی نہ ہو گا۔	ان کا مستقوف فطرے سے خالی نہ ہو گا
common_voice_ur_38433638.mp3	جو سارا دن مرے خوابوں کو ریزہ ریزہ کرتے ہیں	جسسارہ دل میرے خوابوں اوہ ریزا ریا کرتے ہیں
common_voice_ur_31814977.mp3	ہاں خیریت ہی ہے۔۔۔ کلاس لینے کا کوئی ارادہ ہے؟	ہاں خیریت ہی  قلاس لینی کا کوئی ارادہ ہے
common_voice_ur_32006534.mp3	ایرانی انقلاب کے امام اور مقتدی، دونوں شیعہ تھے۔	ایرانی انقلاب کے امام اور مقتدی دونوں شیہ تھی
common_voice_ur_37976020.mp3	پردہ اُٹھاؤ ہم بھی تو دیکھیں چُھپا ہے کون؟	پرداوٹھاو ہم بھی تو دیکھیں چھپاہ ہے کون
common_voice_ur_31815011.mp3	اسلام باد قومی ایئرلائن اور اسٹیل ملزکے نجکاری پلان کی منظوری	اصلانبات قومی ایرلائن اور سٹیل ملس کین جکاری پلانت کی منزولی
common_voice_ur_31813376.mp3	اسک معانی پر اور مفہوم پر کبھی غورک بھی نہیں	اس کے مانی پر اور مخوم پر کبھی غور بھی نہں یں
common_voice_ur_38411532.mp3	یقیں پیدا کر اے ناداں یقیں سے ہاتھ آتی ہے	مکشین پیدا کر عیناداع وی کھل سے ہا تھاتی یں
common_voice_ur_32012630.mp3	مت پوچھ کہ کیا حال ہے میرا ترے پیچھے	مد پوچھ کہ کیا حال ہے میرا تیر پیچھے
common_voice_ur_41151331.mp3	امریکی گلوکار پریانکا چوپڑا سے ملنے بھارت پہنچ گیا	امریکی قلو کار پریانطا جوپڑا سے ورنے بھارد پہنچ گیا
common_voice_ur_31963882.mp3	اور اردو میں اس کا ترجمہ نبات خانہ کیا	پر عرطوں میں اصقت ترچیمہ نپاص خانا کیا
common_voice_ur_31834066.mp3	آمریتوں نے اگر فکری یکسوئی پیدا کی تو جمہوری ادوار نے	عمریتوں نے اگر فکری یک سواپیدا کی تو جمہوری ادوار نیں
common_voice_ur_31833738.mp3	مرضی کی رنگار نگ کتابیں دلوا کر دیتا ہوں	مرجی کی رنگا رنگ کے طامین دلواع کر دیتا ہوں
common_voice_ur_31833789.mp3	یہ بحث ادب کے بارے میں بھی اٹھی تھی۔	یہ بحص ادب کے بارے میں بھی اٹھی تھی
common_voice_ur_38434046.mp3	اور جلسوں کو اپنی کامیابی قرار دے رہے ہیں	اور جلسوں کو اپنی کامعیابی کراہ دی رہی ہیں
common_voice_ur_31809367.mp3	قدامت پسند سیاسی امیدواروں کو ووٹ دینا پسند کرتا ہوں	کتامت پسند سیاسی امیدواروں کھو ووٹ دینا پسند کرتا ہوں
common_voice_ur_31833843.mp3	یہی معاملہ سیاسی، علاقائی یا نسلی معاملات کا ہے۔	یہی معاملا سیاسی علاقائی یا نسکلی معملات کا ہے
common_voice_ur_31833866.mp3	ہمیں یہودیوں سے شاید اتنا نقصان نہیں ہو گا	ہمی یہودیوں سے شاہد اتنا نقسان نہیں ہو گا
common_voice_ur_41157695.mp3	پھولوں کے ہاتھ جل گئے‘ کیسے یہ آفتاب تھے	ملو کہا چل کہے کیسے یا آفتاپ تھے
common_voice_ur_31948480.mp3	اور اپنے مذموم مقاصد کے لیے استعمال کرتے ہیں	اور اپنے مضمون مقاصد کے لئے استعمال کرتے ہیں
common_voice_ur_31948786.mp3	بسوں میں دس مسافروں کے بیٹھنے کی گنجائش ہے	بوسوں میں دس مسافروں کے بیٹھنے کی گنجائ شرم
common_voice_ur_31353583.mp3	لیکن تیسرے دن ایک فیکٹری کے اندر پولیس نے	لیکن تیسری دن ایک فیکٹری کے اندر پولیس نیں
common_voice_ur_32003762.mp3	ابھی اس قوم کوان کی ژولیدہ فکری کی قیمت چکانی ہے۔	ابھی اس قوم کو ن کی یالیدف کی کی قیمت چکانی ہے
common_voice_ur_38420223.mp3	راکھ کس نے تری سونے کی سی رنگت کر دی	راکھ کسنے تیری سونے کی سی رنگد کردتی
common_voice_ur_41139002.mp3	اس کارنامے کو ہم مرتے دم تک یاد رکھیں گے	اس کار نامے کو ہم مرتدمتکیاد رکھیں گے
common_voice_ur_41139020.mp3	کانگرس اسی کوڈ میں انسان کی موزوں قدروقیمت ظاہر کرتی ہے	کونگرس اسی کورڈ میں انسان کی موضوں کادرو کھیمت ظاہر کرتی ہے
common_voice_ur_32839153.mp3	نگہ پیدا کر اے غافل تجلی عین فطرت ہے	نگا پیدا کر ایغافل تجلدی عین فطرت ہے
common_voice_ur_41138478.mp3	جاگ گئے مگر پھر ناراض ہوئے کہ ہمیں جگایا کیوں	جا گئی مگر پھر ناراز ہوئی کے ہمیں جاگائیا کیوں
common_voice_ur_31949719.mp3	پلیز پلیز میرے بہن بھائیوں مجھے زیادہ سے زیادہ سپورٹ کریں	پلی پلیس میرے بین بھائیوں مجھے زیادہ سے زیادہ سپورٹ کریں
common_voice_ur_31949775.mp3	لائف آف جارجیا ہالینڈ میں واقع قومی ہالینڈ گروپ کا حصّہ ہے	لائیف اف جاریجیا ہالنڈ میں ماکی کھومی حالنڈ گروپ کا حصہ ہے
common_voice_ur_30393478.mp3	کی عہدیدار سدرا احمد نے وی او کو بتایا ہے	کی اہدیدار صدرہ اہمد نے وی یو کو بتایا ہے
common_voice_ur_31834296.mp3	ا س کی تصدیق کی لوگ ان سے ناراض تھے	اس کی تستی کی لوگ ان سے نا راستھے
common_voice_ur_31902193.mp3	آج مؤقف ایک ہی ہے جو نواز شریف کا ہے	آج موق قف ای کی ہجو نواز شرص ہے
common_voice_ur_31834317.mp3	اب چونکہ تمہارے ایمان میں ضعف آ گیا ہے،	اب چھونکہ تمہارے امان می اصاف آ گیا ہے
common_voice_ur_31964308.mp3	راجرز کپ ٹینس سٹسیپاس نے کوارٹر فائنل کا ٹکٹ کٹوا لیا	راجرز کپ ٹینس سٹس سپاس نے پارٹر فائنل کا ٹکٹ کٹوالیا
common_voice_ur_31964023.mp3	کی بہت سی مقدار فضا میں شامل ہوجاتی ہے	کی بہصی مقطار کے سامی شامل ہو جاتی ہے
common_voice_ur_32004473.mp3	کراچی یِہ کرنا اماں جینا جہیز میں لانا ہونا	کراچی ہں کرنا عمان جینا جہید میں لانا ہونا
common_voice_ur_31863674.mp3	طبیعیات کے سلسلے میں ایک عمومی بات یہ ہے	تبیت کے سلسلے نں ایک عمونی بات یے ہے
common_voice_ur_38446642.mp3	دیکھ کے میری بیخودی‘ چلنے لگی ہوا کہ ’’ یوں ‘‘	دیک کے میری ب خودی چلنے لگی ہوا کہ یہیں
common_voice_ur_31863698.mp3	جب کہ قرآن خوانی کی محافل بھی منعقد کی جائیں گی۔	جکہ قوران خانیتی ممحفل بھیک منقت کی جائیں گی
common_voice_ur_31809227.mp3	سالہ کشمیری بچے نے شین وارن کا دل جیت لیا	سالہ کشمیری بچے نے شین وارن کا دل جی دلیا
common_voice_ur_31809252.mp3	چينی سپر کمپیوٹر سمٹ پانچ لاکھ ٹریلین اعدادوشمار فی منٹ کر سکتا ہے	چینی سوپر کمپیوٹر سمٹھ پانچ لک ٹریلے ادادو شمارفی منٹ کر سکتا ہے
common_voice_ur_38443565.mp3	دل میں ذوقِ وصل و یادِ یار تک باقی نہیں	دل میں ضقے وسلے یا دویار تقباکی نہیں
common_voice_ur_32008803.mp3	کمپیوٹرز پر آئی ٹیونز ایپلیکیشن آئی فونز کی ترتیبات کا باضابطہ طریقہ ہے	کمپیوٹرزپیر آئی ٹیومز ایپلیکیشن ائ فون کی ترتیبات کا بعز آبتہ تریکہ ہے
common_voice_ur_32007163.mp3	کہ شبانہ اعظمی کو فوری طور پر ممبئی کے	کشبانہ آزمی کو فوری طور پر ممبئی کیل
common_voice_ur_31812771.mp3	اسی طرح فطرت بھی اسی تقاضے کو مدنظر رکھتی نظر اتی ہے	اسی طراف عطرت ڈی اسی تقاضے کو مد نظر رکھدی نظر آتی ہے
common_voice_ur_31982819.mp3	ضد کی ہے اور بات مگر خو بری نہیں	ضد کیہ ہے اور پات مقر خوبری نہیں
common_voice_ur_31902223.mp3	اب شام بھی پیہم حملوں کی زد میں ہے۔	اب شام بھی پہم حملوکے ضدمیں
common_voice_ur_38484086.mp3	زندگی میں ہر دم ہنستے رہو، ہنسنا زندگی کی ضرورت ہے	زندگی میں حردم ہنس تے راہو ہنس نہ زندگی کی ضرورت ہے
common_voice_ur_38484284.mp3	ہر ایک شعر میں کیا غم ہے، کیا اُداسی ہ	ہریک شر میں کیا غم ہے کیا اداسی ہے
common_voice_ur_31915042.mp3	فاسٹ بالر جنید خان بیٹے کے باپ بن گئے	فاشٹ بہوئزار جنید خان بیٹے کے باب بند گئے
common_voice_ur_41036603.mp3	اسحاق ڈار کو دیکھیے، جاتے جاتے بھی مکمل نہیں گئے۔	اسہان ڈاں ٹو دکھلیں جیتیں جیتے بھی مکامل نہیں گے
common_voice_ur_41125851.mp3	اس کے لیے آپ اعتماد کہاں سے لائیں گے؟	اس کے لئے آپ اعتماد کہاں سے لائیں گے
common_voice_ur_31858098.mp3	بال ٹمپرنگ کیس سٹریلوی کرکٹرز نے سزائیں قبول کر لیں	بوال ٹیمپرنگ کیس آسٹریلی سٹریلوی کرکٹررز نے سیزائیں کبول کرڑیں
common_voice_ur_31917503.mp3	دیکھیے پانی کب تک بہتا اور مچھلی کب تک تیرتی ہے؟	دیکھ یے پانی کپ تک بیتا ار مچھلی کپ تک ٹیڑھ تی ہے
common_voice_ur_31809168.mp3	مگر دوبارہ اس اعزاز کے مالک بن گئے تھے	مگر توارہ اس احظاث کے مالک بنڈ گائے تھے
common_voice_ur_31809148.mp3	برائیڈل فیشن ویک کے اخری روز رنگوں کی بہار	برائٹال فیشن ویک کہ آہری روز رنگوں کی بہار
common_voice_ur_31878427.mp3	ہم آہ بھی کرتے ہیں تو ہو جاتے ہیں بدنام	ہم احبھی کرتے ہیں تو ہو جاتے ہیں بننا
common_voice_ur_31933781.mp3	جنرل قمر جاوید باجوہ کے ساتھ بھی نام نہاد	جنرل کمار جوید وا جگے ساددی نام نے حاد
common_voice_ur_31901997.mp3	لیکن اس سے ہٹ کے وہ اچھا دور تھا۔	لیکناس سے ہٹ کے وہ چا جوڑ تھا
common_voice_ur_31993036.mp3	کامن ویلتھ گیمزپاکستانی ہاکی ٹیم اج کینیڈا سے ٹکرائے گی	کومنبلٹ گینس پاکستانی حاکری ٹیم آج کی نایڈا سے ٹکٹائے کی
common_voice_ur_32054554.mp3	اتنی بسیں چلیں گی، اتنے مسافر روزانہ سفر کریں گے۔	اتنی بسیں چلیں گی اتنی مصافح روزانا سفر کریں گے
common_voice_ur_38471091.mp3	یوں تو کہیے کہ مسافر کو ٹھکانے ہیں بہت	یوں تو کہیں کہ مسافر کو ٹھکانے ہیں بہت
common_voice_ur_31794346.mp3	لہو رنگ ہونے کے ساتھ نہایت تکلیف دہ ہے	لہوع رنگ ہونے کے ساتھ نہایں تقلیف تیہے
common_voice_ur_32000015.mp3	اس کا مرکزی خیال آزادیِ ہند سے ملتا جلتا ہے	اس کا مرکزی حیال اظادی ہند سے ملتا جلتا ہے
common_voice_ur_32043089.mp3	مکمل رپورٹ اس لنک پر پڑھی جا سکتی ہے ۔	مکمل رپورٹ اس لنک پر پڑھی جا سکتی ہے
common_voice_ur_31973855.mp3	آپ اس لفظ کو انگریزی میں کیسے ادا کرتےہیں؟	آپ اس لفس کو انگریزیمی کیسیا دھا کرتے ہیں
common_voice_ur_31974171.mp3	اب بھی بہت ساروں کی عقل ٹھکانے آجائے گی	اب بھی بہت صاروں کی اقل ٹھکانے آ جائے گی
common_voice_ur_31854963.mp3	ہونٹوں کی ہلکی سی جنبش سے ٹوٹ جاتی ہے	ہونٹھو کی حل کی سی جمبش نے ٹوٹھ جاتیہے
common_voice_ur_31993550.mp3	اس پیغمبرانہ صدا کی بازگشت، میں آج بھی سنتا ہوں۔	اس پکنمبرانا سدا کہی بعز گشت میں آج پھی سنتھا ہوں
common_voice_ur_38438393.mp3	تیری قربت کا نشہ ٹوٹ رہا ہے مجھ میں	تیری قربت کا ناشہ ٹوٹ رہا ہے مجھ میں
common_voice_ur_38442585.mp3	وہ خاک کہ جبریل کی ہے جس سے قبا چاک	وہ خاق کہ جبرید کی ہے جس سے کبا چاپ
common_voice_ur_31091856.mp3	اس علاقہ میں گاڑی کے پیچھ لٹک خطر ضرور ہے	اس علاقے میں گاڑی کے ہوھیچے لٹ کھتر زرور ہے
common_voice_ur_31823064.mp3	برطانیہ بھِی پروگرام تجارت کی پڑتال کر رہا ہے	برتانیاں بھی پروگرم تی جارت کی پڑطال کررہا ہے
common_voice_ur_31823002.mp3	کراچی پورٹ لاکھ سے زائد کارگو کی ریکارڈ نقل وحرکت	کراچی پورٹ لاکھ سے زائد کارکو کی ریکارڈ نقلو فرقدے
common_voice_ur_31823021.mp3	فیول ایڈجسٹمنٹ کے تحت بجلی سستی ہونے کا امکان	فیول ایٹ جیسمین کی تحج بزی سصتی ہونے کا انکان
common_voice_ur_38439441.mp3	خانہ زادِ زلف ہیں، زنجیر سے بھاگیں گے کیوں	خانازادہ ضلف ہیں زنجیر سے بھاگیں گے کیوں
common_voice_ur_38438901.mp3	میں عہد کرتا ہوں کہ ایمانداری سے کام لوں گا	میں احد کرتا ہوں کہ امانداری سے کام لوں گا
common_voice_ur_31930368.mp3	تو کسی کی کیا مجال کہ آپ کو روکے۔	تو کسی کی کیام آجال کی آپ کروکے
common_voice_ur_31956089.mp3	ایشیا کپ میں ناقص کارکردگی نے سرفراز کی نیندیں اڑا دیں	ایشیا کپ اناکس کار گرتقینے سرفراس کی نیندے وڑاں تھیں
common_voice_ur_31972983.mp3	لاہور رمضان بازاروں میں قیمتوں کی کمی سے شہری مطمئین	لاہور رمضان وازاروں میں قیمتوں کی کمی سی شہری مطمں
common_voice_ur_31950756.mp3	، بپھر تا ہے تو بربادی کا ساماں پیدا کرتا ہے ۔	کھٹانگی تو بت باجی کا سمح پیدا کرتا ہے
common_voice_ur_38407758.mp3	کہہ سکے کون کہ يہ جلوہ گري کس کي ہے	کہاں سکے کون کی جلور دری کس کی ہے
common_voice_ur_38438306.mp3	جس دشت میں وہ شوخ دو عالم شکار تھا	جس دشت نے وہ شوخ دو االم شکار تھا
common_voice_ur_26703792.mp3	مذہب ایک اخلاقی قوت اور مابعد الطبیعیاتی امر ہے۔	مثہب ایک اخلاقی قوت اور معبات لتبیاتی عمر ہے
common_voice_ur_31920013.mp3	تنویر احمد خان مرحوم ہمارے سیکرٹری خارجہ رہے ہیں۔	تنویر ایما کھان مرحوم ہمارے سیکٹری کھاجا رہے ہیں
common_voice_ur_38438746.mp3	ہم کہیں گے حالِ دل، اور آپ فرمائیں گے 'کیا'؟	ہم کہیں گے حالے در اور آپ فرمائیاں گے کیا
common_voice_ur_31972326.mp3	خاموشی سے بیٹھو نہیں تو یہاں سے دفعہ ہو جاؤ	خا مشی سے بیٹھو نہیں تو یہاں سے دفاہ ہو جاا
common_voice_ur_31962786.mp3	اوگرا نے پیٹرولیم مصنوعات کی قیمتوں میں اضافے کی سفارش کردی	اوگرا نے پٹرولیم مسنوععد کی قیمتوں میں عظافے کی سفارش کردی
common_voice_ur_31846793.mp3	مارچ سے یَہاں پہاڑ پر سے برف پگھلنا شروع ہونا ہونا	عمار سے یہاں پہڑ پر سے برفبھی گنا شروع ہونا ہونا
common_voice_ur_31823169.mp3	تو ان کے ہم قبیلہ ایک بے مثل شاعرکو یا دکرتا ہوں۔	تو انکے ہم کبھیلہ ایک بہ مسل شائڈ کو یاد کرتا ہوں
common_voice_ur_31809883.mp3	میں نے ایک آری دیکھی جو دیکھ نہ پایا۔	مینیک آری دیکھی جو دیکھ ناپایا
common_voice_ur_32053864.mp3	میں آپ کی واپسی تک یہیں انتظار کروں گا	میں آ کی واپسی تو جےہود ضار کورل رے
common_voice_ur_31834698.mp3	وُہ میرے کعبۂ دل میں ذرا سی دیر رُکا	وہ میرے قابائے دلگ میں صرحسہی دی رکا
common_voice_ur_32035406.mp3	تاہم پرندوں کی دنیا میںصحیح تعداد کا اندازہ لگانا	طاہام پر اندو کی دنیا میں صحیح ٹعظاد کا اندازہ لگانا
common_voice_ur_32008025.mp3	اپنے مفاد کی خاطرلوگوں کو شعور نہیں آنے دیا	اپنے مفاد کی خاتررگوں کو شہور نہیں آنے دیا
common_voice_ur_38466198.mp3	اگرآپ میں محبت کی کوئی ذرہ برابر رمق ہوتی تو	اگر آپ میں محبت کی کوئی ظرح برابھر رم ک ھوتی تو
common_voice_ur_31810944.mp3	کیا یہ معاشی مضبوطی راتوں رات حاصل کی گئی	کیا یعمانشی مزبوتی راتو رات ھاضل ہی گئی
common_voice_ur_31846538.mp3	نہوں نے حکومت سے اپنے فیصلے پرنظرثانی کی درخواست کی	نہوں نے حکومت سے اپنے فیصلے پرنلصعنے کی درکاسٹ کی
common_voice_ur_31973660.mp3	پرجوش حامیوں کے دلوں میں بھی یہ شک نہیں	پر جو شامیوںقدنوں میں گھی یہ شک نہیں
common_voice_ur_31989118.mp3	اگر ایسا نہیں کیا گیا تو وقت پڑنے پر	اگر ایسا نہیں کیا گیا تو وقت پڑنے پر
common_voice_ur_31994437.mp3	خلاف اس گرم جوشی کے ساتھ سرگرم نہیں ہوا	خلافس گرم جوشی کی ساٹھ سر غرم نہیں ہوا
common_voice_ur_31793946.mp3	تضاد آ دمی کو بر باد کر تا ہے۔	تصاد آدمی کو برپات کرتا ہے
common_voice_ur_31989900.mp3	کوئلے کے بجلی گھر ماحولیاتی آلودگی کا باعث ہیں	کوئلے کے بجلی گھر ماحولیاتی آلودگی کے مباعص ہیں
common_voice_ur_38499941.mp3	سیہ ہو کر سویدا ہو گیا ہر قطرہ خوں تن میں	خیا ہوگر سویدا ہو گیا ہر قدرا خود طرن پے
common_voice_ur_31793530.mp3	اُس کی مسکراہٹ نے اُس کے غصےپر پردہ ڈال رکھا تھا	اس کی مسکراہٹ نے اس کے غسے پر پردر دال رکھا تھا
common_voice_ur_38492432.mp3	ترے ضمیر پہ جب تک نہ ہو نزول کتاب	تیرے زمیر پہ جب تک ناہو نضول کتاب
common_voice_ur_38427946.mp3	اگر وا ہو‘ تو دکھلا دوں کہ یک عالم گلستاں ہے	اگر وا ہو تو دکھلا دوں کہ یک عالم گلستاں ہے
common_voice_ur_32010395.mp3	ادھر تبلیغی جماعت پر پابندی کے بچگانہ اقدام نے	ادھر تبلیگی جماعط ور پبندی کے بچگانا ایک ڈام میں
common_voice_ur_38412597.mp3	کیا فائدہ کہ دل کو جو گرمانے نہ آئیں	کیا فاعدہ کے دل کو جو اگرمانی نہ پائیں
common_voice_ur_32022587.mp3	، اور جیسا بوئیں گے ویسا ہی کاٹنا پڑے گا	اور جیاسا بئیں گے ویسہ ہی کاٹنا پڑے گا
common_voice_ur_32022298.mp3	اسٹیٹ بینک نےمنی مارکیٹ کو ارب روپے فراہم کردیے	اسٹیٹ بینک نے منی مارکریٹ کو ار بروپے فرام کردیے
common_voice_ur_41132742.mp3	اسے کوئی پرواہ نہیں چاہے تم جاؤ یا رکو	اسے کوئی پر وہ نہیں چاہے تم جاو یا یروکو
common_voice_ur_41132750.mp3	تو سوئس اکاؤنٹس سمیت سب مقدمات بحال ہو جائیں گے۔	تو سوئس اکانٹس سمیچ سب مقدماد بحال ہو جایں گے
common_voice_ur_31846395.mp3	وزیراعلی پنجاب کی ایشیئن بینک کے وفد سے ملاقات	وزیر اعلہ پنجاب کی ایشیانبیند کی وف سے ملاق
common_voice_ur_31945294.mp3	مبشر بھائی سیدھے انسان ہے اس لیے امدنی بتا دی	مواشے وا صیدح انسان ہے اس لئے آم دنیے بطا دی
common_voice_ur_38429754.mp3	کھانسی یا چھینک کے دوران منھ اور ناک کو ٹِشو سے ڈھانپ لیں	کھانصی اہ چھین کے دوران موں اور ناک کو ٹیشوں سے ڈاب لیں
common_voice_ur_41133319.mp3	عبادت برق کی کرتا ہوں اور افسوس حاصل کا	ابادت برق کی کرتاہوں اور افسوس حاصل کا
common_voice_ur_32000273.mp3	فیفاورلڈکپکولمبیا اور جاپان نے ناک اٹ رانڈ کیلئے کوالیفائی کرلیا	فیفا ورللڈ کپ کولمبیا اور جاپان نے ناکاوٹ رانڈ کے لئے کوالفائی کرلیا
common_voice_ur_31954326.mp3	ایسو نے کہا کہ وائٹنگ فیلڈ نے منگل کو پیداوار شروع کی	اا
common_voice_ur_31915938.mp3	جیسے ایک طرف دھوپ تو ایک طرف چھاؤں ہے کہیں وصل تو دوسرے لمحےفراق	جیسے ایک ترف تھو  تو ایک ترف چھاؤں ہے کہی وسل تو دوشرے لمحتراک
common_voice_ur_38409437.mp3	سمجھتا ہوں کہ‘ ڈھونڈے ہے ابھی سے برق خرمن کو	سماجتا ہوں کہ ڈوننے ہیں ابھی سے برق خرمن کو
common_voice_ur_38409598.mp3	بسکہ ہوں غالبؔ اسیری میں بھی آتش زیر پا	بیسکہ ہوہ غائلے عسیری میں وھی آٹیشے زیرپا
common_voice_ur_38440693.mp3	بس کہ روکا میں نے‘ اور سینہ میں ابھریں پے بہ پے	بس کہ روکا میں نے اور سینا میں ابھریں پہ بیپے
common_voice_ur_38443781.mp3	اپنے سے کر‘ نہ غیر سے‘ وحشت ہی کیوں نہ ہو	اپنے سے کر نہ غیر سے فحشد ہی کیوں نہ ہو
common_voice_ur_32001133.mp3	دوسرے پاکستانی علاقوں میں بڑی تعداد میں لیپرڈ موجود ہیں	دوسرے پاکستاہاں ناکم بڑ تعدار ملے پڑ مجود ہے
common_voice_ur_31888693.mp3	ایک بچے کی دنیا کھلونوں کے گرد گھومتی ہے	ایک بچی کی دنیاں کھیلونوں کے گرت گھومتی ہے
common_voice_ur_31926690.mp3	شکار ہونا والہ پرند میں تیتر چکور فاختہ شامل ہونا	شکار ہونا والہ پرند میں تیتر چکورفاختہ شامل ہونا
common_voice_ur_31845912.mp3	میں نے ہمت کی اور سٹیج پر چڑھ گیا	میں نہمت کی وری سیر پچڑییا
common_voice_ur_31967548.mp3	اسی اتحاد میں دوسری مسلکی جماعتیں بھی شامل تھیں۔	اس اتتحاج میں دوسری مسلقی جماتیں بھی شاہ ملکی
common_voice_ur_33963824.mp3	اس رہ گزر میں جلوۂ گل آگے گرد تھا	اس رح گزر میں انجلوائے گل آگے گھرد تھا
common_voice_ur_32011539.mp3	سب کچھ کرسکتا ہوں شاید اس لیے مقبول ہوں سلمان	سب کچھ کر سکتا ہم شائد اس لیں بتبول مسلمان
common_voice_ur_31793258.mp3	یہ منشور سیاسی جماعتوں کی بالغ نظری کی دلیل تھے۔	یہ منشہور سیاسی جماعتوں کی بالق نظری کی دلیل تھے
common_voice_ur_31793259.mp3	انسانی فطرت یہی ہے کہ وہ دعوے کی دلیل مانگتی ہے۔	انسانی فطرج یہی ہے کہ وہ داوے کی دلیل منق تی ہے
common_voice_ur_38472078.mp3	اس بات کو رواج دینا علما کا کام ہے۔	اس بعت کو رواج دینا علماں کا کام ہیں
common_voice_ur_31813347.mp3	ہاتھ کنگن کو آرسی کیا اور پڑھے لکھے کو فارسی کیا	ہاد کنگان کو ارسے کیا اور پڑے لیکھقف عرسی کیا
common_voice_ur_38417011.mp3	رپورٹ میں مشاہدہ ہوا کہ یہ سیشنز دنیا کے ساتھ	ریپورٹ میں مشاہدہ ہوا کی یہ سیشنز دنیا کے سات
common_voice_ur_31815634.mp3	فوڈ سروسز کے ساتھ ایک معاہدے پر دستخط کیے ہیں	ور چروسس کے سات ایک مآیدے پرے دستخت کیئے ہیں
common_voice_ur_31886711.mp3	ٹیکس وصولی کے اہداف حاصل کرلئے جائیں گے ہارون اختر	ایکس وسولی کے احداف حاصل کر لیے جائیں گی ہارون نختر
common_voice_ur_32006635.mp3	کیا پیپلز پارٹی عصری سیاست کا بارہواں کھلاڑی ہے؟	کیا پیپلز پارٹی عصری سیاست کا بارواں کھلاڑی ہے
common_voice_ur_32009687.mp3	یہ کالے رنگ کے گدھ سے مختلف ہوتے ہیں	پک الے رنگی گت سے مقتلف ہوتے ہیں
common_voice_ur_38453573.mp3	یاں آ پڑی یہ شرم کہ‘ تکرار کیا کریں	یہں آپڑی یہ شرم کہ تکرار کیا کریں
common_voice_ur_38456821.mp3	وہ کیف ِ ہجر میں اب غالباً شریک نہیں	وہ کیفے ہجھر میں اب غالبند شریک نہیں
common_voice_ur_31793057.mp3	طاہر القادری صاحب نے لوگوں کو یرغمال بنا رکھا ہے۔	تاحرول کاعدری صاحب نے لوگوں کو یرغمال بنا رکھا ہے
common_voice_ur_38420029.mp3	فقیہ شہر کو صوفی نے کر دیا ہے خراب	فقیائی شہر کو صوفی نے کردیا ہے خاراب
common_voice_ur_31823566.mp3	قبول نہیں کرتا وہ دونوں کو باعزت سمجھتا ہے	قبول نہیں کرتا وہ دونوں کو باعضت سنجھاتا ہے
common_voice_ur_38458879.mp3	گھر ہمارا جو نہ روتے بھی تو ویراں ہوتا	گھر ہمارا جو نار ہوتے بھی تو بیراں ہوتا
common_voice_ur_38459991.mp3	رہا کھٹکا نہ چوری کا‘ دعا دیتا ہوں رہزن کو	رہا کھڈ کا نہ چوری قادوا دیتا ہوں رہزن کو
common_voice_ur_38499084.mp3	میں اپنی زندگی کو معاونتی اور سلامتی سے گزارتا ہوں۔	ا اپنی زندگی کو معابنتی اور سلامتی سے گزارتا ہوں
common_voice_ur_31828576.mp3	بچوں جیسی معصومیت کا اظہار کرتی دکھائی دیتی ہے	بچہ جیسی مانصومیت کا اظھار کرتی دکھائی دیتی ہے
common_voice_ur_31829259.mp3	ان کی جد وجہد آئینی یا قانونی نہیں، انقلابی تھی۔	انکی جزہ جہد آئینی یا کھنونی نہیں انقلابی تھی
common_voice_ur_31999139.mp3	مقررہ قیمتوں سے زائد نرخوں پردودھ بیچنے والے ڈیری فارمرز گرفتار	مقررہ قیمتوں سے زائد نرخوں پر دود بیچھنے والے ڈیری فامز کرفتار
common_voice_ur_31866576.mp3	فلمی اداکارہ مل کر الیکشن لڑنے کا اعلان کر دیں	فلمی اداکارع مل کر الیکشن لڑنے کا ایلان کردے
common_voice_ur_38443109.mp3	کرتی ہے چمک جن کی ستاروں کو عرق ناک	کرتی ہے چمک جنکہ ستارع کو ارکنا
common_voice_ur_38499091.mp3	انہیں کے دم سے ہے مے خانۂ فرنگ آباد	ان قعدام سے ہے میں خاننائے فرنگ عباد
common_voice_ur_32042938.mp3	شو کے دوران کرن جوہر نے شویتا سے کہا	شو کہ دوران کر نجو ہن نے اشویطہ سےکا ہوں
common_voice_ur_31976165.mp3	مریم نواز آزمائش کے پہلے مرحلے میں سرخرو ہوئیں۔	مریم رواز آصمائش کے پہلے مرحملے میں اسرخروع ہوئی
common_voice_ur_31809235.mp3	جس سے کدورت میں اور بھی اضافہ ہوتا ہے	یہی حدھورت و اورحی ظافہ ہوتا ہے
common_voice_ur_32062698.mp3	مگر ہر صبح ہو روز جزا ایسے نہیں ہوتا	اگر حر صبعح ہوروز چزاای سے نہیں ہوتا
common_voice_ur_31943880.mp3	نہ وہ رنگ فصل بہار کا نہ روش وہ ابر بہار کی	یاوہ رنگ خدل بہار گا گروش وہ اگربہار کی
common_voice_ur_31955862.mp3	سے پہلے شکار گاہ کی طرف نکل جاتے ہیں	سے پہلے شکار گھاح کی طرف نکل جاتھے ہیں
common_voice_ur_31956513.mp3	پاکستان اسٹاک ایکسچینج ہفتے کے پہلے روز مندی کا رحجان	پاکستان اس ٹاک اکسٹینج ہفتے کے پہلے روز منڈی کارہوجاہ
common_voice_ur_32002628.mp3	براہ کرم تاخیر سے آنے پر مجھے معاف کر دیجۓ	پرائے قرم تاخیل سے آنے پر مجھ ماف کردیجئ
common_voice_ur_31975113.mp3	تیرا شکر ادا کروں اور جب تک زندہ رہوں	طیر شکرعدا کروں اور جب قغ زلدہ رہوں
common_voice_ur_32001558.mp3	وہ اکیلے چھوڑ جاتے ہیں میت کو کاندھا تک نہیں دیتے	ام وائک گوڈ ملک سوٹر چہری کیلئے سکنم
common_voice_ur_31980867.mp3	سیاست میں جب دینی شعائر کو اشتہار بنایا جاتا ہے۔	سیاست نے جبدینی شاعر کو اشتحار بنایا جاتا ہے
common_voice_ur_38466100.mp3	ایک لمبا عمل تھا اور وہ بنو ہاشم کے سردار	ایک لمبا عمل تھا اور وہ بنوں حاشم کے سردار
common_voice_ur_31989249.mp3	سینے پہ ہاتھ ہے نہ نظر کو تلاش بام	کصیمیٹ پحات ہے ہلنہ نغر کتلاش باؤو
common_voice_ur_31989712.mp3	اچھی تعلیم زندگی میں بہترین ممکنہ آغاز مہیا کردیتی ہے	کچھی تعلیب زنددی میں بہترین منکلہ آغاز وحیہ کر دیتی ہے
common_voice_ur_31975566.mp3	کہ ان کے اندر سورج کی روشنی پہنچتی رہے	کہ ان کے اندر سسورج کی روشنی پہنشتی رہے
common_voice_ur_38430690.mp3	ہے وطن سے باہر اہلِ دل کی قدر و منزلت	حیوسن سباحیر احلے طل کی قدرا من سلقت
common_voice_ur_38430547.mp3	میں جذبوں سے تخیل کو نرالی وسعتیں دے کر	میں چسپو صرف تخیل کو نرالی وسیتیں دیکھر
common_voice_ur_31841072.mp3	عنقریب یہ وبا انشاءاللہ پاکستان سے ختم ہورہی ہے	انڈکریب یہ وبع ان چھالا پاکستان سے حتم ہو رہی ہے
common_voice_ur_38469496.mp3	اس اڑتی گرد میں طوفان بننے کے آثار تھے۔	اسرتی گرد مہ طفن بننے کے آص آرح تھے
common_voice_ur_38466444.mp3	کھول کے کیا بیاں کروں سر مقام مرگ و عشق	خھولکہ کیا بیاں کھروں سر مقام مرک کو ایشک
common_voice_ur_38430575.mp3	علاج کے لئےجڑی بوٹیوں کے استعمال کے بارے میں تفصیلی بحث موجود ہے	علاج کے لیے جیڑی بوٹیو کا استعمال کے بارےہ میں تفصیلی بحث موجود ہے
common_voice_ur_32043346.mp3	ایک عمدہ اور کامل طور پر قابل نظارہ کولمبو مووی ہے	ایکم دور کامل طور پقابلنے صارح کولمب عویعے
common_voice_ur_31860645.mp3	پاکستان اسٹیلز ملزملازمین کو تنخواہوں کی عدم ادائیگی پرسندھ ہائی کورٹ کا برہمی کااظہار	پاکستان اس فلمل ملازمین کو تنوںپائں کی ادم ادائگی پر سند ہائیکورڈ کا برمی برحمی کا ظہر
common_voice_ur_38456048.mp3	پوچھ بیٹھا ہوں میں تجھ سے ترے کوچے کا پتہ	وجھ بیٹھا ہوں میں تدسے تیرے کھوچے کا پتاں
common_voice_ur_31895222.mp3	نئی منزلوں تک لے جانے میں کامیابی حاصل کریں	نئی منجلوں تک کلیے جانے میں کامعیابی حاصل کرےں
common_voice_ur_41140968.mp3	فیروز خان اور ان کی اہلیہ کے درمیان علیحدگی کی خبریں	فیرعس کھان و ان کی اہلیت کے درمیان علیدگی کی خبرے
common_voice_ur_31813762.mp3	سلام ان ڈاکٹرز کو جہنوں نے امت مسلماں کو بچایا	سلام ان ڈاکٹرز کو جنہوں نے عمت مصرحمہ کو بچایا
common_voice_ur_38452212.mp3	دیدہ خوں بار ہے مدت سے‘ ولے آج ندیم!	دیدا خوں بار ہے مطجھ سے ولے آش نطین
common_voice_ur_32044905.mp3	دیانتدار قیادت کو مسترد کرنے پر عوام کو کوستے ہیں	دیانادار کیادحت کو مسطرت کرنے پر عوام کیو کوستے ہے
common_voice_ur_31988297.mp3	ڈاکٹر اس کٹ میں کیسے محسوس کرتے رہیں گے	داکٹر اس کٹ مئ کیسے محصوص کرتے رہیں گے
common_voice_ur_38435950.mp3	یا جان پڑ گئی ہے مہتاب کی کرن میں؟	یاں جان پاڑ گئئی ہے میں ہتاب کی کرن میں
common_voice_ur_38465518.mp3	نہ کر سرگرم اس کافر کو الفت آزمانے میں	نہ کر صح گرب اس کافر کو رقفص راز گوننے میںیں
common_voice_ur_31889018.mp3	سری لنکا کیخلاف کامیابی ٹیم ورک کا نتیجہ ہےاظہر علی	صری لنکا کے خلاف کامیاب ٹیم ویٹ ک نتیجہ ہےازہر علی
common_voice_ur_41136913.mp3	لوگ مذہبی طبقے کے لئے نرم گوشہ رکھتے تھے	لوگ مضہبی تبٹے کے لئے نرم گوشا رکھتے ہیں
common_voice_ur_31998911.mp3	اب کے خزاں ایسی ٹھہری وہ سارے زمانے بھول گئے	اپ کی خضاں ایسی ٹہری ووہ سارے سمان بھول گئے
common_voice_ur_41137027.mp3	لتا منگیشکر کی عمر اس وقت لگ بھگ نّوے سال ہے۔	لتاں انگیش کر کی عمر اس وقت لق بھقت نوی سال ہے
common_voice_ur_41137144.mp3	کوئی بھی طلبہ سکول کے لئیے لیٹ نہیں تھا۔	کوئی بھی تلباہ سکول کے لئے لیٹ نہیں تھا
common_voice_ur_31983556.mp3	توڑ بوجھ سر پر اٹھائے چلے جا رہے ہیں	تور بوج سپر اٹھائے چلے جائ رہے ہیں
common_voice_ur_32029261.mp3	بشر کرتے ہیں جو کچھ نیک و بد کام	بشر کرتے ہیں جو کچھ نے کو بد کام
common_voice_ur_38446841.mp3	مجھے اپنی بانہوں میں سمیٹ اور قابل سجدہ کر دے	مجھے اپنی باحوں میں سمیٹ اور قابل سجدہ کر دے
common_voice_ur_38427843.mp3	ہوا نہ زور سے اس کے کوئی گریباں چاک	کپاں نے زور سے عسقی کوئی گریب چک
common_voice_ur_38477602.mp3	وہ سرود کیا کہ چھپا ہوا ہو سکوت پردۂ ساز میں	وہ صرود کیا کہ چھپا ہوا ہو سقود پردا اخساد مسیں
common_voice_ur_31973830.mp3	دل ہی تو ہے سیاست درباں سے ڈر گیا	دی لی کوہی سیاشت دربان چڈر گیا
common_voice_ur_32038548.mp3	عبداللہ اپنے گھر میں بے چینی سے ٹہل رہا تھا	اب زلہ اپنے گھر میں بیچینی سے ٹحل رہا تھا
common_voice_ur_32040134.mp3	جگر اور دل نے اب تک ساتھ دیا ہے۔	جکر اور دل نہ اب تک ساد دیا
common_voice_ur_31951924.mp3	زمین کا کچرا صاف کر دے بڑی بات ھوگی یے	تمینکے خشح صاف کرتے پڑی بات ہو گئی رہے
common_voice_ur_31942257.mp3	جو طلب پہ عہد وفا کیا تو وہ آبروئے وفا گئی	جو ترف پہ اہتے وفا کیا تو ہو آبروئے وخا گئے
common_voice_ur_38455838.mp3	ان کے اندر تو گویا دریا امنڈ پڑتے ہیں	ان کے اندر تو گویا دریا عمنچ پڑھتے ہیں
common_voice_ur_38467465.mp3	ڈر نالہ ہائے زار سے میرے‘ خدا کو مان	ڈرڈ نالا ہائے زار سے میرے خدا کومان
common_voice_ur_31941901.mp3	اس کا ایمان ہمارے ایمان سے کہین زیادہ آگے ہو	اس کا اما ہمارے امان سے کہیں زیادہ آ گیں ہو
common_voice_ur_38462099.mp3	کیا شمع کے نہیں ہیں ہوا خواہ اہلِ بزم؟	کیا شمق کہ نہیں ہےں ہوا خوا اہلی بزم
common_voice_ur_38485881.mp3	انہیں کا کام ہے یہ جن کے حوصلے ہیں زیاد	انہیں گا قام ہے جن کہ حوسلیں ہیں ی زیاد
common_voice_ur_41120543.mp3	آج وہ ائیرلائن کہاں اورپی آئی اے کا کیا حشر ہو گیاہے۔	آج وہ ای لئن کہا اور پی ائ ے کا کیا حشہو گیاہے
common_voice_ur_38458247.mp3	خلیل الرحمن قمرکا ارطغرل غازی جیسا پروجیکٹ بنانے کا اعلان	خالیلو رہمان قمر کا ارتغل غازی جیسہ پروجیکٹ بنانے کا اعلان
common_voice_ur_31837348.mp3	ہم تصویر کو یک رنگی بھی بنا سکتے ہی	ہم تصویر کوئ یک رنگی بھی بنا سکبی ہی
common_voice_ur_41122016.mp3	گویا مسلمانوں کے نظم اجتماعی کا اتباع شرعا ضروری ہے۔	گویا مسلمانوں کے نظم اجتعماعی کا اتباع شرن زروری ہے
common_voice_ur_31890393.mp3	بارسلونا نے اسپینش لالیگا فٹبال کا ٹائٹل جیت لیا	بڑ سیلونا نے اسپینش لالی گا فٹبال کار ٹائیٹل جیتھ لیا
common_voice_ur_41142362.mp3	یہ سب حلال ہے یہ وہی مدینہ تھا جہاں اسلام	یہ سب حلال ہے یہ وحی مودینا تھا جہاں اسلام
common_voice_ur_41163967.mp3	لاہور میں مزید سحری کرنے والوں کی قطاریں لگ گئیں	لاہور میں مزید صہری کرنے والوں کی کتاریں لگ گئیں
common_voice_ur_41156733.mp3	سمندر اور ساحل پیاس کی زندہ علامت ہیں	سمندر اور ساحل پیاس کی زندہ علامت ہیں
common_voice_ur_32019171.mp3	غلام علی ہندوستانی گجرات میں پرفارم کریں گے	غلام الی ہندوستانی غجرات میں پر فوام کریں گے
common_voice_ur_32017860.mp3	اترے تھے کبھی فیضؔ وہ آئینۂ دل میں	اترے تھ کبھی فیث وہ آئنا یہ دل میں
common_voice_ur_32015355.mp3	سائیں زرداری بھی پہلے یہئ کام کرتا تھا	سائیظ آردارع بھی پہلے یہی کام کرتھا تھا
common_voice_ur_31962908.mp3	پانچ دریا تو محاورہ ہی رہ گیا ہے۔	خآنش دریاد اور بحبرا ہی حیر گیا ہے
common_voice_ur_41169921.mp3	وہ نور ولایت کہ بڑھا کون و مکاں تک	وننورو والیت کے بڑا قونوں مقان تق
common_voice_ur_33853878.mp3	ستارے جن کے نشیمن سے ہیں زیادہ قریب	فتارع جنکے نیشےمنسے ہیں زیادہ قریب
common_voice_ur_38470578.mp3	ہیں بسکہ جوشِ بادہ سے شیشے اچھل رہے	ہیم بس کا جوش بادہ سے شیشے اچھل رہے
common_voice_ur_31809625.mp3	تم نے عید کی شاپنگ کر لی ہے؟	تم نے ایچ کی شاپن کرلی ہے
common_voice_ur_31809649.mp3	بداعمال لوگوں کو مرنے کے بعد سزا بھگتنی ہوگی	بد آمان لوگوں کو منڈے کے بات صضاب تقت نہیں ہوں گی
common_voice_ur_38416126.mp3	مرتے ھیں ولے ان کی تمنا نہیں کرتے	مرہتے ہے والے ان کھی تماننہ نہیں کرتے
common_voice_ur_31809602.mp3	آرمینیا کی کہانی شاید ویسےہی ہے جیسے پولینڈ کی	عدمینیا کی کہانی شاہد ویسی ہی ہے جیسے باولینڈ کی
common_voice_ur_32044412.mp3	ریکارڈ کی ایجنسی کے طور پر نامزد کِیا	ریکارڈ کی اجنسی کےطور پر نامضد کیا
common_voice_ur_31852773.mp3	دوسروں پر حاوی ہونے کی کوشش کرتا ہوں	دوسروں برحابے ہونےی کو شش کرتا ہوں
common_voice_ur_31993777.mp3	عمران عباس انوشکا شرما کے بھائی بنیں گے	عمران آباز ار نشکر شرمان کے باہی بنیں گے
common_voice_ur_31976447.mp3	سردیوں میں یہ راستہ بالکل بند ہوتا ہے	صردیوں میں یہ راستح بل کول بند ہوتا ہے
common_voice_ur_32054957.mp3	عصمت کی طرف بھی اپنا ناپاک ہاتھ بڑھایا	عسمق کی طرخ پھی اپناناپات حات پڑایا
common_voice_ur_31956846.mp3	امریکہ فامولا الیکٹرک ریس میں جین ایرک بازی لے گئے	امریک فامولا الیکٹرک ریس میں چین ارک باضی لے گے
common_voice_ur_31999109.mp3	سعودیہ کو جھینگوں کی برامد پاکستان مطلوبہ ٹیسٹ کروانے میں ناکام	سعودیا کو اج ہنگوں کے بھرام پاکستان مطلوبٹ ٹیش کروانے میں ناکام
common_voice_ur_31962121.mp3	جاں کا ہر رشتہ وقف سوز و گداز	جاہاں کا حر شتہ وقفے سوزو گداز
common_voice_ur_31934411.mp3	مفتیوں اور زاہدوں کا تو یہ کام ہے۔	مفتیوں اور ضائیدوں کا تیے کام ہے
common_voice_ur_31934439.mp3	جیسے یہ کوئی گلی ڈنڈے کا کھیل ہو۔	جیسی یہ کوئی گھلی ڈنڈے پطیل ہو
common_voice_ur_31890585.mp3	حامد چند منٹوں میں یہاں پہنچ جائے گا	ہامی چنمنٹوں م یاں ہون جائے گا
common_voice_ur_31977857.mp3	سر میں ٹھیلے پر فالودہ فروخت کرتا ہوں	سر میں ٹھیلے پر فعلودہ فروخت کرتا ہوں
common_voice_ur_31962162.mp3	بھی بھی کوئلہ اور گوبر ہی استعمال ہورہا ہو	عبھی بھی کوئلا اور گبر ہی استمال ہو رہا ہے
common_voice_ur_31837180.mp3	ابتدائی اقدامات میں ایک متوازن یکسمتی حرکت دکھاتا ہے	اقتدائ اک دامات میں ایک متوازن یا ک سمتی حرکت دکھاتا ہے
common_voice_ur_31825588.mp3	پارک میں پھولوں کا میلہ لگا ہوا تھا	پارک میچ کولوں کا میرا لگا ہوا تھا
common_voice_ur_31993032.mp3	اس بات سے شاید ہی کوئی انکار کرسکے	ایس بات ھ شائدی کو انکار کر سکے
common_voice_ur_31827297.mp3	فنون لطیفہ کی اہمیت پر یقین کرتا ہوں	نون لتیفہ کہ احمیت پر یقین کرتا ہوں
common_voice_ur_31831371.mp3	جیسے وہ شطرنج کے بورڈ پہ بیٹھے ہوں۔	جیسے وہ شطرنج کے بورڈ بہ بیٹھے ہوں
common_voice_ur_31978574.mp3	مفتی منیب الرحمن صاحب کی اس وقت دو حیثیتیں ہیں۔	مختی منیبر رحمان صحق کی عصبق دو حیصلتے ہیں
common_voice_ur_38439854.mp3	زمامِ ناقہ کف اُس کے میں ہے کہ اہلِ یقیں	زمام ناکائے قف عس کے میں ہے کہ اہلے یقیں
common_voice_ur_30574194.mp3	باکسرمحمد علی کی تدفین پندرہ ہزار ٹکٹ تقسیم	بوقصر محمد علی کی تدفین پندرا ہزارٹی کٹ تکسیں
common_voice_ur_30574184.mp3	ہم ان کی صحت کے لیے دعاگو ہیں۔	ہمانکی صحت کے لیے دوا گو ہیں
common_voice_ur_31960422.mp3	انہوںنے ناریل کے چھلکے سے کاربن حاصل کرکے	الہور نے لاریل کے چھریکے سے کاربر حاصلی کر کے
common_voice_ur_31827059.mp3	نریندر مودی کو ہم نے ہٹلر کہہ دیا۔	میںر انتہر موزی کو ہم نے اٹلر کہ دیا
common_voice_ur_31837174.mp3	اس ملک میں ان کا ایک حلقہ ہے۔	اس ملق میں ان کا ایک ہل کا ہے
common_voice_ur_31908981.mp3	پہاڑی جانوروں کے شکار کے لئے بھیس بدل کر	پہاڑی جانگھروں کے شکار کیلئے بھیس بدل کر
common_voice_ur_38458335.mp3	وگرنہ تاب و تواں‘ بال و پر میں خاک نہیں	وگرنہ تاب و تواببال اوگ پر میں خاقھ نہیں
common_voice_ur_31997628.mp3	شائستہ طنز کو بھی محسوس کیا جاسکتا ہے	شاعستہ تنس کو بھی محسوس کیا جا سکتا ہے
common_voice_ur_32000926.mp3	زندگی کو ضرورت کی طرح گزارو، خواہش کی طرح نہیں	زندگی کو زرورت کی طرح گزارو خواحش کی طرا نہیں
common_voice_ur_31921507.mp3	اس کی ندامت کم گہری اور مختصر تھِی	اس کی ندامت کئم گھیری اور مختص تھی
common_voice_ur_31957785.mp3	وہ شادی شدہ ہے جبکہ میں کنوارا ہوں	مشادی شدہ ہے چبکہ میں قوھارا ہوں
common_voice_ur_38416129.mp3	حسرت نے لا رکھا تری بزم ِخیال میں	حصرت نے لا رکھا طرین بس نے خیال نیں
common_voice_ur_31827248.mp3	میں طوفان میں پھنس گیا ہوں میری مدد کریں	میں تو فان میں بھز گیان ہون میری مدد کریں
common_voice_ur_31957772.mp3	یہاں پیمان تسلیم و رضا ایسے نہیں ہوتا	یہاں پیمان تسقیم  رضا ایسے نہیں ہوتا
common_voice_ur_31820318.mp3	جہاں نئے کپڑوں اورنئے جوتوں کی بے پنا ہ خوشی تھی۔	جہاں نئی کپروں اور نئے جودوں کی بھیپنا خوشی تھیں
common_voice_ur_38471110.mp3	گرچہ ہے دل کشا بہت حسن فرنگ کی بہار	گرچا ہے دل کوشا بہت وسن فرنگ کی بہارہے
common_voice_ur_38483980.mp3	ثواب کی دعاؤں نے گناہ کر دیا مجھے	سواب کی دواؤں نے گنا کردیا مجھے
common_voice_ur_38485456.mp3	جانیئے سعید اکبر خان نوانی کیا کہتے ہیں	جانیے سئید اگبر خوان نوانی کیا کہتے ہیے
common_voice_ur_31830613.mp3	غیظ و غضب کا ہدف بن جا تا ہے۔	غیزو غظب کا حدف بن جاتا ہے
common_voice_ur_38431044.mp3	سنا دیا گوش منتظر کو حجاز کی خامشی نے آخر	سناد ی ا گوسٹ ونتظر کوہجاس کی خامشی نے اخر
common_voice_ur_31831680.mp3	"گاؤں جہاں کا قصد تھا ، کا نام ""کلاں"" ہے ۔"	کاؤں جہں کا قصد تھا کا نام کلاں ہے
common_voice_ur_31942072.mp3	غالبؔ تمہیں کہو کہ ملے گا جواب کیا	والف ت میں کہو کہ ملے کل جواب کیا
common_voice_ur_31942194.mp3	مرے قاتل حساب خوں بہا ایسے نہیں ہوتا	میرقاطر خساب کون پہا ایسے نہیں ہوتا
common_voice_ur_31941982.mp3	کہیں تو بہر خدا آج ذکر یار چلے	کئید وہرے خدا آز دکھرے یار چھلے
common_voice_ur_31837110.mp3	جب چوہدری نثار کے گھر پر حملہ ہوا۔	جب چودن عصار کے گھر پر ہم لاہوا
common_voice_ur_31921589.mp3	اس بزم میں مجھے نہیں بنتی حیا کیے	اسبض مے مجھے نہیں بنتی خیاف کئے
common_voice_ur_31921601.mp3	تو نے وہ گنج ہائے گراں مایہ کیا کیے	ٹونے وق رنچہائےگ راما کیہ کیا کیے
common_voice_ur_31965925.mp3	ہوتا ہے شب و روز تماشا مرے آگے	ہوتا ہے شبہ روست تماشہ میں ری آ گے
common_voice_ur_32054117.mp3	ہند کو آپکی دعاؤں کی ضرورت ہے بس	ہلد کو آپ کی دواؤں کی جرورد ہی بڑ
common_voice_ur_31960406.mp3	چیزوں میں شرط کا مال لینا جائز ہے۔	چیزوں میں شرط کا مال لینا جائیز ہے
common_voice_ur_31841578.mp3	اس ملک کے وفاداری کے دعوے داروں نے پہنچایا ہے	اس ملک کے وفہ داریقے اوے داروں نے پہچایا ہے
common_voice_ur_31831656.mp3	ایک متوازن کھیل کا میدان حاصل کرتے ہوے	ایک متوازان کھیل کا میدان حاصل کرتے ہوئے
common_voice_ur_31837022.mp3	پھر لکشمی چوک میں جا کے پھنس گیا۔	پھر لکشمی چوک مئے جا کہ پھنس گیا
common_voice_ur_31951919.mp3	بس ایک میان میں دو تلواریں نہیں ہوسکتیں	بس ایک میان مدزالباریں نہیں ہوسکتیں
common_voice_ur_31837055.mp3	سکتی ہے کہ اسے حقیقی مینڈیٹ ملا تھا۔	سکتی ہے کہ اسے حقیقی من ڈیک ملا تھا
common_voice_ur_31973421.mp3	سنگیتا بیگم کی فلم ’تم ہی ہو‘ بھی	سنگیتہ ویگ کی فیمتمنی ہو بھی
common_voice_ur_31914259.mp3	سونے کے پرانے ڈیزائن کے زیورات کی مانگ کیوں بڑھ گئی	سونے کے پورانا ڈزائن کے زیورات کی مانگ کیوں بڑدلی
common_voice_ur_31855368.mp3	یہ تھرلر فلمیں دیکھنے کے لیے تیار ہیں	یہ تھرلار فلمیں دیکھنے کے لیے تیار ہیں
common_voice_ur_31841531.mp3	تگ و دو کے باوجود ووٹ نہ ملے	تقہ دو کے باوجود وہٹھ نا ملے
common_voice_ur_31841532.mp3	بجلی چوری کئے جانے کا اانکشاف ہوا ہے	بجلی چوری کیے جانے کا ان کشا ہوا ہے
common_voice_ur_31938398.mp3	اس کا رویہ عذر خواہانہ نہ ہو گا۔	اس کا ربعیہ اظہر خواحانا نہ ہو گا
common_voice_ur_31973513.mp3	تیل لے لو ، تیل لے لو میرا تیل خالص ھے تیل لے لو تیل لے لو یہ آ	تیللوتے لی لومیادیر خوالے سے تے ل لوتے لے لل لور گئے
common_voice_ur_31929517.mp3	عروہ اور فرحان برلن میں کیا کررہے ہیں	عروا اور صارحان برلین میں کیا کر رہے ہیں
common_voice_ur_31975314.mp3	فطرت کا لفظ خاصہ وسیع مفہوم رکھتا ہے	فطرت کلفز خاصہی وسی مفخوم رکھتا ہے
common_voice_ur_31921483.mp3	لوگوں کو خوش آمدیدگی کا احساس دلاتا ہوں	لوگوں کو خو شامدیت ہی خائے ساس تے لاتا ہوں
common_voice_ur_31964687.mp3	ہر چارہ گر کو چارہ گری سے گریز تھا	ہر چارا گھر کو چار گری سے گریز تھغالت ول بلکے
common_voice_ur_31959011.mp3	اس موقع پر سیکریٹری پروٹوکول مشاری بھی موجود تھے	اس موقیپل سکرٹری پروٹوکول مشاری بھی موجود تھے
common_voice_ur_31952558.mp3	روس کے ملک اشعراء رسول ہمزہ توف کی مارکہ آرا نظم	روسٹ ملک اشرح رسول حمضاہ طرافکیمار کا ارن مظم
common_voice_ur_31841521.mp3	بارہویں کھلاڑی کی نفسیات حادثوں کی منتظر رہتی ہے۔	بارویں کھلاڑی کی نفسیات حاتصوں کی منتظر رہتی ہے
common_voice_ur_31893646.mp3	کبھی کبھار آپے سے باہر ہو جاتا ہوں	کبھی کاوار آپ سے باہر ہو جاتا ہوں
common_voice_ur_31832402.mp3	لندن کے فلیٹ پر آسائش تو بہت ہوں۔	لنڈن کے فلیٹ پر عصائیش تو بہت ھوں
common_voice_ur_31832340.mp3	روٹی اور سالن سب ختم ہو چکا ہے۔	چوٹی اور سائل ان سب خاتم ہو چکا ہے
common_voice_ur_31917141.mp3	میں ابھی ابھی آیا ہوں، تم رکو کیفے میں آرہا ہوں۔	یہ بھی آیا ہوں تم رکو کھیکے میں آرہا ہو
common_voice_ur_31985068.mp3	آج ہم ایک عجیب مخمصے میں پھنسے ہیں۔	آج ہم ایک عجیب خمس میں ہنسے ہیں
common_voice_ur_31790572.mp3	طنز یا تضحیک کا شائبہ بھی نہیں ملتا	طنس یا تصحی  کا شاہیبہ بھی نہیں ملتا
common_voice_ur_31836915.mp3	جستجو کی موت بے حسی کا جنم ہے۔	جستودوں کی موت بحصی کا جنم ہے
common_voice_ur_31836870.mp3	پاکستان اسٹاک ایکس چینج میں تیزی کا رجحان	پاکستان اسٹاک ایکسچینج میں تیزی کارجان
common_voice_ur_31790703.mp3	طبیب مریض کی حالت کا جائزہ لیتے ہیں	تبی مریس کی حالت کا اجاضہ لیتے ہیں
common_voice_ur_31952770.mp3	اس کا حلیہ ہم نے بگاڑ کے رکھ دیا۔	اس کا حریاں ہمنے بھی کار کی رگ دیا
common_voice_ur_38418494.mp3	کی چھت پر گھاس کے ساتھ ساتھ مختلف پودے بھی	کی چت پر گھاض کے ساتھ ساتھ مختلف بودے بھھی
common_voice_ur_38445447.mp3	پھر شوق کر رہا ہے خریدار کی طلب	پھر شک کر رہا ہے خریدار کی تلب
common_voice_ur_31916600.mp3	سے علوم کا ذخیرہ اس میں منتقل ہو	سے علوں کا ظخویرہ اس میں منطقل ہو
common_voice_ur_31953003.mp3	انسان زندگی میں بہت سے لوگوں سے سیکھتا ہے	انسان زنگی میں بہت سے لوگوں سے سکھتا ہے
common_voice_ur_31958625.mp3	کیونکہ اس عمل کے بڑے ٹارگٹ وہی ہیں۔	کیوکہ اس عمل کے بڑے ٹارگٹ فئیں ہے
common_voice_ur_31895141.mp3	یہ تو ہمارے روز مرہ کی بات ہے	یہ تو ہمارے روز مرق کی بات ہے
common_voice_ur_31832570.mp3	تو لگ بھگ چالیس گاڑیوں کے جلوس میں۔	تو لگ پاک چالس کاڑیوں کے جلوس ویں
common_voice_ur_32040590.mp3	کہ لوگ روحانیت کے لیے قرآن وسنت کے بجائے	کلوگ رہانیت کیلی کرانا صنت کی جئے
common_voice_ur_31958388.mp3	تمہارے نام پہ آئیں گے غم گسار چلے	تو بارے نام پہ آئیں گے غم گزار چلے
common_voice_ur_38469794.mp3	دل کہاں کہ گم کیجے، ہم نے مُدّعا پایا	دل کہاں کے گم کیجے ہم نے موطع پایا
common_voice_ur_32031421.mp3	پاکستان کاقیام جدید تاریخ کاایک منفرد واقعہ ہے۔	پاکستان کا قیان جدید تاریخ ہ اک منفرہد واکیہ ہیں
common_voice_ur_31983867.mp3	اجرت فی الوقت ان کی دسترس میں نہیں	عجرت فل وقت عنکی بسطرس میں نہیں
common_voice_ur_41168034.mp3	قلندر جز دو حرف لا الٰہ کچھ بھی نہیں رکھتا	کلندر جز دو دو ہرف لا الاحا کجھ بھی نہیں رکھتا
common_voice_ur_38475973.mp3	اک بندہ ء درویش سبھی کچھ سکھا گیا	ایک بنن او درویش سبھی کچھ سکھا گیا
common_voice_ur_31990646.mp3	ڈھاکہ میں نواب سیلم خان کی ایک پارٹی	ڈھاکا میل نواب صیلم خان کی ایک پارٹی
common_voice_ur_38435869.mp3	اس خبر پر اظہار مسرت ہی کرنا چاہیے۔	اس خبر پر اظہارے مصرت ہی کرنا چاہیے
common_voice_ur_31836745.mp3	یہ کوئی نسلی یا لسانی فوج نہیں ہے۔	یہ کوئی نسلی یا لاسانی کوج نہی ہیے
common_voice_ur_31841216.mp3	ان کی چیخ وپکار بہرے کانوں پہ پڑی۔	ان کی تھی خو کوکار بہرے کانوں پہ پڑی
common_voice_ur_41156146.mp3	اس قدر سہل نہ ہو تو مری دشواری پر	اس قدرسسےخزبلا ہو تو غیترشوا عری فر
common_voice_ur_32023745.mp3	ورلڈ کپ پاک بھارت ٹاکرے کی تاریخ مقرر	ولڈ کپ باک بھارد ٹاکھرے کی تاریخ مقطر
common_voice_ur_32016770.mp3	پھر اسلامی فوج میں بغیر عہدہ کے لڑے	پھر اسلامی فوج میں بغیر اہدے کہ لڑے
common_voice_ur_31841233.mp3	شہر کے سارے معززین کشمیر جا چکے ہیں۔	شہر کے سارے موضطین ک شمیر جا چکے ہیں
common_voice_ur_32000717.mp3	ان کے گانوں کی سلیکشن الگ ہوتی ہے۔	ان کیے عگانوں کی اسلکس ٹٹیکس الب ہوتی ہے
common_voice_ur_31790747.mp3	جعلی پیر بھی اب کئی طرح کے ہیں۔	زیالی پہ پر بھی آپ کئی طرآں کئے ہیں
common_voice_ur_38435842.mp3	پتھر ہی ٹوٹ جائے وہ شیشہ تلاش کر	بتھر ہی ٹوڑھ جائے وہ شیشہ تلاش کر
common_voice_ur_31976431.mp3	یہ مشکل کام وہ کیسے سرانجام دیں گے؟	یہ مشکل کام وہ کیسے سرانجامدیک گے
common_voice_ur_31916181.mp3	اظہر علی اور اسد شفیق 'بڑے' ہو گئے	اضہر عری ار اصد شحیق بڑے ہو گئے
common_voice_ur_31999977.mp3	اری یونیورسٹی انتظام نے بھی متب کیا تھا	ایری انی ویسٹیانتظام نے پھی مطق کیا تھا
common_voice_ur_31985408.mp3	اوربعض اوقات سالوں تک جاری رہ سکتا ہی۔	اور باضوقات سالوں تک جارین رہسکتا ہے
common_voice_ur_32007608.mp3	یہ لوگ اچھے نہیں ہوتے ، لٹیرے اور ڈاکو ہوتے ہیں ۔	یہ لوگ اچھے نہیں ہوتے لٹیر اور ڈاککوع ہوتے ہیں
common_voice_ur_31921844.mp3	تو غیبی راستوں سے کچھ ہو جائے گا۔	تو غیبھی راستو سے کچھ ہو جائے گا
common_voice_ur_32003959.mp3	وہ تو قاہد اعظم کو بھی نہیں جانتا	وہ تو کائیدی عضم کو بھی نہیں جانتا
common_voice_ur_31874089.mp3	جرمن فارمولا ون ریس میں لوئس ہملٹن بازی لے گئے	جرمن فورملا ون ریس مہںگلوئے سہیمنٹن باضی لے گے
common_voice_ur_31989492.mp3	یہ رنگین بارش کا سماں پیدا کردے گا	یہ رنگین بارش کا سما پیداک کردے گا
common_voice_ur_31988063.mp3	تمہیں لگتا ہے میں تم سے ڈرتا ہوں؟	تمیں لگتا ہے میں طم سے ڈرتا ہوں
common_voice_ur_31849670.mp3	جتنے بے خوف ہم پہلے ہوا کرتے تھے۔	جتنے بیخوافہم پہلے ہوا کرتے کہے
common_voice_ur_31849653.mp3	شیکھر دھون کی طیارے میں شرارتیں سوشل میڈیا پر وائرل	شکھر دھون کی تیارے میں شرارتیں سوشل میڈیا پر بائرل
common_voice_ur_31849641.mp3	کام کے عوض یہ صدقہ دینا پڑتا ہے۔	کام کی عو سی سدکھا دینا کڑتا ہے
common_voice_ur_32009952.mp3	کوچ مکی ارتھر کی جون کی صبح لاہور امد متوقع	کروچ مکی آٹ تھر کی گجون کی سبح لاہور ہمدمطور کر
common_voice_ur_32011456.mp3	عمرا ن خان میں بہت سی خوبیاں ہوں۔	انگران خان میں بہت صی خوبی  ہوں
common_voice_ur_32035752.mp3	کوئٹہ میں جوڈو کراٹے ٹورنامنٹ شروع ہو گیا	کویٹا میں جوڈوع کرارٹے ٹورنمنڈ شروع ہو گیا
common_voice_ur_38455867.mp3	ممبئی بھارت کا تجارتی و تفریحی مرکز ہے	حمبئی بھارت کا تجارتی او تفریحی مرکض ہے
common_voice_ur_31980242.mp3	سرفراز احمد ٹی ٹؤنٹی کے بہترین کپتان ہیں۔	سرفاہ ہیمک ٹی ٹنڈی یے بہترین کپٹین ہیں
common_voice_ur_31894716.mp3	س لیے کہ وہ اپنوں کیخلاف ہی لڑتے	سین لئے وہ اپنوںسے خلافی لڑتے
common_voice_ur_31842299.mp3	ایک بہادر جرنیل دوسرے کی قدر جانتا ہے	ایک با آدر چرنائیل دوسرے کی قدر جانتا ہے
common_voice_ur_31920804.mp3	پاکستان سے ٹیسٹ سیریز سٹریلین اسکواڈ سے میکسویل ڈراپ	پاکستان سے ٹیس سیریئس ٹریلئن سیکارڈ سے میکس ویل ٹروپ
common_voice_ur_31920914.mp3	برقعہ پہن کے وہ ایسا کر سکتی ہیں؟	برکہ پہن کہ وہ ایسا کر سکتی ہیں
common_voice_ur_32013634.mp3	جب دنیا میں سرد جنگ چھڑی ہوئی تھی۔	جب دنیا میں سرد جنگ چھڑی ہوئی تھی
common_voice_ur_31918265.mp3	رکھتا پھروں ہوں خرقہ و سجادہ رہن مے	رقھتا بھیروں ہوہ خرقہ اور سجادہ رحن میں
common_voice_ur_31848863.mp3	آسانی سے خواہشات کو مغلوب کر لیتا ہوں	آسھانی سے خوائی شحت کو مغلوب کر لیتا ہوں
common_voice_ur_31848866.mp3	جس کلب یا سرائے میں قیام ہوتا ہے۔	کس کل بیا سراعیع میں قیام ہوتا ہے
common_voice_ur_31791864.mp3	کیا یہ صحافی اقدار کی خلاف ورزی نہیں۔	کیا اسصحافہ اقدار کے خلاف ورضی نہیں
common_voice_ur_31950102.mp3	نہ ہی اس کا کوئی مؤثر علاج ہے	نہ ہی اس کا کوئی موصر حلاج ہے
common_voice_ur_31950164.mp3	عدالت نے فیصلہ دیا کہ وہ قصوروار ہے	ادعالب نے فیصلہ دیا کہ وہ کصوروار ہے
common_voice_ur_38494857.mp3	خدا کے پاک بندوں کو حکومت میں غلامی میں	خداگر پاک بندو کو حکومت میں غلامی میں
common_voice_ur_38435466.mp3	خودکشی پر اکسانے کے مقدے میں ارنب گوسوامی کی عبوری ضمانت منظور	خود کشیقت اکصانے کے مقدمے میں ارناب گوسوامی کی عبوری زمادد منضور
common_voice_ur_31998381.mp3	ابھی تو شروع کا سین مکمل ہوا ہے۔	ابھی دشروع کہ سین مکمل ہوائے
common_voice_ur_32020493.mp3	تھی کہ ان کمزوریوں کو ہم دور کرتے۔	تھی گ ان گمزوریوں کو ہم دور گا
common_voice_ur_32029626.mp3	نباتات اگانے ہی کیلئے تیار کی جاتی ہیں	نباتات عگانی ہی کے لئے تیار کی جاتی ہیں
common_voice_ur_32003728.mp3	اس خواب کو ادھورا ہی رہنے دیا جائے۔	اس خواب کو ادوررہ ہی لینے دیا جے
common_voice_ur_31792242.mp3	لیکن جیس جیس دوڑ گ ، چلتے گ ویس ویس ت دھ گئی	لیکن جس ڈس دورڑ گائے چلتھے گے ویسٹ ویست دی دہ گئی
common_voice_ur_31846930.mp3	بلکہ ان میں مزید گہرائی آ جائے گی۔	بلکہ ان میں مزیر گہرائی آ جائے گی
common_voice_ur_38454553.mp3	اس بستی میں کوئی ہوگا جو دوسرے کو پرسادے؟	اث بستی میں کوئی ہوگا جو دوسرے کو پرصا دے
common_voice_ur_31841007.mp3	نیشا پور سے وزیر سلاجقہ نظام الملک طوسی کے دربار میں پہنچے	نیشا پور سے وزیر سلاج کا نظا م مل ملک تو سری کے دربار میں پہنچھے
common_voice_ur_31962698.mp3	اب تو اس تاریک کمرے میں صرف میری ہڈیاں ہیں	اب تو اس تاحیق کمرے میں صرف میری ہڈیاں ہے
common_voice_ur_31974724.mp3	مصر ڈکٹیٹرشپ کی لپیٹ میں پھر سے ہے۔	مصر ڈٹیٹر شپ کی لپیٹ میں پھر سے ہے
common_voice_ur_31989253.mp3	فتنے کا پہلا ہدف امن ہو تا ہے۔	خقلے کہ پیلا آدف عمن ہوتھا ہے
common_voice_ur_31846821.mp3	مسرت نذیر کا ویسے ہی نام لے لیا۔	عصیرت نزیر کہ وایسے ہی نام ڈیلیا
common_voice_ur_31824300.mp3	آج کے سیاستدان تو مان لیا بڑے نکمّے اورکرپٹ ہیں	آج کہ سیاستدان تو مانلیای بڑے نکمع اور کرپٹ ہیں
common_voice_ur_38414740.mp3	میں ظلمت شب میں لے کے نکلوں گا اپنے درماندہ کارواں کو	میں ضلمت شب میں لے کہ نکلوںگا اپنے درماندہ کرواں کو
common_voice_ur_31846716.mp3	جب انقلاب کا بھوت سر پہ سوار تھا۔	جب ان قلاب کا حود صرٹ س احوار تھا
common_voice_ur_41150118.mp3	"کیا تمھاری بیوی برطانوی ہے؟ ""وہ برطانوی نہیں، سکاٹش ہے۔"""	کیا تمہاری بھیوی برتانوی ہے وہ برتانوی نہیں سکاٹشے
common_voice_ur_31944504.mp3	وہ سات سال تک ناقابلِ شکست رہا تھا۔	وساتھ سالتق نغابیع شکص رغا تھے
common_voice_ur_32002528.mp3	کسی کو جلا کر مار دیا جاتا ہے	کسی کو جلا کھر مار دیا جاتا ہیں
common_voice_ur_32002897.mp3	سابق کپتان مصباح الحق نے یوٹرن لے لیا	ساود کپتان میںسباؤل حقھ نے یو ٹنڈ لہیکی اں
common_voice_ur_31823955.mp3	ڈانس کا عالمی دن اور پاکستان کے ثقافتی رقص	ڈانس کا عالمی ڈین اور پاکستان کی سقافتی ضقض
common_voice_ur_31840895.mp3	سابق اولمپئن منصوراحمد کا پاکستان میں مکینیکل ہارٹ لگوانے سے انکار	صعبحک المپئن منسور امت کا پاکستان میں مکینے کل ہاٹھ لگانے سے ان کر
common_voice_ur_38423977.mp3	ہرن کی پیٹھ پر بیٹھے پرندے کی شرارت سی	ہرن کی پیٹ پر بیٹھے پر ان دے کی شرارت سی
common_voice_ur_31986926.mp3	سڑک کے کنارے پتھروں کا ایک جھرمٹ تھا	صرت کی تنارے پدروں کا ایک چھلمٹ تھا
common_voice_ur_31946492.mp3	ان کے بغیر ہمارے آسمان بہت ویران ہوجاتے	ہن سے منگیرہ ہمارے آصما بہت میران ہو جاتلے
common_voice_ur_31792616.mp3	اہلِ ایمان کو اللہ پر توکل کرنا چاہیے	اہلے امان کو الہ پر تواقل کرنا چاہیے
common_voice_ur_31792567.mp3	بغیر جمہوریت ادھوری ہے اگر حکمران اس کا	بغیر جمہوریت ادوری ہے اگر حکمران اس کا
common_voice_ur_31830057.mp3	ضیاء الحق دور میں قوم بٹی ہوئی تھی۔	زیالحق دور میں کام بٹی ہوئی تھی
common_voice_ur_31823703.mp3	ٹینس اسٹار ثانیہ مرزا راجیو گاندھی کھیل رتنا ایوارڈکیلئے نامزد	ٹینس اصرار سانیہ میں زاظاجیک گاندی کھیل دپنا اوارڈ کی لئے نامثد
common_voice_ur_32038566.mp3	حدیبیہ ملز کا کیس ختم نہ کیا جاتا۔	حدہبیان ملس کا کیس ختم نہ کیا جاتا
common_voice_ur_32001229.mp3	لہذا پروگرام ٹریڈنگ کے لیے آگے کِیا ہے	لہعزا پروگرام ٹریڑیںگ کے لیے آگے کیا ہے
common_voice_ur_31829690.mp3	دوسری مثال دوبئی کی دی جا سکتی ہے۔	دوسرے مسال دوئی کی دی جاسکتی ہے
common_voice_ur_38499225.mp3	دل مرا سوز نہاں سے بے محابا جل گیا	دل میرا سوضی ناحوا سے بے مخابہ عجل گیا
common_voice_ur_38448274.mp3	شور رسوائی دل دیکھ کہ یک نالۂ شوق	اور رسوائی دل دیک کے یٹ بنادہ شور
common_voice_ur_32002342.mp3	نواز شریف کی حس مزاح بہت تیز ہے۔	نواز شریف کی ہسے مظاہ بوت تیز ہے
common_voice_ur_38476145.mp3	ہر پارہ سنگ لخت دل کوہ طور تھا	ہر بارہ سنلپخت دل کو فتور تھا
common_voice_ur_31935145.mp3	تھانے کا ایس ایچ او بھی ملوث تھا۔	آنے کا ایسا چوہبھی ملاوس تھا
common_voice_ur_38486063.mp3	ماہرہ خان قائداعظم زندہ باد میں فہد مصطفی کی ہیروئن	ماحرا خان قائد آعظم زنداباد میں فحد مستفاہ کی ہھیروئیں
common_voice_ur_38499026.mp3	وہ پیر ہیں، جاگیر دارہیں اور روایتی سیاست دان ہیں۔	وہ پیر ہے زگیدار ہے اور روایتی سیاسدان ہا
common_voice_ur_38483866.mp3	جس کے زیادہ تر بال سیا ہ تھے	جس کے عزیادہ طربال سیاہح تھے
common_voice_ur_31984764.mp3	جنوبی کوریا میں چھٹے ورلڈ ملٹری گیمز کا اغاز	جنوبی کوریا میں چھٹے ورڈ ملیٹری گیمز کا اغاز
common_voice_ur_31885376.mp3	اقوام متحدہ کے فوڈ ایجنسی کا کہنا ہے	احقوامی متحدہ کے فوڈ ایجنسی کا کہنا ہے
common_voice_ur_31978830.mp3	جتنا ہماری قوم کی جہالت سے ہو گا	ستنہ ہماری قوم کی جہادت سے ہو گا
common_voice_ur_31980469.mp3	بازار سے ملتی تو ہم سب نپولین ہوتے۔	مزار صملتی تو ہم سپنے پوجن ہوتے
common_voice_ur_31792984.mp3	وہاں معاشرے میں ایک خلیج بہت عمیق ہے	وہاں موشرے میں ایک خلیج بہت عمیک ہے
common_voice_ur_32031213.mp3	کی کپتانی بھی اظہر علی سے لے کر	کی کپتانی بھی اظر ہلوی سے لی کر
common_voice_ur_31951072.mp3	کورونا کی وبا کی وجہ سے لاک ڈاؤن تھا	کورونا کی ببا کی وجہ سے لاقڈن تھا
common_voice_ur_32009645.mp3	یوں مشروب محض دومنٹوں میں حاصل ہوجاتا ہے۔	یوں مشور مہیس بو منٹوے میں حاصل ہوتا ہے
common_voice_ur_38474251.mp3	روئیں گے ہم ہزار بار‘ کوئی ہمیں ستائے کیوں؟	روئن گے ہم ہزار بار کوئی ہمیں سطائے کی ہوں
common_voice_ur_38478990.mp3	جب بھی حضرت واعظ بولے سب کا جی ہلکان ہوا	جب بھی حظرتوارز بولے سب کا جی حلکان ہوں
common_voice_ur_31978437.mp3	ڈبے یا بوتل کے نیچے دو بٹن لگے ہیں	ڈبے یا بوتل کے نتلے دو بڑتن لگے ہیں
common_voice_ur_31845836.mp3	ہمیں کوئی لی کوآن یو کب نصیب ہوگا؟	ہمیں کوئی لی قہان یو کب نصیعب ہو گا
common_voice_ur_31835069.mp3	تمہیں اسکی عمر کا لحاظ رکھنا چاہیۓ تھا	تمہیں اس کی عمر کا لحاض رکھنا چاہیت تھا
common_voice_ur_31930870.mp3	لیکن پھر وہی بات، کسی کو کیا پروا؟	لیکن پھر وحی بات کسی کو کیا پر وہ
common_voice_ur_38478168.mp3	سرفہیم کی آواز پر جماعت میں سکوت چھاگیا	سرغین کے والت پر جمات می سکھوع چاگیا
common_voice_ur_31813087.mp3	کے الیکٹرک بجلی کے نقصانات کا ہدف حاصل نہ کرسکی	کئی الیکٹرک بجلی کے نقصانات کا حدف حاصل نہ کر سےکی
common_voice_ur_38481993.mp3	رکھتا ہے‘ ضد سے‘ کھینچ کے باہر لگن کے پانو	رکھتا ہے ضد سے کھینچ کے باہر لگن کے پانوں
common_voice_ur_38503281.mp3	لاہور کی کوٹ لکھپت جیل میں ایام اسیری گزاررہے ہیں۔	لاہور کی کوٹ لقبت چیلمیں عیامں اسہیری کصار رہے ہیں
common_voice_ur_31926342.mp3	پچھلے اڑتالیس سالہ میں فوج بہت بدلہ چک ہے	پچھلے اڑھتالس سالی میں فوج بہت بدلا چک ہے
common_voice_ur_32016976.mp3	ریڈیو شو نے ہمیں مشتعل کر دیا مسز وارد کہتی ہے	لھیڈیو شرنے ہم یں مشٹح عل کاردیا مس عز وانڈد کپتی ہیں
common_voice_ur_31966061.mp3	نئے نرخ یکم جون سے نافذ ہوں گے	نئے نرک یاکم جون سے نافل ہوں گے
common_voice_ur_38475275.mp3	سنی نہ مصر و فلسطیں میں وہ اذاں میں نے	سنی نا مصروف علیس ٹیم یں وہ ارظا میںنیے
common_voice_ur_38465529.mp3	امام خامنہ ای نے تہران میں سپاہ پسداران کے ہزاروں اہلکاروں کے	ہمام کھامنا اینے تہران میں استیپح پسداران کے غاروں اہر کاروں گے
common_voice_ur_31967303.mp3	یہ بساط جو ہمارے لیے بچھائی گئی ہے، یہ حقیقت ہے۔	یہ پساد جو ہماڑے لئے بچھائی کہی ہے یہقیقت ہے
common_voice_ur_31834847.mp3	ہر ایک سے ان کے پرابلم کھڑے ہوگئے۔	ہر ایک سے ان کے اپرابلم کھڑے ہو کئے
common_voice_ur_41142740.mp3	تو یہ منزل کی طرف اگلا قدم ہے۔	تو یہ منجل کی طرف اقلا قدم ہے
common_voice_ur_31917223.mp3	وہ اپنے بچوں کے کچھ زیادہ ہی لاڈ دیکھتی	وہ اپنی بچوںکہ کچھ زیادہ ہی لاڑھ دیکھ تھی
common_voice_ur_38427899.mp3	اس خاک کو اللہ نے بخشے ہیں وہ آنسو	اس حاح کو اللہ نے بقشے ہیں وہ آن سوں
common_voice_ur_32015429.mp3	ی بی سی اردو اور ڈاکٹروں کا شکری	لیبی سی وٹ دو ڈاکٹروں کا شکریں
common_voice_ur_31944714.mp3	تھے خاک راہ بھی ہم لوگ قہر طوفاں بھی	چےخاک آہ بھی ہم لوگ کہے توفاں بھی
common_voice_ur_38488011.mp3	اور گوگل پلے سٹور سے ڈاؤن لوڈ کیا جا سکتا ہے	اور گوگل پلیس ٹور سے ڈان لرڈ کیا جا سکتا ہے
common_voice_ur_41133197.mp3	محبت کو ہمیشہ مجبوریاں ہی لے ڈوبتی ہیں غالب	محبت کو ہمیشہ مزبوریا ہیں لیٹورتی ہیں غالب
common_voice_ur_31995569.mp3	نظر اتارنے کے لیے کالا ٹیکا لگاتی ہوں	نظرتا نکلی قالٹی لگاٹی ہوں
common_voice_ur_38429083.mp3	اجلاس کے دوران وہ اس کا اینٹلیجنس افسر تھا	ای جلاص کے دران وہ اس کا انٹیلیجنس افیسر تھا
common_voice_ur_38483987.mp3	لڑتے ہیں اور ہاتھ میں تلوار بھی نہیں	بڑھقےہیں اور حاتھ میں تلوار بھی نہیں
common_voice_ur_38450042.mp3	سفرِ عشق میں کی ضعف نے راحت طلبی	سفر ایش میں کی ضوف نے راخد تل بھی
common_voice_ur_31991013.mp3	بیوروکریسی کی مراعات پر زیادہ وسائل خرچ ہوتے ہیں۔	یورک ریسی کی مرات پر زیادہ وسائل کر چھوتے ہے
common_voice_ur_38431461.mp3	تکلف برطرف‘ تجھ سے تری تصویر بہتر ہے	تقللف بر طرف تچھ سے تیری ٹسویر بہتر ہے
common_voice_ur_31834776.mp3	چادر رحمت نے ان غلاموں کو ڈھانپ لیا اور ان کو	شاتر احمت نے ان قلامہ کو ڈھانک لیا اور ان کو
common_voice_ur_31973727.mp3	اگر وہ حقانی نیٹ ورک کے نکلتے ہیں۔	اگر وہقانی نٹفر کے ن کلتے ہیں
common_voice_ur_31990400.mp3	ہسپتال میں جاکر ہی کرونا کیوں ہوتا ہے ۔	ہسپطان مییا کری کرونا کیوں ہوتا ہے
common_voice_ur_38482779.mp3	واسطے جس شہہ کے غالبؔ گنبد بے در کھلا	واستے جی شح کے غالی گمبت بہ در کھلا
common_voice_ur_38465585.mp3	ھے چشم تر میں حسرت دیدار سے نہاں	ہے چشم تر میں حصد دیدار سے نحہ
common_voice_ur_31950915.mp3	بجلی کی تقسیم کار کمپنیوں کے سربراہان عہدوں سے فارغ	بجلک تقسیم کار کمپنیوں کے سربراحان احتوں سے فارق
common_voice_ur_31972862.mp3	اور تمام شعبہ پر گہر نظر رکھ چاہی	اورتامام شبہہر گہر نظر رکھ چاہیں
common_voice_ur_38444302.mp3	مت پوچھو اس کا کیا کیا روپ دیکھا ہے	مت پوچھو اس خکھیاں کھیا روب دیکھا ہے
common_voice_ur_31890564.mp3	دبنگ کا تیسرا حصہ بھی سوناکشی کے قبضے میں	دوبلن کا تیص را حصاہ بھی سڈات چیقہ کفزے ہے
common_voice_ur_38433707.mp3	اس کو قبول کرنے ہی میں عافیت ہے۔	اس کو قبور کرمرہی آفییت ہے
common_voice_ur_41132845.mp3	آرمینیائی فوج کے کنٹرول میں آ چکا تھا	ارمنیائی فورج کے کنٹرول میں آج چکا تھا
common_voice_ur_38445987.mp3	دسمبر گریگورین سال کا بارہواں اور آخری مہینہ ہے	دسمبر گیگورین سال کب بارواں اور آخری مہین ہیں
common_voice_ur_31946495.mp3	لیکن اب اخبارات سے چڑ ہونے لگی ہے۔	لیکن اافبھرآت تھے چڑ ہونے دیٹھی ہے
common_voice_ur_38434479.mp3	دوسری جانب انتہا پسند گروہ جیش الاسلام نے	دسری جانے وہ انتحاع پسند گرو جیشل سلام نے
common_voice_ur_31800013.mp3	سپوکن انکش کورس سے مراد ہے انگلش بولنے میں مہارت	اسپووکن انگلیش گوس سے مراد ہےں انگلش بونے میے ماحارق
common_voice_ur_38416012.mp3	چپکے چپکے مجھ کو روتے دیکھ پاتا ہے اگر	چکہ چپکہ پنش کھوئ رو تے دیکھ بیدہا ہے آگر
common_voice_ur_38424535.mp3	پلا دے اوک سے ساقی ، جو ہم سے نفرت ہے	پھلاد اوقی سقاتی جو ہم سے نفرت ہے
common_voice_ur_38424136.mp3	منافقت کے شہر میں سزائیں حرف کو ملیں	منافقت کے شہر میں سے ظعح حرف کو ملیں
common_voice_ur_38426175.mp3	یعنی ہماری جیب میں اک تار بھی نہیں	یعنی حماری جیب میں ایک دار بھی نہیں
common_voice_ur_32050751.mp3	عضلات کی کمزوری کی علامات اچانک ظاہر ہوتی ہیں	عصلات کی کمزوری کی علامت چانک ظاہ روگتی
common_voice_ur_38467381.mp3	مروت حسن عالم گیر ہے مردان غازی کا	مروت حصن االم کیر ہے مردان غاضی کا
common_voice_ur_38443890.mp3	قدرتی وسائل کا استعمال بروئے کار لایا جاتاہے	قدرتی وسائل کا استعمال بروے کار لایا جاتا ہے
common_voice_ur_31938243.mp3	چاہے کچھ بھی ہو میں چھوڑوں گا نہیں	چاہے کچھ بی ہو میں چھوڑوںنگا نہیں
common_voice_ur_30393477.mp3	تین دہائیوں میں پاکستانی معیشت کا حجم کھرب ڈالرہوجائےگا	تین دہایوں میں پاکستانی معیشت کا ہجم کرب ڈالر ہو جائے گا
common_voice_ur_41138555.mp3	موجودہ حکومت تماشہ زیادہ اور حکومت کم لگتی ہے۔	موجودہ ححکومت تماشہ زیادہ اور حکومت کم لگتی ہے
common_voice_ur_31949024.mp3	یہ شہر اداس اتنا زیادہ تو نہیں تھا	یہ شہر عداس اتنا زیادہ تو نہیں تھا
common_voice_ur_38473139.mp3	غم اُس کو حسرتِ پروانہ کا ہے اے شعلہ	کا مسکھو حصرتی پرواز کا ہے ای شالا
common_voice_ur_31812936.mp3	سے سرینگر ہائی وے کو راولپنڈی اور اسلام آباد	سے سے ناگر حائیوے کاو رابلپنڈی اور استاما بات
common_voice_ur_38449944.mp3	کاوش کا، دل کرے ہے تقاضا کہ ہے ہنوز	کاوش کہ دل کرے ہے تقاضاہ کہ ے حنوض
common_voice_ur_31929217.mp3	پہلے دن سے حریف یہ ساس کون ہے؟	پہلے دن سے حریف یہے ساس کون ہے
common_voice_ur_31951476.mp3	رونا ہے کہ کتنی شامیں ویران رہتی ہیں۔	رونا ہے کہ کتنی شامو غیران رہتی ہیں
common_voice_ur_31943649.mp3	قفس اداس ہے یارو صبا سے کچھ تو کہو	کفص آداث ہےیارس آبھا کی کچھ تو کو
common_voice_ur_38452447.mp3	وہ سجدہ روح زمیں جس سے کانپ جاتی تھی	وہ سجدہ روح زمی جس سےک قامپ جاتی تھی
common_voice_ur_38452498.mp3	نئے مقدس مقامات بنا لینا بھی درست نہیں	نئیب مقدص مقامات بنا لینا بھی درست نہیں
common_voice_ur_31970847.mp3	اوریہ وہ جو اتا ترک ترکی میں لایا۔	اور یہ وہ جو اطع طر ترقی معیں لایا
common_voice_ur_38440525.mp3	یہ لاش بے کفن اسدؔ خستہ جاں کی ہے	یہ لاش بیک کفن اصد خسطہ جاں کی ہے
common_voice_ur_41168170.mp3	انھیں ترکی کی جانب سے جنگی نوعیت کے اشارے	منی توقیزان سے چنکیل وحیت کیشاہوں
common_voice_ur_30580656.mp3	افریدی کوبخار زیادہ نہیں خود ارام کا مشورہ دیا ہیڈکوچ	افریتی کو بخار زیادہ نہیں خدارام کا مشورہ دیا ہیڈ کروچ
common_voice_ur_38495488.mp3	جلے ہے ، دیکھ کے بالینِ یار پر مجھ کو	جلے ہیں دیک کے بالین یار پہرمج کو
common_voice_ur_32038077.mp3	چنانچہ ان میں صالحین بھی موجود ہیں	چناچیا ان میں سالیغین بھی موجود ہیں
common_voice_ur_32029452.mp3	اپنے آپ کے ساتھ پرسکون رہتا ہوں	اپنی آپ کس ات پر صکین رہتا ہوں
common_voice_ur_32017657.mp3	ابھی تک یہ فارمولہ کارگر ثابت ہوا	ابھی تک یہ فرمولا کارگر سابٹ حوا
common_voice_ur_32008760.mp3	دل کو لہو کریں یا گریباں رفو کریں	دلس کھو لاہوں کریں یا گریبان رفوع کریں
common_voice_ur_32006749.mp3	خاص طورپہ معاشی صورتحال کی وجہ سے۔	خاصت اور پر ماشی سورتحال کے وجہ سے
common_voice_ur_32006837.mp3	اللہ پاک آپ کے درجات بلند کرے	اللہ فق آپ کے درجات بلند کرے
common_voice_ur_31814533.mp3	صدر مقام یروشلم کو کہا جاتا ہے	سدرے مکام یہ روسلم کو کہا جاتا ہے
common_voice_ur_31814146.mp3	ادھر آؤ، یہ صفیہ بنت حیی ہیں	اڈھلاؤ یہ سفیہ بنتے ہئی ہیں
common_voice_ur_31814125.mp3	وہ بیچارے غریب اور کمزور آدمی تھے۔	وہ بچارے گریب اور کمزور آدمی تھے
common_voice_ur_38484030.mp3	اس کی شکل پر بلا اطمینان تھا۔	اس کی شقل پر بلا اتمنان تھا
common_voice_ur_38416238.mp3	دل سے تنگ آکے جگر یاد آیا	دیر سے تم آک کھی جگڈر یاد پیا
common_voice_ur_31809546.mp3	پہلا سبب ان کا ترقی کاماڈل ہے۔	پہلہ سب پ ان کا ترقی کا معڑل ہے
common_voice_ur_31809675.mp3	یہ صحیح ہے کہ یہ شیطانی قوتوں کی شیطانی ہے	یہ صحیح ہے کہ یہ شہطانی قوتوں کی شہطانی ہے
common_voice_ur_32055909.mp3	کاش تمام پاکستانی اس کو سیرس لیے	کا شتعوام پاکستانی اس کو سیری اسلے
common_voice_ur_31971793.mp3	کوریا کے رہنما غربت میں نہیں رہتے۔	پرے کہ ریرماہ غبت میں نہیں رگا
common_voice_ur_31968496.mp3	مجھے کچھ ایسی کشش محسوس نہیں ہوتی۔	مجھے کچھ ایسی کش ش مہسوس نہیں ہوگی
common_voice_ur_31968526.mp3	بصری معذوریوں کا شکار صارفین کی مدد	بسری معزوریوں کا شکاس سارفین کی مدد
common_voice_ur_31971974.mp3	وہ اقتدار کی سیاست سے لاتعلق ہے۔	پکھد دھر کی سیاست سے لاق علق ہے
common_voice_ur_32043758.mp3	ہاں عورتیں مردوں ہی کی طرح ہیں	ہا ور ت مردوں ہی کی تر ہے
common_voice_ur_31968682.mp3	بندوق کے زور پر میرا استعفیٰ لینے	بندو کے ضوئیپر میرا اصصفہ لینے
common_voice_ur_31929131.mp3	پیغمبر اسے عبادت کے آداب سکھاتے ہیں۔	پیغمبر اسے بادت کے آداب سکھاتے ہیں
common_voice_ur_31928230.mp3	حافظے کی کمزوری ہمیشہ لاحق رہی ہے۔	حبصے کی کمصوری ہمیںشہ لاحق رہتی ہے
common_voice_ur_31928259.mp3	یہ مسئلہ بھی سپریم کورٹ نے کھنگالا۔	یہ مسلہ بی سپپریم کورٹ میں گھروکا آیا
common_voice_ur_31809513.mp3	علامات کو نظرانداز کر کے چھٹائی کریں	علامات کو نظر انداس کر کی چھٹائی کرےں
common_voice_ur_31891165.mp3	ان کے بقول معمر رانا فلم انڈسٹری	ان کہ بخورمامرانا فلم انڈسٹری
common_voice_ur_31943626.mp3	پیالے میں ایک چمچ پانی کے ساتھ ایک لیموں کا رس نچوڑیں	یالے میں اپچمت فانی کے ساتھ ایک میموں کررس نچوڑے
common_voice_ur_38452364.mp3	پیدا نہیں ہے اصلِ تگ و تازِ جستجو	پیدا نہیں  عصلے ٹگو طاظع دست وجھووؤ
common_voice_ur_31892585.mp3	"مریض ڈاکٹر کے لیے ایک ""کلائنٹ"" ہے۔"	مریس ڈوکٹر کے لئے ایک کلائنٹ ہے
common_voice_ur_31978941.mp3	یہ بہت سے اجزاء کا مجموعہ ہے۔	یہ بہت سے اجراح کم مجھموہ ہے
common_voice_ur_31967081.mp3	، مزاج اور شوق بھی امیروں جیسے تھے۔	مزا مزاج اور شوک بھی عمیروں جیسے تھے
common_voice_ur_31966361.mp3	شردہا کپور ولن بننے کی خواہش مند	شردہ کپور ولن بننے کی فوائشمن
common_voice_ur_31833903.mp3	یعنی فوجی دباؤ کے نتیجے میں نہیں۔	یعنی فوجی تپھا کہ نتیجے میں نہیں
common_voice_ur_31833906.mp3	نصیرالدین شاہ کو کامیاب لوگ پسند نہیں	نسیرو تن چھا کو کامیاب لوگ پسند نہیں
common_voice_ur_38446607.mp3	گو نہ سمجھوں اس کی باتیں گو نہ پاؤں اس کا بھید	گو نا سمجو اس کی باتیں گروناف او اسکادید
common_voice_ur_31927324.mp3	وہ سلمان ڈیمرل سے انٹرویو کرتے ہیں۔	ازہ سلمان ڈی من سنٹرڈی کٹکرتے ہے
common_voice_ur_31981496.mp3	جنہوں نے آگے آکریہ نیک کام نبھایا۔	چنہو نے آ گھے اگر یہ نےک کام نے بھایا
common_voice_ur_31833945.mp3	بزرگ بچوں کو بربری وحشی کہتے ہیں	گزرک بچوں کو برپری وشی کہتے ہیں
common_voice_ur_38442762.mp3	وہ بندے فقر تھا جن کا ہلاک قیصر و کسریٰ	وہ بندے فکر تھا جن کا حلاک کیسر اور کصرہ
common_voice_ur_31828088.mp3	پولیس نے چور کو رنگے ہاتھوں پکڑا	پلس میں چھورٹ کو رنگے ہاں تو پکڑا
common_voice_ur_31902905.mp3	لیبیا میں انتشار پیدا کیا جاتا ہے۔	لوبیال وے ان تشان پیدا کیا جاتا ہے
common_voice_ur_31834096.mp3	تو ہمارے لئے یہ لمحہ فکریہ ہے۔	توہماری لیگ لمحا فکریہ ہے
common_voice_ur_31833917.mp3	جنرل اشفاق ندیم ریٹائر ہو چکے ہیں۔	جنرل اشفاق نڈیم ڈٹائر ہو چکے ہیں
common_voice_ur_31833833.mp3	"مبنی کتاب ''ملاقاتیں کیا کیا"" پڑھ رہا ہوں۔"	مممی کے طحب ملاقاتی کیا کیا پڑ رہا ہوں
common_voice_ur_31828945.mp3	وہ شخصیات کو بھی اگر پرکھتے ہیں۔	و شخسیات کو بیہ اگر پرکھتی ہیں
common_voice_ur_31833699.mp3	جسے ہمت اور استقامت میسر ہوتی ہے۔	جسے ہمت اور استقامت میسر ہوتی ہے
common_voice_ur_31964385.mp3	جنہوں نے اپنا سا بقہ پیشہ اختیارکیا	جنہوں نے اپنا صعب کا پیشہ اختیار کیا
common_voice_ur_31833737.mp3	آج کرکٹ کا ٹورنمنٹ ہو رہا ہے	آج کرکٹ کا ٹو نمنٹ ہو رہا ہیں
common_voice_ur_31833740.mp3	میں اپنی زندگی ایسے نہیں گزارنا چاہتا۔	میں اپنی زندگی یسے نہیں گزانا چاتا
common_voice_ur_31902473.mp3	تیموری سلطنت تب اپنے عروج کو پہنچی۔	تیموری سرطنت تب پلے وجھ کو جاپ ہوچی
common_voice_ur_31809189.mp3	وہ تو لگتاہے مکمل طورپہ ختم ہوچکی۔	وہ تو لگتا ہے منکممل طور پہ ختم ہوچکی
common_voice_ur_38420183.mp3	کس کو سناؤں حسرت اظہار کا گلہ	کیس کو سناؤں حصرت اثار کا کھیلا
common_voice_ur_38479799.mp3	ایگری آپ صحیح کہہ رہے ہو بھائی	ایگری آپ صعید کہ رہے ہو بھائی
common_voice_ur_31962393.mp3	اللہ بڑا ہی بخشنے والا مہربان ہے	اللہ بڑا ہی پشنے والا مہربان ہے
common_voice_ur_31809350.mp3	تعمیرِ وطن کے لیے سر جوڑ کے بیٹھو	تعمیرے وطن کی لیے سڑ چھوڑ کے بیٹھو
common_voice_ur_38428327.mp3	جب لوگ سچے اور مکان کچے تھے	جب لوگ سچی اور مکان کہچہ تھے
common_voice_ur_32038880.mp3	تاکہ گھوڑا صرف سامنے ہی دیکھ سکے۔	تاکی کھوڑا صرفس سام نہیں دیک سکے
common_voice_ur_38432691.mp3	ترا خرابہ فرشتے نہ کر سکے آباد	تیرا خرابں فرشتے نہ کر شکے اباد
common_voice_ur_31964182.mp3	وہ اسے سماجی رشتوں تک پھیلادیتا ہے۔	وہ اسے سماجی رشتوں ترک پھلا دیتا ہے
common_voice_ur_31834294.mp3	اب تو ہم با قاعدہ سینئر سٹیزن ہیں۔	اب تو ہم باکائی دسٹ ہینیر سے ٹیسنز ہے
common_voice_ur_31863681.mp3	اعصاب مجتمع رکھنا بہت دشوار ہو گا۔	عساب مج تمارکھنا بخد دشوار ہو گیا
common_voice_ur_31863682.mp3	آسان راستے پکڑنا کوئی ہم سے سیکھے۔	اسان راستا پٹننا کوئی ہمصصیٹھے
common_voice_ur_31978363.mp3	پرند کرنا ہَر جگہ موجودگی اور رنگنا رنگنا	پرند کرنا ہر جگہ موچود کی اور رنگ نا رننا
common_voice_ur_31878171.mp3	پتلی جیبوں والوں کے مسائل الگ ہیں۔	پتلی دیبوں والوں کے مسائل الگ ہیں
common_voice_ur_31992469.mp3	انگریزوں کی اگر مخاصمت کسی سے تھی۔	انگریسون کی اگر محانصمت کسی سے تھی
common_voice_ur_31936750.mp3	وہ لاہور کا اورنج ٹرین منصوبہ ہے۔	وہ لاہور قاورنگ شر می شوبا ہیں
common_voice_ur_31982996.mp3	کچھ عرصے بعد ٹرانسفر بھی ہو گئی۔	ککچھ آرسے بات ٹرنسفربی ہو گئی
common_voice_ur_31982602.mp3	مس یونیورس کا اعزاز فرانس کے نام	میس ینورس کا اعظاس فرانس کی نام
common_voice_ur_31809186.mp3	اس نے دنیا کو متحد کیا ہے	اس نے دنیا کا مطتحط کیا ہے
common_voice_ur_31998615.mp3	کالی کافی اور سگاروں پہ گزارا کرتے۔	رالی قافری آور سے گاروں پر گزارہ کرتے
common_voice_ur_31952539.mp3	گاڑیاں ختم ہونے کا نام نہیں لیتیں۔	گاڑیاں ختم ہونے کا نام نہیں لیتیں
common_voice_ur_38438187.mp3	کھلا‘ کہ فائدہ عرضِ ہنر میں خاک نہیں	کھلا کے فائدے عرضعے حونر میں حاکھ نہیں
common_voice_ur_31928686.mp3	گوادر کا علاقہ عمان سے خریدا گیا تھا۔	وادک آعلافہ عمن سکری دا گے
common_voice_ur_31933266.mp3	معاویہ ابوسفیان بن حرب کے بیٹے تھے	ماویعہ بق فیانبین حرب کے بیٹے تھے
common_voice_ur_31934326.mp3	بسری باتیں مجھے یاد آ رہی ہیں۔	پصری باطین اتھری دھ آ رہی ہےں
common_voice_ur_31928625.mp3	حیرانی صرف پٹواری صاحب کی نہ تھی۔	اییرانی صرف پٹواری صاحب کی نہ تھی
common_voice_ur_31854966.mp3	قوائد کی پیروی کرنے کی کوشش کرتا ہوں	کوائید کے پہلوی کرنے کی کوشش کرتا ہوں
common_voice_ur_31941721.mp3	چلے بھی آؤ کہ گلشن کا کاروبار چلے	چلے بھی آؤ کی بلیشنڈی کمیں ٹاروق بارتھیں
common_voice_ur_38449655.mp3	بے نیازی حد سے گزری بندہ پرور، کب تلک	بینعیاصی ختھ سے گزری بنت پرپر کب تلق
common_voice_ur_32026599.mp3	لیکن فضول کی تمنائیں اب نہیں رہیں۔	لیکن فصول کی زمانائے اب نہیں رہی
common_voice_ur_31952564.mp3	یہ کسی خلا میں پیدا نہیں ہوئے۔	یہ کسی خلای میں پیدا نہیں ہوے
common_voice_ur_31953028.mp3	دنیا کے پستہ ترین قد کا ریکارڈ	دنیا کے پستہ تنین قد کا ریکھارد
common_voice_ur_31953060.mp3	میں برتن دھونے والی ٹیم میں شامل تھا ۔	مں بد ترین دھونے والی ٹیم میں شامر تھا
common_voice_ur_31953137.mp3	کرپشن کے الزامات میں آپ گھرے ہوں۔	کرپشن کے لزیمات مے آب گھرے ہوئے
common_voice_ur_31935707.mp3	اس کی بنیادیں یونان میں رکھی گئیں۔	اس کی ونیاد دیس یو نان میں ریکصی قئیں
common_voice_ur_31941446.mp3	بجلی کے تاروں میں پھنس گیا ہے	بھجگیل کتااروں ایٹ ہیز ایٹ پئے
common_voice_ur_38442715.mp3	مدت سے ہے آوارۂ افلاک مرا فکر	مدد سے ہے آوارح افلاق میرا فک کریں
common_voice_ur_31847458.mp3	وہ بے بسی کی ایک تصویر ہیں۔	وہ بھہ بسی کی ایک تصویر ہے
common_voice_ur_31847412.mp3	شاہد کپور فلم ’کبیر سنگھ‘ کی شوٹنگ	شائد کپور فلم کبھیرسن کی شٹم
common_voice_ur_31980535.mp3	پیر صاحب نے دوگھر بنا رکھے ہیں۔	پی اس آ ہیف بییں تو گھیر بنا رکھے ہں
common_voice_ur_31974640.mp3	جب تک ان کے ایکسپائر ہوجانے والے	جب تک ان کی ایکسپائر ہو جانے والے
common_voice_ur_31995358.mp3	دیکھ آئیں چلو کوئے نگاراں کا خرابہ	دیکھ آئی چلو کوئی نگاراں کا خرا ب
common_voice_ur_31969173.mp3	میں تجسس بر قرار رکھنا چاہتا ہوں۔	میںتب چجسس برٹیرار عکھنا چارتا ہوں
common_voice_ur_31955722.mp3	بس پانچھ سے دس منٹ لگئیں گے۔	بلس پہن سے درس موٹ میجیل جے
common_voice_ur_31974392.mp3	اس بارے کوئی کسر نہ اٹھائی جاتی۔	اس بارے کوئی کصر نام آٹھائیجاتی
common_voice_ur_31971676.mp3	اورایک نئے دور کا آغاز ہو رہاہے۔	اور ایک نئے دور کا عغاض ہو رہا ہے
common_voice_ur_31846812.mp3	سکھوں یا دیگر مذاہب کی شادیاں ہوں۔	سیقہوں یا دیگر مظاعب کے شادیا ہوں
common_voice_ur_31834682.mp3	جنرل ضیاء الحق کو سیاست کون سکھاتا۔	جنرل سیاعؤ الحق کو سیاست کون سکھاتا
common_voice_ur_31846537.mp3	یہ کتاب واقعی جھنجھوڑ دینے والی ہے۔	یہ کتاوی کہ ی چھند جوڑ دینے والیے
common_voice_ur_31989687.mp3	ہمارا جھکائو امریکہ کی طرف ہو گیا۔	ہمارا جھکائو امریکہ چیطرف ہو گیا
common_voice_ur_38431313.mp3	اک گھر میں مختصر بیاباں ضرور تھا	ایک گھر میں مختصر بیاں با ضرور تھا
common_voice_ur_32019212.mp3	ہم کن اندھیروں میں پھنسے ہوئے ہیں۔	ہمکن اندھیروں میں پھصے ہوئے ہیں
common_voice_ur_31995788.mp3	ریمنڈ ڈیوس کا قصہ ہمیں یاد نہیں؟	کیمن ڈیوس کا قسیہمی آد نہیں
common_voice_ur_31995644.mp3	اتنی اخلاقی جرات ہوتی تو یہ کہانیاں	اتنی خلا قجرت ہوتی تو یہ کہانیا
common_voice_ur_38431527.mp3	عزت دل میں ہونی چاہئے لفظوں میں نہیں۔ ناراضگی لفظوں میں ہونی چاہئے دل میں نہیں	اصت دل میں ہونی چاہیے لفزوں میں نہینا رازگی لوزوں میں ہونی چاہیے دل میں نہیں
common_voice_ur_31914920.mp3	ایمیزون کے جنگلات نذرِ آتش ہو رہے ہیں۔	ایم وزون کے جنگلات نظر آتی شہو رئے ہیں
common_voice_ur_38484608.mp3	نہ شعلہ میں یہ کرشمہ نہ برق میں یہ ادا	ناشولہ میں یہ کریشمہ انا برک میں ہی ایدا
common_voice_ur_31983397.mp3	ہمت ہے تو ایسا کر کے دکھاؤ	اہمد ہیں تو ایسا کر کے دکھاوؤ
common_voice_ur_31985354.mp3	مسلم سماج کی اساسی ترکیب روایتی ہے۔	مسلم زماش کی عساسی ترقیب روایتی ہے
common_voice_ur_38413917.mp3	دکھلا کے اس کو آئینہ توڑا کرے کوئی	تکھلا کہ اسی کو آئرنا تھوڑا کرے کوئی
common_voice_ur_38410363.mp3	رقی پسند اور پرامید سوچ کی جھلک تھی	روقی پسند اورپور امید سوچ کی جیلیچ تھی
common_voice_ur_38503262.mp3	کارگل کا محاذ تو اب کھلنا چاہیے۔	کارگل کا محاص تو اب کھلنا چاہیے
common_voice_ur_38503091.mp3	امریکی مالز میں پاکستانی موجود گورے ڈرپوک نکلے حرا مانی	امریکی مالس میں پاکستانی موچود کوریک ٹر پوک نکلیے ہرامانیں
common_voice_ur_32033348.mp3	ان کی نااہلی کا ڈھنڈورا ظاہر ہے۔	ان کے نااہلی کا ڈنڈورا ضاہد ہے
common_voice_ur_31793363.mp3	اور پورے کنبے کے لئے محفوظ تھی	اور پورے قمبے کے لئے محفوس تھی
common_voice_ur_38453124.mp3	جنبشِ موجِ صبا‘ ہے شوخیِ رفتارِ باغ	جنبیشے موجے سبہ ہے شوخیے رفدارے ب
common_voice_ur_31813549.mp3	عراق میں پر تشدد مظاہرے ہوئے ہیں۔	اراک میں پھت شدت مزاہرے ہوئے ہیں
common_voice_ur_38476777.mp3	کیا سینے میں جس نے خونچکاں‘ مژگانِ سوزن کو	کیا سینے میں جس نے ہونقھچا مصرگان ا سو ضن کھرو
common_voice_ur_31966959.mp3	کبھی کبھار ہی خیالی پلاو بناتا ہوں	کبھی خبھار ہی خیالی پلائو بناتا ہوں
common_voice_ur_38422228.mp3	گرچہ ہوں دیوانہ پر کیوں دوست کا کھاؤں فریب	اگرشہ ہوں دوانہ پر کیوں دوست قا کھائؤوں فرے
common_voice_ur_38421202.mp3	اے جوشِ عشق! بادۂ مرد آزما مجھے	ایر جوشیشک بعدہئے مرد ازما موسے
common_voice_ur_31793156.mp3	متعدی بیماری کی طرح پھیل گئی ہے	متادی بھیماری کی طرحاں پھیل گئی ہے
common_voice_ur_32036959.mp3	آئیے ان پر ایک نگاہ ڈالتے ہیں۔	ائی یہ ان پر ایک نگا ڈالتے ہیں
common_voice_ur_31845882.mp3	جب صحیح آدمیوں کو ذمہ داری سونپیں۔	جب سے حی آدمیو کو زیمداری صوپے
common_voice_ur_31845799.mp3	نوازشریف انسانی خرابیوں سے منزہ نہیں ہیں۔	نواز شریف انسانی کخرابی ہو سے منزہ نہیںہ
common_voice_ur_38473866.mp3	اس تمام تر سرگرمی میں ایک ربط ہے۔	اس تمام تر سر گرمی میں ایک ربت ہے
common_voice_ur_31793225.mp3	اٹھانا چاہ رہے ہیں شاہد خان آفریدی	اتھانہ چہ رہے ہیں شائد خانافریتی
common_voice_ur_31792871.mp3	جاپانی صنعتی کمپنیوں کو بہتر سمجھنا چاہِیے	جپانی سنتی کمپنیوں کو بہتر سمجھ نا چاہیے
common_voice_ur_31980305.mp3	حروف کے تئیں حساس کی چھٹائی کریں	حروفکے تئین حساس کی چھٹائی کرےں
common_voice_ur_38422442.mp3	کیا ہے اس نے فقیروں کو وارث پرویز	کیا ہے اس نے فقیروں کو وار سے پرویس
common_voice_ur_31828376.mp3	باتوں کا لیول کچھ اونچا ہونا چاہیے۔	باتو کا لیول ک چھنچا ہونا چہیے
common_voice_ur_38422462.mp3	ہوا ہے تارِ اشکِ یاس‘ رشتہ‘ چشمِ سوزن میں	خوا ہے تار اشکے یاس ریشتاخ چشمیں سوسین میں
common_voice_ur_38499170.mp3	باقیات ملک کو بہ مطابق دستور چکناچور کردیا جائے	باقیات ملق کو بے متابق دسکوٹ سکنا چہور کر دیا جائے
common_voice_ur_32007918.mp3	تو ان کا اپنا سیاسی ورثہ تھا۔	تو ان گو اپنا سیاسی بھٹھسا تھا
common_voice_ur_31930815.mp3	خالی پیٹ میرے دماغ کی بتی نہیں جلتی	ہالی پیک م ازمانکی بطھی نہیں چلتی
common_voice_ur_31829844.mp3	شخصیت یا پرسنیلٹی خدا داد چیز ہے۔	شخصیت یا پرسناینٹی خدردا چیز ہے
common_voice_ur_31926603.mp3	اپنی قمیض پینٹ کے اندر کر لو	اپنی قملیس پنٹ کا عمدر کرلو
common_voice_ur_31978971.mp3	کاروباری لوگ بھی بڑے چالاک ہوتے ہیں۔	کاروباری لوگ دھی بڑے جلا ک وتے
common_voice_ur_31835442.mp3	چہرے چھوڑیں کوئی نئے افکار تو ہوں۔	چہری چھوڑیں کوئی نئی افکار تو ہوں
common_voice_ur_31835427.mp3	پڑوس میں افغانستان کو ہی دیکھ لیں۔	پڑؤس می افغانستان کو ہی دیکھ لیں
common_voice_ur_41160780.mp3	اس ملک پہ کوئی آسمان نہیں ٹوٹا۔	اس مقت کوی آسمان نہیں کوٹا
common_voice_ur_32001079.mp3	بھولے سے اس نے سیکڑوں وعدے وفا کیے	بھولے سے اس نیں سیکڑو واجعے بفا کیے
common_voice_ur_31994110.mp3	کیونکہ اس کی بھی بڑھوتری زیادہ ہے۔	پر گزرا قانوں نہ یہ خراردہ پیش کے
common_voice_ur_31911887.mp3	شامیں اسلام آباد میں گزارنا پڑتی ہیں۔	کامیں خلامہ باد نے کطانا پجھتی ہیں
common_voice_ur_38457200.mp3	کہیں اس مباحثے میں نہ ہو بندگی قضا	کہیں اس واحصے میں نا ہو بندگی کزا
common_voice_ur_38425802.mp3	آنکھوں میں نیند کا خمار جوں کا توں تھا	آمکھوں میںنینت کا خمارٹ چومں کا توگ تھا
common_voice_ur_38425362.mp3	جانتا ہے کہ‘ ہمیں طاقتِ فریاد نہیں	جانتا ہے کہ ہمیں طاقرت فریاد نہیں
common_voice_ur_31835489.mp3	اس سے ماحولیاتی تحفظ میں مددملے گی ۔	اس سے ماحولیاتی تحفص میں مدد ملیں گا
common_voice_ur_31974631.mp3	دل کھٹکا کہ پورے نہ آسکیں گے ۔	دل کھٹکا کے پورے نہ آ سکیں گے
common_voice_ur_31792166.mp3	ارے بھئی جب ہم سانس باہر نکالتے ہیں	اری بھائی جب ہم ساں سپاہیل نکھالتے ہیں
common_voice_ur_31892475.mp3	ہمسایوں سے پر امن زندگی بسر کریں	ہمسائیاں سے پور عمن دندگی برصر کرے
common_voice_ur_31892690.mp3	کیسی تاویلیں دینا شروع ہو گئے ہیں۔	کیسی طولی دیناا شروع ہو گائے ہیں
common_voice_ur_38476960.mp3	نہ آئی سطوت قاتل بھی مانع میرے نالوں کو	نا آئیس صطود قاطل بھی منا ہمیرے نالوں کو
common_voice_ur_31968824.mp3	حماد، کدھر ہے اور کب تک آئے گا؟	ہمات کہ زیرئ اور کب ت گائے گا
common_voice_ur_31841027.mp3	ٹیسٹ کیریئر میں ایک ٹرپل سنچری بھی	ٹیسٹ کریر میں ایک ٹرپل سنچری بھیں
common_voice_ur_38467107.mp3	خراج کی جو گدا ہو ، وہ قیصری کیا ہے!	خراج کی ج گدا ہووہ کھیصری کیا ہے
common_voice_ur_38430770.mp3	ادب میں ایک سے زیادہ نظریات مروج ہیں۔	عطب مں ایک سے زیادہ نضریاتھ مروچھ ہے
common_voice_ur_31935853.mp3	ہم نے اشعار کا دروازہ کھُلا رکھا ہے	ہم میں اشان کادرمازہ کھلا رکھا ہے
common_voice_ur_31965202.mp3	اس سے ملنے میں کوئی مضائقہ نہیں	اسسے ملنے نے کوئی مزاعگہ نہیں
common_voice_ur_38467490.mp3	گدائے طاقتِ تقریر ہے زباں تجھ سے	بتائے طعاق تقریب سبات  سے
common_voice_ur_31983970.mp3	انتظار نامی لڑکے کا قتل دیکھ لیجیے۔	انتزار نامی لڑکھےکا قپطل دیک لیجئے
common_voice_ur_31981087.mp3	گاڑی میں بیٹھتے اور کہیں چل دیتے۔	گھاڑی میں بیٹھتے اور کہیں چلد دیتے
common_voice_ur_31984723.mp3	روزگار کے نئے مواقع پیدا کرتی ہے۔	روزگار کی نئ مواکھع پیدا کرتی ہے
common_voice_ur_31836046.mp3	اوراگر اب ہوتے تو کچھ کر بیٹھتے۔	اور اگر اب ہوتے تو کچھ کر بیٹھ تھے
common_voice_ur_31988332.mp3	نہ ہی ون ڈے کا اچھا پلئیر	نہ ہی ون ڈے کا اجچشاب ٹکلیڑ
common_voice_ur_31999750.mp3	اصل ٹارگٹ پہ نظریں جمی ہوئی ہیں۔	عصل ٹارگٹ پی نازریں جمعی ہوئی ہیں
common_voice_ur_31849591.mp3	توکل اللہ پر بھروسے کا نام ہے۔	تبپ کل اللہا پر بھروسے کا نام ہے
common_voice_ur_31835983.mp3	نو فلس کا اضافہ کیا گیا ہے	نوفلسس کا اظافہ کیا گیا ہے
common_voice_ur_38473076.mp3	پرانے ہیں یہ ستارے فلک بھی فرسودہ	پفورانے ہے یہ سے طارح فلق بی فر سودا
common_voice_ur_31976760.mp3	فوجی کمانڈر خود بھی یہ سمجھتے ہیں۔	فروجی کمانڈر خود پھی یہ سمجتی ہیں
common_voice_ur_31916167.mp3	ان میں بوریت سے بڑا روگ کوئی نہیں۔	ان میں وورید سے بڑا روگ کوئی دی
common_voice_ur_31916570.mp3	چند موقع پرستوں کا معاملہ دوسرا ہے۔	چن موکمپ ریسلو کا معاملہ دوسرا ہے
common_voice_ur_31841262.mp3	آگے بڑھنے کے لیے دھوکا دیتا ہوں	آگے بھڑنے کے لیے دھوقا دیتا ہوں
common_voice_ur_41130835.mp3	میرے دل کا حال تم کیا جانوں؟	میرے دل کحال طونکیا جعنوں
common_voice_ur_31897728.mp3	جرمنی کی کرنسی کی وقعت نہ رہی تھی۔	جیمنی کی کرنسی کے وقت نا رہی تھی
common_voice_ur_32029255.mp3	مینیجمنٹ کا خیال تھا کہ ہر فارمیٹ میں	میں نچمن کا خیال تھا کیہار فارمیٹ نیں
common_voice_ur_38417679.mp3	نہ رکھ اُمید وفا کسی پرندے سے وصی	نا رک امید وفاہ کس پرندی سے وسی
common_voice_ur_31921499.mp3	ایک تھی مریم فلم کا ٹیزر جاری	ایک ٹھیمریم فلم کا ٹیزر جائی
common_voice_ur_31916759.mp3	عسکری پارک اور اولڈ سٹی ایریا ہے	اسکری پار کر اورچھ ھیٹی اریا ہے
common_voice_ur_31979921.mp3	پھر نظر آئے سلیقہ تری رعنائی کا	پھر نظرعاعس علیقہ تیری رانائی کا
common_voice_ur_31841596.mp3	انسانوں کی بھلائی پر یقین رکھتا ہوں	انسانوں کی بھلائی پر یقین رکھتا ہوں
common_voice_ur_31837432.mp3	وہ رسیوں کو سانپ سمجھنے لگتے ہیں۔	وہ رسیوں کو سامھ سمزنئے لگتے ہیں
common_voice_ur_31930965.mp3	وہ عیاشیوں پہ برباد کر دئیے جائیں۔	وہ عیاشیوں پہ برباد کر دیے جانا
common_voice_ur_31921805.mp3	سو جو کچھ ہورہاہے ہونا ہی تھا۔	سجع کچھ ہورہا ہے ہو ناہی تھا
common_voice_ur_41117687.mp3	ریاست چین مذہب کو مانتی ہی نہیں۔	ریاست چین مصہب کو مرتی نہیں
common_voice_ur_31954731.mp3	ماہرہ کے اسٹائل کے بارے میں جاننا چاہتے ہیں	محرہ کے اسٹائر کے بارے میں جاننا چاہتے ہیں
common_voice_ur_38470742.mp3	مُجھ کو اپنے دلِ ناکام پہ رونا آیا	مجھ کو اپنے دلے نا کام پہ ہونا آیا
common_voice_ur_31956014.mp3	نجات کی خوش خبری کس نے سنائی	رجات کی خوش خبری کس ے سے لائی
common_voice_ur_31967997.mp3	نامزدگی بھرے، وہی عقل استعمال نہ کر سکا۔	نا مزدقی بھرے وہیح اقل استعمال نہ کر سکا
common_voice_ur_31933828.mp3	ہم بہت بھگت چکے ایسی مداخلتوں کو۔	ہم بہت بھگ چکے ایسی ند اخھلتوں کوں
common_voice_ur_31837347.mp3	ان کہانیوں کو دہرانے کا کیا فائدہ۔	کیپھانیں کو دوہرانے کا کیافاعیدا
common_voice_ur_31957667.mp3	نظریاتی سیاست کی فضارومان پرور ہوتی ہے۔	نضریاتی سیاست کی فزارومان پوڑ ہوتی ہے
common_voice_ur_31990088.mp3	یہ رنگ آپ پر خوب جچتا ہے	یہ رنگ آپ پر خوب ججتا ہے
common_voice_ur_31827056.mp3	ڈریسنگ روم کا ڈسپلن برقرار رہے گا	ٹریسنگ روم کا ڈسپلنٹ بر کرار رہے گا
common_voice_ur_32023426.mp3	، اسی طرح بائیں طرف بھی موجود ہیں۔	اسی طرحاں بائین ترخ پھی مو جود ہم
common_voice_ur_31827293.mp3	اس واردات کی شروعات ہم سے ہوئیں۔	اس واردات کی شروات ہم سے ہوئیں
common_voice_ur_31837175.mp3	مجھے تم سے ئہ امید نہیں تھی	مجھے تم سے یہ امید نہیں تھی
common_voice_ur_31957860.mp3	حافظ سعید ایک معقول عالم دین ہیں۔	حافسید ایک ماکھول المیںدین ہے
common_voice_ur_32031321.mp3	تاریخ آخرکار اس کے ساتھ نہیں ہے	تاریخ اخلقار اس کے ساتھ نہیں ہے
common_voice_ur_41160806.mp3	میں آپ سے ڈرتا نہیں ہوں ـ	میں آپ سر ڈڑتا نہیں ہوں
common_voice_ur_31830745.mp3	جہاں پودوں کی نشوونما کو بہتر بنانے	جہاں پاودو کی نشنماق کو بہتر بنانیں
common_voice_ur_38483389.mp3	اسد مت رکھ تعجب خر دماغی ہائے منعم کا	اصد مت رک تاجب خھر دماغی حائے معننم کا
common_voice_ur_38469624.mp3	میں ساحل سمندر جانے کا شوقین ہوں۔	میں اساحلے سمندر جانے کا شوقین ہوں
common_voice_ur_32006316.mp3	جسے عربی زبان میں اقامہ کہتے ہیں۔	جسے عرپی زبان معیاچ کامہ کہتے ہیں
common_voice_ur_31986322.mp3	تو لوگ میٹرو کو بھول جائیں گے۔	تو لوگ میٹرو کو بھول جائیں گے
common_voice_ur_31842229.mp3	یہ سلسلہ تو بہت پہلے رکنا چاہیے۔	یہ ح صل صلاہ تو بہات پہلے رکنا چاہی ہے
common_voice_ur_31824360.mp3	سلیوٹ ڈاکٹرز آپ لوگ واقعی مسیحا ہو	سلوٹ ڈاکٹرس آپ لوگ واکئی مسیحا ہو
common_voice_ur_31824328.mp3	بہت بُرا ہُوں! کسی کا بُرا نہ کر پایا	بہت بزاہوں کسی کا برا نہ کر پایا
common_voice_ur_31949144.mp3	لطافت کا حسین امتزاج دکھائی دیتا ہے	رطافد کا حسین امتصاج دکھائی ڈیا ہے
common_voice_ur_31943098.mp3	انوکھا منظر کیمرے کی آنکھ میں محفوظ ہوگیا	نوخا مظہر کہمرے کی مان خلی مفوہ زے گیا
common_voice_ur_32006726.mp3	احباب توقعات کے ٹوٹے پیمانوں کا نوحہ لکھتے ہیں۔	اہ بھاب تو قاآد کہ ٹوٹے پیماڈو کردھا لکھتی ہے
common_voice_ur_32030044.mp3	یہی معاملہ رشید احمد صدیقی کا ہے۔	یہی معملہ رشید اہی مت صدی کی کا ہے
common_voice_ur_41103365.mp3	برطانیہ میں ریفرنڈم کراچی اسٹاک ایکسچینج میں مندی	برتانیع میںرے فرنڈم کراچی سٹاک اکسیمن مندی
common_voice_ur_31823460.mp3	پاکستان آئینی طور پر 'اسلامی جمہوریہ پاکستان‘ ہے۔	پاکستان آئنی تور پر اسلامی جمہوریا پاکستان ہے
common_voice_ur_31954642.mp3	اس کے موتیوں جیسے دانت کھل گئے تھے۔	اس کی موپئوں جیسے دانت کھل رئے تھے
common_voice_ur_32045112.mp3	منیجر نے اپنے ایک ملازم سے پوچھا	مینجر نے اپنے ایک ملازم سے پوچھا
common_voice_ur_41104663.mp3	برصغیر میں اسلام کے پیروکار بہت سارے ہیں	برے تغیر نے اصلاؤں کے پیروگپر بہت ساتے ہیں
common_voice_ur_31950094.mp3	فرقت یار نے آباد کیا آخر شب	فرقطریار نے حباد کیا آخیر شب
common_voice_ur_41151207.mp3	کہ انداز بہ خوں غلتیدن بسمل پسند آیا	کہ انداز بہخون الڈی دن انبیسمیں پسیل آیا
common_voice_ur_32010431.mp3	میں مشکل حالات سے نہیں گھبراتا	میں مشقل حرات سے نہیں کبرا تھا
common_voice_ur_31945968.mp3	کوئی قصہ سناتی رہی رات بھر	کھوئی قسہ سناتی نیہی غرت ہے
common_voice_ur_31791128.mp3	لیکن ان کوموت نہیں آئے گی	لیکن ان کو مواتھ نہیں آئے گی
common_voice_ur_31790847.mp3	مجھے بھوک بہت کم لگتی ہے	منچھے دھوع بہت کم لگتی ہے
common_voice_ur_32009965.mp3	کار فراٹے بھرتی ہوئے نکل گئی	کار فراٹی بھرتی ہوئی نکل لیے
common_voice_ur_31965224.mp3	غنڈہ گردی سے بند کرنا دینا	غنڈا گردی سے بند کر نہ دینا
common_voice_ur_31790720.mp3	اسی طرح مصری ، رومن اور بابل	اسی طر حم مصری رومن اور بابل
common_voice_ur_31950583.mp3	آدم جی ایوارڈ سے نوازا گیا	اجان جی ایوارڈ سے نواضع گیا
common_voice_ur_31904277.mp3	دانت انگور کھانے سے ہلتے تھے	دانت گو ٹھانے سے لتے ہیں
common_voice_ur_31948116.mp3	ابھی بادبان کو تہ رکھو ابھی مضطرب ہے رخ ہوا	اپی بدبان کو تارکھور ابھی مسترب ہی حے رخ ہوا
common_voice_ur_31967862.mp3	مذہب طبیعیات اور مابعدالطبیعیات کو محیط ہے۔	مظبد تبییاد اور مابد علتبیاد کو مہیط ہے
common_voice_ur_31856441.mp3	ماڈل ٹاؤن کیس بھی پیچھے پیچھے ہے۔	معرڈر ٹام کیسے بھی پیچھے پیچھ ہے
common_voice_ur_31790468.mp3	آسان پر بادل چھاۓ ہوۓ ہیں	آسمان پر بادل چھائے ہوئے ہیں
common_voice_ur_41144745.mp3	میں ناشتہ بنانے ہی والا ہوں	میں نانشتب بنانے ہی والا ہں
common_voice_ur_31938332.mp3	میں اپنے دانت برش کر تاہوں	میں اپنے دانت برش کرتا ہوں
common_voice_ur_32037523.mp3	اب کی بار معاملہ اورنازک ہوگیاہے۔	اب کی بامعاملا اور ناضر ہوگیا ہے
common_voice_ur_31791865.mp3	یہ معاملہ حکومتوں سے متعلق ہے۔	یہ معاملہ کو متوں سے مطعال لق ہے
common_voice_ur_31981406.mp3	وہ مفتوحین کی دل جوئی کرتے تھے۔	وہ مفطو ہرین کی دل جوئی کرتیں تھے
common_voice_ur_31962235.mp3	شمشیر زن بھی بچ نہیں پائیں گے۔	شمچھیر ضن بھی یچھ نہیں پہیں گے
common_voice_ur_31837344.mp3	یہی معاملہ مولانا سندھی کا ہے۔	یہی معاملہ مودانا سندہی کاہے
common_voice_ur_32046758.mp3	تمہاری شرٹ باہر نکلی ہوئی ہے	تمہاری شرٹ باہر مقلی ہوئی ہے
common_voice_ur_31843117.mp3	کملااتھال کے بارے میں نہیں سنا	کملا آتھال کے بارے میں نہیں سنا
common_voice_ur_31864767.mp3	دیکھو اونٹ کس کروٹ بیٹھتا ہے ۔	دیکھو عونٹ کسی کروٹ بیڑھتا ہے
common_voice_ur_31985843.mp3	جنید جمشید کی موت حادثاتی تھی۔	چنید جمشیت کی موت خواتھ صاتی تھی
common_voice_ur_31970956.mp3	پونے نے دھونی کو خرید لیا	پھونے نے دھونی کو خریر دیا
common_voice_ur_38430561.mp3	جاں دادۂ ہوائے سر رہ گزار تھا	جا تا تح ہوا ایصر راح گزار تھا
common_voice_ur_31949774.mp3	مجھے بزم دہر سے لے چلے	مجھے بز میں ڈیر سے لی چلے
common_voice_ur_32007900.mp3	سخت سردی تھی اور اندھیرا بھی ۔	سخت صردی تھی اور اندھیراہ بھی
common_voice_ur_32023820.mp3	آفیشل دورہ پر چترال گئے تھے	افیشیل دورے پر سقرال گئے ہے
common_voice_ur_31792275.mp3	راتوں کو لاہور میں بلیک آؤٹ ہوتا۔	راتوں کو لاہور میں بلیک کا اٹھ ہوتا
common_voice_ur_31882797.mp3	آئرلینڈ کے خلاف صرف ایک میچ	آئڈ لینڈ کے خلاف صرفیک میچ
common_voice_ur_32026503.mp3	پنکھے سے بہتر کام کرتی ہے	پنکھے سے بہتر کام برتی ہیں
common_voice_ur_31792564.mp3	بیٹھا رہا اگرچہ اشارے ہوا کیے	بیٹھارہا اگر چا اشارح ہوا کیے
common_voice_ur_31986261.mp3	بے ترتیبی سے پریشان نہیں ہوتا	بھی ترتیبی سے پریشان نہیں ہوتوا
common_voice_ur_31933460.mp3	وہ بیساکھیوں کے سہارے چل رہی ہے۔	وہ بیسا کیوں کے سہارے جل رہی ہے
common_voice_ur_32035407.mp3	صحافت ایک غریب پروفیشن ہوا کرتاتھا۔	صحافت ایک غریب پروفیشن ہوا کرتا تھا
common_voice_ur_31882321.mp3	دوسروں پر جوابی کروائئ کرتا ہوں	دوسرو پرٹ جوابھی کاروائی کرتا ہو
common_voice_ur_31836843.mp3	آسٹریلین سنٹرل ویسٹرن ڈے لائٹ ٹائم	آسٹریلین سنٹرل ویسٹرن ڈے لائٹ ٹائم
common_voice_ur_31836863.mp3	میں میٹرک یا گیارہویں جماعت میں تھا۔	میں میٹیک کیا گیارویں جماعت نہں تھا
common_voice_ur_31343156.mp3	وہ اس وقت تک بینک اکائونٹ	وہ عس وقت تق بینک اکنٹ
common_voice_ur_31343220.mp3	میرے تو رونگٹے کھڑے ہو گئے	میرے تو ڑونکٹے کھڑے ہوگئے
common_voice_ur_32001841.mp3	انگریس کے رکن بھی رہے تھے	انگریس کے روقن بی رہے تھیں
common_voice_ur_32042906.mp3	یہ سوٹ کتنے کا خریدا ہے؟	یہ صور کتنی گہری دئے
common_voice_ur_32005999.mp3	آپ کو موٹر سائکل کب ملی؟	آپ کوم آرٹ سائیکل کرنالی
common_voice_ur_31882049.mp3	اور انتظامیہ ان کی بات مانے؟	اوڑ انتظامیہ ان کی بار خانے
common_voice_ur_31792795.mp3	عرفان خان اور سونالی بیندر ے	ارفان خان اور سنالی بیند رے
common_voice_ur_38499213.mp3	یہ نص عبرانی میں لکھے تھے، آشوری میں نہیں۔	یہ نص ابرانی میں لتھے تھے اشوری میں نہیں
common_voice_ur_32001177.mp3	یہاں بھی معاملہ وزیرستان والا ہے۔	یہاں بھی معاملہ وازیرستان والا ہے
common_voice_ur_31925993.mp3	اور جسم بھی تپ رہا ہے۔	اور جسم پہی تب رہا ہے
common_voice_ur_31824256.mp3	بڑے دل گردے کی بات ہے۔	بڑے دل گردے کی بات ہے
common_voice_ur_31824274.mp3	پرسوں آخری فیصلہ نہیں ہونے جارہا۔	پرسوں اخری فیصلہ نہیں ہونے جا رہا
common_voice_ur_32014674.mp3	اور اشرار بھی پائے جاتے ہیں	اور آشرار بھی پائی جاتے ہیں
common_voice_ur_31792907.mp3	چھٹا مألہ یہ پیدا ہوتا ہے	چھٹا مالا یہ پیدا ہوتا ہے
common_voice_ur_31833619.mp3	مشاہد ہ کرنے کی عادی ہیں	مشائدہ کرنے کی آدی ہیں
common_voice_ur_31930427.mp3	وہ اب سب پہ عیاں ہے۔	وہ اب سب پہ غیاں ایے
common_voice_ur_31930254.mp3	مجھے فلسفیانہ مباحث پسند نہیں ہیں	موجھے فلص فیانہ مباحص پسند نہیں ے
common_voice_ur_31953158.mp3	کام کا نعرہ بہت مقبول ہوا	کام کا عنارا بہت مگبول ہوا
common_voice_ur_31823648.mp3	دوسری درسگاہوں سے فارغ التحصیل ہیں؟	دوسری درس گاؤں سے فاری گال تحسیل ہیں
common_voice_ur_31952683.mp3	ماضی کے تجربات سے سبق سیکھا ہے	ماضی کہ تجرباند سے سبق سیکھا ہے
common_voice_ur_32003993.mp3	عبدالقادر نے گھبراتے ہوئے جواب دیا	اب دلقادر نے گھبراتی ویہ جواب دیا
common_voice_ur_38451623.mp3	تماشا کہ اے محوِ آئینہ داری!	تماش کہ اے مہورے آئینا دھاری
common_voice_ur_32062848.mp3	جامنی رنگ استعمال کیا گیا ہے	شامنیے رنگ استعمال کیا گیا ہے
common_voice_ur_31943614.mp3	دل کا ہر تار لرزش پیہم	دل کا ہود دار لردشقیحن
common_voice_ur_31943810.mp3	آسمان پر پرندے اڑ رہے ہیں	آسوار پیپریگے اوئ رہید
common_voice_ur_38483050.mp3	میرے شاہِ سلیماں جاہ سے نسبت نہیں‘ غالبؔ!	میری شاہیع سلمان جہاں سے نظبت نہیں قالف
common_voice_ur_31823256.mp3	میں اس معاملے پر سوچوں گا	میں اس ماملے پس سوچوں گا
common_voice_ur_31944072.mp3	چاندنی دل دکھاتی رہی رات بھر	چاندید دیت دکھاتی رہہہی رات کر
common_voice_ur_31793361.mp3	جسے سن کر عبدالقادر کی انکھیں	جسے سون کر اب ظول قادر کی آنکھریں
common_voice_ur_31793381.mp3	س کے حلق میں اٹک گئے۔	اس کے خلق میں اٹک گئے
common_voice_ur_32062215.mp3	میں چاکلیٹ کی بڑی شوقین ہوں۔	میں چاکریک کی بڑی شرتین ہوں
common_voice_ur_26756917.mp3	اور پھر برخورداران میاں شہباز شریف۔	اور پھر برخورداران میاں شہباز شریف
common_voice_ur_26704006.mp3	یہ تصوراتی ہے اور اکثر مزاحیہ	یہ تصوراتی ہے اور اکصر مزاحیہ
common_voice_ur_38453144.mp3	تماشا کشور آئینہ میں آئینہ بند آیا	تماشہ کی شور آئینا میں آئی نا بند آہیا
common_voice_ur_31353483.mp3	کیونکہ جتنا ہمارا بازو مروڑنا تھا۔	کیوںنکہ جتنا ہمارا بعضوں مروڑ نہ تھا
common_voice_ur_31819970.mp3	چاٹ مصالحہ بر آمد ہو گیا	چاٹ مسالہ برامد ہو گیا
common_voice_ur_38436401.mp3	آج اسمان میں بہت بادل چھائے ہیں۔	آج آسمان میں بہت بادل چھائے ہیں
common_voice_ur_38431351.mp3	غمِ عشق اگر نہ ہوتا غمِ روزگار ہوتا	غمیں اشک اگر نہ ہوتا غمیں روزگار ہوتا
common_voice_ur_38482842.mp3	پیماں سے ہم گزر گئے‘ پیمانہ چاہیے	پیمان سے ہم گزر گئے پیمانا چاہیے
common_voice_ur_31958519.mp3	اسے بحفاظت زمین پر لایا جاسکے	اسبع عفاضح زمین پر لایا جا سکے
common_voice_ur_38431446.mp3	بہترین علاج تفریح اور سیاحت ہے	بہترین علاش طفری اور سیاست ہے
common_voice_ur_38460130.mp3	دریا زمین کو عرق انفعال ھے	بریا زمین کو ارک انفانل ہے
common_voice_ur_31831786.mp3	نہ دیوتا، خیر وشرکا مجموعہ ہوتا ہے۔	نہ دیوطحیر وہ شرکح مجھ معام ہوتا ہے
common_voice_ur_31831787.mp3	ایک دوست دلچسپ پیرائے میں بتاتے	ایک دوست علچیس پیرائے میں بدا تھے
common_voice_ur_31971830.mp3	ہندوستان نے اپنی روش بدلنی ہے۔	ہندوستان نے اپنی روش بدلنی ہے
common_voice_ur_31889101.mp3	تین روزقبل بے ہوش ہونےو الا بیلجیئن فٹبالر زندگی کی بازی ہارگیا	ٹین روس کبل بے ہوش ہونے والا بیلجین فٹبالر سندگی کی بازی ہار گیا
common_voice_ur_38437415.mp3	جسم و روح کو ستاتی ہوئی	جسم و روح کو سداتی ہوئی
common_voice_ur_31813817.mp3	میرا آدھا دھیان چہروں کی طرف تھا۔	میرا اداہ دیان چیلوںگ ترف تھا
common_voice_ur_38443166.mp3	زندگی پہلے لگتی تھی کتنی حسیں	زندگی پہ لے لگتی تھی کتنی حسیں
common_voice_ur_32022681.mp3	مجھے بہت پسینہ آ رہا ہے	میچھے بوت پسینہ آ رہا ہے
common_voice_ur_32005469.mp3	فلم کی کاسٹ میں ورون دھون	فلم کی قاس میں برن دبن
common_voice_ur_38424986.mp3	مجھ کو دیتا ہے پیامِ وعدۂ دیدارِ دوست	مج کو دیتا ہے پیامیں واعدہ دی دارے دوست
common_voice_ur_31990176.mp3	وزیر اعظم خاندان شریفیہ سے نہیں۔	وزیر اعظم خاندان شریفیہ سے نہیں
common_voice_ur_31890509.mp3	جو فتنہ اورفسادوالوں نے کرنا تھا۔	جو فطانفسواحت والوں نے کڑنا تھا
common_voice_ur_31812905.mp3	جو کئی دھائیوں کو محیط ہے۔	جو کئی دہائیوں کو محیط ہے
common_voice_ur_31970844.mp3	سندھپنجاب میں بلدیاتی انتخابات کاشیڈول اور ضابطہ اخلاق جاری	سنز پنجاب میں بلدیاتین تخوابات کا شڈور اور ضابطہ اخلاق جائی
common_voice_ur_31990418.mp3	سلام میں عدنان آپ کا دوست، پہچانا؟	سلامی عدنان آپ کا دوست پئیچانا
common_voice_ur_31915592.mp3	یہ کس قِسم کا پرندہ ہے؟	یہ کسی کے سمکا پرنداے
common_voice_ur_31929490.mp3	دوبارہ تشکیل شدہ چھٹنی کی ترتیب	دبھارہ تشکیل شداچ شٹمی کی ترتیب
common_voice_ur_31951186.mp3	سناہے احسن اقبال بھی اقامہ دارہیں۔	سنان ایسے نایک بالبیہ کہما دار ہں
common_voice_ur_32027411.mp3	حضرت موسی نے جب بنی اسرائیل	حظد موسہ نے جب بنی اسرائلی
common_voice_ur_31809301.mp3	ایکسپو سینٹر لاہور میں پاک چائنہ زرعی الات کی نمائش	ایکسپو سنٹرل لاہور میں پاک چائنا ضرعی عللات کی نمائش
common_voice_ur_38467219.mp3	کئے ہیں فاش رموز قلندری میں نے	کیے ہے فعش رمونز کےلندڈی مینے
common_voice_ur_31885204.mp3	مغربی ارجنٹینا کا موسم گرما کا وقت	مغربی ارجنٹینا کا موسم گرما کا وقت
common_voice_ur_38441385.mp3	عاشق ہوں پہ معشوق فریبی ہے مرا کام	آشک ہو پیما شخ فریبی ہے میراکام
common_voice_ur_31809449.mp3	قرار دے میںسوچتاہوں کہ ہماری ریاست	کھرار دے میں سوچتا ہوکہ ہماری ریاست
common_voice_ur_31881472.mp3	نہ صرف یہ کہ جمود ہے۔	نہ صرفیے کی جمود ہے
common_voice_ur_38444591.mp3	اب منزلِ گم گشتہ سےکچھ دور نہیں ھوں	اب منز لی گم گشتہ سے کچھ دور نہیں ہوں
common_voice_ur_31809544.mp3	پنکھا گرم ہوا دے رہا ہے	بنکھا گرم ہوات دی رہا ہے
common_voice_ur_31936159.mp3	کھُلی ہوئی تھیں بدن پر رُواں رُواں آنکھیں	کھلی حوئی تھی وزنپر رماہ رما آں کھیں
common_voice_ur_31985433.mp3	صرف اپنی عوام کو کچلنے کیلیے	صرف اپنی عوام کو کچلنے کھی لیے
common_voice_ur_28332785.mp3	حیرت سے پھٹی کی پھٹی رہ گئیں	حیرت سے پھی کی بھٹی رہ گئیں
common_voice_ur_31948749.mp3	دامن نچوڑ دیں تو فرشتے وضو کریں''	دامنل ناچھوڑ دین تو فریشتہ وزوع کرےں
common_voice_ur_31962905.mp3	آذربائیجان اور آرمینیا میں جنگ کے	ازربائجان اور آرمینیا میں جنگ ک
common_voice_ur_31980111.mp3	قیمتی ہینڈ بیگ رکھنے کا شوق تھا۔	کیمتی ہینڈ بیکھ رکھنے کا شوق تھا
common_voice_ur_31889053.mp3	کیا اپ کو فرانسیسی آتی ہے؟	کیا آپ کو فرانس یصی آتی ہے
common_voice_ur_31809709.mp3	یہاں طبی سہولیات بہت مہنگی ہیں	یہاں تپی صحولیات بہت مہنگی ہیں
common_voice_ur_33605884.mp3	یہاں کے خوبصورت مقامات میں شنگریلا، سدپارہ جھیل	یہاں کے خوبصورت مکامات میں شنگریلا سد پارا جیل
common_voice_ur_31964706.mp3	بازیچۂ اطفال ہے دنیا مرے آگے	پا زیچہ اتفال ہے دنیا مری آ گے
common_voice_ur_31932078.mp3	فروخت کی رسیدیں دی جاتی ہیں۔	روف کی رسمٹیں ہلیں جاتی ہیں
common_voice_ur_31957892.mp3	بڑے بڑے لیڈروں کے مخالف ہوتے ہیں۔	بڑے بڑے لی ٹروکے مخالفہوتے ہیں
common_voice_ur_31993745.mp3	دن حدیبیہ میں یہ سمجھانا مقصود تھا	دن ہوطیبیا میں یہ سمجنا مقصور تھا
common_voice_ur_32037618.mp3	کی تردید کرتے ہوئے کہا ہے	کی تردید کرتے ہوئے کہا ہے
common_voice_ur_31956838.mp3	دیگر لیگی چہرے بھی بجھے بجھے تھے۔	نگر لیکن سہرے بھی بھچے بچے تھے
common_voice_ur_31846527.mp3	جب دل چاھے گا ، ٹنٹوا دبا دے گا	ججب دل چاہے گٹنڈ ٹواب جباہ دیے گا
common_voice_ur_38432414.mp3	جہاں تمام ہے میراث مرد مومن کی	جہاں تمام ہے میراس مد مومن کیں
common_voice_ur_38413713.mp3	یہ خرابیاں اگرچہ بہت سی ہیں	یہ خرابیہ اگرچا بہست سی ہیں
common_voice_ur_31841567.mp3	سر فہرست عبداللہ ابن ابی تھا	سرے خہرص اب دللہ اب نے ابھی اتھا
common_voice_ur_38470801.mp3	در حقیقت وہ دبلا پتلا آدمی تھا۔	در حقیقت وہ دبلا پتلا عدمی تھا
common_voice_ur_32039250.mp3	جنوبی جارجیا اور جنوبی سینڈوچ جزائر	جنوبی جاریجا اور جنوبی سینڈویچ ٹزائر
common_voice_ur_31791273.mp3	معصوم جانوں کا یا پھرحرمت دین کا؟	معسوم جانوں کا یا پھر حرمد تین گا
common_voice_ur_32009961.mp3	جا کر داد رسی چاہی	جا قیلداد رسی چاہے
common_voice_ur_31934173.mp3	صرف اکڑ خان نہیں تھے۔	صرف اقڑ خان نہیں تھے
common_voice_ur_31984994.mp3	مسلمانوں میں غم وغصہ ہے	مسلمانوں می غامعحتا
common_voice_ur_31841443.mp3	گھبرائیے مت آرام سے بیٹھیئے	گھبراعیے مت آرامب سے بیٹھیے
common_voice_ur_31957411.mp3	پِیٹھ پیچھے بات مت کرو	پیرٹ پیچھے بات مت کرو
common_voice_ur_31948770.mp3	احد چیمہ کو ہی لیجئیے۔	احد چیماہ کو ہی لی جئےں
common_voice_ur_31928652.mp3	کیا بیکار کی بات ہے۔	کیا بیکال کی بات ہے
common_voice_ur_31800844.mp3	شب بخیر. کل ملیں گے	شب بخیر کل ملیں گے
common_voice_ur_31951291.mp3	درخت مزے میں مست جھوم رہا ہے	درخت مزے میں مست جھوم رہا ہے
common_voice_ur_31948181.mp3	بام مینا سے ماہتاب اترے	باممینا سے متمحطعب اطرے
common_voice_ur_32030173.mp3	انتہائی شاندار اوپننگ لی ہے۔	انتہائی شاندار اوپنینگ لی ہے
common_voice_ur_31841183.mp3	باقائدہ اجازت نہ لے لیں	باکھاعیدا اچاصت نہ لیے لیں
common_voice_ur_31855968.mp3	اوران کی بے پناہ دولت۔	اورن گی بیپنا دولت
common_voice_ur_32002819.mp3	میرے جوتے پالش کروا دیجئے	میرے جوتے پارش رواجی جئے
common_voice_ur_32053670.mp3	شعوری کوشش کااحساس نہیں ہوتا	شعوری کوشش کا احساس نہیں ہوتا
common_voice_ur_31833705.mp3	الحمرا میں معروف سرائیکی صحافی	الحمرا میں معروف سرائیکی صحافی
common_voice_ur_38410276.mp3	سفینہ چاہیے اس بحر بیکراں کے لیے	سفینہ چاہئے اس بحر بیکراں کی لئے ے
common_voice_ur_31841118.mp3	وولبر بچے کچھ بچے وولبر ہوتے ہیں۔	والبر پچھے کچھ بچے والبر ہوتے ہیں
common_voice_ur_31954125.mp3	اگر ساون آن پہنچا ہے۔	اگر ساون آں پوچا ہے
common_voice_ur_31833799.mp3	بس انہیں دبائے رکھو، ڈھانپے رکھو۔	بس ونے دبائے رکھجہاں پے رکھو
common_voice_ur_31829275.mp3	چولہے ایسے ہی ہوتے ہوں	چولہ ایسے ہی ہوتے ہیں
common_voice_ur_31904696.mp3	بویا جائے گا، وہاں کاٹا جائے گا۔	بویا جائے گاپ وہاں کٹا جائے گا
common_voice_ur_31995037.mp3	میں نے خالی جگہ کھینچی	میںنے خوالی جگا کھی تھی
common_voice_ur_31994872.mp3	کیا ہم یہ مانیں گے؟	کیا ہم یہ مانیں گے
common_voice_ur_31941884.mp3	تو ترے حضور میں آرہوں	تو تیرے حضور میں آرح ہوں
common_voice_ur_31942229.mp3	کوئی وعدہ کوئی اقرار مسیحائی کا	کوئی ویعدہ کوئی اقرار مصی ہائی کا
common_voice_ur_31946577.mp3	میرے پاس ایک بلی ہے	میرے پاس ایک بللی ہے
common_voice_ur_31915022.mp3	مضبوط اور پختہ ہوجاتا ہے	مزبوت اور پختا ہو جاتا ہے
common_voice_ur_31772328.mp3	ادھر پاکستان میں حالیہ برسوں میں	ادحر پاکستان میں حالیا برص ہے
common_voice_ur_32000504.mp3	چس ہم خرید کر تھے	چسم خریچ کرتھے
common_voice_ur_31987325.mp3	ان کا ہرگز نہ تھا۔	ان کا ہرگزنہ تھا
common_voice_ur_31939157.mp3	میری خاموشیوں میں لرزاں ہے	میری خاموشیوں میں لرزاں ہے
common_voice_ur_31999340.mp3	اس میں اپنا حصہ ڈالیں۔	اس میں اپناحصہ ڈالے
common_voice_ur_31966948.mp3	کر کے دولتمند بن گئے	کر کہ دولت مند بن گے
common_voice_ur_31925633.mp3	اتنے طالب علم کھائیں گے۔	اتنے تالبے عل کھئیں گے
common_voice_ur_32017522.mp3	بس کا تیز ہارن بجا	بس کتیون بس
common_voice_ur_32056533.mp3	چہر ہ مسخ ہونے میں۔	چہرا مسک ہونے میں
common_voice_ur_32003056.mp3	سوئی ایک جگہ پھنسی ہے۔	صویر جکاپھسی ہیے
common_voice_ur_31889668.mp3	وہ بال سنوار رہی ہے	وہ بال سنوار رکھی ہے
common_voice_ur_32040407.mp3	کھانوں کے لیے مشہور ہیں	کھانوں کے لیے مشہور ہے
common_voice_ur_31882096.mp3	ایک مسلک کے علماء ہوں۔	ایک مسلگ ٹھے علنوا ہو
common_voice_ur_32003431.mp3	ہہنیاں سرور سے جھومتی چلی جاتیں	ہینیا شرور سے جھومتی چلی جاتیں
common_voice_ur_32012361.mp3	دو مہینے پہلے راہداری میں	ڈو معین کنڈے راد عری میں
common_voice_ur_32003321.mp3	جس کے آفیسر شرابی ہوں	جس کے آف سے شرابیؤ
common_voice_ur_32000847.mp3	والی فلم ’سوئی دھاگہ‘ ہے۔	والی فلم صوئی دھاگا ہے
common_voice_ur_31978677.mp3	زمین پر بچھے ہوئے تھے۔	زمین پر بچھے ہوئے تھے
common_voice_ur_31830159.mp3	عقلمند کو اشارہ ہی کافی	کلمان کوئی شارہ ہی کافی
common_voice_ur_32000714.mp3	مہربانی کر کے پیسے گن لیجئے	جربانی کری کہ پیسے گی لیزیں
common_voice_ur_38480725.mp3	غبار راہ کو بخشا فروغ وادی سینا	غبار راح کو بق شاف ر وغبادی یہ سینا
common_voice_ur_32007340.mp3	اساسی-سٹروک کی چھٹنی کی ترتیب	عساسی ا س ٹروک کی چھٹنی کی ترتیب
common_voice_ur_31793207.mp3	اس سے چمٹے رہتا ہے۔	اس سے چھمپٹی رہتا ہے
common_voice_ur_38428174.mp3	دو آنسو ٹوٹ گرتے ہیں	دو آنصو ٹوٹ گرتے ہیں
common_voice_ur_32062444.mp3	مٹی کے تیل سے خش	مٹی کے تیل سے فش
common_voice_ur_31849196.mp3	ٹام ناشتہ پکھا رہا ہے۔	ٹام ناشتہ پقا رہا ہے
common_voice_ur_31917189.mp3	تولیگی حلقے شدید دباؤ کا شکارہیں۔	تولیگی حق کہ شدید دباؤ کا شکار ہیں
common_voice_ur_31992841.mp3	پہلے جنون چڑ ھا تھا۔	پہلے جنون شڑحط ہے
common_voice_ur_31834403.mp3	درستی کا یہ عالم ہے۔	درستی کا یہ آلم ہے
common_voice_ur_31916579.mp3	اس ملک کے نارمل حالات۔	اس ملک کے نارمال حالات
common_voice_ur_31969751.mp3	گلگت بلتستان الیکشن کون جیتےگا	گلکب بندیف کا انڈ الیکشن کونچیکے گا
common_voice_ur_31956939.mp3	نو نقد نہ تیرہ ادھار	نو نقد نا تیرا عدھار
common_voice_ur_31832495.mp3	ازوریس کا موسم گرما کا وقت	ازورس کا ماسم گرم کا وقت
common_voice_ur_31987278.mp3	یہ جم خانہ کلب تھا۔	یہ جیم خاننہ کلب تھا
common_voice_ur_38468763.mp3	ادھورے جسم لکھتی ہوں خمیدہ سر بناتی ہوں	ادہورے جس لکھتی ہوں خمیدا سر بناتی ہوں
common_voice_ur_31979976.mp3	میں کبھی خانیوال نہیں گیا	میں کپھی خھانے وال نہیں گیا
common_voice_ur_31890145.mp3	شعیب منصور پاکستانی فلم انڈسٹری	شعیب من صور پاکستانی فلم انڈسٹری
common_voice_ur_31977475.mp3	مزید بتوں نے گرنا ہے۔	مزید بتوں نے گرنا ہے
common_voice_ur_32006165.mp3	تو چہل پہل ہو۔	تو چہل پہل کو
common_voice_ur_32059449.mp3	والدین کو آگاہ کیا	وال دین کو آگال کیا
common_voice_ur_31970966.mp3	جو سائیکلوں پہ تھے۔	جو سایقلوں پہ تھے
common_voice_ur_31854794.mp3	واٹس ایپ کا متعد	اورٹ سے حب کا مطاج
common_voice_ur_31863946.mp3	کافی مماثلت لگتی ہے۔	کافی مماصلت لگتی ہے
common_voice_ur_31952060.mp3	لیکن اس کو چھوڑئیے۔	لیقن اس کو چھوڑیے
common_voice_ur_31999703.mp3	تو سہگل صاحب کی۔	تو سحگل ساحاب کی
common_voice_ur_31893625.mp3	تو پھر کیابنے گا؟	تو پھر کیا بنے گا
common_voice_ur_31988251.mp3	ریلیز نہیں ہوسکی ہیں۔	رلیز نہیں ہو سکی ہے
common_voice_ur_31957374.mp3	یہ مقدر نہیں بدلتی	یہ مقدر نہیں بدلتی
common_voice_ur_32012433.mp3	ریاضیاتی پیمانے سے ہی	ریاضیاتی پیمانے سے ہی
common_voice_ur_41153962.mp3	مجهے مٹھائی پسند ہے	مجھے مٹھائی پسند ہے
common_voice_ur_31890921.mp3	لاک ڈاؤن کے دورا	لاگ ڈاؤن کہ دورا
common_voice_ur_32039036.mp3	ارشد نے لاک ڈاؤن	ارشد نے لاگ ڈان
common_voice_ur_31866754.mp3	ورلڈ کپ فکسڈ نہی	ورڈ کپ فکس نہیں
common_voice_ur_32056642.mp3	راکٹ لیب کا نیوز	پراکر لیب کوا نیوز
common_voice_ur_31931309.mp3	اٹلانٹک ڈے لائٹ ٹائم	اٹلانٹک ڈے لائٹ ٹائم
common_voice_ur_31809334.mp3	ایک اور کھیپ سہی۔	ایک اور کھیپ سہی
common_voice_ur_31809363.mp3	نیب میں پیشیاں تھیں۔	نیب میں پیش یاں تھیں
common_voice_ur_31900949.mp3	تو اپنی بربادیوں سے۔	توہ اپنی بھر بادیوں سے
common_voice_ur_31917591.mp3	یہ بیک گراؤنڈ ہے۔	یہ باک رنڈ ہے
common_voice_ur_31953890.mp3	سال میں پہلی دفع	سال نے پہلی دفا
common_voice_ur_31989559.mp3	اورہم کہاں جارہے ہیں؟	پر ہمقاہوت جا رہے ہے
common_voice_ur_32011724.mp3	میری بلی، مجھے میاؤں میاؤں۔۔	میری بھلی مجھے میائؤوں میاں ہوں
common_voice_ur_31990475.mp3	روز اخبار کھولتا ہوں۔	روز اقبار کھولتا ہوں
common_voice_ur_31976026.mp3	عام فوجی نمازی ہو	عام فوجھی نمازی ہو
common_voice_ur_31991083.mp3	مرغی اور انڈے کی	مرغی ا انڈے کی
common_voice_ur_31825531.mp3	کیسے کما لیتے ہیں؟	کیسے کام لیتے ہیں
common_voice_ur_31911689.mp3	یہ راستہ سنسان ہے	یہ راسطح سانسان ہے
common_voice_ur_32040754.mp3	مساج پارلر ویران ہوں۔	مساجھ پارلار فران ہوں
common_voice_ur_31812752.mp3	سوچیں بہت محنت کی	سوچی بہت مہنت کی
common_voice_ur_31957118.mp3	کچھ جامعات البتہ ہیں۔	کچھ جرمات علبگتا ہہے
common_voice_ur_32010954.mp3	لیکن ایساکچھ نہ ہوا۔	یکن ایساک کچھ نہ ہوا
common_voice_ur_31932041.mp3	اسلم کیا کرتا ہے	اتنام کیا کرتا ہے
common_voice_ur_31955623.mp3	اورجو حکمران طبقہ ہے۔	اور جوب خکمرال ٹبکا ہے
common_voice_ur_31960330.mp3	اسے پرے کرنا چاہیے۔	اسے پرے کرنا چہیے
common_voice_ur_31833988.mp3	امریکہ نے ٹک ٹوک	امریکہ نے ٹک ٹوک
common_voice_ur_31832176.mp3	فیس بک فلم تھیٹر	پھیس بک فلم کھیٹر
common_voice_ur_31989768.mp3	یہاں عجیب مخمصہ ہے۔	یہاں عجیب مخامصہ ہے
common_voice_ur_31957897.mp3	گاہ جلتی ہوئی گاہ بجھتی ہوئی	گار جلتی ہوئی گہد بجتی ہوئی
common_voice_ur_31974434.mp3	وقت کا ضیاع ہوا۔	وقت کا زیا ہوا
common_voice_ur_31953798.mp3	آعوام کے لئے بڑی	اوام کےلیے بڑی
common_voice_ur_31974061.mp3	شرٹ سیدھی طرح پہنو	شرٹ سیڈی دراپینو
common_voice_ur_31916300.mp3	ممکنات کا ڈھیر ہے۔	ممکہ نہت ک ڈھیر ہے
common_voice_ur_38431334.mp3	ہاہاہاہا آپ اچھا ہے	حاحہ آپ اچھا ہے
common_voice_ur_31950852.mp3	میں صبح جلدی اٹھتاہوں	میں چبح جنڈی وڑتا ہوں
common_voice_ur_32002954.mp3	یہ عجیب ماجرا ہے۔	یہ عجیب معجرہ ہے
common_voice_ur_31814920.mp3	کمالہ خان عرف مس	کمالا خان اورخنیسیے
common_voice_ur_32020548.mp3	سونم کپور نے اسل	فنم کوو نے آس
common_voice_ur_31793509.mp3	رات وہاں گزاریں گے	رات وہاں گزاریں گے
common_voice_ur_31849027.mp3	انی سے چلنے وال	انی صہ چیرنے والی
common_voice_ur_32016432.mp3	تو پھرکیا گزرے گی؟	و پھر کیا گظرے گے
common_voice_ur_31902398.mp3	کالی مرچ کے نقصا	کالی مرش ترین نکسا
common_voice_ur_38438053.mp3	پیاسے سکونِ قلب کو میخانے نہ آئیں؟	پیاچے صقعنے کلپ کو مہانے نہ آئیں
common_voice_ur_31964209.mp3	جعلی ڈگری پر بھا	چالیے ڈیکرین پر بھا
common_voice_ur_32067834.mp3	لمبی تان کر اُٹھی	کنمبیتان کرٹھی
common_voice_ur_31823617.mp3	یہ گھاٹے کا سودا ہے۔	یہ گھاٹے کا سودہ ہے
common_voice_ur_31967284.mp3	پاکستان میں اسما	پاکستان می اسما
common_voice_ur_31985736.mp3	عداوت جو تھی۔	اداوت جو تھی
common_voice_ur_31937988.mp3	فعالیت صفر ہے۔	فآالیت فخر ہے
common_voice_ur_31802322.mp3	ریزگاری رکھ لیجئے	ریزگواری رکھ لی جئے
common_voice_ur_31937986.mp3	پاکستانی ہیئر ای	پاکستانی ہیر آائی
common_voice_ur_32058127.mp3	ایس فور جی لائسن	ایس فور جی لائسن
common_voice_ur_31949884.mp3	!کیا مصیبت ہے	کیا مشقت ہہے
common_voice_ur_31983064.mp3	میر ابستر لگادو	میرا ب استیڈ لگادو
common_voice_ur_31837115.mp3	چھلاوہ کی اداکار	چللہ وہ کی اداکار
common_voice_ur_31837161.mp3	یہاں معیوب ہیں۔	یا مائییوب ہیں
common_voice_ur_32014429.mp3	پاکستانی ٹک ٹاکر	پاکستاناٹکٹوک
common_voice_ur_32027875.mp3	زلف ایاز میں۔	ضولفر یاز نہیں
common_voice_ur_32030967.mp3	اسے سراہنا چاہیے۔	اسسے سراحنہ جنگے
common_voice_ur_32037047.mp3	معمول کی چھانٹی	معامول کی چھانٹی
common_voice_ur_31091819.mp3	سباب متنوع ہیں۔	سباب متن عموی ہے
common_voice_ur_31895936.mp3	لاطینی امریکی ہسپانوی	لاتینی امریکی حسپانوی
common_voice_ur_31792793.mp3	اورپھر وہ آگئے۔	اور ٹھر وہ آ گئے
common_voice_ur_31953244.mp3	بے وقوف نہیں۔	بے وقوف نہیں
common_voice_ur_32068036.mp3	لیڈران ملت تھے۔	لیٹان میلت تھے
common_voice_ur_31923446.mp3	جائز ٹھہرایا جاسکتاہے؟‘	جائ س ٹھیرایا جا سکتا ہے
common_voice_ur_31823680.mp3	توچاردیواری کے اندر۔	تو چاردیواری کہ اندر
common_voice_ur_31929800.mp3	تو کیوبا کو۔	تو کیوبا کو
common_voice_ur_31849193.mp3	پیسے آفر ہوئے۔	پیسے آفر ہوئے
common_voice_ur_31848864.mp3	کشمش کے باقاعدہ	کشمن کے بپائے دا
common_voice_ur_31823268.mp3	بس جالب تھے۔	ویست جادک تھے
common_voice_ur_27029000.mp3	دردانہ انصاری کا	دردانہ انصاری کا
common_voice_ur_26704003.mp3	‘نے دوچیزیں کیں۔	نے دوچیزیں کیں
common_voice_ur_31958428.mp3	لوگ چل کرگئےاورمرکرآئے	لوگ چل کر گئے اوہ مر کر آئیے
common_voice_ur_31832567.mp3	سٹاک مارکیٹ میں	شٹاک مرکٹ میں
common_voice_ur_31353585.mp3	ابوظہبی کی مبادل	ابہو زحبی کی مبادل
common_voice_ur_31915914.mp3	کلاسیکی سکالر تھا۔	لاسکی س کالڑ تھا
common_voice_ur_31987605.mp3	میں ٹینشن میں ہوں	ویٹینشن میں ہوں
common_voice_ur_31813118.mp3	بہارتی وومن ٹیم	باتی ویمنٹیں
common_voice_ur_31975272.mp3	ملیریا کے اسباب	ملیریا کے اضپاپ
common_voice_ur_31959720.mp3	اورغلطی پر ہیں۔	آر گلتی پڑ ہیں
common_voice_ur_32018216.mp3	نہ ملاح ہے۔	نام ملا ہے
common_voice_ur_31973714.mp3	سخت کنفیوزڈ ہیں۔	سخت کنخیوس جے
common_voice_ur_31973601.mp3	تھوڑا بولو سچ بولو۔	تھوڑا بولو سرچبوڑے
common_voice_ur_31954362.mp3	کوٹ ڈی آئیوری	کور ڈہی ائی اوری
common_voice_ur_31809473.mp3	اورکیا ہونی چاہیے۔	اور کیا ہونی چاہیے
common_voice_ur_31934723.mp3	تصویر نہ کھنچوان	تسویر نہ کھیںجوان
common_voice_ur_32036735.mp3	ماری لمبی ہے۔	ہوری لنبین ے
common_voice_ur_31901353.mp3	پاکستان میں آن	پاکستان میں آن
common_voice_ur_31927814.mp3	بھوٹان کا وقت	بھوٹان کا وقت
common_voice_ur_31979675.mp3	ووڈا فون آئیڈیا	وڈف ونائیڈیا
common_voice_ur_31921724.mp3	ریلائنس نے تاریخ	ایلائنس نے تاریی
common_voice_ur_31981559.mp3	احمق مت بنو	اہمق بتولوں
common_voice_ur_32011051.mp3	طیارہ ساز کمپنی	کیارا ساس ہنپلیں
common_voice_ur_31841070.mp3	مٹھائیاں غائب ہوئیں۔	مٹھائیاں غائب ہوئیں
common_voice_ur_31933003.mp3	انسٹاگرام استعما	انسشا گرام استعما
common_voice_ur_31898743.mp3	مغربی بلوچی	مکر بھی بھلوچی
common_voice_ur_31792323.mp3	''انٹرنیشنل بریگیڈ‘‘۔	انٹرنایش نال بریکیڈ
common_voice_ur_32020371.mp3	فرینچ گیانا	فرینچ کیانں
common_voice_ur_31863749.mp3	پردہ اٹھادو	پیدا اٹھا دو
common_voice_ur_32067023.mp3	کوسٹا ریکا	کروسٹاریکا
common_voice_ur_31823447.mp3	جاپانی سیلابریز	جاپانی سے الابریز
common_voice_ur_32007032.mp3	کراچے بالکر	کراچھے بال کر
common_voice_ur_31812773.mp3	جزائر فارو	جزایدفارقو
common_voice_ur_31970558.mp3	ایکواڈور	ایکیوبادر
common_voice_ur_31951475.mp3	بریٹن	ابرٹن
common_voice_ur_31951990.mp3	کیمین آئلینڈز	کیمن آئیلنڈز
common_voice_ur_32055473.mp3	کمبوڈیا	کابوڈیا
common_voice_ur_32028762.mp3	چینّے	چینں
common_voice_ur_31878381.mp3	لاؤس	راؤس
common_voice_ur_31863875.mp3	ہالیگینون	الی گننں
common_voice_ur_31998482.mp3	اوادھی	اوعدی
common_voice_ur_32038451.mp3	بافيا	بافیا
common_voice_ur_31928425.mp3	تیلگو	طیلگو
common_voice_ur_31918054.mp3	چیچن	کیچن
common_voice_ur_31901340.mp3	گجراتی	کجراتی
common_voice_ur_31969648.mp3	گریناڈا	گرینڈا
common_voice_ur_31901025.mp3	آسٹریا	آسٹریا
common_voice_ur_31987331.mp3	کٹاکانا	کٹاقانا
common_voice_ur_31809597.mp3	ہسپانیہ	حسمانیا
common_voice_ur_31846394.mp3	گیبون	گیبووں
common_voice_ur_32048475.mp3	بلغاریہ	بلگغواریا
common_voice_ur_32053370.mp3	جرسی	جرسی
common_voice_ur_31954258.mp3	ہونڈاروس	اولاروس
common_voice_ur_32012262.mp3	بیلجیم	ارجین
common_voice_ur_31906194.mp3	ایتھوپیا	اچتھی یوپ بیا
common_voice_ur_32015924.mp3	ہیٹی	ایٹی
common_voice_ur_31946804.mp3	برونائی	برونائی
common_voice_ur_32003437.mp3	تائتا	تاتا
common_voice_ur_31952708.mp3	کریبیائی	کریبییائی
common_voice_ur_31829870.mp3	تمل	تمل
common_voice_ur_32008171.mp3	کنوری	کواری
common_voice_ur_32004244.mp3	گیمبیا	گینبیا
common_voice_ur_31976721.mp3	انڈونیثیائی	ان ڈو نی سیائی
common_voice_ur_31849114.mp3	گوئرنسی	کورنتی
common_voice_ur_31935653.mp3	ہوسکتا ہے کہ آپ کو اپنے انسٹاگرام نیوزفیڈ پہلے سے بہتر لگ رہا ہو یا بہت جلد وہ کچھ بہتر نظر آنے لگے گا	ہوس سکتا ہے کہ آپ کو اپنے انسٹرکریم نیوس فیٹ پہلے سے بہتر لگ رہا ہو یا بہت جلد وہ کچھ بہتر نضرانے للیے
common_voice_ur_31970803.mp3	ہوسکتا ہے کہ آپ کو اپنے انسٹاگرام نیوزفیڈ پہلے سے بہتر لگ رہا ہو یا بہت جلد وہ کچھ بہتر نظر آنے لگے گا	ہو سکتا ہے کہ آپ کو اپنے انسٹگرام نیوسفیڈ پیلس بیطر لاگ رہا ہو یا بہت جلت وہ کچھ بیطر نظر آنے لگے گا
common_voice_ur_31916416.mp3	آنے والے عالمی کپ میں کپتان کی تبدیلی کے حوالے سے ایک سوال پر رمیز راجہ نے کہا کہ یہ ناگزیر معاملہ ہے	عنے والے آرہی پمیں کپتان کھی تبدیلی کے خوالے سے ایک صوارل پی ڑھمی ز ھ آجانے کہا کی نا گزر معاملہ ہے
common_voice_ur_31834008.mp3	ان تمام اقدامات کا مقصد صارفین کو ونڈوز ایکس پی سے نئے آپریٹنگ سسٹم پر اپ گریڈ ہونے میں مدد فراہم کرنا ہے	ان تمام اقتطامات کا مقصد صارفین کو ونڈوس ایکس پی سے نائی آپریٹنگ سسٹم پر اپ گریٹ ہونے میں مدد فراہم کرنا ہے
common_voice_ur_31978020.mp3	ان تمام اقدامات کا مقصد صارفین کو ونڈوز ایکس پی سے نئے آپریٹنگ سسٹم پر اپ گریڈ ہونے میں مدد فراہم کرنا ہے	ان تمام اقدامات کا مکصھہر صاریفین کو ونڈو ایکسپی سے نئے اپریٹنگ سسٹیم پر ابگریٹ ہونے میں ممعدد فراحم کرنا ہے
common_voice_ur_38417090.mp3	جب تم دنیا کی مفلسی سے تنگ آجاﺅ اور رزق کا کوئی راستہ نہ نکلے تو صدقہ دے کر اللہ سے تجارت کیا کرو	جب تم دنیا کی مفلصی سے تنگ آج او اور ریضک  کئی راستہ نا نکلی تستدکاہ دیکر اللہ  سے تجارد کیا کرو
common_voice_ur_31951803.mp3	آنے والے عالمی کپ میں کپتان کی تبدیلی کے حوالے سے ایک سوال پر رمیز راجہ نے کہا کہ یہ ناگزیر معاملہ ہے	عنے والے آلمی کپ مہیں کمپتان کی تبدیلیگے والے سے ایک سوائل پئ رنیز راجانے کہار کے یہ ناغزیر ماملہ ہے
common_voice_ur_31849543.mp3	ہوسکتا ہے کہ آپ کو اپنے انسٹاگرام نیوزفیڈ پہلے سے بہتر لگ رہا ہو یا بہت جلد وہ کچھ بہتر نظر آنے لگے گا	کور سبٹہا ہے کیآپ کو اپنی اسسحکرام نیوس پیک پہلے سے بیٹر لگرا ہ کیا بہت چلد وہ کچھ بیٹر نظر آنے لگکےا
common_voice_ur_31951090.mp3	لیکن توانائی کے متبادل ذرائع ملنے اور انتھک محنت سے تلاش کرنے کی وجہ سے دن بدن تیل کی ضرورت کم ہوتی جارہی ھے	لیکن اوی نائیکم بتبادل صرائ ملنے اور عنتک مینت سے تلاش کرنیکی وصصے دنمن تیر کی صرورت کم کھوتی ضاری ہے
common_voice_ur_38459497.mp3	چلو کوئی بات نہیں کبھی وہ دن بھی اللہ لائے گا جب ہم رمضان اور عید دونوں وہیں کریں گے جلدی آئے	چللو کوئی بات نہیں کبھی وہ دن بھی اللہ لاہے گا جب ہم رمضان اور ایک دونوں وہی کریں گی جل دیاے
common_voice_ur_31986431.mp3	اس کا نتیجہ یہ نکلا ہے کہ اس لفظ کا رائے یا نقطۂ نظر کے مفہوم میں استعمال کم و بیش متروک ہو گیا ہے	اس کا نتیجہ ی نکلہ ہے کہ اس لفص کا رائے یا نقطع نظر کہ مخوم  استعمال کم او بیش مطروق ہو گیا ہے
common_voice_ur_38492516.mp3	چلو کوئی بات نہیں کبھی وہ دن بھی اللہ لائے گا جب ہم رمضان اور عید دونوں وہیں کریں گے جلدی آئے	چلو کوئی باطنی کبھی وہ دن بھی علال ائے گا جب ہم رمزان اورعی دونو وہیں کریں گے جلدی ائے
common_voice_ur_31823091.mp3	لیکن توانائی کے متبادل ذرائع ملنے اور انتھک محنت سے تلاش کرنے کی وجہ سے دن بدن تیل کی ضرورت کم ہوتی جارہی ھے	لیکن طوانائی کے مطباحدل ضرائ ملنے اور انتھک مہنت سیح تلاش کرنے کی وجہ سے تنگ پدن طیل کی ضروت کم ہوٹی جا رہی ہے
common_voice_ur_38475648.mp3	چلو کوئی بات نہیں کبھی وہ دن بھی اللہ لائے گا جب ہم رمضان اور عید دونوں وہیں کریں گے جلدی آئے	چل و کوئی بات نئی کبھی وہ دن بھی لے ل آئے گا جب ہم رمزان اور ایک دونوں وہیں کریں گے جلدیا ے
common_voice_ur_31866646.mp3	لیکن توانائی کے متبادل ذرائع ملنے اور انتھک محنت سے تلاش کرنے کی وجہ سے دن بدن تیل کی ضرورت کم ہوتی جارہی ھے	لیکن توانائی کے متبادل صرائے ملنے اور آنتھق معینت سے تلاش کرنے کی وجہ سے دن بدن تیل کی زرورت کم ہوتی جا رہی ہے
common_voice_ur_32000065.mp3	مگر ان جوانوں کی شہادت کو کسی نے یاد نہیں کیا جو پچھلے بارہ سال سے دہشت گردی کی جنگ میں شہید ہوئے	مگر ان جوانوں کی شہادت کو کسی نے یاد نہیں کیا چ پچھلے باراں ساقھ سے تیشدقرتیکی جنگ میں شہید ہوئے
common_voice_ur_31813939.mp3	اس کا نتیجہ یہ نکلا ہے کہ اس لفظ کا رائے یا نقطۂ نظر کے مفہوم میں استعمال کم و بیش متروک ہو گیا ہے	اس کان تجہ یہ نکلا ہے کہ اس لپز کہ رائے یا نقتع نظر کے مفوم میں استعمال کم و بیش مطروق ہو گیا ہے
common_voice_ur_31837014.mp3	مائیکروسافٹ کارپوریشن نے کہنا ہونا کہ وُہ اپنا تازہ ترین کنسول کو نومبر میں کِسی وقت فروخت کا لینا پیش کرنا گانا	مائیکرساف اارپوریشن نے کہنا ہونا کہ وہ اپنا تعظ ترین کنسول کول نومبر می کسی وقت خروق کا لینا پیش کرنا گانا
common_voice_ur_31916651.mp3	تاہم اس میں بہت سے نئے فیچرزاور ایپلی کیشنز کو شامل کرنے کے ساتھ ساتھ موجودہ ورژن کی خامیوں کو بھی دور کیا گیا ہے	رہم اس میں بہت سے نئے فیچر ار ایپلکیشنز کو شامل کرنے کے ساتھ ساتھ موجودہورشن کی خامیع کو بھی دھور کیا گیا ہے
common_voice_ur_31793965.mp3	اس مدد کیلئے زلزلہ یا سیلاب کا متاثر ہونا ضروری نہیں ھے اور نہ ہی لائن میں لگ کر ڈانڈے کھانے کی ضرورت ھے	اس مدد کے لیے ضلصلہ یا صعلاف کا مطاصر ہونا ضروری نہیں ہے اور ناہی لائن میں لق کر ڈانڈے کھانے کی ضرورت ہے
common_voice_ur_31967350.mp3	بنگلہ دیش کی عدالتِ عالیہ نے طلاق کے ایک مقدمے کا فیصلہ کرتے ہوئے علما کے فتووں کو غیر قانونی قرار دیا ہے	بنگلہ دیش کی عدالد علیاں نے تاتلاب کے ایک مقدمے کا فیصلہ کرتے ہوئے علما کی فطونں کو غیر قانونی قرار دیا ہے
common_voice_ur_31809572.mp3	کہ اللہ تعالیٰ کی طرف سے سیدھی راہ پر لگانے کے ساتھ ساتھ گمراہ کرنے کا بندوبست بھی کیا گیا ہے	کہ اللہ تعلا کی طرف سے سیٹی رح پر لگنے کے سات ست گھمراہ کرنے کا بندوبست بی کیا گیا ہے
common_voice_ur_31889833.mp3	ٹیکساس جولائی ایجنسی ماہرین نے انکشاف کیا ہے کہ آم کو جسمانی موٹاپے میں کمی کرنے والا بہترین پھل قرار دیا گیا ہے	ٹیکساس چلائی ایجنسی ماہیرین ی انک شافیہ ہے کہ آم کو جسمانی مٹاپح میں کمی کرنے والا بیتھرین کھل کرا دیا گیا ہے
common_voice_ur_32026861.mp3	اچھے مستقبل کی خاطر ہم اور بہت سے لوگ محض اپنا وطن اپنی جان سے پیا را پاکستان چھوڑ آئے ہیں	اچھے مستقبل کی خاترہم اور بہت سے لوگ میں زپناواطن اپنی جان سی پیارا پاکستان چھوڑ ائےیں
common_voice_ur_31957529.mp3	ساتھ یہ جھوٹ بھی بولا ہے کہ فوج کا ایک بھی سپاہی بلوچستان میں نہیں لڑ رہا بلکہ فوجی بیرکوں میں بیٹھے ہیں	سات یہ چھوٹ پی بھولا ہے کہ فوج کا ایک کس پاہی بلوچستان مںنہیں لرڑہا بلکہے فوج بیرکوں میں بیٹھے ہیں
common_voice_ur_31916011.mp3	مائیکروسافٹ سکیوریٹی ایزنشل کی اپ ڈیٹس ونڈوز ایکس پی کی سپورٹ ختم ہونے کے ایک سال بعد تک ملتی رہیں گی	مائیکروسافٹ سکیوریٹی اسنیشنل کھی ابٹیٹس ونڈوز ایکسپی کس سپورٹ ختم ہونے کیلئے ایک سال واتک ملٹی رہیں گی
common_voice_ur_31823588.mp3	مائیکروسافٹ سکیوریٹی ایزنشل کی اپ ڈیٹس ونڈوز ایکس پی کی سپورٹ ختم ہونے کے ایک سال بعد تک ملتی رہیں گی	مائیکرسافٹ سکورٹی ایسنشلز کی اپریٹس ونڈو ایکس پی کی سپوٹ ختم ہونے کے ایک سالباد تک ملتی رہیں گی
common_voice_ur_31793938.mp3	کسی عالمِ دین یا کسی اور غیر مجاز فرد کی طرف سے اس کام کو انجام دینے کی کوشش سراسر تجاوز ہے	کسی علم اچدین یا کسی اور غیر مجاس فرط کی طرف سے اس کام کو انجام دینے کی کوشش صرح سرترجاوس ہے
common_voice_ur_31837145.mp3	مائیکروسافٹ کے مشہور زمانہ آپریٹنگ سسٹم ونڈوز کا نیا ورژن اب کمپنی ویب سائیٹ پر پری آرڈر کے لیے دستیاب ہے	مائیکرس اف کے مشہور زمانہ عپیٹنگ سسٹم ونڈوز کا نیا ورجن اب کمپنی ویب سائٹ پار پری ارڈر کے لیے داستعاب ہے
common_voice_ur_31916802.mp3	دوسرے اس موقع پر جب کوئی عالمِ دین کسی خاص واقعے کے حوالے سے اپنا قانونی فیصلہ صادر کرتا ہے	دوسرے اس موکے پر جب کوئی اہرمی دین کسی خاص واقے کے حوالے اسے اپنا قانونی فیصلہ صادڑ کرتا ہے
common_voice_ur_31835459.mp3	تازہ ترین تحقیق کے مطابق اب ایک ایسا طریقہ ایجاد کر لیا گیا ہے جس سے قسمت کو بدلہ جاسکتا ہے	تآصب ترین تہقی متابق آپ تکاحساتریکہ اجاد کرلیا گیا ہے جس سے قس مت کو بدلا جا سکتا ہے
common_voice_ur_31961763.mp3	تازہ ترین تحقیق کے مطابق اب ایک ایسا طریقہ ایجاد کر لیا گیا ہے جس سے قسمت کو بدلہ جاسکتا ہے	تآظپریمن تحقیق ک مطاب اپک ایصاح طریکہ اے جاد کرلیا گیا ہے جس ی قس مت کو بتلہ جا سکتا ہے
common_voice_ur_31982137.mp3	قدرتی حسن کی دولت سے مالا مال ان علاقوں میں غر بت اور پس ماندگی سیاح کو غم زدہ کر دیتی ہے ۔	کدرتی حسمں کے دولت سے مالا مال عن لاقھوں میں غرفت اور پس ماندگی سیاح کو غمزدہ کر دیتی ہے
common_voice_ur_31990492.mp3	چنانچہ فتویٰ اگر مخاطب کی پسند کے مطابق نہ ہو تو اکثر وہ اسے ماننے سے انکار کر دیتا ہے	چھناچی فتوہ اگر مخاطب کی پسند کی مطاوق نہہوں تو اکصر وہ اسے امعنے سے انکار کر دیتا ہے
common_voice_ur_31864820.mp3	اور ٹیم میں جگہ پکی ہونے کا خمار ان کھلاڑیوں کو اپنے اصل مقام سے دور لیے جا رہا ہے ۔	اور ٹیم میں جگا پپھے ہونے کا کمار انکھلاریوں کو اپنے اصر مکآمصدول لیے جا رہا ہے
common_voice_ur_31990580.mp3	سوال و جواب کی ویب سائٹ کورا نے اعلان کیا ہے کہ ان کے لاکھ رجسٹرڈ صارفین کا ڈیٹا کنفرم ہوگیا ہے	سوالو جواب کی ویب سائیٹ کورا نے علان کیا ہے ک ہیون کہ لاک ریجسٹرڈ صارفین کا ڈیٹا کنفرم ہو گیا ہے
common_voice_ur_31829279.mp3	اب میں ان بر گر اور پیپسی خوروں کو کیسے سمجھاتا کہ میٹھا آملیٹ ہونے کے لئے سننا کوئی ضروری تھوڑی ہے	ابن برگر اور پقسی خوئوں کو کیسے سمجھاتہ کہ میٹھا اآملیٹ ہونے کے ئے سننا کوئی زروری تھوڑی ہے
common_voice_ur_32638192.mp3	مجھے تو یہی سمجھ نہیں آرہا کہ جب یہ اتنے پیسے والے ہیں تو ایک اپارٹمنٹ رینٹ کر کے قدسیہ کو کیوں نہیں دے دیتے	مجھے تو یہی سمجھ نہیں آ رہا کہ جبیے اتنے پیسے والے ہیں تو ایک اپاٹمن ٹرینڈ کرکہ کد صیہ کو کیوں نہیں دی دیتے
common_voice_ur_32015561.mp3	مائیکروسافٹ سکیوریٹی ایزنشل کی اپ ڈیٹس ونڈوز ایکس پی کی سپورٹ ختم ہونے کے ایک سال بعد تک ملتی رہیں گی	مائیکروساف سکورٹی ایسنشل کی اپ ڈیٹ سونڈوز ایکس بی کی سپورٹ ختم ہونے کے ایک سال بات تکقھ ملتی رہیں گی
common_voice_ur_31982672.mp3	کویتی پارلیمنٹ نے اسرائیل کے ساتھ تجارت کرنے والوں کو ایک سال سے تین سال تک سزاؤں کا قانون منظور کر لی	کواتی پارٹمن نے ازرائل کے ساتھ تجارت کرنے والوع کو ایک سال سے تین ال تک سضاعؤں کا قانمی منجود کڑڑیی
common_voice_ur_31834880.mp3	وقت گزرنے کے ساتھ ہر ہر کام میں نقص اور نکتہ چینی کرنا سسرال والوں کی عادت بن جاتی ہے	وقت گزرنے کے ساتھ ہر ہر کام میں نقس اور نقتا چینی کرنا سصرال والوں کی آدت بن جاتی ہے
common_voice_ur_31982486.mp3	ہم گاڑی سے اتر رہے تھے کہ گاڑی کے کلنڈر نے لسی سے بھری ہوئی تین بوتلیں ہمارے سپرد کر دیں ۔	ہم گاڑی سے عتر رہے تھے کہ گاڑی کہ کلینڈر لیں کلیسی سے بھری ہوئیتیت وتلے ہمارے سے پورت کر دی
common_voice_ur_31992444.mp3	وقت گزرنے کے ساتھ ہر ہر کام میں نقص اور نکتہ چینی کرنا سسرال والوں کی عادت بن جاتی ہے	پاہتو زرنی کے ساتھ ہر حے کام میں نکس اور مختہ شنیق کرناسصرال والوں کی ادت بن جاتی ہے
common_voice_ur_31790637.mp3	ہم گاڑی سے اتر رہے تھے کہ گاڑی کے کلنڈر نے لسی سے بھری ہوئی تین بوتلیں ہمارے سپرد کر دیں ۔	ہم گاڑی سے اتحرہے تھے کہ گاڑی ہ کلنڈر نی لسی سے بھری ہوئی تین بوتلیں ہمارے سپورت کرتی
common_voice_ur_31903049.mp3	ہم گاڑی سے اتر رہے تھے کہ گاڑی کے کلنڈر نے لسی سے بھری ہوئی تین بوتلیں ہمارے سپرد کر دیں ۔	ہہم گھاڑی سے وترحیت کے گاڑی کہ قلینڈرل نےے لسیس سے بھری ہوی طین بوتلے ہماع س پولد کردی
common_voice_ur_31919780.mp3	اگر اسے نفاذ سے محروم رکھا جائے تو اس کی حیثیت محض رائے اور نقطۂ نظر کی سی ہوتی ہے	اگر اسے نفات سے محروم لکھا جائے توشقی حیسیت میحث رائے اور نقتر نزظر کسی ہوتی ہے
common_voice_ur_32021126.mp3	اس مرتبہ کرک نامہ سے غیر حاضری کچھ زیادہ ہی طویل ہوگئی ہے جس کا سبب ذاتی مصروفیت تھی	اس مرتبح کارک نام سے گی رحاوعیک مشزیادہ ہی طویل ہو کوئی جس کا سبحقجاتی حنصیصیات
common_voice_ur_31928315.mp3	اس مرتبہ کرک نامہ سے غیر حاضری کچھ زیادہ ہی طویل ہوگئی ہے جس کا سبب ذاتی مصروفیت تھی	ایک مرتبہ کرف نامہ سے گر حاضری کچھ زیاد ہی طویل ہو گئی ہے جیس کا سبب زاتی مزشوفیت تھی
common_voice_ur_38429784.mp3	لیکن اس صورتحال کے باوجود بہت سے ایسے موضوعات ہیں جن پہ خاطر خواہ اظہار خیال سراسر ناممکن ہے۔	لیکن اس صورتحال کے بعوجود بہت سے ایسے معغواد ہے جنپہ خاتر وا اضحار خیال سرح سر نا ممکن ہے
common_voice_ur_31846377.mp3	جبکہ اس میچ میں دیگر بیٹسمین اور خاص طور پر پاکستان کا ٹاپ آرڈر بری طرح ناکام ہوا تھا ۔	جبکہ اس میںچ میں دیگر بیسمینو کھاس ور پر پاکستان کا ٹاپ اوڈر بڑی درانا ک موعتھا
common_voice_ur_31846592.mp3	مگر دوسرے میچ میں قومی ٹیم کی متواتر ناکام کارکردگی نے زمبابوے کو جشن منانے کا موقع فراہم کردیا	مگر دوسرے میچ میں قومی ٹیم کی متواہ ت ناکام کر کردگی نےزمبابوے کوجشن منہانے کا موقفرام کردیا
common_voice_ur_31962833.mp3	ان کی کسی تحقیق یا اجتہاد کو جب عدلیہ یا پارلیمنٹ قبول کرے گی تو وہ قانون قرار پائے گا	ان کی کسی تحکیق  یہ اصتحات کو جب اتلیہ یا پالومنڈ کبھول کرے گی تو وہ قانون کرار پاعے کا
common_voice_ur_31835231.mp3	جب گاڑی نے ہماری منزل پر آ کر بریک لگائی تو سب نے نیک خواہشات کے ساتھ ہمیں الوداع کیا	جبکاڑی نے ہماری منظر پرآکدبریکھ لگائی تو سب نے نیک خواحساتھ کے ساتھ ہمیں الود کیا
common_voice_ur_38483818.mp3	ذرائع کے مطابق اجلاس میں سابق صدر آصف زرداری اور بلاول بھٹو سمیت پارٹی کی سینیئر قیادت بھی شریک رہی۔	ظرائے کی متعبق اجلاص میں طابق طدر آصر ضر داریوت بلاول بھٹوں سمیت پارٹی کی سینیر کی ادت بھی شریق دہی
common_voice_ur_41168591.mp3	چند نظموں اور غزلوں کی اصلاح کے بعد داغ دہلوی نے یہ لکھ دیا کہ آپ کو مزید اصلاح کی ضرورت نہیں ہے	چن نزبور غزلوں کی اصلاح کے بعد داغ دیلویے لے یہ لگ کیا کے آپ کو مزید سلاہ قے جرود نئیں ہے
common_voice_ur_31823901.mp3	جنہیں وینٹیلیٹر چلانا تو کیا نام بھی صحیح طرح لینا نہیں آتا وہاں پر بنائی گئی ویڈیو بھی موجود ہیں	جنےونٹیلیٹر چلانا تو کیا نام بھی صحی قرح لینا نہیں آتھا وہاں پر بنائی گئی ویڈیو ھی موجود ہیں
common_voice_ur_31916624.mp3	مردم شماری کے نتائج کے مطابق چین میں عمر رسیدہ افراد کی آبادی میں تیزی سے اضافہ ہو رہا ہے	مردم شماری کا نتایج کی مطابق شین میں عمر رسیدہ افراد کی عبادی میں تیز سے اضافہ ہو رہا ہے
common_voice_ur_31915823.mp3	اس کا مطلب یہ ہوتا ہے کہ کوئی شہری عدلیہ کو چیلنج کرنے کے لیے کھڑا ہو گیا ہے	اس کا مطلب یہ ہوتا ہے کہ کوئی شیری ادلیہ کو چیرش کرنے ک لی کھڑا ہو گیائے
common_voice_ur_31834997.mp3	جس کا بجٹ زیربحث نہ لایا جا سکے ، جس نے ملکی قیادت پر کئی بار شب خون مارا ہو	جس کا بجڈ دیرے بحصنہ لایا جاسکے اس نے ملک کی قیادت پر کئی بار شحہونمارا ہو
common_voice_ur_38254170.mp3	اس وقت حکمران طبقے کو حیرت ہے کہ آسودہ حال لوگ دھرنے کی بات کیوں کر رہے ہیں؟	اس وقت حوقماران تبقے کو نحیرت ہے کہ آصودحاحال لوگ دھرنے کے بات کیوں کر رہے ہیں
common_voice_ur_31809172.mp3	اس جز کے اعتبار سے متون میں صرف ایک ہی فرق روایت ہوا ہے اور وہ یہ ہے کہ	اس جست کے اتبار سے مطون میں صرف ایک ہی فرق روایت ہوا ہے اور وہ یہ ہے کہے
common_voice_ur_31794345.mp3	لیکن جہاز سے چھلانگ ر اور شوٹ کھل کے وقفہ کے ان جسطرح زندہ کی فلم آپ کی آنکھوں کے سام چلتی ہے	لیکن جہاں سے چھلانک گھری اور شوٹ کھل کے وقفے کہ ان جس درہن زندا کی فلم آپ کی آنکھوں کے سامپ چلتی ہے
common_voice_ur_32040492.mp3	کیونکہ قومی ٹیم کی خامیاں جنوبی افریقہ اور سری لنکا کے خلاف مصیبتوں کا پھندہ بن سکتی ہیں ۔	کیوںکہ قومی ٹیم کی خھامیت قروبی افریکہ ار صلمکا کی خلاف مسیقلوں کا پچھندا بن سکتی ہیں
common_voice_ur_31823677.mp3	نئی دہلی دسمبر سیاست ڈاٹ کام بھارت نے پاکستان میں میچز کھیلنے کی دعوت قبول کر لی ہے	نئی جلی جسمبر سیاست ڈاٹھ کام پھارتنے پاکستان میں میچز کھیلے کی ڈاوت قبول کردی ہے
common_voice_ur_38439189.mp3	"نواز شریف صاحب اگر مسلم ہائے لیگ کو ایک مسلم لیگ نہیں بنا سکتے تو اس کی "" ہائے ہائے "" کو تو غیر موثر بناسکتے ہیں۔"	نواز شریف صاحب اگر مسلم ہائے لیگ کو ایک مسلم لیگ نہیں بنا سکتے تو اس کی ہائ ہائے کو توم غیر مصر بھنا سکھتے ہیں
common_voice_ur_31969729.mp3	اس کا مطلب یہ ہوتا ہے کہ کوئی شہری عدلیہ کو چیلنج کرنے کے لیے کھڑا ہو گیا ہے	اس کا مطلب یہ ہوتا ہے کہ کوئی شہری آدیہ کو چلن سلے کہ لیے کھڑا ہو گیا ہے
common_voice_ur_31837188.mp3	اگر آپ اس وقت ونڈوز استعمال کر رہے ہیں تو آپ کو یہ نیا ورژن خریدنے کی ضرورت نہیں	اگر آپ اس واقت گنڈوز استعمال کر رہے ہیں تو آپ کو یہ نیاں وریں خھریکنے کیز خظط نہیں
common_voice_ur_31790491.mp3	کیونکہ قومی ٹیم کی خامیاں جنوبی افریقہ اور سری لنکا کے خلاف مصیبتوں کا پھندہ بن سکتی ہیں	کیونکہ قومی ٹیم کی خامیاں جنہوبی افریکہ اور صری علنکا خلاف مصیبتوں کا بھندا بند سکتی ہیں
common_voice_ur_31906250.mp3	میں خود ایک مہینے تک اس بیماری کا شکار رہا ہوں ۔سمجھ ہی نہیں آتی کیا ہو رہا ہے۔	میں خو دیک مہنے تیقسمیں ماریکہ شکاہ رہا ہںسمج ہیں نہیں آتیکیا ہو رہا ہے
common_voice_ur_31902115.mp3	اس جز کے اعتبار سے متون میں صرف ایک ہی فرق روایت ہوا ہے اور وہ یہ ہے کہ	اس جینسکی کے حتبار سے محطوم میں صرط ایک ہی سرکرا وحت ہوا ہاور وہ یہ ہکے
common_voice_ur_32019473.mp3	کہ نبی صلی اللہ علیہ وسلم کا یہ ارشاد اپنے ایک عمل کی دلیل کے طور پر تھا	کھنبس کل الاحانے وصلم کیے عشعد اپنے قمل کے دلیل کے قر پر تھا
common_voice_ur_31961728.mp3	مائیکروسافٹ کا مؤقف ہے کہ صارفین کو جدید آپریٹنگ سسٹم پر منتقل ہونے میں دیر نہیں کرنی چاہیے	مایکروسافٹ کا مواقف ہے کہ صارفین کو جدید آپریٹنگ سے سٹم پر مطقل کونے میں دیر نہیں کرنی چاہیے
common_voice_ur_31930642.mp3	سامنے چیڑ کے نوکیلے پتوں والے دراز قد درخت اس نورانی منظر میں کسی سائے کی طرح معلوم ہوتے تھے	اسامنے چیڑکے نوکیلے پتوں والے تراز کد طرخت س نورانی منصر میں کسی سائعق کی طراح معلوم ہوتے تھے
common_voice_ur_31968860.mp3	امیر محترم نے فیصلہ کیا کہ پہلے ایک آملیٹ چاٹ مصالحہ ڈال کر بنایا جائے اور اسے چیک کیا جائے	ہمین محصرم نے فیصلہ خیاہ کے پہلی ایک آمیٹ ٹامصرا ڈالقر بنا جائے اور رسے چک ی جے
common_voice_ur_31982343.mp3	امیر محترم نے فیصلہ کیا کہ پہلے ایک آملیٹ چاٹ مصالحہ ڈال کر بنایا جائے اور اسے چیک کیا جائے	ہمیر محترب نے فیصلہ  یک ے پہلےک ایک آملیٹ چارٹ مسالار ڈال کربنایا جائے آپ اسے چیکھ لیا جائے
common_voice_ur_31959201.mp3	ان کا پلان ھے کہ دو ہزار تیرہ تک روزانہ تیل کی تیرہ لاکھ بیرل تک کی پیداوار کم کر دی جائے	ان کو پلین ہے کہ دو ہزار تیرا تک روانا تیل کی تیرالاک بیڑل تک کی پیدیوار کم کردی جائے
common_voice_ur_31813279.mp3	مردم شماری کے نتائج کے مطابق چین میں عمر رسیدہ افراد کی آبادی میں تیزی سے اضافہ ہو رہا ہے	مردم چماری کی نطائج کے متابق چین میں عمر رسیدہ افراد کی ابادی میں ہتیزی سے اظافہ ہو رہا ہے
common_voice_ur_31844782.mp3	اور جب ایک ہی جیسا مینہ آسماں سے برستا ہے تو کہیں رحمت بن جاتا ہے اور کہیں زحمت مگر کیوں	آجبیقی جیسا مینا ساسمان سے بیلستہ ہے تو کہیں رحمدبن جاتا ہے اور کہیں ضحمد مگر کیوےں
common_voice_ur_31791862.mp3	امیر محترم نے فیصلہ کیا کہ پہلے ایک آملیٹ چاٹ مصالحہ ڈال کر بنایا جائے اور اسے چیک کیا جائے	امیر مخترم نے فیصلہ کیا کہ پہلے ایک عملٹ چاٹمصالا ڈال کر بنایا جئے اور رسچ کیا جے
common_voice_ur_31834877.mp3	مائیکروسافٹ کا مؤقف ہے کہ صارفین کو جدید آپریٹنگ سسٹم پر منتقل ہونے میں دیر نہیں کرنی چاہیے	مائیکروسساف ک موقف ہے کہ صارفین کو جدید آپریٹنگ سسٹم پر منتقل ہونے میں دیر نہیں کرنی چاہیے
common_voice_ur_31877865.mp3	سی پیک کے تحت شراکت داری میں خدمات فراہم کرنے چینی لا فرم کا وفد پاکستان پہنچ گیا	سی بے ک رید شراکت داری میں ہدمات فراہم کرنے چینی لافرم کہ وفت پاکستان پہنج گیا
common_voice_ur_31848456.mp3	اس جز کے اعتبار سے متون میں صرف ایک ہی فرق روایت ہوا ہے اور وہ یہ ہے کہ	اس شوس کی اطبار سے مطون میں صرف ایک ہی فر روایت ہوا ہے اور وہ یہ ہے کہے
common_voice_ur_38444120.mp3	اس وقت ہمارے لبرل دوست تنقید کرتے تھے کہ دہشت گردوں سے مذاکرات کیوں کئے جا رہے ہیں؟	اس س الط ہمارے لبرل دوس تنکیت کرتے تھ کے دیسج قردوں سے مظاقرات کیوں کیئے جا رہے ہیں
common_voice_ur_31975798.mp3	یہ نہیں کہا جائے گا کہ زید کی طرف سے دی گئی ایک وقت کی تین طلاقیں واقع ہو گئی ہیں	یہ نہیں کا چائے نگا کہ ضد کی طرف سے دی کئی ایک وقتمں تین تلایں حواکیا ہو گئی ہیں
common_voice_ur_31916504.mp3	ممبئی بالی ووڈ اداکار سنجے دت کی بیٹی تریشالا دت نے کہا ہے کہ ان کا بالی ووڈ میں کام کرنے کا ارادہ ہے	ممبئی بالی وہ ڈداکار سنجعدت کی ویٹی تریشہ لادت نے کہا ے کہ انکا بالے وڈ میں کام کرنے کا عراظا ہے
common_voice_ur_31793531.mp3	بلکہ طالبِ علمانہ لب و لہجے میں محض علم و استدلال کی بنا پر اپنا نقطۂ نظر پیش کیا جائے گا	بلکہ تعلب المانا لبو لہچے میں محص الموں اس تلال کی بنا پر اپنا نقتیں نظر پیش کیا جائے گا
common_voice_ur_38459740.mp3	مجھے اس کی اسٹوری کی کوئی سمجھ نہیں آ رہی پھر بھی میں سب سے زیادہ اس ڈرامے سے انٹرٹین ہوتی ہوں	مجھے اس کیس ٹوری ی کوئی سمجھ نئی آری پھر پھی میں سب سے زیادہ الض ڈرا میں سے انٹرٹین ہوتی ہوں
common_voice_ur_31918528.mp3	نئی دہلی دسمبر سیاست ڈاٹ کام بھارت نے پاکستان میں میچز کھیلنے کی دعوت قبول کر لی ہے	نئی دحلی دسمبر سیاست پرارٹ قام بھارتنے پاکی خان میں میجز کھیلی کی داوت قبول کرلی ہے
common_voice_ur_38426475.mp3	"سیکولرازم کو حال ہی میں پیارے ہونے والے ''نیو سیکولر دوست"" یہ سوال اٹھاتے ہیں کہ نظریہ پاکستان ہے۔"	سایکلرزم کو حال ہی میں پیارے ہونے والے نیوس سیکلر دوست یہ سوال اٹھاتے ہیں کہ نظریہ پاکستان ہے
common_voice_ur_38478645.mp3	اس لیے یہ بات میری سمجھ میں نہیں آ رہی کہ اسلام کو کس سے خطرہ ہے؟	اس لیے یہ بات میئی سمجھ میں نہیں آرہی کہ اصلام کو کسی سےک خطرہ ہے
common_voice_ur_31982831.mp3	میں سوچ رہا تھا کہ اگر یہ جگہ اتنی خوب صورت ہے تو جنت کیسی ہو گی	ایہ سوش رہا تھا کہ اگر یہ جگہ عقتی خوبصورت ہے تو جلن کیسی ہو گی
common_voice_ur_31975653.mp3	دوسرے الفاظ میں، وہ ریاست کے اندر اپنی ایک الگ ریاست بنانے کا اعلان کر رہا ہوتا ہے	دوسری الفعزمیں وریاست کی اندر اپنی ایک علق ریاست بنانی پعلان کر رہا ہوتا ہے
common_voice_ur_31990508.mp3	دوسرے الفاظ میں، وہ ریاست کے اندر اپنی ایک الگ ریاست بنانے کا اعلان کر رہا ہوتا ہے	دورے دوسروالفعدمیگ وہ ریاست کی اندر اپنی ایل ایک الگ ریاست بنانے کا علان کر رہا ہوتا ہے
common_voice_ur_31848932.mp3	اگر اس مضمون کو آپ نے کچھ دیر قبل بنایا ہے اور ابھی ظاہر نہیں ہو رہا ہے	اغیر اس ملقون کو آپ نے کچھ دیرقبل بنایا ہےے اور ابھی زاحیر نئیں ہو رہا ہے
common_voice_ur_31837260.mp3	اس خاندان نے ملک کے لیے نہیں اقتدار کے لیے جان دی اس وقت پاکستان کا سب سے امیر خاندان ہے	ایس خانداننے ملک کیلیے نہیں اقتگار کی لئے جان دی اس وقت پاکستان کا سب سے عمیر خانگا ہے
common_voice_ur_38422463.mp3	اس کو اگر قبول کر لیا جائے تو دنیا میں کوئی سماجی نظم قائم ہو سکتا ہے۔	اس کو اگر قبول کر لیا جائے تو دنیا میں کوئی سماجین نظہ قائم ہو سکتا ہے
common_voice_ur_31835046.mp3	ممبئی پولیس نے درست درازی کے الزامات پر بالی وڈ کے ویٹرن اداکار الوک ناتھ کے خلاف مقدمہ خارج کردیا ہے	ممبائی پولست نے درستدھراصی کی اضامات پر پالیور کی ویٹرن اداکارا الوکنات کے خلاف مقتمہ خارج کردیا ہے
common_voice_ur_38457560.mp3	اس کو یہ بات آسودہ کرتی ہے کہ اپنے مسائل کا سبب وہ خود نہیں کوئی اور ہے۔	اس کو یہ بعت عصودہ کرتی ہے کہ اپرے مسائل کا سبب وہ خود نہی کوئی اور ہے
common_voice_ur_37109493.mp3	اس میں سیاسی جماعتوں، اہل دانش، پڑھے لکھے لوگوں کے ساتھ ہم میڈیا والے برابر کے شریک ہیں۔	اس میں سیاسی جماعتو اہلے دانش پڑے لکھی لوگوں کے ساتھ ہب میڈیا والے بر اپرک شریخ ے
common_voice_ur_31834349.mp3	برطانیہ امریکہ پاکستان سمیت دنیا کے کئی ممالک میں گیمنگ کو عالمی سطح پر پروموٹ کیا جا رہا ہے	برتانیا امریکا پاکستانس میں دنیا کہ کئی ممالک میں گیمن کو المی سطعح پر پروموٹ کیا جا رہا ہے
common_voice_ur_32044530.mp3	دوسرے الفاظ میں، وہ ریاست کے اندر اپنی ایک الگ ریاست بنانے کا اعلان کر رہا ہوتا ہے	درستریال فاز میں وہ ریاست کے اندر اپنی ایک الاگ ریاست بنانے کا علان کا رہا ہوتا ہے
common_voice_ur_32023829.mp3	کہ زمبابوے کے خلاف ناکام ہونے والے کھلاڑیوں کو صرف اس لیے تبدیل نہیں کیا جا سکتا	کی زمبابوے کے اخلراف ناکام ہنے ملے کھلاڑیں وصرقسلیت خبد لہیں کیا ازیا سکتا
common_voice_ur_31916414.mp3	حکومت پاکستان کی بہترین حکمت عملی کی بنیاد پر ملکی خزانے میں ارب روپے کا اضافہ ہوگیا ہے	حکومت پاکستان کی بہترین قم عاملی کی بنیات پر ملکی خزانے میں خرب بروکائ کا اضافہ ہو گیا ہے
common_voice_ur_31973123.mp3	دوسری اننگز میں بنگلہ دیشی بلے بازوں نے پاکستانی بالروں کو اڑھے ہاتھوں لے لیا پر کوئی بھی اوٹ نہیں	دوسریننز میں بنگہ دیشی بلباتنی پاکستانی بالڈروں کو آڑے حاتھوں لی یے پر کھوئ بھی آؤس نہیں
common_voice_ur_31895663.mp3	"وہ دُمدار ستارے جو ہم ہر تھوڑے ہزار سالوں میں دیکھتے ہیں ""اوٗرٹ کے بادل"" سے آتے ہیں۔"	وہ جملار ستارے جو ہم ہر ٹھوڑے حزار سالوں میں دیکھتے ہیں اورٹ کے بادل سے آتے ہیں
common_voice_ur_31794047.mp3	ممبئی بالی ووڈ کے شہنشاہ امیتابھبچن کی صاحبزادی شویتا بچن نے اپنی بھابھی ایشوریا کے بارے ایک راز اگل دیا ہے	ممبئی پالی ورٹٹ کے شہنچھا امیتا بچندگی صحب ادی شویتا چن نے اپنی بھابھی ایشوریا کے بارے میں ایک راز اقل دیا ہے
common_voice_ur_31932757.mp3	پھر آڈیو یعنی ص سفر اور بعد آز ویڈیو نے آکر ویب کی دنیا میں چارہ چاند لگا د	اوڈیو یانی ساد سفر اور باد از ویڈیو نے آ کرورد کی دنیا میں چایا شاند لگا دال
common_voice_ur_38431539.mp3	اس سے پہلے جب تک آئین سازی کے مراحل درپیش رہے، تب ان کا ایک کردار تھا۔	اس سے پہلے جب تک آئین ساظی کے مراحل در پیش رہے تب ان کا ایک قدار تھا
common_voice_ur_31980484.mp3	حالانکہ وہ لڑکی وہی ہوتی ہے جسے کبھی ساس صاحبہ چندے آفتاب اور چندے ماہتاب کہا کرتی تھیں	ہالا کہ وہ لڑکی ہوئی ہوتی ہے جسے کبھی ساسھ ساعب چندا افطاب اور چندے میں اطاپ کہاکرتی تھی
common_voice_ur_33605968.mp3	اس وقت ان فلیٹس کی ملکیت کے سوال پر کسی قطری کا دور دور تک ذکر نہ تھا۔	اس وق دون فلیٹس کے ملکیت کے سوال بھر کسی قطری کا دور ور تک ضکر نہ تھا
common_voice_ur_38421362.mp3	اس کا ایک جواب طاہرالقادری تھے اگر عمران خان کے کارکن اس امتحان میں ناکام بھی ہوتے ہیں۔	اس کا ایک جواب طاحرول قادری تھے اگر امران خان کے قار کو اس انتحان میں ناکام بھی ہوتے ہیں
common_voice_ur_31837202.mp3	کہ زمبابوے کے خلاف ناکام ہونے والے کھلاڑیوں کو صرف اس لیے تبدیل نہیں کیا جا سکتا	کہ زمبابوے کے خلاف ناکام ہونے والے کھلاڑیوں کو صرف اس لیے تبدیل نہیں کیا جا سکتا
common_voice_ur_31834638.mp3	اور پوری روایت لینے کے بجائے باب کی مناسبت سے مکالمے کا ایک جز لے لیا ہے	اور پوری روایت تھلینے کی بجائے پاک بی مناسبت سے مکالمں کا ایک چست لیے لیا ہے
common_voice_ur_38432746.mp3	اس میں ان طبقات کی بھی نمائندگی ہو جنہیں نظر انداز کیے جا نے کا گلہ ہے۔	اس میں ان تبغات کی بھی ممائندگی ہو جنہیں نظر انداز کیئے جاگیں کا گلا ہے
common_voice_ur_38434184.mp3	اس کا یقینا یہ مطلب نہیں لینا چاہیے کہ مسائل نہیں ہیں اور محروم طبقات کی کمی ہے۔	اس کا یقینا یہ متلب نہیں لی نا چہیے کہ مسائل نہیں ہں اور مہروم تب قاد کی کمی ہیں
common_voice_ur_31847434.mp3	گر اس مضمون کو آپ نے کچھ دیر قبل بنایا ہے اور ابھی ظاہر نہیں ہو رہا ہے	اگر اس مزمون کو آپ نے کچھ دیر کبل بنایا ہے ور اپ بھی زائیر نئی حر رہا ے
common_voice_ur_31812868.mp3	واٹس ایپ نے صارفین کی لیے فری انٹرنیشنل کالز کرنے کا فیچر متعارف کروایا جا رہا ہے	وعد سہحاپ نے صارفین کے لیے فری اڈنیشنم قالت کرنے کا خیچے طعرف کروایا جا رہا ہے
common_voice_ur_31846529.mp3	اس بجلی کی گاڑی کو چارج کرنے کاطریقہ یہ ھےکہ جیسے آپ اپنے کمپیوٹر کی بیٹری چارج کرتے ہیں	اس بجلی کی گاڑی ک چارج کرنے کا تری ہ یہے کہ جی اسسے آپ اپنے کمپیوٹرو کی بہٹری چاش کرتے
common_voice_ur_38451999.mp3	سینیٹ کے انتخابات بتا رہے ہیں کہ ہماری سیاسی جماعتیں اس معاملے میں بحیثیت مجموعی ناکام ثابت ہوئی ہیں۔	سینٹ کے انتخابات بتارہے ہی کے ہماری سیاسی جماتے اس موواملے میں بحیت مجموئی ناکام صابد ہوئی ہیں
common_voice_ur_31951527.mp3	حکومت پاکستان کی بہترین حکمت عملی کی بنیاد پر ملکی خزانے میں ارب روپے کا اضافہ ہوگیا ہے	کوت پاکستان کی بہترین ہنمتامریکی بنیات پرکملکی خصانے میں ارب ٹرپے ک اصافہ ہو گیاہے
common_voice_ur_32002277.mp3	میں سوچ رہا تھا کہ اگر یہ جگہ اتنی خوب صورت ہے تو جنت کیسی ہو گی	میں سوچ رہاتا کی اگر یہ جگا اتنی خوب صرہت ہے تو جننت کیسی ہو گی
common_voice_ur_38485815.mp3	شروع دنوں سے ہی پاکستان کا بنیادی مسئلہ وسائل کی کمی کا نہیں‘ قیادت کے فقدان کا رہا ہے۔	شروع دناں سے ہی پاکستان کا بنیادی مسلہ وسائل کی کمی کا نہیں قیادت کے فقدان کارہا ہے
common_voice_ur_31791124.mp3	کہ زمبابوے کے خلاف ناکام ہونے والے کھلاڑیوں کو صرف اس لیے تبدیل نہیں کیا جا سکتا	کیہ زمبابکے کی خلاف ناکام ہونے وال کھلاڑیوں کو صرف اس لیے تبدیل نہیں کیا جا سکتا
common_voice_ur_31980176.mp3	ویب ڈیسکگوگل کا استعمال کرنے والے صارفین محتاط رہیں ان پر سے زائد ادارے نظر رکھے ہوئے ہیں	ویب ڈس گوگل کا استعمال کرنے والے سافین محتعاد رہےں ان پر سے زائد عدارع نصر رکھے ہئے ہیں
