path	ground_truth	prediction
common_voice_ur_32016523.mp3	چنانچہ اب فتوے کا مطلب ہی علما کی طرف سے کسی خاص مألے یا واقعے کے بارے میں حتمی فیصلے کا صدور سمجھا جاتا ہے	 چنانچہ فتوے کا مطلب یہ علماء کی طرف سے کسی خاص مالے یا واقعے کے بارے میں حتمی فیصلے کا سدور سمجھا جاتا ہے
common_voice_ur_41150428.mp3	پوری قوم میں سے خوش نصیب ترین افراد چاہے فوجی ہو یا سویلین دشمن کا مقابلہ کریں گے۔۔۔اور وہی غزوہ ہند کے مجاہد ہوں گے۔۔	 پورے قوم میں سے خوش نصیب ترین افراد چاہے فوجی ہو یا سویلین دشمن کا مقابلہ کریں گے اور وہی غزوہ ہند کے مجاہد ہوں گے
common_voice_ur_31919471.mp3	ہوسکتا ہے کہ آپ کو اپنے انسٹاگرام نیوزفیڈ پہلے سے بہتر لگ رہا ہو یا بہت جلد وہ کچھ بہتر نظر آنے لگے گا	 ہو سکتا ہے کہ آپ کو اپنے انسیگرام نیوز فیڈ پہلے سے بہتر لگ رہا ہو یا بہت جلد وہ کچھ بہتر نظر آنے لگے
common_voice_ur_38442764.mp3	جب تم دنیا کی مفلسی سے تنگ آجاﺅ اور رزق کا کوئی راستہ نہ نکلے تو صدقہ دے کر اللہ سے تجارت کیا کرو	 جب تم دنیا کی مفلسی سے تنگ آ جاؤ اور رزق کا کوئی راستہ نہ نکلے تو صدقہ دے کر اللہ سے تجارت کیا کرو
common_voice_ur_31889349.mp3	ان تمام اقدامات کا مقصد صارفین کو ونڈوز ایکس پی سے نئے آپریٹنگ سسٹم پر اپ گریڈ ہونے میں مدد فراہم کرنا ہے	 ان تمام اقتماد کا مقصد سارفین کو ونڈوز ایکس پی سے نئے اپریٹنگ سسٹم پر اپگریڈ ہونے میں مدد فرام کرنا ہے۔
common_voice_ur_31791056.mp3	راستے بھر میں میرے دوست خوبصورت مناظر کیمرے کی آنکھ میں محفوظ کرتے رہے اور میں اپنی یادداشت کے صفحوں پر نقش تحریر کرتاچلا گیا	 راستے بھر میں میرے دوست کو بسورت مناظر کیمرے کی آنکھ میں محفوظ کرتے رہے اور میں اپنی یادش کے صفحہ پر نقش تحریر کرتا چلا گیا۔
common_voice_ur_32032204.mp3	آنے والے عالمی کپ میں کپتان کی تبدیلی کے حوالے سے ایک سوال پر رمیز راجہ نے کہا کہ یہ ناگزیر معاملہ ہے	 آنے والے عالمی کپ میں کپتان کی تبدیلی کے حوالے سے ایک سوال پر رمیز راجہ نے کہا کہ یہ ناوزیر معاملہ ہے
common_voice_ur_31792537.mp3	کاربن ڈائی آکسائیڈ گیس اور آبی بخارات کے علاوہ ، دوسری گیسیں بھی فضا میں شامل ہوکر گرمی میں اضافے کا سبب بن سکتی ہیں	 کارپن ڈائوکسائیڈ گیس اور آبی بخارات کے علاوہ دوسری گیسیں بھی فضاء میں شامل ہو کر گرمی میں اضافے کا سبب بن سکتی ہیں
common_voice_ur_31866551.mp3	اس کا نتیجہ یہ نکلا ہے کہ اس لفظ کا رائے یا نقطۂ نظر کے مفہوم میں استعمال کم و بیش متروک ہو گیا ہے	 اس کا نتیجہ یہ نکلا ہے کہ اس لفظ کا رائے یا نقطہ نظر کا مفہوم میں استعمال کم و بیش متروک ہو گیا ہے۔
common_voice_ur_31916871.mp3	لیکن توانائی کے متبادل ذرائع ملنے اور انتھک محنت سے تلاش کرنے کی وجہ سے دن بدن تیل کی ضرورت کم ہوتی جارہی ھے	 لیکن دوانائی کے متبادل ذرائع ملنے اور انتھک محنت سے تلاش کرنے کی وجہ سے دن بہ دن تیل کی ضرورت کام ہوتی جا رہی ہے
common_voice_ur_31793899.mp3	مگر ان جوانوں کی شہادت کو کسی نے یاد نہیں کیا جو پچھلے بارہ سال سے دہشت گردی کی جنگ میں شہید ہوئے	 مگر ان نوجوانوں کی شہادت کو کسی نے یاد نہیں کیا جو پچھلے بارہ سال سے دہشت کردی کی جنگ میں شہید ہوئے
common_voice_ur_38422310.mp3	چلو کوئی بات نہیں کبھی وہ دن بھی اللہ لائے گا جب ہم رمضان اور عید دونوں وہیں کریں گے جلدی آئے	 چلو کوئی بات نہیں کبھی وہ دن بھی اللہ لائے گا جب ہم رمضان اور عیب دونوں وہیں کریں گے جلدی آئے
common_voice_ur_38440462.mp3	میں نے زندگی کی سب سے بڑی سچائی قبرستان کے باہر لکھی دیکھی۔ منزل تو میری یہی تھی، بس زندگی گزر گئی یہاں آتے آتے	 میں نے زندگی کی سب سے بڑی سچائے قبرستان کے باہر لکھی دیکھی منزل تو میری یہی تھی بس زندگی گزر گئی یہاں آتے آتے
common_voice_ur_31886133.mp3	علما کی فتویٰ سازی کے نتیجے میںیہ امور گویا حکومت اورعدلیہ کے ہاتھ سے نکل کر غیر متعلق افراد کے ہاتھوں میں آجاتے ہیں	 علماء کی فتوہ سازی کے نتیجے میں یہ امور گویا حکومت اور عدلیہ کے ہاتھ سے نکل کر غیر متعلق افراد کی ہاتھوں میں آ جاتے ہیں۔
common_voice_ur_38417419.mp3	دوسری طرف اردو شاعری دونوں ممالک میں قابل احترام ہے۔ سرحد کے اس پار، مسلمان اور ہندو دونوں ہی اس رسم کو جاری رکھتے ہیں۔	 دوسری طرف اردو شاعری دونوں ممالک کے قابل احترام ہے سرحد کے اس پار مسلمان اور ہندو دونوں ہی اس رسم کو جاری رکھتے ہیں
common_voice_ur_31866235.mp3	ممبئی موٹاپے میں مبتلا ہونے والے بالی ووڈ اداکار رشی کپور نے کہا ہے کہ اب ورزش کرنا انکے بس کی بات نہیں ہے	 ممبئی موٹاپے میں مبتلا ہونے والے بالی وڈ آدھاکار رشی کپور نے کہا ہے کہ اب ورزش کرنا ان کے بس کی بات نہیں ہے۔
common_voice_ur_31916945.mp3	اور شمسی توانائی کا پلانٹ لگا نے والے گھر کو حکومت جاپان وعدے وعید کرنے کے بجائے کچھ مالی مدد دیتی ہے	 اور شمسی توانائی کا پلانٹ لگانے والے گھر کو حکومت جاپان وعدے وعید کرنے کے بجائے کچھ مانی مدد دیتی ہے
common_voice_ur_31828258.mp3	ممبی بالی ووڈ کی معروف اداکارہ شلپا شیٹھی اور اُن کی فیملی نے کسانوں کے لاکھوں روپے قرض ادا کرنے کا اعلان کیا ہے	 ممبئی بولیوڈ کی معروف اداکارہ شلپہ شیٹی اور ان کی فیملی نے کسانوں کے لاکھوں روپے کرز ادا کرنے کا اعلان کیا ہے۔
common_voice_ur_31842108.mp3	اس مدد کیلئے زلزلہ یا سیلاب کا متاثر ہونا ضروری نہیں ھے اور نہ ہی لائن میں لگ کر ڈانڈے کھانے کی ضرورت ھے	 اس مدد کے لئے زلزلہ یا سلاب کا متاثر ہونا ضروری نہیں ہے اور نہ ہی لائنزنے لگ کر ٹنڈے کھانے کی ضرورت ہے
common_voice_ur_31927939.mp3	لیکن بہت جلد نسان اور میٹسوبشی وغیرہ کی گاڑیاں جو کہ بیٹری چارج کرنے کے بعد کافی لمبی ڈرائیو کے قابل ہوں گی مارکیٹ میں	 لیکن بہت جلد نسان و مٹسو بوشی وغیرہ کی گاڑیاں جو کہ بیٹری چارج کرنے کے بعد کافی لمبی ڈرائیو کے قابل ہوں گی مارکٹ میں
common_voice_ur_31894707.mp3	کہ اس عمل کی دوران میں جو زلزلی آئیں گی وہ مزید زلزلوں کو جنم دینی کا باعث بن سکتی ہیں	 کہ اس عمل کے دوران میں جو زلزلیں آئیں گی وہ مزید زلزلوں پر جنم دینے کا باعث بن سکتی ہے۔
common_voice_ur_31829414.mp3	نئی دہلی مانیٹرنگ ڈیسک اگر آپ سوشل میڈیا استعمال کرتے ہیں تو آپ یقینا سیکنڈ فیس ورزش کے متعلق سن رکھا ہو گا	 نئی دہلی مانیٹرنگ ڈسک اگر آپ سوشل میڈیا استعمال کرتے ہیں تو آپ یقیناً سیکنڈ فیس ورزش کے مطالق سن رکھا ہوگا۔
common_voice_ur_31819943.mp3	تاہم اس میں بہت سے نئے فیچرزاور ایپلی کیشنز کو شامل کرنے کے ساتھ ساتھ موجودہ ورژن کی خامیوں کو بھی دور کیا گیا ہے	 تاہم اس میں بہت سے نئے فیچرز اور اپلیکیشنز کو شامل کرنے کے ساتھ ساتھ موجودہ ورینز کی خامیوں کو بھی دور کیا گیا ہے
common_voice_ur_38471042.mp3	ایک بات ذہن میں بار بار آتی ہے کہ آج ہم لوگ اپنے دین سے اتنے دور کیوں ہوتے جا رہے ہیں؟	 ایک بات ذہن میں بار بار آتی ہے کہ آج ہم لوگ اپنے دین سے اتنے دور کیوں ہوتے جا رہے ہیں۔
common_voice_ur_31890388.mp3	مائیکروسافٹ کارپوریشن نے کہنا ہونا کہ وُہ اپنا تازہ ترین کنسول کو نومبر میں کِسی وقت فروخت کا لینا پیش کرنا گانا	 مائیکروسوفٹ کورپوریشن نے کہنا ہونا کہ وہ اپنا دازہ ترین کنسول کو نویمبر میں کسی وقت فروت کر لینا پیش کرنا گانا۔
common_voice_ur_31792671.mp3	بنگلہ دیش کی عدالتِ عالیہ نے طلاق کے ایک مقدمے کا فیصلہ کرتے ہوئے علما کے فتووں کو غیر قانونی قرار دیا ہے	 بنگلہ دیش کی عدادت عالیہ نے طلاق کے ایک مقدمے کا فیصلہ کرتے ہوئے علماء کے فتوہ کو غیر قانونی قرار دیا ہے
common_voice_ur_31823728.mp3	ساتھ یہ جھوٹ بھی بولا ہے کہ فوج کا ایک بھی سپاہی بلوچستان میں نہیں لڑ رہا بلکہ فوجی بیرکوں میں بیٹھے ہیں	 ساتھ یہ جھوٹ بھی بولا ہے کہ فوج کا ایک بھی سپاہی بلوچستان میں نہیں لڑ رہا بلکہ فوجی بیرکوں میں بیٹھے ہیں
common_voice_ur_38449988.mp3	لیکن میں آپ کی بات پہ عمل کروں گا کل سے کیونکہ ابھی تو رات ہے مسجد نہیں جا سکتا	 لیکن میں آپ کی بات پر عمل کروں گا کل سے کیونکہ ابھی تو رات ہے مسجد نہیں جا سکتا
common_voice_ur_38444224.mp3	میں جب یہ لگوانے گیا تھا تو مکینک نے پوری چھان بین کر کے مجھ سے پوچھا تھا کہ کتنے کا لیا ہے	 میں جب یہ لگوانا گیا تھا تو میکینک نے پوری چھان بین کر کے مجھ سے پوچھا تھا کہ کتنے کا لیا ہے؟
common_voice_ur_31791550.mp3	اچھے مستقبل کی خاطر ہم اور بہت سے لوگ محض اپنا وطن اپنی جان سے پیا را پاکستان چھوڑ آئے ہیں	 اچھے مستقبل کی خاطر ہم اور بہت سے لوگ محس اپنا وطن اپنی جان سے پیارا پاکستان چھوڑ آئے ہیں
common_voice_ur_31831737.mp3	ٹیکساس جولائی ایجنسی ماہرین نے انکشاف کیا ہے کہ آم کو جسمانی موٹاپے میں کمی کرنے والا بہترین پھل قرار دیا گیا ہے	 ٹیکسیس جولائی جن سیمہ آرین نے انکشاف کیا ہے کہ آم کو جسمانی مٹاپے میں کمی کرنے والا بہترین پھل کرارداد دیا گیا ہے۔
common_voice_ur_31791242.mp3	پورا دن کاروبار زندگی میں مشغول اور محنت سے چور تھک کر شاید گاؤں کے تمام لوگ سو چکے تھے	 پورا دن کاروبار زندگی میں مشغول اور مہنے سے چور تھک کر شاید گاؤں کے یہ تمام لوگ سو چکے تھے
common_voice_ur_31846082.mp3	کسی عالمِ دین یا کسی اور غیر مجاز فرد کی طرف سے اس کام کو انجام دینے کی کوشش سراسر تجاوز ہے	 کسی عالم دینی یا کسی اور غیر مجاز فرد کی طرف سے اس کام کو انجام دینے کی کوشش سرہ سر تجاہ آفوز ہے۔
common_voice_ur_32053081.mp3	مائیکروسافٹ سکیوریٹی ایزنشل کی اپ ڈیٹس ونڈوز ایکس پی کی سپورٹ ختم ہونے کے ایک سال بعد تک ملتی رہیں گی	 میکروسپٹ سیکورٹی ایز انشلائر اپڈیٹ ونڈوز ایس پی کی سپورٹ ختم ہونے کے ایک سال بعد تک ملتی رہے گی
common_voice_ur_31975957.mp3	چاند اپنے جوبن پر تھا اور نورانی کرنیں ہر سو پھیل کر منظر کی لطافت کو مزید نکھار رہی تھیں	 چاند اپنے جوبن پر تھا اور نورانی کرنے ہر سو پھیل کر منظر کی لطافت کو مزید نکار رہی تھی۔
common_voice_ur_31925744.mp3	اب میں ان بر گر اور پیپسی خوروں کو کیسے سمجھاتا کہ میٹھا آملیٹ ہونے کے لئے سننا کوئی ضروری تھوڑی ہے	 اب میں ان برگر اور پیپسی خوروں کو کیسے سمجھاتا کہ میٹھا آملے بھونے کے لئے سننا کوئی ضروری تھوڑی ہے؟
common_voice_ur_32038546.mp3	ممبئی شوبزڈیسک بالی وڈ اداکار امیتابھ بچن اور شاہ رخ خان اب کسی بھی فلم میں ایک ساتھ نظر نہیں آئیں گے	 ممبائی شو بیس ڈیسک بالی ووڈ علاقار امیتہ بچن اور شاروک کان اب کسی بھی فلم میں ایک ساتھ نظر نہیں آئیں گے
common_voice_ur_32025867.mp3	سوال یہ ہےکہ قومی ادارے پر ایسےالزامات لگانے والوں کے خلاف ایکشن لینے کی بجائے وہ ہر ٹاپ سیکرٹ بریفنگ میں کیوں بلائےجاتے ہیں	 سوال یہ ہے کہ فمیداروں پر ایسے لعبہ لگانے والوں کے کلاس ایکشن لینے کے بجائے وہاں تاپ سیکریٹ پیشنگ میں کیوں بلائی رہتے ہیں؟
common_voice_ur_31981684.mp3	مائیکروسافٹ کے مشہور زمانہ آپریٹنگ سسٹم ونڈوز کا نیا ورژن اب کمپنی ویب سائیٹ پر پری آرڈر کے لیے دستیاب ہے	 میکروسوف کے مشہور زمانہ آپریٹنگ سسٹم ونڈوز کا نیا ورژن اب کمپنی ویب سائٹ پر ری آرڈر کے لیے دستیاب
common_voice_ur_31793434.mp3	قدرتی حسن کی دولت سے مالا مال ان علاقوں میں غر بت اور پس ماندگی سیاح کو غم زدہ کر دیتی ہے ۔	 قدرتی حسن کی دولت سے مالا مال ان علاقوں میں غربت اور پسمندگی سیاح کو غم زدہ کر دیتی ہے
common_voice_ur_31848995.mp3	اور ٹیم میں جگہ پکی ہونے کا خمار ان کھلاڑیوں کو اپنے اصل مقام سے دور لیے جا رہا ہے	 اور ٹیم میں جگہ پکی ہونے کا خمار ان کلاڑیوں کو اپنی اصل مقام سے دور لے جا رہا ہے
common_voice_ur_31823107.mp3	خیر اپنے موقف کو ثابت کرنے کے لئے میں نے میٹھے آملیٹ کے خدوخال اور پکانے کی ترکیب پر روشنی ڈالی	 خیر اپنے موقف کو ثابت کرنے کے لیے میں نے میٹھے آملیٹ کے پھدوکال اور پکانے کی ترقیب پر روشنی ڈالی
common_voice_ur_27849083.mp3	تازہ ترین تحقیق کے مطابق اب ایک ایسا طریقہ ایجاد کر لیا گیا ہے جس سے قسمت کو بدلہ جاسکتا ہے	 کازا ترین تحقیق کے مطابق اب ایک ایسا طریقہ اجاب کر لیا گیا ہے جس سے قسمت کو بدلا جا سکتا ہے
common_voice_ur_31793548.mp3	اس موضوع پر کی جانی والی ایک تحقیق کی مطابق اس بات کا غالب گمان موجود ہی کہ اپریل میں آنی والا	 اس موضوع پر کی جانے والی ایک تحقیق کے مطابق اس بات کا غالب گمان موجود ہے کہ اپریل میں آنی والا
common_voice_ur_32017277.mp3	چنانچہ فتویٰ اگر مخاطب کی پسند کے مطابق نہ ہو تو اکثر وہ اسے ماننے سے انکار کر دیتا ہے	 چنانچہ فتوہ اگر مخاطب کی پسند کی مطابق نہ ہو تو اکثر وہ اسے ماننے سے انکار کر دیتا ہے
common_voice_ur_32034448.mp3	جب میں پہلی جگہ یہاں آیا تھا تو مجھے بھی یقین نہیں آ رہا تھا کہ میں اسلام آباد ہی میں کھڑا ہوں ۔	 جب میں پہلی جگہ یہاں آیا تھا تو مجھے بھی یقین نہیں آ رہا تھا کہ میں اسلامباد میں ہی کھڑا ہوں
common_voice_ur_31951734.mp3	دوسرے اس موقع پر جب کوئی عالمِ دین کسی خاص واقعے کے حوالے سے اپنا قانونی فیصلہ صادر کرتا ہے	 دوسرے اس واقعے پر جب کوئی آنم دین کسی خاص واقعے کے حوالے سے اپنا قانونی فیصلہ سادر کرتا ہے
common_voice_ur_31902318.mp3	اٹھارہویں صدی میں قائم ہونے والے کوئٹہ کو آب و ہوا ماحول اور خوبصورتی کی وجہ سے انگریز لٹل لندن کہتے تھے	 اٹھارویں صدی میں قائم ہونے والے کوئٹا کو آب و ہوا محور اور خوبصورتی کی وجہ سے انگریز little london کہتے تھے۔
common_voice_ur_31891800.mp3	سوال و جواب کی ویب سائٹ کورا نے اعلان کیا ہے کہ ان کے لاکھ رجسٹرڈ صارفین کا ڈیٹا کنفرم ہوگیا ہے	 سوال جواب کی ویب سائٹ کورا نے اعلان کیا ہے کہ ان کے لاکھ ریجسٹرڈ سارفین کا ڈی این اے کنفرم ہو گیا ہے۔
common_voice_ur_38466954.mp3	ویسے یار میں سعودی میں ہوں۔ آ تو نہیں سکتا ہاں لیکن بہت بہت شکریہ ہم سب ہی کو انوائٹ کرنے کے لئے	 ویسے یار میں سعودی میں ہوں آ تو نہیں سکتا ہاں لیکن بہت بہت شکریہ ہم سبھی کو انوائٹ کرنے کے لیے
common_voice_ur_31793495.mp3	آج جب اللہ پاک بزرگ و برتر کے فضل و کرم سے پاکستان میں کرونا وائرس کا زور ٹوٹ رہا ہے	 آج جب اللہ پاک بزرگ و بہتر کے فضل و کرم سے پاکستان میں کرونا وائرس کا زور ٹوٹ رہا ہے
common_voice_ur_38429790.mp3	مجھے تو یہی سمجھ نہیں آرہا کہ جب یہ اتنے پیسے والے ہیں تو ایک اپارٹمنٹ رینٹ کر کے قدسیہ کو کیوں نہیں دے دیتے	 مجھے تو یہی سمجھ نہیں آ رہا کہ جب یہ اتنے پیسے والے ہیں تو ایک اپارٹمنٹ رینڈ کر کے کتسیا کو کیوں نہیں دے دیتے؟
common_voice_ur_32018789.mp3	اس ضمن میں جو بات میرے دل میں گھس گئی کہ قرآن مجید کو سب سے اوپر والی شیلف میں رکھا گیا تھا	 اس زمن میں جو بات میرے دل میں گھس گئی کہ قرآن مجید کو سب سے اوپر والے شرف میں رکھا گیا تھا
common_voice_ur_38441723.mp3	ان کی خواہش تہی کہ اپنی زندگی میں اردو کالج کی بنیاد رکھ دیں مگر قدرت کو یہ منظور نہ تھا	 ان کی خواہش تھی کہ اپنی زندگی میں اردو کالیج کی بنیاد رکھ دیں مگر قدرت کو یہ منظور نہ تھا
common_voice_ur_31960160.mp3	وقت گزرنے کے ساتھ ہر ہر کام میں نقص اور نکتہ چینی کرنا سسرال والوں کی عادت بن جاتی ہے	 وقت گزرنے کے ساتھ ہر کام میں نقص اور نکتہ چنی کرنا سسرار والوں کی عادت بن جاتی ہے
common_voice_ur_31998144.mp3	مگر دوسرے میچ میں قومی ٹیم کی متواتر ناکام کارکردگی نے زمبابوے کو جشن منانے کا موقع فراہم کردیا	 مگر دوسرے میچ میں قومی ٹیم کے متواتر ناکام کر کردگی نے زنبابے کو جشن منانے کا موقع فرام کر دیا
common_voice_ur_31841707.mp3	امريکا کی پہلی ڈیجیٹل کلاک کے بانی نے اسے اپنے کارخانے میں بنایا تھا اور اب اس کی فروخت کر دی گئی ہے	 امریکہ کے پہلے ڈیجٹل ٹاک کے بانی نے اسے اپنے کارخانے میں بنایا تھا اور اب اس کی فروت کر دی گئی ہے۔
common_voice_ur_38469846.mp3	ذرائع کے مطابق اجلاس میں سابق صدر آصف زرداری اور بلاول بھٹو سمیت پارٹی کی سینیئر قیادت بھی شریک رہی۔	 ذرائع کے مطابق اجلاس میں سابق حضر عاصف زرداری اور بلال بھٹا سمیت پارٹی کے سینئر قیادت بھی شریک تھی۔
common_voice_ur_41109342.mp3	انہوں نے کہا کہ سفارت خانے کا عملہ اپنی مرضی سے کام کرتا ہے اور انھیں کوئی پوچھنے والا نہیں ہے ۔	 انہوں نے کہا کہ سفارت خانے کا عملہ اپنی مرضی سے کام کرتا ہے اور انہیں کوئی پوچھنے والا نہیں ہے
common_voice_ur_32011828.mp3	ہم گاڑی سے اتر رہے تھے کہ گاڑی کے کلنڈر نے لسی سے بھری ہوئی تین بوتلیں ہمارے سپرد کر دیں ۔	 ہم گاڑی سے اتر رہے تھے کہ گاڑی کے کلنڈر نے لسی سے بڑی تین بوتلیں ہمارے سپورٹ کر دی۔
common_voice_ur_31809353.mp3	اور سوچتا رہا کہ کتنے خوش نصیب ہیں وہ مقامات جن کو ابھی تک انسان کےپاؤں نے نہیں روندا	 اور سوچتا رہا کہ کتنے خوش نصیب ہیں وہ مقامات جن کو ابھی تک انسان کے پاؤنے نہیں روندہ
common_voice_ur_38463703.mp3	لیکن ان سب کو ایک خاص قسم کا ماحول میسر تھا جس میں وہ جو چاہیں کر سکتے تھے۔	 لیکن اس میں سب کو ایک خاص قسم کا محل میں اثر تھا جس میں وہ جو چاہیں کر سکتے تھے۔
common_voice_ur_32042622.mp3	اگر اسے نفاذ سے محروم رکھا جائے تو اس کی حیثیت محض رائے اور نقطۂ نظر کی سی ہوتی ہے	 اگر اسے نفاظ سے محروم رکھا جائے تو اس کی حصیت ویز رائے اور نکتہ نظر کیسی ہوتی ہے
common_voice_ur_38440908.mp3	کابینہ کے وزیر تھریس کافی نے جمعرات کو سکائی نیوز کو بتایا کہ ’انخلا سے متعلق وزیراعظم بورس جانسن نے کوئی انفرادی فیصلہ نہیں کیا۔‘	 کابینہ کے وزیر تریس کافی نے جمعیرات کو سکائی نیوز کو بتایا کہ انخلاص متعلق وزیر آزم بورس جانسن نے کوئی انفرادی فیصلہ نہیں کیا۔
common_voice_ur_31823088.mp3	اللہ کے لیے اگلی بار اس پارٹی کو ووٹ دو جس میں خاندانی سیاست کی بجائے میرٹ دیکھا جاتا ہے	 اللہ کے لئے اگلی بار اس پارٹی کو ووٹ دو جس میں خاندانی سیاست کی بجائے میرٹ دیکھا جاتا ہے
common_voice_ur_26703815.mp3	اس مرتبہ کرک نامہ سے غیر حاضری کچھ زیادہ ہی طویل ہوگئی ہے جس کا سبب ذاتی مصروفیت تھی	 اس مرتبہ کرک نامہ سے غیر حاضری کچھ زیادہ ہی طویل ہو گئی ہے جس کا سبب ذاتی مصروفی تھی۔
common_voice_ur_31790550.mp3	جبکہ اس میچ میں دیگر بیٹسمین اور خاص طور پر پاکستان کا ٹاپ آرڈر بری طرح ناکام ہوا تھا	 جبکہ اس میچ میں دیگر بیٹسمن اور خاص طور پر پاکستان کا ٹاپ آرڈر بری طرح ناکام ہوا تھا
common_voice_ur_41126390.mp3	پانی جیسے ہی نل سے نکلتا تو یوں لگتا کہ اس میں سفید رنگ کی جھاگ ملی ہوئی ہے	 پانی جیسے ہی نل سے نکلتا تو یوں لگتا کہ اس میں سفید رنگ کی جھاگ ملی ہوئی ہے
common_voice_ur_31918705.mp3	اب پرانے وقتوں کی طرح نہ تو ایک دوسرے کا خیال رکھنے کی عادت رہی ہے اور نہ ہی دلوں میں گنجائش	 اپنے گوتوں کی طرح نہ تو ایک دوسرے کا خیال رکھنے کی عادت رہی ہے اور نہ ہی دلوں میں گنجائش
common_voice_ur_38469578.mp3	شاید کوئی روشن دانشور ایسا مکالمہ لکھے کہ پلاسٹک بیگ سے تباہی قومی سلامتی کا ایشو بن رہا ہے۔	 شاید کوئی روشن دانشور ایسا مقالمہ لکھے کہ پلاسٹک بیگ سے تباہی قومی سلامتی کا ایشو بن رہا ہے
common_voice_ur_31978407.mp3	ان کی کسی تحقیق یا اجتہاد کو جب عدلیہ یا پارلیمنٹ قبول کرے گی تو وہ قانون قرار پائے گا	 ان کی کسی تحقیق یا اجتحاد کو جب عدلیہ یا پارلیمنٹ قبول کرے گی تو وہ قانون قرار پائے گا
common_voice_ur_38431244.mp3	لیکن اس صورتحال کے باوجود بہت سے ایسے موضوعات ہیں جن پہ خاطر خواہ اظہار خیال سراسر ناممکن ہے۔	 لیکن اس صورتحال کے باوجود بہت سے ایسے موضوعات ہیں جن پہ خاطر ہوا اظہار خیال سراسر ناممکن ہے۔
common_voice_ur_31932725.mp3	ٹام میری کی پارٹی میں شامل تو ہونا چاہتا تھا مگر بدقسمتی سے اسے کچھ اور ضروری کام تھے۔	 ٹوم میری کی پارٹی میں شامل تو ہونا چاہتا تھا مگر بدقسمتی سے اسے کچھ اور ضروری کام تھے۔
common_voice_ur_28900844.mp3	وہ فوج جس کا کام سرحدوں کی حفاظت ہے اس نے ملک میں بڑے بڑے کاروبار شروع کر رکھے ہیں	 وہ فوج جس کا کام سرحدوں کی حفاظت ہے اس نے ملک میں بڑے بڑے کاروبار شروع کر دی رکھے ہیں
common_voice_ur_38446811.mp3	سوال کیا کہ جی ٹی روڈ مارچ کی شکل میں نواز شریف کس کے خلاف احتجاج کرنا چاہتے ہیں۔	 سوال کیا کہ جیٹی روڈ مارچ کی شکل میں نواز شریف کس کے خلاف اتجاج کرنا چاہتے ہیں؟
common_voice_ur_41153051.mp3	صبح صادق سے فائرنگ کی آوازیں آتی ہیں ایسا محسوس ہوتا ہے جیسے کہ دو دشمنوں کے درمیان جنگ چھڑ گئی	 صبح صادق سے فائرنگ کی آوازیں آتی ہیں ایسا محسوس ہوتا ہے جیسے کہ دو دشمنوں کے درمیان جنگ چھڑ گئی
common_voice_ur_31835527.mp3	جب گاڑی نے ہماری منزل پر آ کر بریک لگائی تو سب نے نیک خواہشات کے ساتھ ہمیں الوداع کیا	 جب گاڑی نے ہماری منزل پر آ کر پریک لگائی تو سب نے نیک وحشات کے ساتھ ہمیں الودا کیا
common_voice_ur_38450056.mp3	سوشل میڈیا پر بحث کا بازار گرم ہے اور لوگ حسب توفیق اس میں اپنا حصہ ڈال رہے ہیں۔	 سوشل میڈیا پر بحث کا بازار گرم ہے اور لوگ حج پہ توفیق اس میں اپنا حصہ ڈال رہے ہیں۔
common_voice_ur_32030072.mp3	اس دوران انھوں نے نہ صرف گلگت بلستان اور اسلام آباد کی سیاحت کی بلکہ انھوں نے لاک ڈاون میں وقت بھی گزرا۔	 اس دوران انہوں نے نہ صرف بلکستان اور اسلامباد کی سیاحت کی بلکہ انہوں نے لوگ ڈاؤن میں وقت بھی تجارہ
common_voice_ur_38455999.mp3	چند نظموں اور غزلوں کی اصلاح کے بعد داغ دہلوی نے یہ لکھ دیا کہ آپ کو مزید اصلاح کی ضرورت نہیں ہے	 چند نظموں اور غزلوں کی اصلاح کے بعد داغ دہلوی نے یہ لکھ دیا کہ آپ کو مزید اصلاح کی ضرورت نہیں ہے۔
common_voice_ur_31976060.mp3	ذمرہ فوج چھ ستمبر کی جنگ میں شہید ہونے والوں کی قبروں پر آج بھی پھول چڑھائے جا رہے ہیں	 زمرا فوج 6 ستمبر کی جنگ میں شہید ہونے والے کے قبر پر آج بھی پھول چڑھائے جا رہے ہیں
common_voice_ur_31823022.mp3	ہر پارٹی کا کہنا ہے کے وہ ملک کی خدمت کرنا چاہتی ہے اور جتنی خدمات وہ کرر ہی ہیں سب جانتے ہیں	 اور پارٹی کا کہنا ہے کہ وہ ملک کی خدمت کرنا چاہتی ہے اور جتنی خدمات وہ کر رہی ہیں سب جانتے ہیں
common_voice_ur_38415524.mp3	میں نے اپنی لاسٹ پوسٹ میں کہا تھا، کہ ہماری ٹیم جیت تو رہی ہے مگر اس میں چمپینز بننے والی کوالٹی نہیں	 میں نے اپنی لاسٹ پوسٹ میں کہا تھا کہ ہماری ٹنگ جیت تو رہی ہے مگر اس میں چیمپئنز بننے والی کوالٹی نہیں
common_voice_ur_31975067.mp3	جب غیر مجازافراد سے صادر ہونے والے قانونی فیصلوں کو حکومتی سرپرستی کے بغیر نافذ کرنے کی کوشش کی جاتی ہے	 جب غیر مجاز افراد سے سادر ہونے والے قانونی فیصلوں کو حکومتی سرپرستی کے بغیر نافذ کرنے کی کوشش کی جاتی ہے
common_voice_ur_38479671.mp3	نہیں فخر کے الفاظ ملتے ہیں کہ انھوں نے کہا کہ ہمیں اپنے خاندان پر فخر ہے لیکن تکبر کبھی نہیں کیا	 نئی فخر کے الفاظ ملتے ہیں کہ انہوں نے کہا کہ ہمیں اپنے ہاندان پر فخر ہے لیکن تکبر کبھی نہیں کیا
common_voice_ur_31902844.mp3	لیکن جہاز سے چھلانگ ر اور شوٹ کھل کے وقفہ کے ان جسطرح زندہ کی فلم آپ کی آنکھوں کے سام چلتی ہے	 لیکن جہاں سے چھلانگ وہ شوٹ کل کے وقت کے جس طرح زندہ کے فلم آپ کے آنکھوں کے سامنے چلتی ہے۔
common_voice_ur_38444537.mp3	اس وقت ہمارے لبرل دوست تنقید کرتے تھے کہ دہشت گردوں سے مذاکرات کیوں کئے جا رہے ہیں؟	 اس وقت ہمارے لبرل دوست تنقید کر دیتے ہیں کہ دہشت گھردوں سے مذاکرات کیوں کیا جا رہے ہیں۔
common_voice_ur_31834907.mp3	جس کے سبب لکھنے کو من نہ کیا کیونکہ پاکستان کی شکست تو صاف دکھائی دے رہی تھی ۔	 جس کے سبب لکھنے کو من نہ کیا کیونکہ پاکستان کی شکست تو صاف دکھائی دے رہی تھی
common_voice_ur_31823190.mp3	یوں ہم پکے مسلمان ہوگئے بلکہ کچھ کچھ حافظ جی بھی کہ کچھ آیات زبانی یاد تھیں اور کئی کے ترجمے بھی	 کیوں ہم پکے مسلمان ہو گئے بلکہ کچھ کچھ حافظ جی بھی کے کچھ آیات زبانی یاد تھیں اور کئی کے ترجمے بھی
common_voice_ur_31967638.mp3	جس کا بجٹ زیربحث نہ لایا جا سکے ، جس نے ملکی قیادت پر کئی بار شب خون مارا ہو	 جس کا بجٹ زیر بہت نہ لائے جا سکے جس نے ملکی قیادت پر کئی بار شب خون مارا ہو
common_voice_ur_31814073.mp3	سی پیک کے تحت شراکت داری میں خدمات فراہم کرنے چینی لا فرم کا وفد پاکستان پہنچ گیا	 سی پیک کے تحت شراکت داری میں خدمات فرام کرنے چینی لا فہم کا وقت پاکستان پہنچ گیا
common_voice_ur_38462695.mp3	سیاست میں مذہب سے راہنمائی لینا اور سیاسی مفادات کے لیے مذہب کو استعمال کرنا دو الگ باتیں ہیں۔	 سیاست میں مذہب سے رہنمائی لینا اور سیاسی مفادات کے لیے مذہب کو استعمال کرنا دو الگ باتیں ہیں
common_voice_ur_38442703.mp3	اس وقت حکمران طبقے کو حیرت ہے کہ آسودہ حال لوگ دھرنے کی بات کیوں کر رہے ہیں؟	 اس وقت حکمران طبقے کو حیرت ہے کہ آسودہ حال لوگ دھرنے کی بات کیوں کر رہے ہیں۔
common_voice_ur_31813277.mp3	کیونکہ قومی ٹیم کی خامیاں جنوبی افریقہ اور سری لنکا کے خلاف مصیبتوں کا پھندہ بن سکتی ہیں ۔	 کیونکہ قومی ٹیم کی خامیات جنوبی افریقہ اور سری لنکا کے خلاف مسیبتوں کا پھندہ بن سکتی ہیں۔
common_voice_ur_31827187.mp3	ویب ڈیسک اسلام آباد پولیس نے تو مددگار روبوٹ تیار بھی کرلیا جو سب کی مدد کرے گا	 پیپ ڈسکس اسلام آباد پلس نے تو مددکار روبوٹ تیار بھی کر لیا جو سب کی مدد کرے گا
common_voice_ur_38480432.mp3	"نواز شریف صاحب اگر مسلم ہائے لیگ کو ایک مسلم لیگ نہیں بنا سکتے تو اس کی "" ہائے ہائے "" کو تو غیر موثر بناسکتے ہیں۔"	 نواز شریف صاحب اگر مسلم ہائی لیگ کو ایک مسلم لیگ نہیں بنا سکتے تو اس کی ہائی ہائی کو تو غیر مؤثر بنا سکتے ہیں۔
common_voice_ur_41119179.mp3	اور کیا یہی مینہ کسی ہل چلا کر تیار کیئے گئے کھیت پر برسے گا تو رحمت نہیں بنے گا	 اور کیا یہی مینا کسی حل چلا کر تیار کی اگر کھیت پر برسے گا تو رحمت نہیں بنے گا؟
common_voice_ur_31923454.mp3	جنہیں وینٹیلیٹر چلانا تو کیا نام بھی صحیح طرح لینا نہیں آتا وہاں پر بنائی گئی ویڈیو بھی موجود ہیں	 جنہیں ونٹیلیٹر چلانا تو کیا نام بھی صحیح طرح لینا نہیں آتا وہاں پر بنائی گئی ویڈیو بھی موجود ہیں
common_voice_ur_28900839.mp3	مائیکروسافٹ کا مؤقف ہے کہ صارفین کو جدید آپریٹنگ سسٹم پر منتقل ہونے میں دیر نہیں کرنی چاہیے	 میکروسوفٹ کا موقف ہے کہ صرفین کو جدید آپریٹنگ سسٹم پر منتقل ہونے میں دیر نہیں کرنی چاہیے۔
common_voice_ur_31846782.mp3	امیر محترم نے فیصلہ کیا کہ پہلے ایک آملیٹ چاٹ مصالحہ ڈال کر بنایا جائے اور اسے چیک کیا جائے	 امیر محترم نے فیصلہ کیا کہ پہلے ایک آملیٹ چاٹ مسالہ ڈال کر بنانا چاہیے اور اسے چیک کیا جائے
common_voice_ur_31847379.mp3	بلکہ طالبِ علمانہ لب و لہجے میں محض علم و استدلال کی بنا پر اپنا نقطۂ نظر پیش کیا جائے گا	 بلکہ طالب علمانہ لب و لہجے میں مہر علم و استدال کی بنیاد پر اپنا نکتہ نظر پیش کیا جائے گا
common_voice_ur_31794071.mp3	سائنس دانوں کا کہنا ہے کہ خواتین اپنے ہم عمر مردوں کے مدمقابل تین سال زیادہ جوان رہتی ہے	 سائنسدانوں کا کہنا ہے کہ ہواتین اپنے ہام عمر مردوں کے مت مقابل تین سال زیادہ جوان رہتی ہے۔
common_voice_ur_31951710.mp3	مردم شماری کے نتائج کے مطابق چین میں عمر رسیدہ افراد کی آبادی میں تیزی سے اضافہ ہو رہا ہے	 مردم شماری کے نتائج کے مطابق چین میں عمر اسیدہ افراد کی عبادی میں تیزی سے اضافہ ہو رہا ہے
common_voice_ur_38465965.mp3	بہت زیادہ بلندی کی وجہ سے آکسیجن کی کمی ہو جاتی ہے۔ جو اوپر چڑھنے والوں کی مشکلات میں اضافہ کر دیتی ہے	 بہت زیادہ بلندی کی وجہ سے اکسجن کی کمی ہو جاتی ہے جو اوپر چڑھنے والوں کی مشکلات میں اضافہ کر دیتی ہے
common_voice_ur_32014447.mp3	میں خود ایک مہینے تک اس بیماری کا شکار رہا ہوں ۔سمجھ ہی نہیں آتی کیا ہو رہا ہے۔	 میں خود ایک مہینے درگز بیماری کا شکار رہا ہوں سمجھ ہی نہیں آتی کیا ہو رہا ہے
common_voice_ur_31834883.mp3	سامنے چیڑ کے نوکیلے پتوں والے دراز قد درخت اس نورانی منظر میں کسی سائے کی طرح معلوم ہوتے تھے	 سامنے چیڑ کے نوکیلے پتوں والے دراز کا درخت اس نورانی منزل میں کسی سائی کی طرح معلوم ہوتے تھے
common_voice_ur_31824329.mp3	ایک جاپانی تھنک ٹینک نے واضح کیا ہے کہ جیسے جیسے امريکا مصنوعی ذہانت آرٹیفیشل انٹیلی جنس کے میدان میں مشہور ہو رہا ہے	 ایک جاپانی تھنک ٹینک نے واضح کیا ہے کہ جیسے جیسے امریکہ مصنوعی ذہانت آرٹیفیشل انٹیلیجنس کے میدان میں مشہور ہو رہا ہے۔
common_voice_ur_31828785.mp3	ویس تو یہ کوئی عالم ریکارڈ نہیںلی بستر سے اٹھ کر اچانک میل بھاگ لی بھی کوئی اتنا آسان کام نہیں	 ویسے تو یہ کوئی عالم ریکارڈ نہیں بھی بستر سے اٹھ کر اچانک میل بھاگ لی بھی کوئی اتنا آسان کام نہیں
common_voice_ur_38506012.mp3	اسٹریلیا نے سری لنکا کے خلاف ٹی ٹوئنٹی کرکٹ میں سب سے زیادہ رنز بنانے کانیا ریکارڈ قائم کردیا	 اسٹریلیا نے سلونکا فن کی لاکھ ٹوئنٹی کرکٹ میں سب سے زیادہ رنگز بنانے کا ریکارڈ بن کیا
common_voice_ur_31972749.mp3	نئی دہلی دسمبر سیاست ڈاٹ کام بھارت نے پاکستان میں میچز کھیلنے کی دعوت قبول کر لی ہے	 نئی دلی دسمبر سیاست تارٹ کام بھارت نے پاکستان میں میچز کھیلنے کی دعوت قبول کر لی
common_voice_ur_30663299.mp3	اگر آپ اس وقت ونڈوز استعمال کر رہے ہیں تو آپ کو یہ نیا ورژن خریدنے کی ضرورت نہیں	 اگر آپ اس وقت ونڈوز استعمال کر رہے ہیں تو آپ کو یہ نیا ورژن خریدنے کی ضرورت نہیں
common_voice_ur_38476449.mp3	مجھے اس کی اسٹوری کی کوئی سمجھ نہیں آ رہی پھر بھی میں سب سے زیادہ اس ڈرامے سے انٹرٹین ہوتی ہوں	 مجھے اس کی سٹوری کی کوئی سمجھ نہیں آ رہی پھر بھی میں سب سے زیادہ اس ڈرامے میں انٹرٹین ہوتی ہوں
common_voice_ur_38443674.mp3	یار یہ بات غلط ہے۔۔۔ جیسے ہی پاکستان میچ ہارتا ہے سب لوگ میچ فکسنگ اور جانے کیسے کیسے الزام لگاتے ہیں	 یار یہ بات غلط ہے جیسے ہی پاکستان میچ ہارتا ہے سب لوگ میچ فکسنگ اور جانے کیسے کیسے الزام لگاتے ہیں
common_voice_ur_31793038.mp3	اور جب ایک ہی جیسا مینہ آسماں سے برستا ہے تو کہیں رحمت بن جاتا ہے اور کہیں زحمت مگر کیوں	 اور جب ایک ہی جیسا مینا آسمان سے برستا ہے تو کہیں رحمت بن جاتا ہے اور کہیں سہمت مگر کیوں؟
common_voice_ur_38432126.mp3	سیکولر لوگوں کا یہ نقطہ نظر خالصتا مذہبی ہے جو دین کو ظاہری حلیے کے حوالے سے دیکھتے ہیں۔	 سیکیولر لوگوں کا یہ نکتہ نظر خالص تن مذہبی ہے جو دین کو ظاہری غلیہ کے حوالے سے دیکھتے ہیں۔
common_voice_ur_31973198.mp3	ممبئی بالی ووڈ اداکار سنجے دت کی بیٹی تریشالا دت نے کہا ہے کہ ان کا بالی ووڈ میں کام کرنے کا ارادہ ہے	 ممبئی بولی ورڈ ادھرکار سنجیدت کی بیٹی تریشالا دت نے کہا ہے کہ ان کا بولی ورڈ میں کام کرنے کا ارادہ ہے۔
common_voice_ur_38454748.mp3	سیاسی جدوجہد، مسلح اقدام اور سفارت کاری، کسی کا کوئی نتیجہ نہیں نکل سکا بے چینی بڑھ رہی ہے۔	 سیاسی جدوجہد مسلح اقدام اور سفارتکاری کسی کا کوئی نتیجہ نہیں نکل سکا بیچینی بڑھ رہی ہے
common_voice_ur_31834269.mp3	ان کا پلان ھے کہ دو ہزار تیرہ تک روزانہ تیل کی تیرہ لاکھ بیرل تک کی پیداوار کم کر دی جائے	 ان کا پلان ہے کہ دو ہزار تیرہ تک روزانہ تیل کی تیرہ لاکھ بیرل تک کی پیداوار کم کر دی جائے
common_voice_ur_38458484.mp3	اگر کسی کو مسلسل برا بھلا کہا جائے تو یہ بھی اسی طرح ہے نتائج پیدا کرے گا	 اگر کسی کو مسلسل برا بلا کہا جائے تو یہ بھی اسی طرح ہے نتائج پیدا کرے گا
common_voice_ur_31975124.mp3	کہ نبی صلی اللہ علیہ وسلم کا یہ ارشاد اپنے ایک عمل کی دلیل کے طور پر تھا	 کہ نبی صلی اللہ علیہ وآلہ وسلم کا یہ ارشاد اپنے ایک عمل کی دلیل کے طور پر تھا
common_voice_ur_31961841.mp3	زندگی کی مصروفیات اور مختلف مسائل انسان کو نہ صرف جسمانی بلکہ ذہنی طور پر بھی تھکا دیتے ہیں	 زندگی کی مصروفیات اور مختلف مسائل انسان کو نہ صرف جسمانی بلکہ ذہنی طور پر بھی دکھا دیتے ہیں۔
common_voice_ur_32202123.mp3	سوچنے کی بات یہ ہے کہ ہم ریاست مدینہ جیسی اصطلاحوں کا استعمال اتنی آسانی سے کیسے کرتے ہیں؟	 سوچنے کی بات ہے کہ ہم ریاست مدینہ جیسی اسطلاحوں کا استعمال اتنی آسانی سے کیسے کرتے ہیں؟
common_voice_ur_31814386.mp3	یِہ دوران یَہاں طرح طرح کا پرندہ دُوسْرا جگہ سے نقل مکانی کرکہ آنا ہونا جو یَہاں کا طبعی حسن کو دوبالا کرنا دینا ہونا	 یہ دولان یہاں ترہ ترہ کا پرندہ دوسرا جگہ سے نکل مکانی کر کے آنا ہونا جو یہاں کا طبعی حسن کو دوبالہ کرنا دینا ہونا
common_voice_ur_31828915.mp3	یہ نہیں کہا جائے گا کہ زید کی طرف سے دی گئی ایک وقت کی تین طلاقیں واقع ہو گئی ہیں	 یہ نہیں کھا جائے گا کہ زید کی طرف سے دی گئی ایک وقت کی تین طلاقیں واقع ہو گئیں ہیں
common_voice_ur_38499164.mp3	"سیکولرازم کو حال ہی میں پیارے ہونے والے ''نیو سیکولر دوست"" یہ سوال اٹھاتے ہیں کہ نظریہ پاکستان ہے۔"	 سیکلورزم کو حال ہی میں پیارے ہونے والے نیو سیکلور دوست یہ سوال اٹھاتے ہیں کہ نظریہ پاکستان ہے
common_voice_ur_38478707.mp3	سیدنا عمرؓ نے فرمایا: یا رسول اﷲﷺ کیا میں اسے قتل کر دوں ارشاد ہوا: اگر وہ دجال ہے۔	 سیدنا عمر رضی اللہ عنہ نے فرمایا یا رسول اللہ صلی اللہ علیہ وآلہ وسلم کیا میں اسے قتل کر دوں ارشاد ہوا اگر وہ تجال ہے
common_voice_ur_38430550.mp3	لیکن اس تماشے سے اچھائی کا پہلو یہی نکلا ہے کہ آئندہ کیلئے یہ پیچیدہ مسئلہ تو حل ہوا۔	 لیکن اس تماشے سے اچھائی کا پہلو یہی نکلا ہے کہ آئندہ کے لئے پیچیدہ مسئلہ تو حل ہوا۔
common_voice_ur_32036437.mp3	جب دوستوں سے بات کی تو اچھا جواب ملا اور پروگرام طے ہو گیا کہ آدھےگھنٹے میں نکلنا ہے ۔	 دوسرے سے بات کی تو اچھا جواب ملا پروگرام تیہ ہو گیا کہ آدھے گھنٹے میں نکلنا ہے
common_voice_ur_31927164.mp3	زیورخ سائنس دان ایسے روبوٹ بنانے میں کامیاب ہوگئے ہیں جو انسانی آنکھ سے غائب ہونے کی صلاحیت رکھتے ہیں	 زیور سائنز آن ایسی روبوٹ بنانے میں کامیاب ہو گئے ہیں جو انسانیات سے گائیب ہونے کی صلاحیت رکھتے ہیں۔
common_voice_ur_31954030.mp3	اور حضرت صفیہ رضی اللہ عنہا رات کے وقت آپ صلی اللہ علیہ وسلم سے ملنے کے لیے آئی تھیں	 اور حضرت صفیہ رضی اللہ عنہ رات کے وقت آپ صلی اللہ علیہ وآلہ وسلم سے ملنے کے لئے آئی تھی۔
common_voice_ur_31903077.mp3	میں سوچ رہا تھا کہ اگر یہ جگہ اتنی خوب صورت ہے تو جنت کیسی ہو گی	 میں سوچ رہا تھا کہ اگر یہ جگہ اتنی خوبصورت ہے تو جنت کیسے ہوگی؟
common_voice_ur_38458451.mp3	شروع دنوں سے ہی پاکستان کا بنیادی مسئلہ وسائل کی کمی کا نہیں‘ قیادت کے فقدان کا رہا ہے۔	 شروع دنوں سے ہی پاکستان کے بنیادی مسئلہ وسائل کی کمی کا نہیں قیادت کے فقدان کر رہا ہے۔
common_voice_ur_38467321.mp3	اس کو اگر قبول کر لیا جائے تو دنیا میں کوئی سماجی نظم قائم ہو سکتا ہے۔	 اس کو اگر قبول کر لیا جائے تو دنیا میں کوئی سماجی نظم قائم ہو سکتا ہے۔
common_voice_ur_38443648.mp3	اس میں یہ سمجھ نہیں آ رہا تھا کہ لوگ گفٹ دل سے دے رہے تھے یا رشوت دے رہے تھے	 اس میں یہ سمجھ نہیں آ رہا تھا کہ لوگ گفت دل سے دے رہے تھے یا رشوت دے رہے تھے
common_voice_ur_31978025.mp3	اور پوری روایت لینے کے بجائے باب کی مناسبت سے مکالمے کا ایک جز لے لیا ہے	 اور پوری روایت لینے کی وجہ باب کی مناسبت سے مقالمے کا ایک جز لے لیا ہے
common_voice_ur_31961897.mp3	حالانکہ وہ لڑکی وہی ہوتی ہے جسے کبھی ساس صاحبہ چندے آفتاب اور چندے ماہتاب کہا کرتی تھیں	 حالانکہ وہ لڑکی وہی ہوتی ہے جسے کبھی ساتھ صاحبہ چندے آفتاب اور چندے ماہتاب کہا کرتی تھی۔
common_voice_ur_38458934.mp3	ان کی مجلس میں مسلسل بیٹھنے سے یہ معلوم ہوا کہ انسان اصلا ایک اخلاقی وجود ہے۔	 ان کی مجلس میں مسلسل بیٹھنے سے یہ معلوم ہوا کہ انسان اصلا ایک اخلاقی وجود ہے۔
common_voice_ur_38471094.mp3	اس میں ان طبقات کی بھی نمائندگی ہو جنہیں نظر انداز کیے جا نے کا گلہ ہے۔	 اس میں ان طبقات کی بھی نمائندگی ہو جنہیں نظرانداز کیا جانے کا گلہ ہے۔
common_voice_ur_31798329.mp3	گر اس مضمون کو آپ نے کچھ دیر قبل بنایا ہے اور ابھی ظاہر نہیں ہو رہا ہے	 گر اس مضمون کو آپ نے کچھ دیر قبل بنایا ہے اور ابھی ظاہر نہیں ہو رہا ہے
common_voice_ur_38458296.mp3	اس میں سیاسی جماعتوں، اہل دانش، پڑھے لکھے لوگوں کے ساتھ ہم میڈیا والے برابر کے شریک ہیں۔	 اس میں سزاسی جماعتوں اہل دانش پڑھے لکھے لوگوں کے ساتھ اور میڈیا والے برابر کی شریف ہیں
common_voice_ur_31975760.mp3	پھر آڈیو یعنی ص سفر اور بعد آز ویڈیو نے آکر ویب کی دنیا میں چارہ چاند لگا د	 پھر آڈیو یینی ساتھ سفر اور بعد آز ویڈیو نے آکر ویب کی دنیا میں چارہ چاند لگاتے ہیں
common_voice_ur_38412029.mp3	اس سے بڑھ کر، عدالتوں کے فیصلوں پر بھی اجتماعی دانش اپنا فیصلہ سنانے میں آزاد ہے۔	 اس سے بڑھ کر عدالتوں کے فیصلوں پر بھی اجتماعی دانش اپنا فیصلہ سنانے میں ازاد ہے
common_voice_ur_38451578.mp3	سابق ٹیسٹ کرکٹر نے بھی کہا تھا کہ ڈپارٹمنٹ کرکٹ ختم کر کے کھلاڑیوں کو پارٹ ٹائم کرکٹر بنادیا ہے۔	 ثابت ٹیس کرکٹر نے بھی کہا تھا کہ ڈپارٹمنٹ کرکٹ ختم کر کے کھلاڑیوں کو پارٹ ٹیم کرکٹر بنا دیا ہے۔
common_voice_ur_31823338.mp3	دوسری اننگز میں بنگلہ دیشی بلے بازوں نے پاکستانی بالروں کو اڑھے ہاتھوں لے لیا پر کوئی بھی اوٹ نہیں	 دوسری اننگز میں بنگلہ دیشی بلے بازوں نے پاکستانی بالزوں کو اڑے ہاتھوں لے لیا پر کوئی بھی آؤٹ نہیں
common_voice_ur_31834248.mp3	زمبابوے کے خلاف پہلا ٹیسٹ پاکستانی ٹیم نے یونس خان کی غیر معمولی اننگز کی بدولت جیتا تھا ۔	 زنبابے کے خلاف پہلا ٹیسٹ پاکستانی ٹیم نے یونس خان کی غیر معمولی اننکس کے بدولت جیتا تھا۔
common_voice_ur_31948516.mp3	بلکہ یہ کہا جائے گا کہ فلاں آدمی کا فلاں نقطۂ نظر اسلام کے دائرے میں نہیں آتا	 بلکہ یہ کہا جائے گا کہ فلان آدمی کے فلان نقص نظر اسلام کے دائرے میں نہیں آتا
common_voice_ur_32035180.mp3	برطانیہ امریکہ پاکستان سمیت دنیا کے کئی ممالک میں گیمنگ کو عالمی سطح پر پروموٹ کیا جا رہا ہے	 برطانیہ، امریکہ، پاکستان میں دنیا کے کئی ممالک میں گیمنگ کو عالمی سطح پر پرموٹ کیا جا رہا ہے۔
common_voice_ur_38422567.mp3	اس پس منظرکو سامنے رکھتے ہوئے وہ عالم اسلام اور پاکستان کے باہمی تعلق کو بیان کرتے ہیں۔	 اس پنس منظر کو سامنے رکھتے ہوئے وہ آرم اسلام اور پاکستان کے باہمی تعلق کو بیان کرتے ہیں۔
common_voice_ur_32008593.mp3	اور جنہیں متبادل قرار دیا جا رہا ان کے خود تبدیل ہونے کا وقت آ گیا ہے ۔	 اور جنہیں متبادل قرار دیا جا رہا ہے ان کے خود تبدیل ہونے کا وقت آ گیا ہے۔
common_voice_ur_31829240.mp3	ممبئی سی این این سالہ ازدواجی زندگی کے بعد ارجن رامپال اور مہر جسیہ نے علیحدگی سے متعلق خبروں کع مسترد کردیا ہے	 ممبئی سین این سالانہ ازباجی زندگی کے بعد ارجنس رامپال اور مہد جسیہ کی الیڈگی سے متعلق خبروں کو مسترد کر دیا ہے۔
common_voice_ur_32009519.mp3	ممبئی پولیس نے درست درازی کے الزامات پر بالی وڈ کے ویٹرن اداکار الوک ناتھ کے خلاف مقدمہ خارج کردیا ہے	 ممبئی پولیس نے درست درازی کے الزامات پر بولیوڈ کے ویٹرن اداکار الوک ناکھ کے خلاف مقدمہ خارج کر دیا ہے۔
common_voice_ur_38457489.mp3	اسی طرح جدید قومی ریاست کے تقاضوں کو بھی بڑی حد تک پیش نظر رکھا گیا ہے۔	 اسی طرح جدید قومی ریاست کے تقاضی کو بھی بڑی حد تک پیش نظر رکھا گیا ہے
common_voice_ur_37882163.mp3	اب کی بار نیب عدالت میں فرد جرم سننے کے لئے پیش ہوئے تو عجیب منظر تھا۔	 اب کی بار نئے بدالت میں فرد جرم سننے کے لئے پیش ہوئے تو عجیب منظر تھا
common_voice_ur_38472603.mp3	لیکن اس شام جہاں کہیں بھی بیٹھیں یہ یقین کیسے ہو گا کہ جو چیز استعمال ہو رہی ہے۔	 لیکن اس شام جہاں کہیں بھی بیٹھیں یہ یقین کیسے ہوگا کہ جو چیز استعمال ہو رہی ہے؟
common_voice_ur_31846750.mp3	جیسا کہ دوسرے ممالک میں بھی ہے کہ ٹرین چلانے کیلئے تقریبا بجلی ہی استعمال کی جارہی ھے	 جیسا کہ دوسرے ممالک میں بھی ہے کہ ٹرین چلانے کے لیے تقریباً بجلی ہی استعمال کی جا رہی ہے۔
common_voice_ur_32001561.mp3	حکومت پاکستان کی بہترین حکمت عملی کی بنیاد پر ملکی خزانے میں ارب روپے کا اضافہ ہوگیا ہے	 حکومت پاکستان کی بہترین حکمت عملی کی بنیاد پر ملکی خزانے میں عرب روپے کا اضافہ ہو گیا ہے۔
common_voice_ur_31830043.mp3	ايسے تمام لوگوں کو سلام ہے جو اپنی جان کو خطرے میں ڈال کر عوام کی حفاظت کر رہے ہیں۔	 ایسی تمام لوگوں کو سلام ہے جو اپنی جان کے خطرے میں ڈال کر عوام کی فاظت کر رہے ہیں
common_voice_ur_31970405.mp3	ملتان شوبز ڈیسک امریکا کی مقبول ترین فیشن ماڈل جی جی حدید کا کہنا ہے کہ وہ جتنی ڈچ ہیں	 ولطان شعب اسٹس امریکہ کی مطبول ترین فیشن موڈل جی جی حدیث کا کہنا ہے کہ وہ جتنی ڈچ ہیں۔
common_voice_ur_38468017.mp3	اس سے پہلے جب تک آئین سازی کے مراحل درپیش رہے، تب ان کا ایک کردار تھا۔	 اس سے پہلے جب تک آئین سازی کے مراحل درپیش رہے تب ان کا ایک کردار تھا
common_voice_ur_32011742.mp3	ممبئی بالی ووڈ کے شہنشاہ امیتابھبچن کی صاحبزادی شویتا بچن نے اپنی بھابھی ایشوریا کے بارے ایک راز اگل دیا ہے	 ممبئی بالی وڈ کے شہنشاہ امیتہ بچن کی صاحب زادی شویتہ بچن نے اپنی بھاوی اشوریہ کے بارے ایک راز اکل دیا ہے۔
common_voice_ur_31834996.mp3	مگر کھلاڑیوں نے زمبابوے کے ہاتھوں رسائی کی داستان تحریر کر کے واٹمور کو مشکل میں ڈال دیا ہے	 مگر کلانیوں نے زمباوے کے ہاتھوں رسائی کی داستان تحریر کر کے وارٹ مور کو مشکل میں ڈال دیا ہے
common_voice_ur_41157147.mp3	سینیٹ کے انتخابات بتا رہے ہیں کہ ہماری سیاسی جماعتیں اس معاملے میں بحیثیت مجموعی ناکام ثابت ہوئی ہیں۔	 سینٹ کے انتخابات بتا رہے ہیں کہ ہماری سیاسی جماعتیں اس معاملے میں بحیثیت مجموعی ناکام ثابت ہوئی ہیں۔
common_voice_ur_31832516.mp3	جن کی کارکردگی کا معیار گرگیا اور اس کے علاوہ اور بھی بہت کچھ ہمارے قارئین جان چکے ہیں	 جن کی کارکردگی کا میار گر گیا اور اس کے علاوہ اور بھی بہت کچھ مارا کرائن جان چکے ہیں
common_voice_ur_38465302.mp3	اس کے بدلتے حالات میں دین آپ کو پوری طرح راہنمائی فراہم کر رہا ہے یا نہیں؟	 اس کے بدلتے حالات میں دین آپ کو پوری طرح رہنمائی فرام کر رہا ہے یا نہیں؟
common_voice_ur_31894356.mp3	ہر ادارے میں افسران ہوں یا چھوٹے ملازم وہ بھی انسان ہیں ان سے بھی غلطیاں ہو تی ہیں	 ہر ادارے میں افسران ہو یا چھوٹے ملازم وہ بھی انسان ہیں ان سے بھی غلطیاں ہوتی ہیں۔
common_voice_ur_31835436.mp3	جہاں میں زیرتعلیم ہوں یہ جگہ اسلام آباد کی حدود میں ہی ہے مگر اکثر اسلام آباد یئے نہیں جانتے ۔	 جہاں میں زیر تعلیم ہوں یہ جگہ اسلام آباد کی حدود میں ہی ہے مگر اکثر اسلام آباد یہ نہیں جانتے
common_voice_ur_38472782.mp3	اس حوالے سے لیکن شرائط نہیں رکھی جا سکتیں جو بھی ہاتھ آئے، اسے سزا دینی چاہیے۔	 اس حوالے سے لیکن شاید نہیں رکھی جا سکتی جو بھی ہاتھ ہے اس سے زیادہ نہیں چاہیے
common_voice_ur_38455871.mp3	لہذا جب یہ تحفہ ملا تو بہت خوشیاں منائی گئیں کہ پاکستان بھاری انڈسٹری کے سفر پہ چل نکلاہے۔	 لہذا جب یہ توفہ ملا تو بہت خوشیاں منائی گئیں کہ پاکستان بھاری انڈسٹری کے سفر پر چل نکلا ہے
common_voice_ur_38459320.mp3	اس وقت ان فلیٹس کی ملکیت کے سوال پر کسی قطری کا دور دور تک ذکر نہ تھا۔	 اس وقت انفرائٹس کی ملکیت کے سوال پر کسی قطری کا دور دور تک ذکر نہ تھا۔
common_voice_ur_38443497.mp3	اس کا ایک جواب طاہرالقادری تھے اگر عمران خان کے کارکن اس امتحان میں ناکام بھی ہوتے ہیں۔	 اس کا ایک جواب تاہر القادری تھے اگر عمران خان کے کارکن اس امتحان میں ناکام بھی ہوتے ہیں
common_voice_ur_31793410.mp3	"وہ دُمدار ستارے جو ہم ہر تھوڑے ہزار سالوں میں دیکھتے ہیں ""اوٗرٹ کے بادل"" سے آتے ہیں۔"	 وہ دمدار ستارے جو ہم ہر تھوڑے ہزار سالوں میں دیکھتے ہیں اورٹ کی بادل سے آتے ہیں
common_voice_ur_31970219.mp3	نجانے کیوں مجھے ان بچوں میں اپنا بچپن جو کہیں کھو گیا ہے نظر آ رہا تھا	 میں جانے کیوں مجھے ان بچوں میں اپنا بچپن جو کہیں کھو گیا ہے نظر آ رہا تھا
common_voice_ur_31951480.mp3	اس کا ایک ممکنہ اطلاق ایس نظام میں ہو سکتا ہے جو انس میں اضافہ کر کے قابل ہو	 اس کا ایک ممکنہ اطلاق ایسی نظام میں ہو سکتا ہے جو انس میں اضافہ کر کے قابل ہو
common_voice_ur_31794003.mp3	اس بجلی کی گاڑی کو چارج کرنے کاطریقہ یہ ھےکہ جیسے آپ اپنے کمپیوٹر کی بیٹری چارج کرتے ہیں	 اس بجلی کی گاڑی کو چارج کرنے کا طریقہ یہ ہے کہ جیسے آپ اپنے کمپیوٹر کی بیٹری چارج کرتے ہیں
common_voice_ur_38464647.mp3	لیکن میں ذرا دیر میں بات کرتا ہوں لیکن ایک سوال ہے کہ آپ ذرا وضاحت کرو کہ رائٹس کی کیا تعریف ہے؟	 لیکن میں ذرا دیر میں بات کرتا ہوں لیکن ایک سوال ہے کہ آپ ذرا وضاحت کرو کہ رائٹس کی کیا تعریف ہے؟
common_voice_ur_38459481.mp3	اب موقع کھل رہاہے، اور یہ آسمان سے آیا ہے، کہ پاکستان کچھ بہتری کی سمت چلے۔	 اب موقع کھل رہا ہے اور یہ آسمان سے آیا ہے کہ پاکستان کچھ بہتری کی سمت چلے
common_voice_ur_38431383.mp3	بیٹنگ میں کوئی اسٹار پلیئر بھی نہیں ہے اس لئے نوجوانوں کی توجہ کا مرکز بالنگ بنی ہوئی ہے	 بیٹنگ میں کوئی اسٹار پلئر بھی نہیں ہے اس لئے نوجوانوں کی توجہ کا مرکز بالنگ بنی ہوئی ہے
common_voice_ur_31969171.mp3	ماہرین کا کہنا ہی کہ زمینی پرت کی اس نوعیت کی ٹوٹ پھوٹ کی ماضی میں کوئی مثال موجود نہیں ا	 مہرین کا کہنا ہے کہ زنی بھرت کی اس نویت کی ٹوٹ پوٹ کی ماضی میں کوئی مثال موجود نہیں
common_voice_ur_33605817.mp3	اس کیفیت کا لازمی نتیجہ یہ ہے کہ ہر اطراف کسی سے بنا کے نہ رکھی جائے۔	 اس قیفیت کا لازمی نتیجہ یہ ہے کہ ہر اطراف کسی سے بنا کے نہ رکھی جائے
common_voice_ur_38432462.mp3	اللہ سب کے پیرینٹس کو تب تک زندگی دے جب تک کہ ان کی کوئی اولاد زندہ ہے امین	 اللہ سب کے پیرنٹس کو تب تک زندگی دے جب تک کہ ان کی کوئی اولاد زندہ ہے آمین
common_voice_ur_38440529.mp3	یونانی شہر ہ آفاق مصنف ہومر کی کتاب اوڈیسی میں ایک واقعہ درج ہے کہ اوڈیسو ز اوراس کے ساتھی ایک جزیرے سے گزرتے ہیں۔	 یونانی شورای افاق مصنف ہومر کی کتاب اوڈیسی میں ایک واقعہ درج ہے کہ اوڈیسیس اور اس کے ساتھی ایک جزیری سے گزرتے ہیں۔
common_voice_ur_32004022.mp3	آج مجھے اپنی انکھوں پر رشک ہو رہا تھا جن کی بدولت میں اس قدر خوبصورتی سے محظوظ ہو رہا تھا	 آج مجھے اپنی آنکھوں پر رشک ہو رہا تھا جن کی بدولت میں اس قدر خوبصورتی سے محضوظ ہو رہا تھا
common_voice_ur_38439869.mp3	اکثر میں ایسا نہیں کرتا۔ لیکن اگر حالات ہنگامی ہوں تو میں اس طرح کا خطرہ مول لیتا ہوں۔	 اکثر میں ایسا نہیں کرتا لیکن اگر حالات ہنگامی ہوں تو میں اس طرح کا خطرہ مول لیتا ہوں
common_voice_ur_38431829.mp3	سینیٹ کے چناؤ کے وقت بھی منصوبہ بندی اور حکمت عملی کی صلاحیت لیگی قیادت میں نظر نہیں آئی۔	 سینٹ کے چناؤں کے وقت بھی منصوبہ بندی اور حکمت عملی کی صلاحیت لیگی قیادت میں نظر نہیں آئی۔
common_voice_ur_31918177.mp3	کویتی وزیراعظم اور وزیر داخلہ شیخ رشید احمد کے درمیان ملاقات میں اہم فیصلے کیے گئے ہیں	 کوئٹی وزیراعظم اور وزیر داخلہ شیخ رشید احمد کے درمیان ملاقات میں اہم فیصلے کیے گئے ہیں
common_voice_ur_31834611.mp3	مگر جب یہاں کے لوگوں سے ملاقات ہوئی تو انتظامیہ کی باتیں محض خام خیالی نظر آئیں ۔	 مگر جب یہاں کے لوگوں سے ملاقات ہوئی تو انتظامیہ کی باتیں محض ہام خیالی نظر آئیں
common_voice_ur_38436596.mp3	اس کا حاصل یہ ہے کہ ایک جمہوری حکومت کوکبھی اپنی ساکھ پر سمجھوتہ نہیں کر نا چاہیے۔	 اس کا حاصل یہ ہے کہ ایک جمہوری حکومت کو کبھی اپنی ساکھ پر سمجھوتا نہیں کرنا چاہیے۔
common_voice_ur_31984881.mp3	واٹس ایپ نے صارفین کی لیے فری انٹرنیشنل کالز کرنے کا فیچر متعارف کروایا جا رہا ہے	 واتس ایپ نے سارفین کے لیے فری انٹرنیشنل کالز کرنے کا فیچر متعارف کروایا جا رہا ہے۔
common_voice_ur_38422236.mp3	شخصی حیثیت میں، انہوں نے گزشتہ چند سالوں میں جو تحقیقی کام کیا ہے، وہ ایک ادارے جتنا ہے۔	 شخصی حیثیت میں انہوں نے گزشتہ چند سالوں میں جو تحقیقی کام کیا ہے وہ ایک ادارے جتنا ہے
common_voice_ur_38416842.mp3	اس وقت کون سوچ سکتا تھا کہ یہ مردہ کبھی قبر سے پھر اٹھ کھڑا ہو گا؟	 اس وقت کون سوچ سکتا تھا کہ یہ مردہ کبھی قبر سے پھر اٹھ کھڑا ہوگا
common_voice_ur_38428520.mp3	اس نے ایک ایسے طبقے کو جنم دیا ہے جو لوگوں کے مذہبی جذبات کا استحصال کرتا ہے۔	 اس نے ایک ایسے طبقے کو جنم دیا ہے جو لوگوں کے مذہبی جذبات کا استحصال کرتا ہے۔
common_voice_ur_38462681.mp3	تمہارے خیال میں وہ اتنا بے نیاز ہے کہ اسے تمہارے گھر والوں کی فکر نہیں ہو گئی	 تمہارے خیال میں وہ اتنا بے نیاز ہے کہ اسے تمہارے گھر والوں کی فکر نہیں ہوگی
common_voice_ur_32005515.mp3	باہر کے چینلز نے آئی سی یو کے اندر کے حالات بہت پہلے دکھا کر لوگوں کو عقل دلائی تھی	 باہر کے چینلز نے آئی سی ایو کے اندر کے حالات بہت پہلے دکھا کر لوگوں کو عقل دے لائی تھی
common_voice_ur_38437328.mp3	اس صورت حال سے نواز شریف اور دیگر لیگی قیادت کو کچھ نتائج اخذ کرنے چاہئیں تھے۔	 اس صورتحال سے نواز شریف اور دیگر لیگی قیادت کو کچھ نتائج اخذ کرنے چاہیئے تھے۔
common_voice_ur_38466023.mp3	اللہ کی راہ میں مرنے والے شہید ہوتے ہیں اور شہد مر کر بھی زندہ رہتا ہے	 اللہ کی راہ میں مرنے والے شنیدوں تیار شید مار کرلی زندارت
common_voice_ur_31809147.mp3	ایک نئی تحقیق کے مطابق اب چھوٹے بچوں کو چپ کر آنا کوئی مشکل کام نہیں ہے	 ایک نئی تحقیق کے مطابق اب چھوٹے بچوں کو چھپ کر آنا کوئی مشکل کام نہیں ہے
common_voice_ur_38441007.mp3	اچھا ویسے اس ڈرامے کو دیکھنے کے بعد سب اس لڑکے کے پیچھے پڑ گئے ہیں کہ وہ جوا کھیلتا ہے	 اچھا ویسے اس ڈرامے کو دیکھنے کے بعد سب اس لڑکے کے پیچھے پڑ گئے ہیں کہ وہ جوا کھیلتا ہے
common_voice_ur_31828786.mp3	روئے زمین پر انسان نے جہاں جہاں ڈیرے ڈالے نام نہاد ترقی کی بنا پر فطری خوبصورتی کا گلا گھونٹتا گیا	 روئے زمین پر انسان نے جہاں جہاں ڈیرے ڈالے نام نہاد ترقی کی بنا پر فطری خوبصورتی کا گلہ گھوٹا گیا
common_voice_ur_32016660.mp3	اس کو چھوڑ کر، ہر کسی نے تنقید نگار سے سچی رائے دینے کے لئے شکریہ کر دیا۔	 اس کو چھوڑ کر ہر کسی نے تنقید نگار سے سچی رائے دینے کے لئے شکریہ کر دیا
common_voice_ur_31886911.mp3	ہالی وڈ کی نئی تھری ڈی اینیمیٹیڈ کامیڈی فلم دی سیکرٹ لائف آف پیٹس نے نئے ریکارڈز قائم کر دیے ہیں	 ہولی وڈ کی نئی 3D انیمیٹڈ کومیڈی فلم دی سیکریٹ لائف آف پیٹس نے نئے ریکارڈز قائم کر دیئے ہیں۔
common_voice_ur_38466042.mp3	اس طنز میں وزن تھا یا نہیں لیکن وہی چیز آج پاکستان کے کام آ رہی ہے۔	 اس تنز میں وزن تھا یا نہیں لیکن وہی چیز آج پاکستان کے کام آ رہی ہے۔
common_voice_ur_31980255.mp3	چلنے کے قابل ہوئے تو انہوں نے ایک ہاتھ میں اپنی لاٹھی لی اور دوسرے میں میراہاتھ تھامے مسجد لےگئے	 چلنے کے قابل ہوئے تو انہوں نے ایک ہاتھ میں اپنی لاتھی لی اور دوسرے میں میرا ہاتھ تھانوے مسجد لے گئے
common_voice_ur_31845814.mp3	ایپل تک ہی آئی پوڈ متعارف کرائے گا لیکن بہت سی کمپنیاں میں ہی فلیگ شپ فون متعارف کرا دیں گی	 اپل تک ہی آئی پورڈ مطارف کرائے گا لیکن ورسی کمپنیو میں ہی فلیکشپ فون مطارف کراتے گی
common_voice_ur_38488892.mp3	اس وقت صورت حال یہ ہے کہ تنہا شیخ رشید حکومت سے زیادہ وقت لے لیتے ہیں۔	 اس وقت صورتحال یہ ہے کہ تنہا شیخ رشی کو میں سے زیادہ وقت لے لیتے ہیں
common_voice_ur_31956331.mp3	ٹھنڈی ٹھنڈی ہوا میرے پسینے سے بھیگے بدن سے ٹکراتی ہے تو عجب سا لطف و سرو ر اور سکون حاصل ہوتا ہے	 ٹھنڈی ٹھنڈی ہوا میرے پسینے سے بھیگے بدن سے ٹکراتی ہے تو عجب سا لطف و سرور اور سکون حاصل ہوتا ہے
common_voice_ur_38467970.mp3	اس کا جواب اثبات میں ہے لیکن سیاست کی حرکیات کو الگ سے سمجھنا بھی ضروری ہے۔	 اس کا جواب اسوات میں ہے لیکن سیاست کی حرکیات کو الگ سے سمجھنا بھی ضروری ہے
common_voice_ur_31979377.mp3	آج کل لوگ فرش پر بیٹھنے کے بجائے کرسی یا سوفے پر بیٹھنا پسند نہیں کرتے ہیں	 آج کا لوگ فرش پر بیٹھنے کے بجائے کرسی یا صوفے پر بیٹھنا پسند نہیں کرتے
common_voice_ur_38463721.mp3	سوال یہ ہے کہ ان کی طرح کا ایک پڑھا لکھا جدیدآدمی یہ سب کچھ کیسے مان لیتا ہے؟	 سوال یہ ہے کہ ان کی طرح کا ایک پڑھا لکھا جدید آدمی یہ سب کچھ کیسے مان لیتا ہے؟
common_voice_ur_32569971.mp3	سپریم کورٹ میں ڈپٹی سپیکر قومی اسمبلی کی رولنگ پر از خود نوٹس کیس کی سماعت جاری ہے	 سپریم کورٹ میں ڈپٹی سپیکر قومی سملی کی رولنگ پر اس خود نوٹس کیس کی سماعت جاری ہے۔
common_voice_ur_38457438.mp3	اب بھی یہ کہا جاتا ہے کہ نواز شریف صاحب کو تو شخصی کاروبار سے دلچسپی ہے۔	 اب بھی یہ کہا جاتا ہے کہ نواز شریف صاحب کو تو شخصی کارمبار سے دلچسپی ہے
common_voice_ur_31955845.mp3	سائنس زدہ معاشروں میں جہاں انسان اپنے اوپر ایک خود ساختہ انا کا خول چڑھا لیتے ہیں	 سائنس ادھا معاشروں میں جہاں انسان اپنے اوپر ایک خود سختہ انا کا خول چڑھا لیتے ہیں۔
common_voice_ur_38412470.mp3	اس کا مطلب یہ نہیں ہو تا کہ ریاست کا دفاع پس منظر میں چلا جا تا ہے۔	 اس کا مطلب یہ نہیں ہوتا کہ ریاست کا دفاع پاس منظر میں چلا جاتا ہے
common_voice_ur_31831819.mp3	جن لوگوں اور خاص طور پر جن خاتون نے گوادر کو پاکستان میں شامل کرنے کے لیے	 جن لوگوں اور خاص طور پر جن خاتون نے گوادر کو پاکستان میں شامل کرنے کے لئے
common_voice_ur_31792702.mp3	مائیکروسافٹ اپنے صارفین کو تلقین کرتا آیا ہے کہ جدید آپریٹنگ سسٹمز پر اپ گریڈ ہوجائیں	 مائیکرو سافٹ اپنے سارفین کو تلقین کرتا آیا ہے کہ جدید آپریٹنگ سسٹمز پر اپگریٹ ہو جائیں۔
common_voice_ur_38469824.mp3	بے چارہ اچھی خاصی شکل صورت کا تھا اور سب اس کا اتنا مذاق بنا رہے تھے	 بیچارہ اچھی خاصی شکل صورت کا تھا اور سب اس کا اتنا مزاق بنا رہے تھے
common_voice_ur_31831657.mp3	ہم آلودگی شور گنجان آبادی خود غرضی سے بہت دور تھے اور قدرت سے بہت قریب قدرت کتنی خوب صورت ہے	 ہمالود کی شور بنجان آبادی خود غرضی سے بہت دور تھے اور قدرت سے بہت قریب قدرت کتنی خوبصورت ہے
common_voice_ur_38442080.mp3	بارش کا قطرہ سیپی اور سانپ دونوں کے منہ میں گرتا ہے جب کہ سانپ اسے زہر بنا دیتا ہے اور سیپ اسے موتی	 بارش کا قطرہ سیپی اور سام دونوں کے موں میں پرتا ہے جبکہ سام اسے زہر بنا دیتا ہے اور سیپ اسے موتی
common_voice_ur_38452164.mp3	اس کے بعد آخر کیا جواز ہے کہ آئے دن جلوس نکلیں اور سڑکیں بند کی جائیں؟	 اس کے بعد آخر کیا جواز ہے کہ آئے دن جلوس نکلیں اور سڑکیں بند کی جائیں؟
common_voice_ur_31975855.mp3	ہاکی چیمپئنز ٹرافی بیلجیئم نے پاکستان کودو کے مقابلے میں چار گول سے شکست دے دی	 ہاکی چیمپئنز ٹرافی بلجیم نے پاکستان کو دو کے مقابل میں چار گول سے شکست دے دی
common_voice_ur_38455265.mp3	سوال یہ ہے کہ آئینی طور پر یہ کونسل کسی خاص فقہ کی نہیں، قرآن وسنت کی پابند ہے۔	 سوال یہ ہے کہ آئینی طور پر یہ کونسل کسی خاص فقہ کی نہیں قرآن و سنت کی پابند ہے۔
common_voice_ur_31927305.mp3	سعودی عرب میں اتوار تیس مئی کو کورونا کے نئے کیسز ایک ہزار سے کم ہوگئے	 سعودی عرب میں اتوار 23 مئی کو کرونا کے نئے کیسز ایک ہزار سے کم ہو گئے۔
common_voice_ur_28900804.mp3	امریکا کے محکمہ خزانہ حکام نے ایران کے شہریوں کو سپیشل ویزا دینے کا اعلان کیا ہے	 امریکہ کے محکمہ خزانہ حکام نے ایران کے شہریوں کو سپیشل ویزا دینے کا اعلان کیا ہے۔
common_voice_ur_28900842.mp3	ایس ای سی پی نے نئے کمپنیز ایکٹ کے تحت معلومات کی فراہمی کے فارمز جاری کردیئے	 اس ای سی پی نے نئے کمپنیز ایکٹ کے تحت معلومات کی فراہمی کا فارمز جاری کر دیئے۔
common_voice_ur_41170612.mp3	اس پر حکومت کا کوئی قابل ذکر رد عمل سامنے نہیں آتا اب دو ہی صورتیں ہیں۔	 اس پر حکومت کا کوئی قابل ذکر رد عمل نظر نہیں آتا اب دو ہی صورتیں ہیں
common_voice_ur_31888464.mp3	اس کے علاوہ شاید آزار بند کیلئے استعمال ہونے والا الاسٹک بھی تیل ہی سے بنتا ھے	 اس کے علاوہ شاید ازاد بند کے لیے استعمال ہونے والا الاسٹک بھی تیل ہی سے بنتا ہے
common_voice_ur_31811965.mp3	غیر مجاز فرد سے صادر ہونے والا فتویٰ یا قانون حکومت کی قوتِ نافذہ سے محروم ہوتا ہے	 غیر مجاز فرد سے سادر ہونے والا فتوہ یا قانون حکومت کی قوت نافذہ سے محروم ہوتا ہے۔
common_voice_ur_38425390.mp3	اب بھی لکھنا چاہتا ہوں، مگر بھارت کی جانب سے جارحیت کا معاملہ ابھی چل رہا ہے۔	 اب بھی لٹنا چاہتا ہوں مگر بھارت کی جانب سے جاریت کا معاملہ ابھی چل رہا ہے
common_voice_ur_38450041.mp3	ان کا کہنا تھا کہ مسلم دنیا کفر اور استکباری طاقتوں کا مقابلہ کرنے کی صلاحیت رکھتی ہے	 ان کا کہنا تھا کہ مسلم دنیا کفر اور استقباری طاقتوں کا مقابلہ کرنے کی صلاحیت رکھتی ہے۔
common_voice_ur_31899667.mp3	جناب جاوید احمد صاحب غامدی نے اسے بجا طور پر صدی کا بہترین فیصلہ قرار دیا ہے	 جناب جعوید احمد صاحب غامدی نے اسے بجا طور پر صدی کا بہترین فیصلہ قرار دیا ہے۔
common_voice_ur_31999927.mp3	"اور شائقین کو بھی ""نیا کپتان ، نیا جوش"" کے نعرے سے کچھ دنوں کے لیے بہلایا جاسکتا ہے"	 اور شائکین کو بھی نیا کپتان نیا جوش کے نارے سے کچھ دنوں کے لیے بہلایا جا سکتا ہے
common_voice_ur_31823957.mp3	قرآن و سنت کی رو سے علما کی اصل ذمہ داری دعوت و تبلیغ، انذار و تبشیر اور تعلیم و تحقیق ہے	 قرآن و سنت کی روح سے علماء کی اصل ذمہ داری دعوت و تبلیغ انظار و تبشیر اور تعلیم و تحقیق ہے
common_voice_ur_38443317.mp3	"اس کا فائدہ ان سے زیادہ دوسروں کو پہنچے گا"" جو اب ان کے بعد آئیں گے۔"	 اس کا فائدہ ان سے زیادہ دوسروں کو پوچھے گا جو آپ ان کے بعد آئیں گے
common_voice_ur_38452316.mp3	اس کے ساتھ وہ یہ تاثر بھی دیتا ہے کہ جیسے انہیں فوج کی تائید حاصل ہے۔	 اس کے ساتھ کوئی یہ تاثر بھی دیتا ہے کہ جیسے انہیں فوج کی تاہید حاصل ہے۔
common_voice_ur_38442950.mp3	اب مجھے آج مارکیٹ جانا ہے چچا کے ساتھ اور مارکیٹ جانے کے لئے میرے پاس بائیک بھی نہیں ہے	 اب مجھے آج مائکیٹ جانا ہے چچا کے ساتھ اور مائکیٹ جانے کے لیے میرے پاس بائیک بھی نہیں ہے
common_voice_ur_31933320.mp3	کام چل رہا ہے کے اصول پر وہ اس طریقِ قانون سازی سے سمجھوتاکیے رہتے ہیں	 کام چل رہا ہے کہ اصول پر وہ اس طریق قانون سازی سے سمجھوتا کیے رہتے ہیں۔
common_voice_ur_31975864.mp3	ادھر بت تو کم بنائےگئے مگر انہوں نے فوٹو بنا کر انکی پرستش البتہ خو ب کی	 ادھر بد تو کم بنائے گئے مگر انہوں نے فوٹو بنا کر ان کی پرستش البتہ خوب کی
common_voice_ur_31964055.mp3	بے مثال حسن کو دیکھ کر آنے والے قدرت کی صناعی کی داد دئے بغیر نہیں رہ پاتے ۔	 بے مثال حسن کو دیکھ کر آنے والے قدرت کی سنائی کی داد دے بغیر نہیں رہ پاتے ہیں
common_voice_ur_31863834.mp3	میں نے ان سے کچھ سوال کیے تو کسی بچے نے کوئی خاطر خواہ جواب نہیں دیا	 میں نے ان سے کچھ سوال کیے تو کسی بچے نے کوئی خاطر خاص جواب نہیں دیا
common_voice_ur_38429296.mp3	اس سے جہاں جمہوریت کو اسلام کے مخالف نظام کے طور پر پیش کیا جا رہا ہے۔	 اس سے جہاں جمہوریت کو اسلام کے مخالف نظام کے طور پر پیش کیا جا رہا ہے
common_voice_ur_32017151.mp3	بھائی دیکھ لو کیا کرنا ہے، زیادہ چھٹیاں کیں تو امتحان میں بیٹھنے نہیں دیں گے۔	 بھائی دیکھ لو کیا کرنا ہے زیادہ چھٹیاں کی تو امتحان میں بیٹھنے نہیں دیں گے
common_voice_ur_38416670.mp3	اس وقت سب سے اہم سوال یہ ہے کہ کیا بگڑے ہوئے معاملات سنبھالے جا سکتے ہیں؟	 اس وقت سب سے اہم سوال یہ ہے کہ کیا بگڑے ہوئے معاملات سنبھالے جا سکتے ہیں؟
common_voice_ur_31863694.mp3	جس نے پاکستان دو لخت کیا ہو اسے یوم دفاع منانے کا کوئی حق نہیں ہے	 جس نے پاکستان دولخت کیا وہ اسے یوم دفعہ منانے کا کوئی حق نہیں ہے
common_voice_ur_31929455.mp3	پی سی بی دفاتر کو پراپرٹی ٹیکس کی ادائیگی کی یقین دہانی کرانے پر ڈی سیل کر دیا گیا	 پی سی بی دفاتر کو پروپرٹی ٹیکس کی ادائی کی اقین دہانی کرنے پر ڈی سیل کر دیا گیا
common_voice_ur_31952022.mp3	لاہور قذافی اسٹیڈیم میں قومی کرکٹ ٹیم کے کھلاڑیوں کا تربیتی کیمپ تیسرے روز بھی جاری	 لاہور قضافی سٹریڈیا میں قومی ٹرکٹ ٹیم کے کھلاڑیوں کا تربیتی کیمپ تیسرے روز بھی جاری
common_voice_ur_31997135.mp3	میں نے خود پر بہت جبر کیا لیکن جب ڈھول بجا تو پھر رہا نہیں گیا	 میں نے خود پر بہت جبر کیا لیکن جب دھول بجا تو پھر رہا نہیں گیا
common_voice_ur_32028984.mp3	اسی خوف و دہشت میں سارے ملک کو یرغمال بنا کے اپنا کنٹرول برقرار رکھا جائے	 اسی خوف اور دہشت میں سارے ملک کو یرگمال بنا کے اپنا کنٹرول برقرار رکھا جائے
common_voice_ur_31917133.mp3	اللہ تعالیٰ نے اس دنیا کو کچھ مادی قواعد و ضوابط کا پابند بنا رکھا ہے	 اللہ تعالیٰ نے اس دنیا کو کچھ مادی قواعد و ذوابت کا باون بنا رکھا ہے۔
common_voice_ur_31958792.mp3	یہ اور اس نوعیت کے بہت سے دوسرے معاملات سر تا سر قانون اور عدالت سے متعلق ہوتے ہیں	 یہ اور اس نوعیت کے بہت سے دوسرے معاملات سرطہ سرکانون اور عدالت سے متعلق ہوتے ہیں
common_voice_ur_38443005.mp3	اس میں انتخاب کا حق ہمارے پاس نہیں زبان سیکھنا اور زبان اپنانا دو مختلف باتیں ہیں۔	 اس میں انتخاب کا حق ہمارے پاس نہیں جبان سیکھنا اور جبان اپنانا دو مختلف قطع ہیں
common_voice_ur_38445568.mp3	ان کے بارے میں فہم دین کے حوالے سے درست بات اسی وقت کہی جا سکتی ہے۔	 ان کے بارے میں فہم دین کے حوالے سے درست بات اسی وقت کہی جا سکتی ہے
common_voice_ur_38476343.mp3	اس وقت بھی سیاسی مقاصد کے لیے مذہب کو استعمال کیا گیا، آج بھی کیا جا ئے گا۔	 اس وقت بھی سیاسی مقاصد کے لیے مذہب کو استعمال کیا گیا آج بھی کیا کیا جائے گا؟
common_voice_ur_38422263.mp3	اس سے ایک ایسا جذباتی ماحول پیدا ہوا جس نے ایوب خان حکومت کیلئے مشکلات پیدا کیں۔	 اس سے ایک ایسا جذباتی محول پیدا ہوا جس نے ایوب خان حکومت کے لیے مشکلات پیدا کی
common_voice_ur_31854885.mp3	اس تنزل مسلسل کے نتیجے میں ہماری بطور قوم شناخت بھی ایک سوالیہ نشان بن گئی	 اس تنظیم سلسل کے نتیجے میں ہماری بطور قوم شناک بھی ایک سوالی نشان بن گئی
common_voice_ur_31834504.mp3	جس کا مطلب ہے اب کسی بھی خرابی کے لئے مائیکروسافٹ اپ ڈیٹ نہیں کرے گا	 جس کا مطلب ہے اب کسی بھی خرابی کے لیے میکروسافٹ اپ ڈیٹ نہیں کرے گا
common_voice_ur_38442894.mp3	اس بات پر اتفاق پیدا ہو گیا ہے کہ ہتھیار اٹھانا ریاستی اداروں ہی کا کام ہے۔	 اس بات پر اتفاق پیدا ہو گیا ہے کہ ہتھیار اٹھانا ریاستی اداروں ہی کا کام ہے۔
common_voice_ur_31822961.mp3	اسلام آبادنیو زڈیسک مشہور ٹیکنالوجی گلیکسی سامسنگ نے نیند میں چلنے والے مریض کی نگرانی کیلئے والکنگ سسٹم رجسٹرڈ کرایا ہے	 اسلام آباد نیوز زیڈ ایکس مشہور ٹکنالوجی گلیکسی سامسنگ نے نیند میں چلنے والے مریض کی نگرانی کے لیے وارکنگ سسٹم ریجسٹرڈ کرایا ہے۔
common_voice_ur_31967358.mp3	کہ خدا اپنی مخلوق کے کسی فرد اور اپنے گلے کی کسی بھیڑ سے غافل ہوتا ہے	 کہ خدا اپنی مخلوق کے کسی فرد اور اپنے گلے کی کسی بھیڑ سے غافل ہوتا ہے؟
common_voice_ur_31916800.mp3	بلکہ یوں کہنا چاہیے کہ ان ہی کہانیوں نے ہمارے معاشرے کا رنگ بدل دیا ہے	 بلکہ یوں کہنا چاہیے کہ ان کی کہانیوں نے ہمارے معاشرے کا رنگ بدل دیا ہے
common_voice_ur_38500020.mp3	او سلی ون کہتے ہیں کہ ہمارے پیٹ اور آنتوں میں کروڑوں اقسام کے بیکٹیریا موجود ہوتے ہیں اور ہر شخص کے	 اصلی ورن کہتے ہیں کہ ہمارے پیٹ اور آنٹوں میں کرونوں اقسام کے بیکٹیریاں موجود ہوتے ہیں اور ہر شخص کے
common_voice_ur_38417001.mp3	سچ تو یہ ہے کہ اگر سازش ہوئی تو شریفوں اور شریف زادوں نے اپنے خلاف ہی سازش کی۔	 سچ تو یہ ہے کہ اگر سازش ہوئی تو شریفوں اور شریف زادوں نے اپنے خلاف ہی سازش کی
common_voice_ur_38416891.mp3	ابھی تک اس بات کے آثار دکھائی نہیں دیے کہ قادری صاحب ایک انتخابی طاقت بھی ہیں۔	 اب بھی تک اس بات کے اثار دکھائی نہیں دیئے کہ قادری صاحب ایک انتخابی طاقت بھی ہیں
common_voice_ur_31956176.mp3	اور جیسے ہی انھیں موقع ملتا ہے وہ بے دریغ قانون کی خلاف ورزی کر ڈالتے ہیں	 اور جیسے ہی انہیں موقع ملتا ہے وہ بے دریف قانون کی خلاف ورزی کر ڈالتے ہیں
common_voice_ur_38472998.mp3	لیکن ان کی مصیبتوں میں کوئی کمی نہ آئی اور احتساب کی جکڑ ان کے گرد سخت ہوتی گئی۔	 لیکن ان کی مصیبتوں میں کوئی کمی نہ آئی اور احتساب کی چکڑ ان کی گرد سخت ہوتی گئی
common_voice_ur_31890342.mp3	کھانے کے بعد میرے دوست ان خوشگوار لمحات کو کیمرے میں محفوظ کرنے میں مشغول ہو گئے	 کھانے کے بعد میرے دوستان خوشکوار نام ہاتھوے کیمرے میں محفوظ کرنے میں مشغول ہو گئے
common_voice_ur_38445065.mp3	اس کام کے لیے جس اخلاقی اثاثے کی ضرورت ہے، اللہ کا شکر ہے کہ وہ موجود ہے۔	 اس کام کے لیے جس اخلاقی اساسے کی ضرورت ہے اللہ کا شکر ہے کہ وہ موجود ہے
common_voice_ur_38433437.mp3	"اس ''ممتاز فہرست"" میں وزیر اعظم کے بچوں کے بھی نام تھے: دو بیٹے اور ایک بیٹی۔"	 اس منطال فیرت میں وزیراعظم کے بچے کے بھی نام تھے دو بیٹے اور ایک بیٹی
common_voice_ur_38431548.mp3	اس کے ساتھ ان طبقات کے خلاف بھی جن سے دین اور پاکستان کو خطرات درپیش ہیں۔	 اس کے ساتھ ان طبقات کے خلاف بھی جن سے دین اور پاکستان کو خطرات درپیش ہیں
common_voice_ur_31824230.mp3	انہوں نے اضافہ کرنا کہ چھٹی کا سیزن میں کنسول پوری دنیا کا ممالک میں دستیاب ہونا گانا	 انہوں نے اضافہ کرنا کہ چھٹی کا سیزن میں کنسول پوری دنیا کا ممالک میں دستیاب ہونا گانا
common_voice_ur_38431331.mp3	ان ہی کو ہم نے مردان یونیورسٹی میں دیکھا یہی ہمیں سوشل میڈیا میں نظر آتے ہیں۔	 انہی کو ہم نے مردان یونیورسٹی میں دیکھا یہی ہمیں سوشل میڈیا میں نظر آتے ہیں۔
common_voice_ur_31837122.mp3	ان کے اظہارِ رائے پر پابندی عائدکرتی تو ہم اسے صدی کا بدترین فیصلہ قرار دیتے	 ان کے اظہار رائے پر پبندی آئیت کرتی تو ہم اسے صدی کا بدترین فیصلہ قرار دیتے
common_voice_ur_31985232.mp3	پاکستان گوادر کے مقام پر ایک بڑا ایئرپورٹ اور بحری اڈہ تعمیر کرنے کا ارادہ رکھتا ہے۔	 پاکستان گوادر کے مقام پر ایک بڑا ائرپورٹ اور بحری اڈہ تمیر کرنے کا ارادہ رکھتا ہے۔
common_voice_ur_38445851.mp3	اتنی بھی یہ گئی گزری قوم نہیں کہ ایسے لیڈرملیں جو اس کی تقدیر میں آئے ہیں۔	 اتنی بھی یہ گئی گزری قوم نہیں کہ ایسے لیڈر ملیں جو اس کی تقدیر میں آئے ہیں
common_voice_ur_38468224.mp3	اس کے ساتھ یہ بھی واضح ہے کہ حکمرانوں کا طرز زندگی اوسط درجے کا ہونا چاہیے۔	 اس کے ساتھ یہ بھی واضح ہے کہ اکرانوں کا تجھے امن زندگی اور سبجھے کمانا چاہتی ہے۔
common_voice_ur_38468039.mp3	ادب میں تو یہ رجحان نیا نہیں علامتی نظم اور افسانہ مدت سے لکھے جا رہے ہیں۔	 عدب میں تو یہ رجحان نیا نہیں علامتی نظم اور افسانہ مدت سے لکھے جا رہے ہیں
common_voice_ur_31966181.mp3	ویسے بھی بزرگوں سے یہی سنا کہ دین کے معاملات میں زیادہ غور نہیں کرنا چاہئے	 ویسے بھی بزرگوں سے یہی سنا کہ دین کے معاملات میں زیادہ غور نہیں کرنا چاہئے۔
common_voice_ur_38452776.mp3	جیو ٹی وی کی طرف سے رمضان المبارک کے خصوصی پروگرام جیو کے ہر چینل سے پیش کیے گئے	 جیو ٹی وی کی طرف سے رمضان المبارک کی خصوصی پروگرام جیو کے ہر چینل سے پیش کیے گئے
common_voice_ur_31894338.mp3	پاکستان اور کویت کے درمیان فیملی اور بزنس ویزا فوری بحال کرنے کا فیصلہ کیا گیا ہے	 پاکستان اور قویت کے درمیان فیملی اور بزنس ویزا فوری بحال کرنے کا فیصلہ کیا گیا ہے۔
common_voice_ur_31975128.mp3	پاکستان اور بھارتی فضائی حدود پر کشیدگی ہو وہاں لڑائی جاری ہوں یا رشتہ پیچیدگی کا شکار ہوں	 پاکستان اور بھارتی فضائی حدود پر کشیدگی ہو وہاں لڑائی جاری ہو یا رشتہ پیشیدگی کا شکار ہو
common_voice_ur_38476053.mp3	اس لئے ہم سب کو سمجھنا ہوگا کہ پاک بھارت کشیدگی کی اصل وجوہ کچھ اور ہیں۔	 اس لئے ہم سب کو سمجھنا ہوگا کہ پاک بھارت کشیدگی کی اصل وجہ کچھ اور ہیں
common_voice_ur_31343498.mp3	اس علاقے میں گاڑیوں کے پیچھے لٹکنا خطرناک ضرور ہے ، مگر یہ لوگوں کے روزمرہ معمول کا حصہ ہے ۔	 اس علاقے میں گاڑیوں کے پیچھے لٹکنا خطرناک ضرور ہے مگر یہ لوگوں کے روز مرہ معمول کا حصہ ہے۔
common_voice_ur_38470697.mp3	میں نے اس کا مطالعہ کرلیا ہے۔آپ آرام سے اسائنمنٹ بنا کر مجھے دے دیجئے گا۔	 میں نے اس کا مطالعہ کر لیا ہے آپ آرام سے اسائنمنٹ بنا کر مجھے دے دیجئے گا
common_voice_ur_38412172.mp3	یا رب میرے سوئے ہوئے دوست کو جگا دے۔ بستر ہے اس کا نرم تو پتھر کا بنا دے	 یارب میرے سوئے ہوئے دوست کو جگا دے بستر ہے اس کا نرم تو پتھر کا پنا دے
common_voice_ur_38426832.mp3	اسی سے یہ طے ہو گا کہ ہم صدرٹرمپ کے مطالبات کہاں تک پورا کر سکیں گے۔	 اسی سے یہ تیہ ہوگا کہ ہم صدر ٹرمپ کے مطالبات کہاں تک پورا کر شکیں گے
common_voice_ur_38470645.mp3	اس میں بھٹو صاحب کے دور کے واقعات، حکومتی ظلم اور کرپشن کی داستانیں جمع کی گئی تھیں۔	 اس میں بھٹو صاحب کے دول کے واقعات حکومتی ظلم اور کرپشن کی داستانیں جمع کی گئی تھیں
common_voice_ur_38470090.mp3	شاہ صاحب جملہ کہتے تو لوگ گردن گھما کر دیکھتے کہ خیال جیسے پیکر محسوس میں ڈھل گیا ہے۔	 شاہ صاحب جملہ کہتے تو لوگ گردن بھما کر دیکھتے کہ خیال جیسے پیکر محسوس میں ڈھل گیا ہے
common_voice_ur_38409451.mp3	اس کاروبار میں انسانوں کے ایمان، ناموس اور جان، وہ اجناس ہیں جو بطور کرنسی استعمال ہوتے ہیں۔	 اس کاروبار میں انسانوں کے ایمان ناموس اور جان وہ اجناس ہیں جو بطور کرنسی استعمال ہوتے ہیں۔
common_voice_ur_38444660.mp3	اس منفی سیاست کے باعث ان کی شخصیت کا مثبت پہلو ایک تخریبی قوت بن چکا ہے۔	 اس منفی سیاست کے باعث ان کی شخصیت کا مثبت تحلو ایک تقریقی قوت بن چکا ہے۔
common_voice_ur_38429131.mp3	اس روایت کی بنیاد پر ایک گروہ انہیں ایک روحانی اور مذہبی شخصیت ثابت کر رہا ہے۔	 اس روایت کی بنیاد پر ایک گروہ انہیں ایک روحانی اور مذہبی شخصیت ثابت کر رہا ہے۔
common_voice_ur_38461907.mp3	اس تقسیم کو بڑھانے میں ہمارے سیاستدانوں اور چھوٹے گروپوں نے بھی اپنا پورا حصہ ڈالا ہے۔	 اس تقسیم کو بڑھانے میں ہمارے سیاستدانوں اور چھوٹے گروپوں نے بھی اپنا پورا حصہ ڈالا ہے
common_voice_ur_38436309.mp3	متعدد روایات کے مطابق علی کے سر سے بہتا خون ان کی داڑھی کو رنگ رہا تھا	 متعدد روایات کے مطابق علی کے سر سے بہتا خون ان کی داڑی کو رن رہا تھا۔
common_voice_ur_31986347.mp3	تاہم ونڈوز ، ایکس پی یا دیگر پرانے ورژن استعمال کرنے والے صارفین کو اسے خریدنا ہوگا	 تاہم ونڈوز ایکس پی یا دیگر پرانے ورژن استعمال کرنے والے صارفین کو اسے خریدنا ہوگا
common_voice_ur_32005470.mp3	مغربی میڈیا میں فیشن بن چکا ہے کہ پاکستان میں ہونے والےہر واقعہ میں آئی ایس آئی کو ملوث کیا جاۓ	 مغربی میڈیا میں فیشن مان چکا ہے کہ پاکستان میں ہونے والے ہر واقعے میں آئی ایس ایئر کو ملوث کیا جائے
common_voice_ur_32020082.mp3	گائے بکرے اونٹ میمنےاور دودھ دینے والے دیگر جانوروں سے حاصل ہونے والے گوشت کو سرخ گوشت کہا جاتا ہے	 گائے، بکرے، اونٹ، میمنے اور دودھ دینے والے دیگر جانوروں سے حاصل ہونے والے گوشت کو سرخ گوشت کہا جاتا ہے۔
common_voice_ur_31791624.mp3	شناختی کارڈ کی تصدیق ہونے کی صورت میں سکرین پر ٹک کا نشان سامنے آ جائے گا	 شنہتی کارٹ کی تصدیق ہونے کی صورت میں سکرین پر ٹک کا نشان سامنے آ جائے گا
common_voice_ur_38477293.mp3	اب یہ تیسرے مسیحا آئے ہیں جنہیں ملک کا ایک بہت بڑا طبقہ واقعی مسیحا سمجھتا تھا۔	 اب یہ تیسرے مسیحہ آئے ہیں جنہیں ملک کا ایک بڑا طبقہ واقع مسیحہ سمجھتے تھا۔
common_voice_ur_31353627.mp3	اس لئے دستیاب وسائل کے بہترین استعمال اور اجتماعی ذمہ داری کو نظم و ضبط سے نبھانے کے لئے	 اس لیے دستیاب وسائل کے بہترین استعمال اور استعمال ذمہ داری کو نظم اور ضبط سے نبانے کے لیے
common_voice_ur_33938217.mp3	"اس کے علاوہ بھی"" یہ ہمیں بعض قائم شدہ تصورات پر بھی نظرثانی کی دعوت دیتی ہے۔"	 اس کے علاوہ بھی یہ ہمیں بعض قائم شدہ تصورات پر بھی نظر ثانی کی دعوت دیتی ہے
common_voice_ur_38431943.mp3	اسی طرح انسانی زندگی کا سفر دائرے میں قید نہیں رہتا، خط مستقیم پر آگے بڑھتا ہے۔	 اسی طرح انسانی زندگی کا سفر دائرے میں قید نہیں رہتا خط مستقیم پر آگے بڑھتا ہے
common_voice_ur_33854345.mp3	اب مل بیٹھ کے سوچنا چاہیے کہ تعلیم کے میدان میں کیا چیزیں کرنے کی ضرورت ہے۔	 اب مل بیٹھ کے سوچنا چاہیے کہ تعلیم کے میدان میں کیا چیزیں کرنے کی ضرورت ہے۔
common_voice_ur_38453130.mp3	اس کا سادہ سا جواب یہ ہے کہ شریف فیملی کوئی ٹھوس موقف نہیں پیش کر سکی۔	 اس کا سادہ سا جواب یہ ہے کہ شریف فیملی کوئی ٹھوس موقف نہیں پیش کر سکی
common_voice_ur_31792036.mp3	کینیا کے دارلحکومت میں ربڑ اور پلاسٹک کے ڈھیر فوٹو گرافر ایڈورڈ برٹینسکی کی تصاویر پہلی بار دکھنے میں معمولی ضرور نظر آتی ہیں	 کینیا کے دارالحکومت میرابر اور پلاسٹک کی ڈھیر فوٹوگرافر ایڈورڈ برٹینس کی تصویر پہلی بار دیکھنے میں معمولی ضرور نظر آتی ہیں
common_voice_ur_31955267.mp3	یہ نہیں کہا جائے گا کہ فلاں آدمی دائرۂ اسلام سے خارج ہو گیا ہے	 یہ نہیں کہا جائے گا کہ فلان آدمی دائرہ اسلام سے خارج ہو گیا ہے
common_voice_ur_31792188.mp3	وفاقی وزیر کی ہدایت پر بجلی تقسیم کار کمپنیوں کی جانب سےخصوصی ہنگامی رومز کا قیام	 وفاقی وزیر کی ہدایت اور بجلی تقسیم کار کمپنیوں کی جانب سے حسوسی ہنگامی رومز کا قیام
common_voice_ur_38452818.mp3	پی ٹی آئی تلہ گنگ میں ان کے خلاف کسی کو ٹکٹ نہیں دے رہی۔	 پی ٹی آئے تدا کم میں ان کے خلاف کسی کو ٹکٹ نہیں دے رہی
common_voice_ur_37109469.mp3	اس میں مذہبی انتہا پسندی اتنی رچ بس گئی ہے کہ وہ اب اس کی فطرت ثانیہ ہے۔	 اس میں بس ابھی انتہا پسندی اتنی رچ بس گئی ہے کہ وہ اس کی فطرت ثانیہ ہے
common_voice_ur_32039647.mp3	لیکن غریب کہاں ہے وہ نہ توقائد اعظم کو جانتا ہوگا نا ہی پاکستان کے مطلب کو	 لیکن غریب کہاں ہے وہ نہ تو قائد اعظم کو جانتا ہوگا نہ ہی پاکستان کے مطلب کو
common_voice_ur_31845986.mp3	سمندر ہونا یا جنگل پہاڑ ہونا یا ریگستان ہَر جگہ کِسی نہ کِسی قسم کا پرندہ پانا جانا ہونا	 سمندر ہونا یا جنگل پہاڑ ہونا یا ریگستان ہر جگہ کسی نہ کسی قسم کا پرندہ پانا چانا ہونا
common_voice_ur_32012367.mp3	اس کے برعکس اپنا فیصلہ صادر کریں تو اس سے عدالتوں کا وقار مجروح ہوتا ہے	 اس کے بارے سے اپنا فیصلہ سادر کریں تو اس سے اطالتوں کا وقار مجروح ہوتا ہے
common_voice_ur_31836726.mp3	بیجنگ چین نے انگریزی زبان سکھانے والی موبائل ایپ اور ویب سایٹ کو متعارف کروا دیا ہے	 بیجنگ چین نے انگریزی زبان سکھانے والے موبائل ایپ اور ویب سائٹ کو مطارف کروایا ہے۔
common_voice_ur_31824446.mp3	جب کسی مسئلے میں عدالتیں اپنا فیصلہ سنائیں اور علما اسے باطل قرار دیتے ہوئے	 جب کسی مسئلے میں عدالتیں اپنا فیصلہ سنائیں اور علماء اسے باطل قرار دیتے ہوئے
common_voice_ur_31994979.mp3	اور چھ ماہ تک چترال کا رابطہ ملک کے دوسرے حصوں سے منقطع رہتا ہے ۔	 اور چھے ماہ تک چترال کا رابطہ ملک کے دوسرے حصوں سے منخطہ رہتا ہے
common_voice_ur_31959199.mp3	کسی شخص کے منہ سے اگر ایک موقع پر طلاق کے الفاظ تین بار نکلتے ہیں	 کسی شخص کے مو سے اگر ایک موقع پر طلاق کے الفاظ تین بار نکلتے ہیں
common_voice_ur_38467835.mp3	میں تو ان جماعتوں کی بات کر رہا ہوں جو سر تا پا سیاسی ہیں۔	 میں تو ان جماعتوں کی بات کر رہا ہوں جو سرطا پاسیاسی ہیں
common_voice_ur_31853652.mp3	اس سال بجٹ کے بارے میں شعبہ تعلیم سے وابستہ افراد ایک آواز اٹھا رہے ہیں	 اس سال بجٹ کے بارے میں شعبہ تعلیم سے باوبستہ افراد ایک آواز اٹھا رہے ہیں
common_voice_ur_32030984.mp3	موٹو جی پی کوالیفائینگ رانڈ جیک ملر نے سب سے پہلے فنش لائن عبور کی	 موٹو جی پی کوالیفائنگ راؤنڈ جیک میلر نے سب سے پہلے فنیس لائن عبور کی۔
common_voice_ur_31841265.mp3	میری مجھے کبھی بھی یہ نہیں بتائے گی کے وہ کسے ڈیٹ کر رہی ہے۔	 میری مجھے کبھی بھی یہ نہیں بتائے گی کہ وہ کسے ڈیٹ کر رہی ہے
common_voice_ur_31863696.mp3	ظاہر ہے کہ اس کے لئے بٹ سے مطابقت رکھنے والے ہارڈویئر کی بھی ضرورت تھی	 ظاہر ہے کہ اس کے لیے بٹ سے متابقت رکھنے والے ہارڈوئیر کی بھی ضرورت تھی۔
common_voice_ur_31887770.mp3	جو والدین بچوں کا برا بھلا کہتے ہیں اسکے اثرات کا انکو بخوبی اندازہ ہو گا	 جو والدین بچوں کا برا بھلا کہتے ہیں اس کے اثرات کا ان کو بہت خوبی اندازہ ہوگا
common_voice_ur_32598041.mp3	میں تبدیلی کے لیے انقلاب کا قائل نہیں، میرے نزدیک یہ گمراہ کن تصور ہے۔	 میں تبدیلی کے لیے انقلاب کے قائل نہیں میرے نزدیک یہ گمراہ کن تصویر ہے
common_voice_ur_31813043.mp3	ان ماوں بہنوں بیٹیوں پہ کیا گزرتی ہو گی جب اسطرح کے کتے غدار ایسی بکواس کرتے ہیں	 ان ماں بہنوں بیٹیوں پہ کیا گزرتی ہوگی جب اس طرح کے کتے غدار ایسی بکواس کرتے ہیں؟
common_voice_ur_31834853.mp3	ٹیسٹ میچ کا خری روز بنگلہ دیشی اوپنرز کی شاندار بیٹنگ کے بعد میچ ڈرا ہونے کا امکان	 ٹیسٹ میچ کا ہری روز بنگلہ دیشی اوپنرز کی شاندار پیٹنگ کے بعد میچ ڈراؤ ہونے کا امکان
common_voice_ur_38474753.mp3	نہ مستقبل سے یہ ماضی بتائے گا کہ حال کی تعمیر کیسے ہو نی ہے۔	 نامستقبیر سے یہ ماضی بتائے گا کہ حال کی تعمیر کیسے ہونی ہے
common_voice_ur_31846393.mp3	کہہ دیا اس نے خود ہی کہ میں تمھاری شہہ رگ سے بھی زیادہ قریب	 کہہ دیا اس نے خود ہی کہ میں تمہاری شہرک سے بھی زیادہ قریب
common_voice_ur_38437612.mp3	اس دوران قوم مجموعی طور پر نیکی، پرہیز گاری اور نجات کی راہوں پر چل نکلی ہے۔	 اس دوران قوم مجموعی طور پر نیکی پرہیزکاری اور نجات کی راہوں پر چل نکلی ہے
common_voice_ur_38461442.mp3	اس کھیل میں تو ہمارا ماضی کہیں تاب ناک اور ہماری فتوحات کرکٹ سے کہیں زیادہ ہیں۔	 اس کھیل میں تو ہمارا ماضی کہیں تابناک اور ہماری فتوحات کرکٹ سے کہیں زیادہ ہیں
common_voice_ur_38440663.mp3	ان کے بارے میں وزیر اعظم صاحب کو اور ان کی جماعت کو بہت سی شکایات تھیں۔	 ان کے بارے میں وزیر آزم صاحب کو اور ان کی جماعت کو بہت سی شکایات تھیں
common_voice_ur_31932181.mp3	لیکن ایسا کرنا قومی ٹیم کو لاحق بیماری کا مستقل اور کارآمد علاج نہیں ہے	 لیکن ایسا کرنا قومی دین کا لاحق بیماری کا مستقبل اور دامت علاج نہیں ہے
common_voice_ur_38464729.mp3	ووٹ بینک کے ساتھ انتخابی عمل کی تفہیم میں بھی وہ دوسروں سے بہتر ہیں۔	 ووٹ بینک کے ساتھ انتخابی عمل کی تفہیم میں بھی وہ دوسروں سے بہتر ہیں۔
common_voice_ur_38437484.mp3	اللہ تعالیٰ جانے کیوں ایسے لوگوں کو اولاد دے دیتا ہے شریف اور تابعدار اولاد نعمت ہوتی ہے	 اللہ تعالیٰ جانے کیوں ایسے لوگوں کو اولاد دے دیتا ہے شریف اور تابدار اولاد نعمت ہوتی ہے
common_voice_ur_31858155.mp3	وہی تو مسلہ ہے نا۔۔۔میرے بھائی کی شادی ہے اور مجھے تین ہفتے کی چھٹی چاہیئے۔	 وہی تو مسئلہ ہے نا میرے بھائی کی شادی ہے اور مجھے تین ہفتے کی چھٹی چاہیے
common_voice_ur_38430586.mp3	اس کا راستہ روکنے کا ہمہ جہتی منصوبہ سامنے آ چکا نوازشریف شدید مشکلات کا شکار ہیں۔	 اس کے راستہ روکنے کا ہمار جہتی منصوبہ سامنے آ چکا نواز شریف شدید مشکلات کا شکار رہے
common_voice_ur_31970657.mp3	خلیجی ممالک میں رہنے والے پاکستانی آن لائن ویزا لے کر اب کویت جا سکیں گے	 خریجی ممالک میں رہنے والے پاکستانی آن لائن ویزا لے کر آپ کوئی جا سکیں گے
common_voice_ur_38453089.mp3	دلکش حرکت دلکش شخصیت اور خوبصورت چہرے کی ملک بشریٰ انصاری ہر عمر کی نظر میں مقبول ہیں	 دلکش حرکت، دلکش سخصیت اور خوبصورت چہرے کی ملک بشرا انسانی ہر عمر کی نظر میں مقبول ہے
common_voice_ur_31791946.mp3	برطانیہ میں خود ٹھنڈا ہونے والا مشروب اسی سال فروخت کے لئے پیش کیاجائے گا۔	 بہتانیہ میں خود تھنڈا ہونے والا مشروب اسی سال فرفت کے لیے پیش کیا جائے گا
common_voice_ur_38430604.mp3	میں اسے تاریخ کے جبر سے تعبیر کرتا ہوں اگر یہ کوئی شعوری تبدیلی ہے۔	 میں اسے تعریف کے جبر سے تعبیر کرتا ہوں اگر یہ کوئی شعوری تبدیلی ہے
common_voice_ur_38447694.mp3	اسی طرح حکومت قوت نافذہ سے محروم ہو جائے تو اسے حکومت ماننا مشکل ہو تا ہے۔	 اس طرح حکومت قوت نافذہ سے محروم ہو جائے تو اسے حکومت ماننا مشکل ہوتا ہے
common_voice_ur_31978601.mp3	جون میں پالیسی کی کابینہ کی منظوری کے بعد وزارت کی جانب سے جاری اعلامیے میں کہا گیا تھا	 جون میں پالیسی کی کابینہ کی منظوری کے بعد مزارت کی جانب سے جاری علامیہ میں کہا گیا تھا
common_voice_ur_31967658.mp3	سو اللہ اللہ کر کے آملیٹ تیار ہوئے روٹیوں کو گرم کیا گیااور دستر خوان سج گیا	 سو اللہ اللہ کر کے آملے تیار ہوئے روٹیوں کو گرم کیا گیا اور دستہان سج گیا
common_voice_ur_31950130.mp3	افسوس کہ کسی وقت ہم بی بی سی سے اپنا اردو کا تلفظ صحیح کرتے تھے	 افسوس کہ کسی وقت ہم بی بی سے اپنا اردو کا تلفز سے ہی کرتے تھے
common_voice_ur_31841030.mp3	تم اپنے آپ کو ان چیزوں کے بارے میں بہت پریشان نہیں کرنا چاہتے ہو	 تم اپنے آپ کو ان چیزوں کے بارے میں بہت پریشان نہیں کرنا چاہتے ہو
common_voice_ur_31901576.mp3	جو ہماری قومی زبان نہیں بول سکتے وہ ہماری قوم کی نمائندگی کا ٹھیکا لیے پھرتے ہیں۔۔	 موسیقی
common_voice_ur_31837283.mp3	سامنے پہاڑوں کی مٹی سورج کی روشنی سے چمک رہی تھی سبزہ دھلا ہوا معلوم ہوتا تھا	 سامنے پہاڑوں کی مٹی سوزج کی روشنی سے چمک رہی تھی سبزہ دھلا ہوا معلوم ہوتا تھا
common_voice_ur_41174049.mp3	اس معاملے میں ہندوستانی کھلاڑیوں سے آگے نکلےعمران خان، لوگوں نے کہا ملک کا ’’حقیقی کپتان‘‘	 اس معاملے میں ہندوستانی کھلاڑیوں سے آگے نکلے عمران خان لوگوں نے کہا ملک کا حقیقی کپتان
common_voice_ur_31837267.mp3	لہذا انکی معاملات پر گرفت اور کامیابی کا گراف ہمیشہ آسمان کی بلندیوں پر رہتا ہے	 لہذا ان کی معاملات پر گریفت اور کامیابی کا گراف ہمیشہ آسمان کی بلندیوں پر رہتا ہے
common_voice_ur_31957603.mp3	میں اس وقت ایک پتھر پر بیٹھا ہوں جو میرے حجم سے تقریبا گنا بڑ اہو گا	 میں اس وقت ایک پتھر پر بیٹھا ہوں جو میری حجم سے تقریباً گناہ برا ہوگا۔
common_voice_ur_31996228.mp3	احمد پور سیال شوگر ملزکی گنے کے وزن میں کٹوتی اور کم نرخ پر کسانوں کا دھرنا	 احمد پور سے آئل شگر ملچ کے گنے کے وزن میں کٹوٹی اور کم نرخ پر کسانوں کا جھرنا
common_voice_ur_31948557.mp3	جبکہ دکان اٹالین ہے اور اس حصہ میں بائبل سے لیکر عیسائیت پر بیسیوں کتب پڑی تھیں	 جبکہ دکان اٹالین ہے اور اس حصے میں بائبل سے لے کر عیسائیت پر بیسیوں کتب پڑی تھی
common_voice_ur_38411387.mp3	اس تجربے سے مجھ پر واضح ہوا کہ میڈیا مذہبی پروگراموں کو کس زاویے سے دیکھتا ہے۔	 اس تجربے سے مجھ پر واضح ہوا کہ میڈیا مذہبی پروگراموں کو کس لابیے سے دیکھتا ہے؟
common_voice_ur_31921723.mp3	سعودی وزارت تجارت نے کہا ہے کہ جن دکانوں اور مارکیٹوں کے خلاف کارروائی کی گئی ہے	 سعودی وزارت تجارت نے کہا ہے کہ جن دکانوں اور مارکٹوں کے خلاف کاروائی کی گئی ہے۔
common_voice_ur_38470581.mp3	سید نا نوح ؑکا بیٹا اس کا ادراک نہیں کر سکا کہا میں جودی پہاڑ پہ چڑھ جاؤں گا۔	 سیدنا نو علیہ السلام کا بیٹا اس کا ادارت نہیں کر سکا کہا میں جودی پہاڑ پہ چڑھ جاؤں گا
common_voice_ur_31979925.mp3	اور انھی صفحات میں بے خوفِ لومۃ و لائم اس پر نقد کر رہے ہوتے	 اور انہی صفات میں بے خوف لمولائم اس پر نقد کر رہے ہوتے ہیں
common_voice_ur_38411272.mp3	سکیورٹی رسک کی وجہ سے نہ کھلاڑی کہیں باہر جا سکتے ہیں‘ نہ کچھ موج مستی کر سکتے ہیں۔	 سیکیورٹی رسک کی وجہ سے نہ کھلاڑی کہیں باہر جا سکتے ہیں نہ کچھ موج مستی کر سکتے ہیں
common_voice_ur_38441322.mp3	اب عمران خان نے بھی ثابت کردیا ہے کہ وہ اقتدارکے متلاشی ایک روایتی سیاست دان ہیں۔	 اب عمران خان نے بھی ثابت کر دیا ہے کہ وہ اقتدار کے مطلعشی ایک روایتی سیاست دان ہے
common_voice_ur_38484064.mp3	اس کے پیش نظر خاص نقطۂ نظر یا نظام فکر کے حامل افراد تیار کرنا نہیں تھا۔	 اس کے پیش نظر خاص نکتہ نظر یا نظام فکر کے حامل افراد تیار کرنا نہیں تھا
common_voice_ur_38441327.mp3	اس لحاظ سے ساری انگلیاں گھی میں ہیں، اقتدار کا مزہ اور اپوزیشن لیڈر کا بھی تڑکا۔	 اس لحاظ سے ساری انگلیاں گھی میں ہیں اقتدار کا مزہ اور اپوزیشن لیڈر کا بھی تڑکہ
common_voice_ur_31834083.mp3	اس کی بیوی بھِی اخبار کے لیے کام کرتی ہے جیسے اس کا باپ کرتا تھا	 اس کی بیوی بھی اخبار کیلئے کام کرتی ہے جیسے اس کا باپ کرتا تھا
common_voice_ur_31902509.mp3	براہ راست پروازوں سے سعودی عرب اور مصر کے درمیان سیاحت کو فروغ ملے گا	 برائرہ اس پروازوں سے سعودی عرب اور مصر کے دمیان سیہات کو فروغ ملے گا
common_voice_ur_38412130.mp3	اب یہ فضول کی باتیں نہیں ہونی چاہئیں کہ ہم ہندوستان کو امن کی پیشکشیں کرتے رہیں۔	 اب یہ فضول کی باتیں نہیں ہونی چاہیئے کہ ہم ہندوستان کو امن کی پیش کشے کرتے رہیں۔
common_voice_ur_38427276.mp3	ان کے آنکھ کے تارے تو تعلیم انگریزی یا بیرون ملک درس گاہوں میں حاصل کرتے ہیں۔	 ان کی آنکھ کے تارے تو تعلیم انگریزی یا بیرون ملک درسگاہوں میں حاصل کرتے ہیں
common_voice_ur_38412608.mp3	اس بات کا پورا امکان ہے کہ اگلے انتخابات کے بعد شہبازشریف صاحب ملک کے وزیراعظم ہوں۔	 اس بات کا پورا امکان ہے کہ اگلے انتخابات کے باشے باش شریف صاحب ملک وزیراعظم ہوں
common_voice_ur_38428398.mp3	اخلاق پیغمبر سے نسبت تو دور کی بات، عام اخلاق سے بھی کوئی تعلق ثابت ہوتا ہے؟	 اخلاقی پیغمبر سے نسبت و دور کی بات عام اخلاق سے بھی کوئی تعلق ثابت ہوتا ہے؟
common_voice_ur_38427903.mp3	"لوگوں کو نیکی کی طرف مائل کرنے اور برائی سے روکنے کے لیے فضائل اعمال"""" کی روایات گھڑی گئیں۔"	 لوگوں کو نیکی کی طرف مائل کرنے اور برائی سے رکنے کے لیے فضائل عمال کی روایات گڑی گئیں۔
common_voice_ur_38427259.mp3	آپ کی سادگی اور آپ کا آپ کے والدین کے ساتھ حسن سلوک دیکھ کر اتنا متاثر ہوا	 آپ کی سادگی اور آپ کا آپ کے والدین کے ساتھ حسن سلوک دے کر اتنا متاثر ہوا؟
common_voice_ur_31834168.mp3	تو وہ اس صورتِ حال میں شریعت کی روشنی میں قانون سازی کی طرف متوجہ نہیں ہوتے	 تو اس صورتحال میں شریعت کی روشنی میں قانون سازی کی طرف متوجہ نہیں ہوتے
common_voice_ur_38428770.mp3	اس میں طعنے یا شرمندہ ہونے والی کوئی بات نہیں اس حقیقت کا البتہ ادراک ضروری ہے۔	 اس میں تانے یا شرمندہ ہونے والی کوئی بات نہیں ہے اس حقیقت کا البتہ ادراکھ ضروری ہے
common_voice_ur_31919546.mp3	شکستوں کا تدارک کرنے اور کارکردگی میں تسلسل لانے کے لیے نظام کی تبدیلی ناگزیر ہے	 شکستوں کا تضارب کرنے اور کارکادگی میں تسلسل لانے کے لیے نظام کی تبدیلی ناگزیر ہے۔
common_voice_ur_38439764.mp3	نواز شریف کو تیار اس لئے کیا گیا کہ پیپلز پارٹی کا توڑ مطلوب تھا۔	 نواز شریف کو تیار اس لئے کیا گیا کہ پیپلز پارٹی کا تور مطلوب تھا
common_voice_ur_38476684.mp3	میرا کام نکل گیا لیکن یہ تجربہ میرے لیے ایک حادثے سے کم نہیں تھا۔	 میرا کام نکل گیا لیکن یہ تجربہ میری لیے ایک حادثے سے کم نہیں تھا
common_voice_ur_38454477.mp3	جھوٹ ایک ایسا جوتا ہے جو ہر بار جھوٹ بولنے والے کے سر پر ہی پڑتا ہے	 جھوٹ ایک ایسا جھوٹا ہے جو ہر بار جھوٹ پلنے والے کے سر پر ہی پڑتا ہے
common_voice_ur_31919951.mp3	چیئرمین ایف بے ار کا ٹیکس گزاروں کی تفصیلات فراہم کرنے سے ایک بارانکار کردیا	 چیئرمن ایف پی آر کا ٹیکس گزاروں کی تفصیلات فرام کرنے سے ایک حال انکار کر دیا
common_voice_ur_38467755.mp3	اس بار صورت حال کچھ ایسی ہے کہ کم از کم تین اتحاد تشکیلی مراحل میں ہیں۔	 اس بار صورتحال کچھ ایسی ہے کہ کم از کم تین اتحاد تشکیلی مراحل میں ہیں۔
common_voice_ur_31973995.mp3	اور اکثریت کا ماننا ہے کہ ناکامی کی اصل وجہ مصباح الحق کی دفاعی حکمت عملی ہے ۔	 اور اکثریت کا معنی ہے کہ ناکامی کی اثر وجہ مذبوظ حق کی اتفاعی حکمت عملی ہے۔
common_voice_ur_38434487.mp3	نواز شریف کی باری آئی تو پہلے دن سے ہی عجیب لڑائیوں میں پڑ گئے۔	 نواز شریف کی باری آئی تو پہلے دن سے ہی عجیب لڑائیوں میں پڑ گئے
common_voice_ur_38462596.mp3	ابھی مجھے بس ایک آنسر یاد آ رہا ہے۔ نیوزی لینڈ میں سانپ نہیں پائے جاتے	 ابھی مجھے بس ایک آنسر یاد آ رہا ہے نیوزی لینڈ میں سامپ نہیں پائے جاتے
common_voice_ur_31793980.mp3	یہاں تک کہہ ہم دو جواںمرد اوسط عمر کے حساب سے پہل لے لوگ تک پہنچ گئے	 یہاں تک کہ ہم دو جوان مرد اس عمر کی حساب سے پہلے لوگ تک پہنچ گئے
common_voice_ur_31956516.mp3	اسلام آباد مانیٹرنگ ڈیسک انٹل گلوبل نے ایک اور ونڈو نوکیا فون نئی ٹيکنالوجی میں ايجاد کیا ہے	 اس لائن بعد ماریٹنگ ڈیسٹ انٹل کلوگل نے ایک اور ونڈو نوکیا فون نئی ٹیکنالوجی میں اجاد کیا ہے
common_voice_ur_31837109.mp3	چاہے وہ یوسف ؑ کو کنویں میں ڈالنا یا نکالنا ہوا یا ابراھیمؑ کی آگ کا واقعہ یا پھر موسیؑ کا اور فرعون کا قصہ	 چاہے وہ یوسف علیہ السلام کو کوئے میں ڈالنا یا نکالنا ہو یا ابراہیم علیہ السلام کی آگ کا واقعہ یا پھر موسیٰ علیہ السلام کا اور پھر اون کا قصہ
common_voice_ur_31918398.mp3	پاکستان ویب ڈیسک نئے تحقیق نے پلاسٹک کی دنیا میں نئی ہلچل مچا دی ہے	 پاکستان برڈ ڈیسک نئے تحقیق نے پلاسٹک کی دنیا میں نئی ہنچل مچا دی
common_voice_ur_31918849.mp3	اسی طرح جنات کے مسلط ہونے کا مضمون بھی قرآنِ مجید میں بیان ہوا ہے	 اسی طرح جنات کے مسلط ہونے کا مضبوط بھی قرآن مجید میں بیان ہوا ہے
common_voice_ur_31929484.mp3	چیمپینز ٹرافی میں قومی ہاکی ٹیم کی مایوس کن کارکردگی نگران حکومت نے نوٹس لے لیا	 چیمپئنس ٹروفی میں کام ہاکی ٹیم کی مایوس کن کار کردگی نگران حکومت نے نوٹس لے لیا
common_voice_ur_31977987.mp3	کامن ویلتھ گیمز میں پاکستان اور بھارت کی ہاکی ٹیموں کے درمیان جنگ اج چھڑے گی	 کامن ویلد گیمز میں پاکستان اور بھارت کی ہاکی ٹیموں کے درمیان جنگ آج چھڑے گی۔
common_voice_ur_31823124.mp3	ہمارے ملک میں جتنی مسلم لیگ پارٹیاں وجود میں آرہی ہیں کیا انکا بھی قائد والا مقصد ہے	 ہمارے ملک میں جتنی مسلم لیگ پارٹیاں وجود میں آ رہی ہیں کیا ان کا بھی قائد والا مقصد ہے؟
common_voice_ur_38480956.mp3	اسلام کا معاملہ تویہ ہے کہ انسانی جان کے بارے میں، اس کی حساسیت غیر معمولی ہے۔	 اسلام کا معاملہ تو یہ ہے کہ انسانی جان کے بارے میں اس کی حساسیت گیر معمولی ہے
common_voice_ur_32051418.mp3	مگر اب گوادر پر اجارہ داری اور اس پر قبضہ ہندوستان کا خواب بن کے رہ گیا۔	 مگر اب گوادر پر اجارت آ رہی ہے اور اس پر قبضہ ہندوستان کا خواب بن کے رہ گیا ہے
common_voice_ur_31826923.mp3	حکومت کو سخت ایکشن لینا چایئے جو بھی کتا بلا پاک فوج کے خلاف بکواس کرے	 حکومت کو سخت ایکشن لینا چاہیے جو بھی کتہ بلا پاک فوج کے خلاف بکواس کرے
common_voice_ur_38416944.mp3	للہ کیلئے مجھے چھوڑو اور اگر نہیں چھوڑو گے تو گاڑی کو میں دیوار پر مار دو گا۔	 اللہ کے لئے مجھے چھوڑو اور اگر نہیں چھوڑو گے تو گاڑی کو میں دیوار پر مار دوں گا
common_voice_ur_38416890.mp3	"اسی سے مذہبی عدم برداشت اور فرقہ واریت"" پیدا ہوتے ہیں"" جن کا لازمی نتیجہ تشدد ہے۔"	 اس سے مذہبی ادم برداشت اور فرقہ واریت پیدا ہوتے ہیں جن کا لازمی نتیجہ تشدد ہے
common_voice_ur_38416912.mp3	اسی طرح ایرانی حکومت دنیا بھر کے اہل تشیع کی سرپرستی کو اپنا مذہبی وظیفہ سمجھتی ہے۔	 اس طرح ایرانی حکومت دنیا بر کے اہل تشیح کی سرپرستی کو اپنا مذہبی وظیفہ سمجھتی ہے
common_voice_ur_31828233.mp3	خاص طور پر یہ بیماری نوجوانوں میں سب سے عام اعصابی عوارض کے طور پر جانی جاتی ہے	 خاص طور پر یہ بیماری نوجوانوں میں سب سے عام اصابی عوارض کے طور پر جانی جاتی ہے
common_voice_ur_38428145.mp3	اس وقت قوم کو معرکہ درپیش ہے، اس میں ذوالفقار چیمہ جیسے لوگوں ہی کی ضرورت ہے۔	 اس وقت قوم کو مارکہ درپیش ہے اس میں ذلتکار چیمہ جیسے لوگوں کو یہی ضرورت ہے
common_voice_ur_26756785.mp3	خوبصورت انداز میں ہم ان کو دانہ چنتے ہوئے دیکھ کر خود کو محظوظ کرتے ہیں	 خوبصورت انداز میں ہم ان کو دانا چنتے ہوئے دے کر خود کو محفوظ کرتے ہیں
common_voice_ur_33635983.mp3	اس پہ آپ لندن گئے، سیر سپاٹا کیا، رات گئے بس میں بیٹھے اور آکسفورڈ واپس پہنچ گئے۔	 اس پہ آپ لندن گئے سیر سپاٹا کیا رات گئے بس میں بیٹھے اور آکسفرڈ واپس پہنچ گئے
common_voice_ur_31848209.mp3	یقین رکھتا ہوں کے ہم جرائم پیشہ لوگوں کا ضرورت سے زیادہ لحاظ کرتے ہیں	 یقین رکھتا ہوں کہ ہم جرائم پیشہ لوگوں کا ضرورت سے زیادہ حق لحاظ کرتے ہیں
common_voice_ur_33605775.mp3	اس بات پہ بھی زور ہوتا ہے کہ خاتون کیلئے مرد اچھا ہو اور مرد کیلئے بیوی۔	 اس بات پہ بھی زور ہوتا ہے کہ خاتون کے لئے مرد اچھا ہو اور مرد کے لئے بیوی
common_voice_ur_33605734.mp3	شرمندگی کے آثار نہ شریفوں کے چہروں پہ آئے نہ ان کے انتہائی قابل وکلا کو ندامت محسوس ہوئی۔	 شرمندگی کے آثار نہ شریفوں کے چہروں پہ آئے نہ ان کے انتہائی قابل وقلاک و ندامت محسوس ہوئی
common_voice_ur_38422123.mp3	میرے خیال میں اصل دلچسپی تحریک انصاف اور جماعت اسلامی کے مابین مقابلے کی ہے۔	 میرے خیال میں اصل درچستی تحریک انصاف اور جماعت اسلامی کی مبین مقابلی تھی ہے
common_voice_ur_38442751.mp3	اس کے ساتھ یہ بھی حقیقت ہے کہ سرمایہ دارانہ نظام کے خمیر میں استحصال شامل ہے۔	 اس کے ساتھ یہ بھی حقیقت ہے کہ سمایہ درانہ لزام کے خمیر میں استحصال شامل ہوئے۔
common_voice_ur_38442976.mp3	نہ پڑھنے والوں کا ابھی سارا زور قلم جمہوریت کے مقدمات پر صرف کرنا چاہیے۔	 ناپڑنے والوں کے ابھی سارا زور کلم جمہوریت کے مقدمات کو صرف کرنا چاہیے
common_voice_ur_38446774.mp3	اس کے بعد غزنوی خاندان کے بارہویں تاجدار خسرو کے دور میں لاہور ایک دفعہ پھر پایہِ تخت بنا دیا گیا	 اس کے بعد غزنوی خاندان کے بارویں تاجدار خسرو کے دور میں لہور ایک دفعہ پھر پائیے تخت بنا دیا گیا
common_voice_ur_31794222.mp3	جاپان کی جے ایکس ہولڈ ینگس کمپنی جس میں جاپان کی چیدہ چیدہ پٹرولیم کی صنعت کی کمپنیز شامل ہیں	 جیپان کی جے ایکس ہول ینگس کمپنی جس میں جیپان کی چیتا چیتا پیٹرولیم کی سنت کی کمپنیز شامل ہیں
common_voice_ur_31887665.mp3	مگر ہم اس میں سے خود ہی لاجک تلاش کرلیتےہیں اور اپنے آپ کو حقدار ثواب قرار دے لیتےہیں	 مگر ہم اس میں سے خود ہی لوجک تلاش کر لیتے ہیں اور اپنے آپ کو حق دار ثواب قرار دے لیتے ہیں
common_voice_ur_31794108.mp3	سندھ حکومت گنے کی مقررہ قیمت نہ دیکر کاشتکاروں سے زیادتی کر رہی ہے سکندر بوسن	 سندھ حکومت گنے کی مقررہ قیمت نہ دے کر کاشتکاروں سے زیادتی کر رہی ہے سکندر بوسن
common_voice_ur_38451267.mp3	میرے نزدیک اس وقت ملک میں ترقی کا کوئی وژن اگر کسی کے پاس ہے۔	 میرے نزدیک اس وقت ملک میں ترقی کا کوئی ویژن اگر کسی کے پاس ہے
common_voice_ur_38463953.mp3	ماں کو اپنے کاندھے سے لگا کر اس نے اس کی کمر میں بازو ڈال دیا تھا	 ماں کو اپنے کاندھے سے لگا کر اس نے اس کی کمر میں بازو ڈال دیا تھا۔
common_voice_ur_31878251.mp3	"اور اسی لیے میں نے لکھا تھا کہ ""کیا جیت نے خامیوں کو چھپا دیا ہے ۔"	 اور اس لئے میں نے لکھا تھا کہ کیا جیت نے خامیوں کو چھپا دیا ہے؟
common_voice_ur_38482079.mp3	اس لڑائی میں شکست فریق ثانی کے لیے مقدر ہے کہ فطرت کے قوانین غیر متبدل ہیں۔	 اسلامی میں شکست فریق ثانی کے لئے مقدر ہے کہ فطرت کی قوانین غیر متبدل ہے
common_voice_ur_31889163.mp3	پی ایس ایل تھری دلکش نظر نے والی ٹرافی کی مالیت لاکھ روپے سے زائد	 پی ایس ایل تھری دلکش نظر نے والی ٹرافی کی مالیت لاکھ روپے سے زائد
common_voice_ur_31812685.mp3	کہ حکومتی ادارے ضروری قانون سازی کے بارے میں بے پروائی کا رویہ اختیار کرتے ہیں	 کہ حکومتی ادارے ضروری قانون سازی کے بارے میں بے پروائی کا رویہ اختیار کرتے ہیں۔
common_voice_ur_31791547.mp3	مارچ سے شروع ہوکر جون تک چترال کی خوبصورتی اپنے عروج پر پہنچ جاتی ہے	 مارچ سے شروع ہو کر جون تک چترال کی خوبصورتی اپنے اروج پر پہنچ جاتی ہے
common_voice_ur_31976374.mp3	ونڈوز ایکس پی کی سپورٹ ختم ہونے کی بعد اس پر وائرسز کے حملے عام ہوسکتے ہیں	 ونڈوز ایکس پی کی سپورٹ ختم ہونے کے بعد اس پر وائجنسز کے حملے عام ہو سکتے ہیں
common_voice_ur_38471902.mp3	اس کے خلاف اٹھ کھڑے ہونے کے سوا اپوزیشن کے پاس شاید اب کوئی راستہ نہیں ہے۔	 اس کے خلاف اٹھ کھڑے ہونے کے سوا اپوزیشن کے پاس شاید اب کوئی راستہ نہیں ہے
common_voice_ur_38499039.mp3	پوسٹ بجٹ کانفرنسہمیں اپنے خاندان کے کاروبار نہیں چلانے عوام کو معیشت کا محور سمجھتے ہیں	 پوسٹ بجٹ کنفرنس میں اپنے خاندان کے کاروبار نہیں چلانے عوام کو معاشیت کا محبت سمجھتے ہیں
common_voice_ur_38441186.mp3	پاکستان میں کوئی سیاسی جماعت ایسی نہیں جو ختم نبوت کا انکار کرنے والی ہے۔	 پاکستان میں کوئی سیاسی جماعت ایسی نہیں جو ختم نبوت کا انکار کرنے والی ہے۔
common_voice_ur_38436680.mp3	میں نے لکھا کہ اگر بلاول کے لیے کوئی سیاسی لائحہ عمل ہو سکتا ہے۔	 میں نے لکھا کہ اگر بلاول کے لیے کوئی سیاسی لاعمل ہو سکتا ہے
common_voice_ur_31845811.mp3	ایف پی سی سی ائی نے تھائی لینڈ اور ترکی کیساتھ ازاد تجارتی معاہدوں کی مخالفت کردی	 ایپی سی سی آئی نے تھائی لینڈ اور ترکی کے ساتھ آزاد تجارتی موہدوں کی مقالفت کر دی۔
common_voice_ur_38463548.mp3	اس لیے سوچا شاید آپ دے دیں اور اس کی یہ مشکل آسان ہو جائے	 اس لئے سوچا شاید آپ دے دیں اور اس کی یہ مشکل آسان ہو جائے
common_voice_ur_31835005.mp3	پی اس ال کا فائنل کھلنے کلئے پشاور زلمی کی ٹم کراچی پہنچ گئی	 پی ایسل کا فائنل کھیلنے کے لیے پشاور ظلمی کی ٹم کراچی پہنچ گئی
common_voice_ur_31814410.mp3	انسان جب اپنی اصل کو بھول کر کسی نئی خو د ساختہ روش پرچلتا ہے	 انسان جب اپنی اصل کو بھول کر کسی نئی خودصاختہ روش پر چلتا ہے
common_voice_ur_31956578.mp3	مزدور طبقے کے علاوہ سرکاری اور کاروباری لوگ نو دس بجے کام شروع کرتے	 مصدور طبقے کے علاوہ سرکاری اور کاروباری لوگ نو دس بچے کام شروع کرتے ہیں
common_voice_ur_31846206.mp3	کسی میاں بیوی کے مابین طلاق کے مألے میں کیا طلاق واقع ہوئی ہے یا نہیں ہوئی؟	 کیا میاں بیوی کے ماہ بین طلاق کے معاملے میں کیا طلاق واقع ہوئی ہے یا نہیں ہوئی؟
common_voice_ur_31958349.mp3	پہلے باہر جا تے ہیں پھر بچے واپس نہیں آتے اور وہیں رہ جاتے ہیں	 پہلے باہر جاتے ہیں پھر بچے واپس نہیں آتے اور وہی رہ جاتے ہیں
common_voice_ur_41152995.mp3	اس کے باوجودحزب اختلاف کے سب راہنما، انہیں الوداع کہنے کے لیے ایئر پورٹ پر جمع تھے۔	 اس کے باوجود حساب اختلاف کے سب رہنماں انہیں الودا کہنے کے لیے ائرپورٹ پر مجود تھے
common_voice_ur_27950361.mp3	سوارج نکلنے کا اتنا صاف شفاف اور دل آویز نظارہ میں نے کبھی نہ دیکھا تھا	 سورج نکلنے کا اتنا صاف شفاف اور دل آویز نظارہ میں نے کبھی نہ دیکھا تھا
common_voice_ur_38465595.mp3	عدالت نے علی ظفر کو میشا شفیع کیخلاف ہتک عزت کیس میں جرح کیلئے کل دوبارہ طلب کرلیا	 عدالت نے علی زفر کو میشہ شفیق کے خلاف حد تک عزت کیس میں جراح کے لئے کل دوبارہ طلب کر لیا۔
common_voice_ur_31846382.mp3	اگر حکومت تعلیم پرخرچ کرے یہ ہر طالب علم کے لیے بہتر ہو گا	 اگر حکومت تعلیم پر کھرچ کرے یہ ہر تعلیم علم کے لئے بہتر ہوگا
common_voice_ur_31813280.mp3	فیفا ورلڈ کپ بڑی ٹیموں کے بعد بڑے پلیئرز بھی ایونٹ سے باہر ہو گئے	 فیفا ورلڈ کپ بڑی ٹیموں کے بعد بڑے پلیئرز بھی ایونٹ سے باہر ہو گئے
common_voice_ur_32023114.mp3	سعودی وزیر مملکت سے اتوار کو متحدہ عرب امارات سفیر نے ملاقات کی ہے	 سعودی وزیر مملکت سے اتوار کو متحدہ عرب امارات سفیر نے ملاقات کی ہے
common_voice_ur_28900818.mp3	صحت و تندرستی کیلئے چند ایک قدیم مگر انتہائی اعلی عادات حاضر خدمت ہیں	 صحت اور تندرستی کے لیے چند ایک قدیم مگر انتہائی عالی آدات حاضر خدمت ہیں۔
common_voice_ur_28900783.mp3	نئی دہلی جون ایجنسی وٹامن ڈی صحت مند ہڈیوں دانتوں اور پٹھوں کے لئے بہت ضروری ہے	 نئی دہلی جون ایجنسی وٹیمن ڈی صحت مند ہڈیوں دانتوں اور پٹھوں کے لیے بہت ضروری ہے۔
common_voice_ur_41163958.mp3	نماز پانچ وقت کی فرض ہے اور مسلمان اسے پوری وجدان سے ادا کرتے ہیں۔	 نماز پانچ وقت کے فرض ہے اور مسلمان اسے پوری بجدان سے ادا کرتے ہیں
common_voice_ur_31950731.mp3	اگر یہ لوگ دین کی طرف رجوع کیا کریں تو زندگی بہت اچھی لگے	 اگر یہ لوگ دین کی طرف رجوع کیا کریں تو زندگی بہت اچھی لگے گی
common_voice_ur_32015871.mp3	امریکا نے روس پرایکسپورٹ سیکٹر اور سیکورٹی آلات سے متعلق پابندیاں ختم کردی ہیں	 امریکہ نے روس پر ایکسپورٹ سیکٹر اور سیکیورٹی آلات سے متعلق پابندیاں ختم کر دی ہیں۔
common_voice_ur_31829358.mp3	اب صورتحال یہ ہے کہ نواز شریف گئے تو ایک اور سٹیٹس کو کا	 اب صورتحال یہ ہے کہ نواز شریف گئے تو ایک اور سٹیٹس کو گا
common_voice_ur_31792322.mp3	کیربئین پریمئیر لیگ گیل کی عمدہ بیٹنگ کے باوجود ٹیم فتح سے ہمکنار نہ ہو پائی	 کریبین پریمیر لیگ گیل کی امدہ بیٹنگ کے باوجود تین پتہ کے ہم کنار نہ ہو پائی
common_voice_ur_31831785.mp3	امریکی صدربننے کےبعد میرے والد کوکاروبار میں کروڑوں ڈالر کا نقصان ہوا ٹرمپ جونیئر	 امریکی صدر بننے کے بعد میرے والد کو کاروبار میں کروڑوں ڈالر کا نقصان ہوا ٹرمپ جونئر
common_voice_ur_31960620.mp3	ضمنی انتخابات کا معرکہ اختتام پذیر ہوا اور ایک بھونچال تھا جو تھم گیا۔	 زمنی انتخابات کا مرحلہ اختتام پر زید ہوا اور ایک بھو نجل تھا جو دھم گیا
common_voice_ur_31830095.mp3	موسم کی خراب صورتحال کی وجہ سے نومبر میں غذائی اجناس کی عالمی قیمتوں میں تیزی سے اضافہ ہوا	 موسم کی خراب صورتحال کے وجہ سے رمبر میں غزائی اجناس کی عالمی قیمتوں میں تیزی سے اضافہ ہوا۔
common_voice_ur_31792404.mp3	سندھ کے نواجوانوں کے لئے دس ارب وفاقی حکومت کی جانب سے دئے گئے ہیں	 سندھ کے نوجوانوں کے لیے دس ارب وفاقی حکومت کی جانب سے دیئے گئے ہیں۔
common_voice_ur_31983342.mp3	پہلے اللہ سے اپنے گناہوں کی معافی مانگو پھر کسی اور کو تلقین کرنا	 پہلے اللہ سے اپنے گناہوں کی معافی مانگو پھر کسی اور کو تلقین کرنا
common_voice_ur_31832404.mp3	کیا بی بی سی انگلش یو کے اسپتال میں اس طرح وڈیو بنا سکتا ہے	 کیا بی بی سی انگلیشن کے اسپطال میں اس طرح ویڈیو بنا سکتا ہے؟
common_voice_ur_38439020.mp3	ابھی میں نے فقط کتاب کا مطالعہ کیا ہے لکھنے والا کام نہیں شروع کیا ۔	 ابھی میں نے فقط کتاب کا مطالعہ کیا ہے لکھنے والا کام نہیں شروع کیا
common_voice_ur_31812872.mp3	متحدہ عرب امارات نے جون کے لیے پٹرول کے نئے نرخوں کا اعلان کیا ہے	 متحدہ عرب امارات نے جون کے لیے پٹرول کے نئے نرخوں کا اعلان کر دیا
common_voice_ur_31915082.mp3	جبری یوں کہ ، پیدا ہوئے اور دادا جی نے کان میں اذان انڈیل دی	 جبری یوں کے پیدا ہوئے اور دادا جی میں کان میں اذان انڈیل دی
common_voice_ur_31834778.mp3	بلکہ انھی کا ایک فرد ابلیس انسانوں کو گمراہ کرنے کا مشن اختیار کیے ہوئے ہے	 بلکہ انہی کا ایک فرد ابلیس انسانوں کو گمراہ کرنے کا مشن اختیار کیے ہوئے ہیں
common_voice_ur_31834738.mp3	نیپرا نے گزشتہ سال کی مالی اور اسٹیٹ اف دی انڈسٹری رپورٹ جاری کر دی	 نیپرا نے گزشتہ سال کی مالی اور اسٹیٹ آف دی انڈسٹری ریپورٹ چاری کر دی
common_voice_ur_31846481.mp3	مثلا ایس لوگ جو کم نظریہ کے حاملہ ہوں یا رنگ کور کا شکار ہوں	 مثلا ایس لوگ جو کم نظری ہے کہ حملہ ہوں یا رنگ کور کا شکار ہوں
common_voice_ur_38461653.mp3	لباریٹریاں صرف منفی اور مثبت نتائج دینے کی بجائے یہ بھی لازماً درج کریں	 لپارٹریاں صرف منفی اور مضبط نتائج دینے کے بجائے بھی لازمان رج کریں
common_voice_ur_38447317.mp3	پاکستانی طالبان کے حوالے سے تولیبل لگانے کی شدت پسندی عروج پر پہنچ چکی تھی۔	 پاکستانی طالبان کے حوالے سے تو لیبر لگانے کی شدید پسندی روش پر پہنچ چکی تھی
common_voice_ur_38437392.mp3	وطن اور مذہب کا باہمی تعلق بھی اسی حوالے سے ہماری توجہ کا مستحق ہے۔	 وطن اور مذہب کا باہمی تعلق بھی اسی حوالے سے ہماری توجہ کا مستحق ہے
common_voice_ur_31835342.mp3	تھائی لینڈ کی غار میں لاپتہ ہونیوالے فٹبال ٹیم کے کھلاڑیوں کو زندہ بچا لیا گیا	 تھائی لینڈ کی غار میں لاپتہ ہونے والے فوٹبال ٹیم کے کھلاڑیوں کو زندہ بچا لیا گیا
common_voice_ur_38499181.mp3	"ایک تو ابتداء میں ان کی بیماری کے حوالے سے دورے"" کا لفظ سامنے آیا"""	 اب تو ابتدا میں ان کی بیماری کے حوالے سے دورے کا لفظ سامنے آیا
common_voice_ur_31970510.mp3	روڈ میپ پر دستخط پی سی بی نےمحمد اصف اور سلمان بٹ کو طلب کر لیا	 روڈ میپ پر دستخط پی سی بی نے محمد عاصف اور سلمان بٹ کو طلب کر لیا
common_voice_ur_38430608.mp3	اس بارے میں کوئی دوسری رائے نہیں مذہب بھی بزدلی کو اخلاقی رذائل میں شمار کرتا ہے۔	 اس بارے میں کوئی دوسری رائے نہیں مذہب بھی بستری کو اخلاقی رضائل میں شمار کرتا ہے
common_voice_ur_38452494.mp3	خوش آئند بات ہے کہ اب دوسری ٹیمیں بھی پاکستان آئیں گی: بابر اعظم	 خوش آئین بات ہے کہ اب دوسری ٹیم میں بھی پاکستان آئیں گے بابا رازم
common_voice_ur_31980173.mp3	سلمان اور اصف کے معاملے پر سوچ سمجھ کر فیصلہ کرنا ہو گا افریدی	 سلمان اور آصف کے معاملے پر سوچ سمجھ کر فیصلہ کرنا ہوگا فیدی
common_voice_ur_31955797.mp3	اور ہمارا ایمان ہے کہ چاہے کوئی بھی مسئلہ ہو اسکا حل ادھر موجود ہے	 اور ہمارا امان ہے کہ چاہے کوئی بھی مسئلہ کو اس کا حل ادھر موجود ہے
common_voice_ur_26756813.mp3	روپے کی قدر میں کمی ائی ایم ایف کے دبائو پر ہوئی مشن سربراہ کا اعتراف	 روپے کی قدر میں کمی آئی ایم ایف کے دباؤ پر ہوئی مشن سربراہ کا اطراف
common_voice_ur_38412857.mp3	پیغام پاکستان کو ایک قومی اور اجتماعی دستاویز کی حیثیت اسی وقت حاصل ہو گی۔	 پیغام پاکستان کو ایک قومی اور اجتماعی دستاویز کی حیثیت اسی وقت حاصل ہوگی
common_voice_ur_31854908.mp3	اس کے باوجود میک کے مقابلے میں اسی کو زیادہ تیزی سے مقبولیت حاصل ہوئی	 اس کے باوجود میں کے مقابلے میں اسی کو زیادہ تیزی سے مقبولیت حاصل ہوئی
common_voice_ur_31835429.mp3	تقریبا ایک گھنٹے کے اس سفر میں ہمیں اجنبیت کا بالکل احساس نہ ہوا ۔	 تقریباً ایک گھنٹے کے اس سفر میں ہمیں اجنبیت کا بلکل احساس نہ ہوا
common_voice_ur_41163453.mp3	اخبارات کے صفحات ہم نے سیاہ کر دیے، جو کچھ ہم نے لکھا، وہی نوشتۂ دیوار تھا۔	 احبار کے صفحے ہم نے سیاح کر دیئے جو کچھ ہم نے لکھا وہی نوشتہ دیوار تھا
common_voice_ur_31957328.mp3	آدمی اس کی ذمہ داری اٹھاتا ہے کہ وہ پیدا ہی نہیں کرے گا	 آدمی اس کی ذمہ داری اٹھاتا ہے کہ وہ پیدا ہی نہیں کرے گا
common_voice_ur_38462439.mp3	اتنے میں دور سے لگا کہ کوئی گرد وغبار میں اٹا ہوا پیدل چلا آ رہا ہے۔	 اتنے میں دور سے لگا کہ کوئی گرد و گوبار میں اٹھا ہوا پیدل چلا آ رہا ہے۔
common_voice_ur_31977167.mp3	امن و امان کی صورتِ حال کا معاشی ترقی سے براہ راست تعلق ہے	 امن و امان کی صورتحال کا معاشی ترقی سے براہ راست تعلق ہے۔
common_voice_ur_31855058.mp3	اس ان بیٹری کے گز بیک گراؤنڈ میں چلتے ر گے اور ضروری ڈیٹا اکھٹا کر ر گے	 ان بیٹری کے گزبے گراؤن میں چلتے رگے اور ضروری ڈیٹا اکھٹا کر رگے
common_voice_ur_38478956.mp3	پھر ڈان میں لکھنا شروع کیا اور وہ پیسے بھی بس خرچے کیلئے کافی تھے۔	 پھر ڈان میں لکھنا شروع کیا اور وہ بیسے بھی بس خرچے کے لئے کافی تھے
common_voice_ur_38479258.mp3	پی ٹی آئی کی حالت اچھی نہیں لیکن نون لیگ کے حالات بھی پتلے ہیں۔	 پی کی آئی کی حالت اچھی نہیں لیکن نون لیگ کے حالات بھی پتلے ہیں۔
common_voice_ur_41127487.mp3	تو اس کے لیے ضروری ہے کہ ہم پاکستان میں موافق حالات پیدا کریں ۔	 تو اس کے لئے ضروری ہے کہ ہم پاکستان میں معافی قرار پیدا کریں
common_voice_ur_31992480.mp3	تمام پالیسیوں کا محور معاشی نشوونما ہونا چاہیے قائم مقام صدر ایل سی سی ائی	 تمام پولیسیوں کا محور معاشی نشونوں میں ہونا چاہیے قائم مقام صدر ایل سی سی آئی
common_voice_ur_31992915.mp3	پاکستان میں ہمارا کل اسلام نماز جمعہ اور مولبی کی تقریر کے علاوہ کچھ نہ تھا	 پاکستان میں ہمارا کل اسلام نماز جمعہ اور مولوی کی تقریر کے علاوہ کچھ نہ تھا۔
common_voice_ur_31834316.mp3	ہر سال لاکھوں بچے کم آمدن کی وجہ سے سکول جانے سے محروم ہو جاتے ہیں	 ہر سال لاکھوں بچے کم آمدن کی وجہ سے سکول جانے سے محروم ہو جاتے ہیں
common_voice_ur_31823271.mp3	گزشتہ برس کے مقابلے میں دودھ گوشت سمیت کھانے پینے کی چیزوں کے دام بڑھے	 گزشتہ برس کے مقابلے میں دھوٹ کو سمیت کھانے پینے کی چیزوں کے دام بڑھے
common_voice_ur_38476296.mp3	جی آج نہیں تھا ارادہ مگر باہر دوستوں ک ساتھ ٹہلنے نکلا سو ارادہ بن گیا	 جی آج نہیں تھا ارادہ مگر باہر دوستوں کے ساتھ ٹین نے نکلا سو ارادہ بن گیا۔
common_voice_ur_38451592.mp3	میں نے جب یہ سمجھنا چاہا کہ وہ این آر او کیسے دے سکتے ہیں۔	 میں نے جب یہ سمجھنا چاہا کہ وہ نروں کیسے دی سکتے ہیں؟
common_voice_ur_31950753.mp3	ٹیلی گرام واٹس ایپ کے مانند تیزی سے ابھرتی ہوئی ایک ایپلی کیشن ہے	 ٹیلی گرام واتس ایپ کے مانند تیزی سے اُبرتی ہوئی ایک اپلیکیشن ہے۔
common_voice_ur_31981270.mp3	اس دوران یہاں طرح طرح کے پرندے دوسری جگہوں سے نقل مکانی کرکے آتے ہیں	 اس دوران یہاں ترہ ترہ کے پرندے دوسری جگہ سے نکل مکانی کر کے آتے ہیں
common_voice_ur_41138361.mp3	لیکن یہ کہ صرف طالبان کی حکمرانی ہو‘ وہ ہمارے کسی مفاد میں نہیں۔	 لیکن یہ کہ صرف طالبان کی حکمرانی ہو وہ ہمارے کسی مفاد میں نہیں
common_voice_ur_31343188.mp3	اس میں کی بورڈ نہیں ہوتا بلکہ اس کا کام ٹچ اسکرین کی مدد سے کیا جاتا ہے	 اس میں کیبورڈ نہیں ہوتا بلکہ اس کا کام ٹیچ سکرین کے مدد سے کیا جاتا ہے
common_voice_ur_31906274.mp3	کراچی پاکستان نے ویسٹ انڈیز کو شکست دیکر ٹی سیریز اپنے نام کر لی	 کراچی پاکستان ویسٹ انڈیا کو شکست دے کر دی سیریز اپنے نام کرنے
common_voice_ur_38458712.mp3	میرا خیال ہے کہ فوج کو اس مقدمے سے اعلانیہ اظہار برأت کر نا چاہیے۔	 میرا خیال ہے کہ فوج کو اس مقدمے سے علانیہ اظہار برات کرنا چاہیے
common_voice_ur_38422204.mp3	اس وقت تو یہ تینوں مسائل ہی اہم ہیں اور ایک سے بڑھ کر ایک ہیں	 اس وقت تو یہ تینوں مسائل ہی اہم ہیں اور ایک سے بڑھ کر ایک ہیں
common_voice_ur_31828397.mp3	معلوم ہوتا ہے کہ ہر انسان کے ساتھ کچھ غیر مادی طاقتیں وابستہ ہیں	 معلوم ہوتا ہے کہ ہر انسان کے ساتھ کچھ غیر مادی طاقتیں وابستہ ہیں
common_voice_ur_31989601.mp3	اب تو دو ٹکے کے لوگ بھی اٹھ کر بغیر ثبوت الزام لگا دیتے	 اب تو دو ٹکے کے لوگ بھی اٹھ کر بغیر ثبوت ازام لگا دیتے ہیں
common_voice_ur_31849640.mp3	وہاں میرے ایک دوست وسیم کا گھر ہے جو کئی سالوں سے بند پڑا ہے ۔	 وہاں میرے ایک دوست حسین کا گھر ہے جو کئی سالوں سے بند پڑا ہے
common_voice_ur_41126262.mp3	سندھ اور کے پی میں گندم کا بحران سر اٹھانے لگا پنجاب دبا کا شکار	 سندھ اور کے پی کے گندوں کا بہران سر اٹھانے لگا پنجاب طباق کا شکار
common_voice_ur_31870021.mp3	اور بھی ہیں جو مل کر بھی پاکستانی ٹیم کو مشکلات سے نہیں نکال پاتے ۔	 اور بھی ہیں جو مل کر بھی پاکستانی ٹیم کو مشکلات سے نہیں نکال پاتے ہیں
common_voice_ur_31902736.mp3	کامن ویلتھ گیمز میں انگلینڈ کا چھ گولڈ میڈلز کیساتھ پہلی پوزیشن پر قبضہ برقرار	 کامن ویلڈ گیمز میں انگلین کا چھے گولڈ میرن کے ساتھ پہلی پوزیشن پر کب لور کراتا ہے؟
common_voice_ur_31902494.mp3	ایک تازہ ترین خبر کے مطابق ايشيا کے تیز ترین سپر کمپیوٹرز میں سے جاپان میں موجود ہیں	 ایک تازہ ترین خبر کے مطابق ایشیا کے تیز ترین سوپر کمپیوٹر میں سے جاپان میں موجود ہے۔
common_voice_ur_31823412.mp3	اسکے علاوہ اس میں انٹرنیٹ ایکسپلورر ، بنگ سرچ اور سکائی ڈرائیو کلاؤڈ کنکٹویٹی کے نئے فیچرز بھی شامل کیے گئے ہیں	 اس کے علاوہ اس میں انٹرنیٹ ایکسپلورر، ونگ سرچ اور سکائی ڈرائی فلاؤڈ کنیکٹیویٹی کے نئے فیچرز بھی شامل کیے گئے ہیں
common_voice_ur_32018712.mp3	جاپانی جواب دیتے ہیں کہ رعایتیں دینے کے لیے پہلا مرحلہ بہت جلدی تھا	 جاپانی جواب دیتے ہیں کہ رائٹے دینے کے لیے پہلا مرنہ بہت جلدی تھا
common_voice_ur_32018795.mp3	سعودی عرب کی گولڈ مارکیٹ میں اتوار کو سونے کے نرخوں میں استحکام آیا ہے	 سعودی عرب کی گولڈ مارکیٹ میں اتوار کو سونے کے درخوں میں اس طرح کام آیا ہے
common_voice_ur_38412591.mp3	چند ایک بنیادی باتیں سمجھ لینی چاہئیں، پھر ذہن کے سب جالے صاف ہوجائیں گے۔	 چند ایک بنیادی باتیں سمجھ لینی چاہیے پھر ذہن کے سب جالے صاف ہو جائیں گے
common_voice_ur_32018659.mp3	قبل از اسلام دور جب اہل عرب شرک اور بت پرستی میں مبتلا تھے	 قبل از اسلام دور جب اہلِ عرب شرک اور بود پرستی میں مبتلا تھے۔
common_voice_ur_31834107.mp3	دیگر علامات میں تھکاوٹ دھندلاہٹ چھا جانا یادداشت کی پریشانی اور فیصلہ سازی میں دشواری شامل ہیں	 دیگر علامات میں تھکاوٹ، دندلاہٹ، چاہ جانا، یاداشت کی پریشانی اور فیصلہ سازی میں دشواری شامل ہیں
common_voice_ur_31916743.mp3	ایک ٹیم کے ذمہ بستر تیار کرنا اور دوسری کے ذمہ برتن دھونا اور کھانا پکانا تھا ۔	 ایک ٹیم کے ذمہ پستر تیار کرنا اور دوسری کے ذمہ برطن دھونا اور کھانا پکانا تھا۔
common_voice_ur_31793240.mp3	جب اسلام مخالف مغربی قوتیں لاک ڈاون پر حد درجہ زور دے رہی تھیں	 جب اسلام مخالف مغربی قوتیں لاکڈاؤن پر حد درجہ زور دے رہی تھی
common_voice_ur_31917207.mp3	تو ملک میں بد نظمی اور انارکی کا شدید اندیشہ پیدا ہو جاتا ہے	 تو ملک میں بدنظمی اور انارکی کا شدید اندیشہ پیدا ہو جاتا ہے
common_voice_ur_31916963.mp3	ایک ساتھ پانچ ہزار ایک سو سینما گھروں میں نمائش کے لیے پیش کی گئی	 ایک ساتھ پانچ ہزار ایک سو سینما گھروں میں نوائش کے لئے پیش کی گئی
common_voice_ur_33605833.mp3	نہ مغفرت کی اللہ تعالی کبھی لوگوں کے دلوں کو بھی مزار بنا دیتا ہے۔	 نام مغفرت کی اللہ تعالیٰ کبھی لوگوں کے دلوں کو بھی مزار بنا دیتا ہے
common_voice_ur_41169044.mp3	ہمارے جوہری منصوبہ ساز ایک نہ ختم ہونے والی دوڑ میں لگے ہوئے ہیں۔	 ہمارے جہوری منصوبہ سال ایک نہ ختم ہونے والی دور میں لگے ہوئے ہیں
common_voice_ur_38416827.mp3	چھ سالہ ڈیلن نے عہد کیا کہ وہ اس مقصد کے لئے فائٹ کرے گا۔	 چھ سالہ ڈیلن نے احد کیا کہ وہ اس مقصد کے لیے فائٹ کرے گا
common_voice_ur_38417232.mp3	اب پاناما کیس کی سماعت نے ہر کسی کو معاشرے کی اصل حقیقت سے آگاہ کردیا ہے۔	 اب پناما کیس کی سماعت میں ہر کسی کو معاشرے کی اصلی حقیقت سے اگاہ کر دیا ہے۔
common_voice_ur_32026757.mp3	مہنگائی سے رات کو نیند نہیں آتی قیمتیں کنٹرول کرنے کے لیے کوشاں ہیں	 مہنگائی سے رات کو نین نہیں آتی تیم تک انٹرول کرنے کے لئے وشا ہے
common_voice_ur_38461295.mp3	سماجی کارکن اور مرحوم عبدالستار ایدھی کی زوجہ بلقیس ایدھی کراچی کے نجی اسپتال میں انتقال کرگئیں۔	 سماجی کارکن اور مرہوم عبدالستار عیدی کی زوجہ بلکیز عیدی کراچی کے نجی ہسپتال میں انتقال کر گئی
common_voice_ur_38466375.mp3	تب ہی وہ ایسے ڈسیشنز لیتے ہیں جن کے رزلٹ ہار کی صورت میں سامنے آتے ہیں	 تب ہی وہ ایسے ڈیسینز لیتے ہیں جن کے ریزلٹ ہار کی صورت میں سامنے آتے ہیں
common_voice_ur_31917729.mp3	رنگ کور یا رنگ میں تمیز نہ کر سکہ مرد کی ایک عام پیدائش بیماری ہے	 رنگکور یا رنگ میں تنویز نہ کر سکا مرد کی ایک عام بدائش بیماری ہے۔
common_voice_ur_31983821.mp3	ایک شخصیت کو سمجھنے کے لیے سیاسی و سماجی تناظر کی کیا اہمیت ہے؟	 ایک شخصیت کو سمجھنے کے لیے سیاسی اور سمادی تناظر کی کیا اہمیت ہے؟
common_voice_ur_32050688.mp3	جس نے ساڑھے تین سو ایکڑبحریہ کی زمین خریدی اور سولہ ھزار ایکڑ پر جبری قبضہ کیا	 جس نے سارے تین سو اکڑ بحریہ کی زمین خریدی اور سولہ ہزار اکڑ پر جبری قبضہ کیا
common_voice_ur_38451833.mp3	شہر دریائے سندھ کے مغرب میں بحیرہ عرب کی شمالی ساحل پر واقع ہے	 شہر دریائے سندھ کے مغرب میں بحیرہ عرب کی شمالی ساحل پر واقع ہے
common_voice_ur_32007951.mp3	اس میں کوئ شک نہیں کہ چھوٹو گینگ جیسے بدنام زمانہ گروپس کو سرکاری سرپرستی حاصل ہے	 اس میں کوئی شک نہیں کہ چھوٹو گینگ جیسے بگنام زمانہ گروپس کو سرکاری سرپرستی حاصل ہے
common_voice_ur_31986157.mp3	امیر ترین افراد کی دولت میں اضافہ ٹیکس چوری سے ہوتا ہےاکسفیم کی عدم مساوات پر رپورٹ	 امید تین نفرات کی دورت میں اضافہ ٹیکس سوری سے ہوتا ہے اوکس فیم کی ادم مساورات پر رپورٹ
common_voice_ur_31841062.mp3	خوشی ہوئی سن کہ اس تیندوے کی حفاظت کے لیے اقدامات کئے جائیں گے	 خوشی ہوئی سن کے اس تیندوے کی حفاظت کیلئے اقدامات کیے جائیں گے
common_voice_ur_31833829.mp3	ویب ڈیسکبرطانیہ امریکہ چین روس پرتگال اور اٹلی سمیت کئی دوسرے ملکوں پر اٹامک حملے ہوئے ہیں	 ویب ڈیسک، برطانیہ، امریکہ، چین، روس، پرتگال اور اٹلی سمیت کئی دوسرے ملکوں پر فٹامک حملے ہوئے ہیں۔
common_voice_ur_31833878.mp3	اس سے قبل کسی مشین کو کبھی بھی بزنس مشین کی حیثیت حاصل نہیں تھی	 اس سے قبل کسی مشین کو کبھی بھی بزنس مشین کی حیثیت حاصل نہیں تھی
common_voice_ur_32024566.mp3	مگر پاکستان جائیں تو پھر جیب سے ادھر کا پرس نکال کر دوسرا ڈال لیا	 مگر پاکستان جائے تو پھر جیب سے ادھر کا پرس نکال کر دوسرا ڈال لیا
common_voice_ur_32017755.mp3	جنگل سے قریب ہونے کی وجہ سے خشک لکڑیاں ڈھونڈنے میں زیادہ دقت نہ ہوئی	 جنگل سے قریب ہونا کی وجہ سے ہشت لکڑیاں ڈھونڈنے میں زیادہ ذکر نہیں ہوئی
common_voice_ur_38463474.mp3	یار۔۔۔۔۔۔۔!!!! آخر کیوں وقت ہم دنوں میں رقیب کا کردار ادا کر رہا ہے	 یار آخر کیوں وقت ہم جنوں میں رقیب کا کردار ادا کر رہا ہے؟
common_voice_ur_31793345.mp3	کل کلاں کو لوگ صرف ویب پر تحریر پڑھا اور پھر لکھا کر تھے	 کل کلان کو لوگ صرف ویب پر تقریر پڑھا اور پھر لکھا کرتے
common_voice_ur_31793329.mp3	شریانوں کے مرض کا عالمی دن ہر سال تیس مئی کو منایا جاتا ہے	 شریانوں کے مرس کا عالمی دن ہر سال تیس ماہ کو منایا جاتا ہے۔
common_voice_ur_38441643.mp3	اسلام آباد میں حکومت ان کی ہو گی اور پنجاب بھی ان کے قبضے میں ہو گا۔	 اسلام آباد میں حکومت ان کی ہوگی اور پنجاب بھی ان کی قبضے میں ہوگا
common_voice_ur_38469364.mp3	وزارت خارجہ میں یکدم متحرک ہو جائیں‘ ایسے حالات پیدا ہونے میں وقت لگے گا۔	 وزارتِ حرجہ میں یک دم متحرک ہو جائیں ایسے حالات پیدا ہونے میں وقت لگے گا
common_voice_ur_38417049.mp3	نواز شریف کے استعفے کا مطالبہ کسی صورت بھی تسلیم نہیں کیا جا سکتا تھا۔	 نواز شریف پیستیفے کا مطالبہ کسی صورت بھی تسلیم نہیں کیا دا سکتا تھا
common_voice_ur_38416918.mp3	نام پانامہ پیپرز میں آئیں، بیرون ملک جائیدادوں کا کوئی جواز پیش نہ کر سکیں۔	 نام پناما پیپرز میں آئیں بیرونی ملک جائیدادوں کا کوئی جواز پیش نہ کر سکیں
common_voice_ur_38436139.mp3	تمہیں اس دن پر رونا چاہئے جو تم نے نیکی کے بغیر گزار دیا	 تمہیں اس دن پر رونا چاہیے جو تو نے نیکی کے بغیر گزار دیا
common_voice_ur_38425738.mp3	نہ کھڑکی کا پنجابی میں اس صورت حال کے بیان کے لیے ایک لفظ ہے۔	 نا کھڑکی کے پنجابی میں اس صورتحال کے بیان کے لیے ایک لفظ ہے۔
common_voice_ur_38426539.mp3	میرا اپنا خیال ہے کہ شہباز شریف کو انتخابی مہم خود ہی چلانی پڑے گی۔	 میرا اپنا خیال ہے کہ شہباز شریف کو انتخابی موہم خودی چلانی پڑے گی
common_voice_ur_31824302.mp3	کامن ویلتھ گیمز پاکستان اور ملائیشیا ہاکی ٹیم کا میچ ایک ایک گول سے برابر	 کومنویلگ گیمز پاکستان اور ملیشیا ہاکی ٹیم کا میچ ایک ایک گول سے برابر
common_voice_ur_31959366.mp3	آخر نتیجہ یہ نکالا کہ سفید جھاگ یقینا کچھ نمکیات کی وجہ سے ہوگی	 آخر نتیجہ یہ نکلا کہ سفید جھاگ یقیناً کچھ نمکیات کی وجہ سے ہوگی
common_voice_ur_31823979.mp3	جو چراغ لے کر بھی ڈھونڈو تو شاید ہی پورے اسلام آباد میں ملے ۔	 جو چراغ لے کر بھی ڈھونڈو تو شاید ہی پورے اسلامباد میں ملے
common_voice_ur_31824308.mp3	دن میں جذب کی گئی کاربن ڈائی آکسائیڈ کے مقابلے میں بہت کم ہوتا ہے	 دن میں جذب کی گئی کاربن ڈائی اکسائیڈ کے مقابلے میں بہت کم ہوتا ہے۔
common_voice_ur_31979877.mp3	پھر دادا جی نے جھاڑا کہ اتنی مسلمانی بھی اچھی نہیں ابھی میں ہوں ناں باریش گھر میں	 پھر دادا جی نے جھاڑا کہ اتنی مسلمانی بھی اچھی نہیں ابھی میں ہوں نا بارش گھر میں
common_voice_ur_38441994.mp3	اس کے بعد وہ اس سوال پر غورکرتا ہے کہ یہاں مذہب اسے کیا رہنمائی دیتا ہے۔	 اس کے بعد وہ سوال پر غور کرتا ہے کہ یہاں مذہب اسے کیا رہنمائی دیتا ہے
common_voice_ur_38459290.mp3	اس کا سادہ مطلب یہ ہے کہ پاکستان کے مادی اور دنیادی مفادات کا تقاضا کیا ہے؟	 اس کا سادہ مطلب یہ ہے کہ پاکستان کی مادی اور دنیاوی مفادات کا تقاضی کیا ہے؟
common_voice_ur_38442796.mp3	اسی خاندان کا ایک اور نوجوان اس حوالے سے زیادہ تیز اور جارحانہ خیالات کا حامل ہے۔	 اسی خاندان کا ایک اور نجوان اس خوالے سے زیادہ تیز اور جارحان خیالات کا حامل ہے۔
common_voice_ur_31987801.mp3	بلکہ سائنس دانوں کو ایک طویل ارضیاتی عمل کی ڈرامائی مشاہدی کا موقع میسر آرہا ہی۔	 بلکہ سائنس دانوں کو ایک طویل ارجاتی عمل کی ڈرامائی مشاہدی کا موقع میں سر آ رہا ہے۔
common_voice_ur_38466999.mp3	نوازشریف صاحب کے بر خلاف، ان کا ہدف سیاست اور حکومت نہیں، صرف حکومت ہے۔	 نوشی صاحب کی برخلافت کا حدث سیاست و رکومت نہیں اس رکومت ہے
common_voice_ur_31809522.mp3	کچھ اورشواہد کے مطابق ڈپریشن اور دل کی بیماریوں ممکن تعلق پایا جاتا ہے	 کچھ اور شواہد کے مطابق ڈپریشن اور دل کی بیماریاں ممکن تعلق پایا جاتا ہے
common_voice_ur_32005456.mp3	کہ رائج الوقت قانون اور عدالتوں کی توہین کے امکانات پیدا ہو جاتے ہیں	 کہ رائے چل وقت قانون اور عدالتوں کی تحین کی امکانات پیدا ہو جاتے ہیں
common_voice_ur_31836682.mp3	اور ہمارا ایمان ہے کہہ چاہ کوئی بھی مسئلہ ہو اس حل ر موجود ہے	 اور ہمارا ایمان ہے کہ چاہ کوئی بھی مسئلہ ہو اس حل رہ موجود ہے
common_voice_ur_38412139.mp3	اس کی ابتدا میں پاکستان کے آئین کی بنیاد، قرارداد مقاصد کی صدائے بازگشت سنائی دیتی ہے۔	 اس کی ابتدا میں پاکستان کی آئین کی بنیاد قرار داد مقاصد کی صدای بزگشت سنائی دیتی ہے۔
common_voice_ur_31824479.mp3	فیملی پلاننگ پالیسی میں تبدیلی کے بعد بھی چین میں شرح آبادی مسلسل کم ہو رہی ہے	 فیملی پلاننگ پولیسی میں تبدیلی کے بعد بھی چین میں شرائع بادم سلسل کم ہو رہی ہے
common_voice_ur_33913257.mp3	نہ ہماری سیاسی کلاس‘ نہ کوئی اور اس بارے میں سوچنے کی زحمت کرتا ہے۔	 نہ ہماری سیاسی کلاس نہ کوئی اور اس بارے میں سوچنے کی زہمت کرتا ہے
common_voice_ur_31324375.mp3	ریٹائرمنٹ کے بعد اکثر لوگ اپنے وقت کا زیادہ تر حصہ گھر پر گذارتے ہیں	 دیٹائرمنٹ کے بعد اکثر لوگ اپنے وقت کا زیادہ تر حصہ گھر پر گزارتے ہیں۔
common_voice_ur_31996214.mp3	یورپا فٹبال لیگ کوارٹر فائنل میں رسنل اور ماسکو کی ٹیموں کا پلڑا برابر	 یورپا فوڈبال لیگ کورٹر فائنل میں رسپنر موسکو کی ٹیموں کا پل رہا برابر
common_voice_ur_35150423.mp3	پیارے، تجھے دیکھے اک زمانہ دیکھو کہ سب عزیز و اقارب خاک میں چلے گئے۔	 پیارے تجھے دیکھے ایک زمانہ دیکھو کہ سب عزیز و عقار خاک میں چلے گئے
common_voice_ur_31793839.mp3	ڈاکٹر صاحب صاحبہ نے ماسک نھے لگائے کیا انکو کرونا کچھ نھی کھتا باقی سن نے ماسک لگایا ھے	 دکٹر صاحب صاحبہ نے ماسک نہیں لگایا کیا ان کو کرونا کچھ نہیں کہتا پاکستان نے ماسک لگایا ہے
common_voice_ur_38468343.mp3	میرا خیال ہے کہ آنے والے ماہ و سال میں، اگر یہ تاثر بدلتا ہے۔	 میرا خیال ہے کہ آنے والے ماہ و سال میں اگر یہ تاثر بدلتا ہے
common_voice_ur_38411583.mp3	اس لئے اس سال کی بارشیں آسمانوں کی طرف سے نعمت کے طور پہ برس رہی ہیں۔	 اس لیے اس سال کی بارچہ آسمانوں کی طرف سے نعمت کے طور پر برس رہی ہے۔
common_voice_ur_31837367.mp3	جیسے جنگلات اور باغات کے حسن کا فرق جو انسان خود ترتیب دیتا ہے	 جیسے جنگلات اور باغات کے حضن کا فرق جو انسان خود ترتیب دیتا ہے
common_voice_ur_38468466.mp3	نااہلی کا ایک وقت ہوتا ہے لیکن یہاں تو مستقل کیفیت بنتی جا رہی ہے۔	 نہ اہلی کا ایک وقت ہوتا ہے لیکن جہاں تو مستقل کیفیت بنتی جا رہی ہے۔
common_voice_ur_31998322.mp3	پولیس کو ناکام بھی اس لیئے کیا جاتا ہے تاکہ پولیس کی جگہ انہیں اختیارات ملیں	 پولیس کو ناکام دی اسی لیے کیا جاتا ہے تاکہ پولیس ہی جگہ انہیں اختیارات ملے
common_voice_ur_31984781.mp3	شہر سے دور ہونے کے باعث یہاں گاڑیوں کی آمدورفت بہت کم ہوتی ہے ۔	 شہر سے دور ہونے کے بعد یہاں گاڑیوں کی عام ضرورت بہت کم ہوتی ہے۔
common_voice_ur_38429772.mp3	پاکستان کو دیکھنا ہے کہ اس نے اپنے مفاد کا تحفظ کیسے کر نا ہے۔	 پاکستان کو دیکھنا ہے کہ اس نے اپنے مفاد کا تحفظ کیسے کرنا ہے؟
common_voice_ur_31793978.mp3	کرس میک ریلی ارجنٹائن کے فاتح تیرہ برس بعد ورلڈ ریلی چیمپئن جیتنے والے پہلے برطانوی	 کریس میک ریلی ارجن ٹائنگ کے فاتح تیرہ برس بعد ورلڈ ریلی چیمپئن جیتنے والے پہلے برطان بھی
common_voice_ur_31958338.mp3	جیمی کہتی ہیں اس بات کی واضح شواہد موجود ہیں پلیٹ دو حصوں میں ٹوٹ رہی ہی۔	 جیمی کہتی ہے اس بات ہی وضاع شواہد موجود ہیں لیٹ دو حصوں میں ٹوٹ رہی ہے
common_voice_ur_31954191.mp3	تو پھر کپتان کوئی بھی ہو ، مثبت نتائج کی فراوانی نہیں رک سکے گی	 تو پھر کپتان کوئی بھی ہو مضبط نتائج کی فراوانی نہیں رکھ سکے گی
common_voice_ur_38429382.mp3	پارلیمان کی منظوری سے یہ صحیح معنوں میں ایک قومی بیانیہ بن پا ئے گا۔	 پارلیمان کی منظوری سے یہ صحیح معنوں میں ایک قومی بیانیاں بن پائے گا
common_voice_ur_31980021.mp3	اس تبدیلی کی تعریف نہیں کر سکا وہ یہ بتانے میں بھی ناکام ہے	 اس تبدیلی کی تعریف نہیں کر سکا وہ یہ بتانے میں ہی ناکام ہے
common_voice_ur_38446912.mp3	اس بنیاد کا اثر زائل ہونے کی بجائے چھاپ کی مانند آئندہ نسلوں پہ ثبت ہوتا گیا۔	 اس بنیاد کا اثر زائل ہونے کی بجائے چھاپ کی مانند آئندہ نسلوں پہ ثبت ہوتا گیا
common_voice_ur_31982209.mp3	گندم کی برمدی قیمتیں بھی بڑھ گئیں جس کی وجہ سے ارجنٹائن میں پیداواری کمی ہے	 گندم کی برمدی قیمتیں بھی بڑھ گئی جس کی وجہ سے آرجنٹائن میں پیداواری کمی ہے
common_voice_ur_41153804.mp3	انتخاب کی رات دھرنے میں غلام سرور خان ان کے دائیں کندھے سے کندھا ملائے کھڑے تھے۔	 انتخاب کی رات دھڑنے میں غلام سرور خان ان کی دائیں کندے سے کندہ ملائی کھڑے تھے
common_voice_ur_41103280.mp3	میں سوچنے پہ مجبور ہوا کہ یہ ادارہ نہ ہوتا تو مریض کہاں جاتے؟	 میں سوچنے پر مجبور ہوا کہ یہ ارادہ نہ ہوتا تو مریض کہاں جاتے؟
common_voice_ur_38461728.mp3	شیطان کا رویہ اختیار کرنے والے انسانوں سے اللہ تعالیٰ ناراض ہو جاتے ہیں	 شیطان کے رویہ اختیار کرنے والے انسانوں سے اللہ تعالیٰ نراز ہو جاتے ہیں۔
common_voice_ur_41108530.mp3	حساس علاقوں میں تیل گیس کے ذخائر کی تلاش کیلئے سیکیورٹی اہلکار بڑھانے کا منصوبہ	 حساس علاقوں میں تیل گیس کے زخائر کی تلاش کے لیے سیکیورٹی ارکار بڑھانے کا منصوبہ
common_voice_ur_41108730.mp3	بیرونی ممالک میں پناہ لینے والے صحافیوں پہ ایک نئے حملے کا آغاز کیا گیا	 پیرونی ممالک میں پناہ لینے والے صحافیوں پر ایک نئے حملے کا آغاز کیا گیا
common_voice_ur_38409889.mp3	اس مدرسے کے مشاہدات لوگ اگر سنیں توحیران ہوں کہ ایک مدرسہ ایسا بھی ہو تا ہے۔	 اس مدرسے کے مشاہدات لوگوں اگر سنیں تو حیران ہو کہ ایک مدرسہ ایسا بھی ہوتا ہے
common_voice_ur_31841558.mp3	لیکن اللہ تعالیٰ کی یہ دنیا صرف ان مادی احوال تک محدود نہیں ہے	 لیکن اللہ تعالیٰ کی یہ دنیا صرف ان مادی احوال تک محدود نہیں ہے
common_voice_ur_38465700.mp3	ان کے چھ سات کے جوہری ذخیرے کے مقابلے میں ہمارے پاس کہیں زیادہ ایٹمی قوت ہے۔	 ان کے چھ سات کے جوری زخیرے کے مقابلے میں ہمارے پاس کہیں زیادہ ایٹمی قوت ہے
common_voice_ur_38415641.mp3	بائیک واش کرتے وقت کوشش کرکے میٹر یا ہیڈ لایٹ کی جو وائیرنگ ہے اس پر کم واٹر یوز کرو	 بائیک واش کرتے وقت کوشش کر کے میٹر یا ہیڈ لائٹ کی جو وائرنگ ہے اس پر کم وارٹر یوز کرو
common_voice_ur_31813874.mp3	تو اب آ پ کو اس بارے میں پریشان ہونے کی ضرورت نہیں ہے	 تو اب آپ کو اس بارے میں پریشان ہونے کی ضرورت نہیں ہے
common_voice_ur_31813875.mp3	ماہرین کا خیال ہے کہ پھل اور سبزیاں انسانی خوراک کا لازمی جز ہونی چاہئیں	 ماہرین کا خیال ہے کہ پھل اور سبزیاں انسانی خوراک کا لازمی جوز ہونی چاہیے
common_voice_ur_38504470.mp3	شردھا کپور نے بوائے فرینڈ کو فرحان اختر کے ساتھ کام کرنے سے روک دیا	 شردہ کپور نے بوائی فرنڈز کو فرحان اختر کے ساتھ کام کرنے سے روک دیا
common_voice_ur_32008935.mp3	ان کا کام سیاست نہیں، بلکہ سیاست دانوں کو دین کی رہنمائی سے آگاہی ہے	 ان کا کام سیاست نہیں بلکہ سیاست دانوں کو دین کی رہنمائی سے آگائی ہے
common_voice_ur_31946187.mp3	درد کی شدت اب سہی نہیں جاتی اس لیے آرام کرنا چاہتا ہوں۔	 درد کی شدت اب سہ نہیں جاتی اس لئے ارام کرنا چاہتا ہوں
common_voice_ur_31814061.mp3	مسلمان ممالک مل کر بھی شام کو خود سے سبق نہیں سکھا سکتے	 مسلمان ممالک مل کر بھی شام کو خود سے سبق نہیں سکھا سکتے
common_voice_ur_31984278.mp3	درد کی شدت اب سہی نہیں جاتی اس لیے آرام کرنا چاہتا ہوں	 درد کی شدت اب سہ ہی نہیں جاتی اس لئے آرام کرنا چاہتا ہوں
common_voice_ur_38484846.mp3	دوسرے سے مختلف، انہیں کچھ زیادہ توجہ، دیکھ بھال کی ضرورت رہتی ہے۔	 دوسرے سے مختلف انہیں کچھ زیادہ توجہ دیکھ وال کی ضرورت رہتی ہے
common_voice_ur_31967596.mp3	ایس ای سی پی نے پبلک فرنگ ریگولیشن میں ترامیم متعارف کروا دیں	 ایس آئی سی پی نے پبلک فرنگ ریگولیشن میں ترامیم مطارف کروا دی ہے۔
common_voice_ur_31845898.mp3	درمدات کے باوجود ٹماٹر پیاز کی قیمتیں بلند ترین سطح پر پہنچ گئیں	 درامداد کے باوجود ٹماتر پیاس کی قیمت ترین سطح پر فوچ گئی
common_voice_ur_31978440.mp3	گلاب اور چنبیلی کے پھولوں کا نام ہم بچپن سے سنتے آ رہے ہیں	 گلاب اور چمبیلی کے پھولوں کا نام ہم بچپن سے سنتے آ رہے ہیں
common_voice_ur_31971394.mp3	پی ایس ایل تھری کے کامیاب انعقاد پر پوری قوم خوشی سے نہال	 پی ایس ایل تھری کے کامیاب انعقاد پر پوری قوم خوشی سے نہال
common_voice_ur_32598173.mp3	یہ عمل اس کے پچھلے گناہوں کی معافی کا ذریعہ بن جائے گا	 یہ عمل اس کے پچھلے گناہوں کی معافی کا ذریعہ بن جائے گا
common_voice_ur_38411458.mp3	پاکستان کا صرف سات ارب سعودی عرب لیکن پاکستان کی مدد کا طلب گار ہے۔	 پاکستان کا صرف سات عرب سعودی عرب لیکن پاکستان کی مدد کا طلبگار ہے
common_voice_ur_32598311.mp3	دوسرا دور جسے میں لبرل ازم کا عہد کہتا ہوں، اب جاری ہے۔	 دوسرا دور جسے میں لبرلزم کا عہد کہتا ہوں اب جاری ہے
common_voice_ur_41023814.mp3	یو ایس ایڈ پاکستانی ام برامد کنندگان کی مدد کررہا ہے ڈاکٹر یوسف ظفر	 یو ایس ایڈ پاکستانی ام برامت کنندگان کی مدد کر رہا ہے ڈاکٹر یوسف زفر
common_voice_ur_41023846.mp3	سعید اجمل ایک بار پھر قومی ٹیم میں شامل ہونے کے لئے پرعزم	 سعید اجمل ایک بار پھر قومی ٹیم میں شامل ہونے کے لئے پرعظم
common_voice_ur_31887530.mp3	سیاح کو ہندودش کے بلند و بالا پہاڑی سلسوں کا بھی نظارہ کر سکتے ہیں ۔	 سیاہ کو ہندو دیش کے بلند و بولا پہاڑی سے سلوکہ بھی نظارہ کر سکتے ہیں
common_voice_ur_31951657.mp3	میں جانتا ہوں وہ منڈیوں میں واپس آنے کے لیے نہیں جا رہے ہیں	 میں جانتا ہوں وہ منڈیوں میں واپس آنے کے لیے نہیں جا رہے ہیں
common_voice_ur_31822783.mp3	وسٹا پہلا اوپریٹنگ سسٹم ہے جو مکمل طور پر بٹ کو سپورٹ کرتا ہے	 ویسٹا پہلا آپریٹنگ سسٹم ہے جو مکمل طور پر بٹ کو سپورٹ کرتا ہے
common_voice_ur_31968152.mp3	اب چونکہ رکازی ایندھن کا استعمال دنیا بھر میں بہت زیادہ ہورہا ہے	 اب چونکہ رکازی اندھن کا استعمال دنیا بھر میں بہت زیادہ ہو رہا ہے
common_voice_ur_31829630.mp3	شاہد فریدی نے ٹیبل ٹینس کھلاڑی مہک انور کے علاج کا اعلان کردیا	 شاہد فریدی نے ٹیبل ٹینس کھلاڑی مہہ کنور کے علاج کا اعلان کر دیا
common_voice_ur_31829463.mp3	پی سی بی نے قومی کھلاڑیوں کیلئے اپنے خزانے کا منہ کھول دیا	 پی سی بی نے قومی کھلاڑیوں کے لیے اپنے خزانے کا موں کھول دیا۔
common_voice_ur_31829350.mp3	اس کہانی کو انصاف کرنے کے لئے اتنا وقت نہیں دیا جاتا ہے	 اس کہانی کو انصاف کرنے کے لئے اتنا وقت نہیں دیا جاتا ہے
common_voice_ur_32015984.mp3	جو آہستہ آہستہ پاکستان کرکٹ کو صلاحیت کے حوالے سے بنجر کرتا جا رہا ہے ۔	 جو آہستہ آہستہ پاکستان کرکٹ کو صلاحیت کے حوالے سے بنجر کرتا جا رہا ہے۔
common_voice_ur_31791782.mp3	ایل پی جی درامد کنندگان کا حکومت سے انکم ٹیکس ختم کرنے کا مطالبہ	 LPG رامند کنندگان کا حکومت سے انکم ٹیکس حتم کرنے کا مطالبہ
common_voice_ur_31792295.mp3	ان کی زندگی ڈرامائی پیچ و خم سے بھری ہوئی دکھائی دیتی ہے۔	 ان کی زندگی ڈرامائی پیچو خام سے بھری ہوئی دکھائی دیتی ہے
common_voice_ur_31974381.mp3	سنیل گواسکر کی عمران خان کو فون پر مبارکبادتقریب میں شرکت سے معذرت	 سنیل گواسکر کی عمران خان کو فون پر مبارک بات تقریب میں چھرکت سے معذرت
common_voice_ur_31974411.mp3	رسول جب آ جائے تو پھر اس کو ہر صورت غالب رہنا ہے۔	 رسول جب آ جائے تو پھر اس کو ہر صورت غالب رہنا ہے
common_voice_ur_38438312.mp3	سماج کو اپنی مضبوطی کے لیے ایک نظام اقدار کی ضرورت ہوتی ہے۔	 سماج کو اپنی مضبوطی کے لیے ایک نظام اقتار کی ضرورت ہوتی ہے۔
common_voice_ur_31976865.mp3	بالكل ايسا هي هے تم سب اس پولٹکس کا حصه هو كورونا سب بكواس هے	 بلکل ایسا ہی ہے تم سب اس پولیٹکس کا حصہ ہو کرونا سب بکواس ہے
common_voice_ur_32056173.mp3	زیادہ سے زیادہ دو برس کے اندر اس منصوبے کو تکمیل تک پہنچانا چاہیے۔	 زیادہ سے زیادہ دو برس کے اندر اس منصوبے کو تکمیل تک پہنچانا چاہیے
common_voice_ur_31891833.mp3	مصر دسمبرایجنسی ایک اداکارہ کے بوائے فرینڈ کو لیکر تنازعہ کھڑا ہو گیا ہے	 نیسر ڈیسمبر ایجنسی ایک اداکارہ کے بوائی فرینڈ کو لے کر تنازہ کھڑا ہو گیا ہے
common_voice_ur_31832260.mp3	کیا تم وہ دن بھول گئے جب میں نے تمہاری دھلائی کی تھی	 کیا تم وہ دن پھول گئے جب میں نے تمہاری تھلائی کی تھی؟
common_voice_ur_31832285.mp3	اسے یہ شخص یا کیفیت حیران کن اور مزا دینے والی لگتی ہے	 اسے یہ شخصیہ حیفیت حیران کن اور مزہ دینے والی لگتی ہے
common_voice_ur_38427367.mp3	اس صورت حال میں اپنا ذہنی اور جذباتی توازن قائم رکھنا ضروری ہے۔	 اس اتحال میں اپنا ذہنی اور جذباتی توازن قائم رکھنا ضروری ہے
common_voice_ur_38472618.mp3	ان کے طرز سیاست، منشور اور عرصہ حکومت کو زیر بحث لانا چاہیے۔	 ان کے طرز سیاست منشور اور عرصہ حکومت کو زیرے بحث لانا چاہیے
common_voice_ur_31832517.mp3	میں نے انسانیت کا وہ روپ دیکھا جو چراغ لے کر بھی ڈھونڈو	 میں نے انسانیت کا وہ روپ دیکھا جو چراغ لے کر بھی ڈھونڈو
common_voice_ur_31927345.mp3	سلام ہے ان تمام سپاہیوں کو جو وبا کے اس محاذ پر ڈٹے رہے	 سلام ان تمام سپاہیوں کو جو وبا کے اس محاص پر ڈٹے رہے
common_voice_ur_31834785.mp3	او جی ڈی سی ایل اور گیزپرام کے مابین مشترکہ منصوبوں کے ایم او یوز پر دستخط	 او جی ڈی سی ال اور گیس پرام کے مابین مشترکہ منصوبوں کے ایم او یوز پر دست خط
common_voice_ur_31812811.mp3	وہ تو مسجد پر حملہ نہیں کریں گے نہ ہی انہوں نے کیا	 وہ تو مسجد پر حملہ نہیں کریں گے نہ ہی انہوں نے کیا
common_voice_ur_31812744.mp3	ویسٹ انڈیز کا دورہ پاکستانپی سی بی نے رکنی ٹیم کا اعلان کر دیا	 ویسٹرن ڈیز کا دورہ پاکستان پی سی بی نے رکنی ٹیم کا اعلان کر دیا
common_voice_ur_32035134.mp3	کیا یہ نظم ریاست ان کی حدود کا بھی تعین کر تا ہے؟	 کیا یہ نظم ریاست ان کی حدود کا بھی تعیون کرتا ہے؟
common_voice_ur_31888925.mp3	فرانس کروشیا کو ہرا کر دوسری مرتبہ فیفاورلڈ کپ کا چیمپئن بن گیا	 فرانس کروشیا کو ہر آگے اور دوسری مرتبہ فیفا ورلڈ کپ کا چیمپئن بن گیا
common_voice_ur_31887698.mp3	ان کے لیے ہمدردی رکھتا ہوں جو مچھ سے زیادہ برے حال میں ہیں	 ان کے لئے ہمدردی رکھتا ہوں جو مجھ سے زیادہ برے حال میں ہیں
common_voice_ur_31837038.mp3	بکی سے رابطوں کا الزام بھارتی بورڈ سری نواسن سے ناخوش ئی سی سی چیئرمین کا عہدہ خطرے میں	 مکی سے رابطوں کا الزام بھارتی بورٹ سری نوانسن سے ناکوش آئی سی سی چیئرمین کا عوضہ خطرے میں
common_voice_ur_31981849.mp3	اسٹاک مارکیٹ کے نیچے جانے کی وجہ جے ائی ٹی ہے گورنر سندھ	 سٹاک مارکیٹ کے نیچے جانے کی وجہ جے آئی ٹی ہے گورنر سل
common_voice_ur_38453920.mp3	علم و عقل کی ان بلندیوں کی طرف پرواز کے قابل ہو جاتی ہے	 علم و عقل کی ان بلندیوں کی طرف پرواز کے قابل ہو جاتی ہے
common_voice_ur_31837167.mp3	بی بی سی اردو معافی مانگے کہ اس نے مریضوں کی شکل بلیرڈ نہیں کی۔	 بی بی سی اردو معافی مانگے کہ اس نے مریضوں کی شکل بلڈ نہیں کی
common_voice_ur_31994091.mp3	وجود رنگ کے مجموعہ گڈ مڈ کر د والے ہی کیوں نہ ہوں	 وجود رنگ کے مجموعہ گوٹ میٹ کرد والے ہی کیوں نہ ہوں
common_voice_ur_31772102.mp3	ہر سال کی طرح اس سال بھی ح بجٹ موضوع بحث بنا ہوا ہے	 ہر سال کی طرح اس سال بھی ہاں بجٹ موضوع بحث بنا ہوا ہے
common_voice_ur_31793987.mp3	ہمارے نزدیک، ملائکہ کی ذمہ داریوں اور ابلیس اور اس کے لشکر کی چالبازیوں کے نتیجے میں وہ صورتِ	 ہمارے نزدیک ملائکہ کی ذمہ داریوں اور ابلیس اور اس کے لشکر کی چالبازیوں کے نتیجے میں وہ صورت
common_voice_ur_31794025.mp3	ونڈوز میں روایتی سٹارٹ بٹن کو واپس شامل کیا گیا ہے وہ بہت أہم ہیں	 ونڈوز میں روایتی سٹارٹ بٹن کو واپس شامل کیا گیا ہے وہ بہت اہم ہیں
common_voice_ur_38460928.mp3	ان کی مایوسی حکومت کے خلاف اٹھنے والی آوازوں کو توانا کرے گی۔	 ان کی مایوسی حکومت کے خلاف اٹھنے والی آوازوں کو توانا کرے گی
common_voice_ur_31976958.mp3	آپ ایسا کریں کے شام کی ٹرین میں پانچھ سیٹیں بک کر دیں۔	 آپ ایسا کریں کہ شام کی ٹرین میں پانچ سیٹیں بک کر دیں
common_voice_ur_31887970.mp3	فی زمانہ اگر دیکھا جائے تو پاکستان کی فوج اسلامی فوج ہے ہی نہیں	 فی سمانہ اگر دیکھا جائے تو پاکستان کی فوج اسلامی فوج ہے ہی نہیں
common_voice_ur_31957834.mp3	ریلوے کی تمام مسافر کوچز اگلے دو برسوں میں اپ گریڈ کر دیں گے سعد رفیق	 ریلوے کی تمام مصافر کوچس اگلے دو برسوں میں آپکریٹ کر دیں گے سعاد رفیق
common_voice_ur_31885249.mp3	اگر حقیقتا ہمارا ایک برا دن ہو پروگرام کہے گا خریدو وہ وضاحت کرتا ہے	 اگر حقیقتاً ہمارا ایک برا دن ہو پروگرام کہے گا خریدو وہ وضاحت کرتا ہے۔
common_voice_ur_41168335.mp3	سب سے پہلے تو اسے خود خیر کا پیام بر بننا ہو گا۔	 سب سے پہلے تو اسے خود خیر کا پیامبر بننا ہوگا
common_voice_ur_31992910.mp3	طبی عملے کے مطابق ملک میں کورونا وائرس کی علامات کو چھپایا جاتا ہے	 طبی عملے کے مطابق ملک میں کرونا وائرس کے علامات کچھ پایا جاتا ہے
common_voice_ur_31837179.mp3	ونڈو فون میں کافی عرصے سے مختلف ملکوں کی قومی زبان آپشن ہے	 ونڈو فون میں کافی عرصے سے مختلف ملکوں کی قومی زبان آپشن ہے۔
common_voice_ur_41120665.mp3	یہاں تو مسلک ہی اتنے ہیں کہ آسانی سے گنے نہ جا سکیں۔	 یہاں تو مسئلے کی اتنی ہے کہ آسانی سے گنے نہ جا سکیں
common_voice_ur_38460668.mp3	ان کے خلاف ریاستی قوت کو پوری طرح سے بروئے کار آنا چاہیے۔	 ان کے خلاف ریاستی قوت کو پوری طرح سے بڑھائی کار آنا چاہیے
common_voice_ur_32057190.mp3	ائی سی سی نے علیم ڈار کو بھارت میں میچ امپائرنگ سے ہٹا دیا	 آئی سی سی نے علیم ڈار کو بھارت میں میچ امپائرنگ سے ہٹا دیا۔
common_voice_ur_31952135.mp3	پی اس ال کا فائنل دوسری فائنلسٹ ٹیم اسلام باد یونائیٹڈ کراچی پہنچ گئی	 پی ایس ایل کا فائنل دوسری فانیل اسٹیم اسلام آباد یونائٹڈ کراچی پہنچ گئی
common_voice_ur_31980691.mp3	انگلینڈ کیخلاف پہلا ٹیسٹ یاسر شاہ ان فٹ ظفر گوہر کو کھیلانے کا فیصلہ	 انگیزی کے لئے بہت ایسی ایسی شارع ان فرق کو ہوتا ہے کہ لانے کا حیثیت
common_voice_ur_31980043.mp3	سڑکوں کی بندش سے تیل کی سپلائی میں تعطل ملک میں تیل کے بحران کا خدشہ	 سرکوں کی بندے سے تیل کی سپلائی میں تاتل ملک میں تیل کے بہران کا حدشہ
common_voice_ur_31952387.mp3	میں ایک ٹورسٹ ہوں اور میں نے کئی جگہ ہرن چیتے دیکھے ہے پاکستان میں	 میں ایک ٹورسٹ ہوں اور میں نے کئی جگہ ہرن چیتے دیکھے ہیں پاکستان میں
common_voice_ur_38481242.mp3	چنانچہ ضروری ہے کہ ریاست مسخ شدہ جہادی عقائد سے برتر تصورات کی آبیاری کرے۔	 چنانچہ ضروری ہے کہ ریاست مسجد جہادی حقائق سے برطرد صورت کیاری کریں
common_voice_ur_38492962.mp3	پی ٹی آئی نے ضرور ان کی مخالفت کی اور ان کا جینا حرام کیا۔	 پی ٹی آئی نے ضرور ان کی مخالفت کی اور ان کا جینا حرام کیا
common_voice_ur_31924296.mp3	ہوشیاری اور یِہ کرنا شوخی انداز مَیں سَب کا اندر یِہ کرنا مقبولیت کا لئے کافی ہونا	 ہوشیاری اور یہ کرنا شوقی انداز میں سب کا اندر یہ کرنا مقبولیت کے لئے کافی ہماری
common_voice_ur_31989207.mp3	لوگ بے صبری سے شاہد آفریدی کی بیٹنگ کا انتظار کیا کرتے تھے	 لوگ بے سبری سے شاہد فریدی کی بیٹنگ کا انتظار کیا کرتے تھے
common_voice_ur_31989649.mp3	کے سرکاری اسپتال پمز کے کورونا آئی سی یو میں خصوصی رسائی دی گئی۔	 کہ سرکاری اسپیتال پنز کے کرونا آئی سی او میں خصوصی رسائی دی گئی
common_voice_ur_31841520.mp3	ٹی ٹوئنٹی ٹرائی سیریز زمبابوے کی ٹیم سٹریلیا کے مد مقابل ہو گی	 دی ٹوئنٹی ٹرائی سیریز زمبابیہ کی ٹیم اسٹریلیا کے امت مقابل ہوگی
common_voice_ur_31841375.mp3	میں روتا ہوں چیختا چلاتا ہوں مجھے چھوڑ دو مجھے کچھ یاد نہیں میرے ٹکٹرے جواب دیتے ہیں	 میں روتا ہوں چیختا چلاتا ہوں مجھے چھوڑ دو مجھے کچھ یا نہیں میرے ٹکٹرے جواب دیتے ہیں
common_voice_ur_32011884.mp3	لہذا مصنوعی طور پر گرم علاقوں جیسا ماحول پیدا کرنے کی غرض سے	 لہذا مصنوعی طور پر گرم علاقوں جیسا ماحول پیدا کرنے کی غرض سے
common_voice_ur_31918898.mp3	کل شام کو ایک کتابوں کی دکان میں بہت عرصے بعد گھس گیا	 کل شام کو ایک کتابوں کی دکان میں بہت عرصے بعد گز گیا۔
common_voice_ur_38504390.mp3	کراچی میں بھی کہتے ہیں کہ اسی فی صد جرائم ختم ہو گئے؟	 کراچی میں بھی کہتے ہیں کہ ایسے فیصد جرائم ہتم ہو گئے
common_voice_ur_38504639.mp3	لاک ڈان اسپنرز کی تکنیک پر کام کرنے کیلئے بہترین وقت ہے مشتاق احمد	 لوگ ڈان اسپیز کی ٹکنیک پر کام کرنے کے لیے بہترین وقت ہے مشتاق احمد
common_voice_ur_32047710.mp3	ہاشم املہ نے ون ڈے کرکٹ میں رچی رچرڈسن کا ریکارڈ توڑ ڈالا	 آشم آملہ نے ون ڈے کرکٹ میں رچی ریجرڈسن کا ریکارڈ توڑ ڈالا
common_voice_ur_31980792.mp3	بنو امیہ کی تاریخ کے رخ کو تباہی اور زوال کی طرف موڑ دیا	 بنو امیاء کے تارے کے رخ کو تباہی اور زوال کی طرف مور دیا
common_voice_ur_38419103.mp3	افواج پاکستان کا شمار دنیا کی چند بڑی عسکری قوتوں میں ہوتا ہے۔	 افواج پاکستان کا شمار دنیا کی چند بڑی اسکری قوتوں میں ہوتا ہے
common_voice_ur_31893545.mp3	دل نے تو یہ چاہا تھا کہ آپ کو عید مبارک کہوں گا۔	 دن میں تو یہ چاہا تھا کہ اب تو عید مبارک کا ہوں گا
common_voice_ur_31993512.mp3	نیّرندیم صاحب کا آبائی تعلق منقسم ہندوستان کے علاقہ برن بلند شہر سے ہے	 نیر ندیم صاحب کا حوائی تعلق منقسم ہندوستان کے حلاقہ برن بلن شہ سے ہے۔
common_voice_ur_41137452.mp3	کورونا وائرس کے باعث لاک ڈان ئل گیس کی ترسیل ضروری خدمات قرار	 کرونا وائرس کے باعث لوگ ڈاؤن آئل گیس کی ترسیل ضروری خدمات قرار
common_voice_ur_31860916.mp3	پاکستان جیتی بازی ہار گیا سٹریلیا پہلا ٹیسٹ میچ ڈرا کرنے میں کامیاب	 پاکستان جیتی بازی ہار گیا، آسٹریلیا پہلا ٹیسٹ میچ ڈراؤ کرنے میں کامیاب
common_voice_ur_31833951.mp3	محسوس کرتا ہوں کہ میں چیزوں سے نبرد آزما ہونے کے قابل نہیں	 محسوس کرتا ہوں کہ میں چیزوں سے نمبردازمہ ہونے کے قابل نہیں ہوں
common_voice_ur_31828942.mp3	ٹیکس دہندگان کی مشکلات کم کرنے کا ایک اور وعدہ پورا کردیا اسحاق ڈار	 ٹیکس تہندگان کی مشکلات کم کرنے کا ایک اور وعدہ پورا کر دیا گیا اسحاق ڈار
common_voice_ur_32051612.mp3	ممبئی ائی پی ایل کے میچز چنائی سے باہر منتقل کر دیئے گئے	 ممبئی ایپی ایل کے میچز جنائی سے باہر منتقل کر دئیے گئے۔
common_voice_ur_31965055.mp3	کل اہم میچ پاکستان اور بھارت کی ٹیموں کے درمیان کھیلا جائے گا	 کل اہم میچ پاکستان اور بھارت کی ٹیموں کے درمیان کھیلا جائے گا
common_voice_ur_31836931.mp3	یہ مقدمات کمپنیوں کے سماجی اور بینالاقوامی اعتماد کو ٹھیس پہنچانے میں رہنمائی کرتے ہیں	 یہ مقدمات کمپنیوں کے سماجی اور بینل اقوامی اعتماد کو ٹھیس بن جانے میں رہنمائی کرتے ہیں
common_voice_ur_31836934.mp3	فخرزمان اور امام الحق نے پہلی وکٹ کی شراکت کا عالمی ریکارڈ قائم کردیا	 فقرزمان اور امام الحق نے پہلی وکٹ کی شراکت کا عالمی ریکارڈ قائم کر دیا
common_voice_ur_32004239.mp3	پاکستان اور انگلینڈ کے درمیان دوسرا ٹیسٹ کل سے دبئی میں شروع ہوگا	 پاکستان اور انگلینڈ کے درمیان روحہ ٹائز کار سے دبائی میں شروع ہوگا
common_voice_ur_31990814.mp3	سپر بائیک ورلڈ چیمپئن شپ چاز ڈیوس نے سب کو پیچھے چھوڑ دیا	 سپر بائک ورلڈ کیمپئنشپ چارج ڈیویس نے سب کو پیچھے چھوڑ دیا۔
common_voice_ur_41131070.mp3	وہی پرانا مسئلہ جو نون لیگ کی اعلی قیادت کو لاحق رہا ہے۔	 وہی پرانا مسئلہ جنون لیگ کے عالی قیدت کو لاحق رہا ہے
common_voice_ur_38446450.mp3	جب تک ہمت رہی وہ ویل چیئر پر بھی اپنی سرگرمیوں میں لگے رہے	 جب تک حمد رہی وہ ویلچئر پر بھی اپنی سرگرمیوں میں لگے رہے۔
common_voice_ur_31984910.mp3	پاک ارمی اور پی سی بی الیون کا میچ جنرل راحیل نے افتتاح کیا	 آگ آرمی اور پی سی پی الیون کا میچ جنرل رحیل نے افتتاح کیا
common_voice_ur_38437094.mp3	ڈپٹی سپیکر کی رولنگ میں بظاہر الزامات ہیں کوئی فائنڈنگ نہیں: چیف جسٹس	 دپٹی سپیکر کی رولنگ میں بظاہر الزامات میں کوئی فائنڈنگ نہیں چیف جسٹس
common_voice_ur_38437106.mp3	تو آپ نے فرمایا: سونے میں اگر دراڑ آ جائے تو اس کو پگھلا کر	 تو آپ نے فرمایا سونے میں اگر دراد آ جائے تو اس کو پگلا کر
common_voice_ur_32004982.mp3	لیکن ہماری تحقیق کے مطابق ابھی یہ پلانٹ جاپان میں مہنگا پڑتا ھے	 لیکن ہماری تحقیق کے مطابق ابھی یہ بلانٹ جاپان میں مہنگا پڑتا ہے۔
common_voice_ur_32000966.mp3	وہ دوسرے مفادات کو جاری رکھنے جا رہے ہیں مِسٹر جان نے کہا	 وہ دوسری مفادات کو جاری لکھنے جا رہی ہیں مسٹر جان نے کہا
common_voice_ur_31974053.mp3	اس میں کیمرہ کی کچھ اچھی پوزیشن اور ترمیم کا استعمال کیا گیا ہے	 اس میں کیمرے کی کچھ اچھی پوزیشن اور تنمیم کا استعمال کیا گیا ہے۔
common_voice_ur_31999514.mp3	پاک بھارت کرکٹ تنازع ائی سی سی نے پی سی بی کی درخواست خارج کردی	 باغ بھارت کرکٹ تنازع اائی سی سی نے پی سی بی کی درخواست خارج کر دی
common_voice_ur_31921739.mp3	پہلا ون ڈے پاکستان ویمن ٹیم نے بنگلہ دیش کو شکست دے دی	 پہلا ونڈے پاکستان ویمن ٹیم نے بنگلہ دیش کو سکش دے دی
common_voice_ur_38470255.mp3	ان کی نظروں میں عادل ڈار‘ جس نے پلوامہ فدائی حملہ کیا‘ دہشت گرد نہیں ہیرو ہے۔	 ان کی نظروں میں عادل دار جس نے پلواما فدائی حملہ کیا دہشتگرد نہیں ہیرو ہے
common_voice_ur_31921617.mp3	شکست کو فتح میں بدلنے کا ہنر انہیں دوسرے باکسروں سے منفرد بناتا ہے۔	 شکست کو فتح میں بدلنے کا ہنر انہیں دوسرے باکسروں سے منفرد بناتا ہے
common_voice_ur_41169962.mp3	اداکارہ سجل علی اور احد رضا میر حقیقی زندگی کے ہم سفر بن گئے	 ادھا گارہ سجل علی اور احد رضا میر حقیقی زندگی کے ہم سفر بن گئے
common_voice_ur_31836617.mp3	کہ جس کے بعد فتویٰ بازی قابلِ دست اندازیِ پولیس جرم بن جائے	 کہ جس کے بعد فتوہ بازی قابل دست اندازی پولیس جرم بن جائے
common_voice_ur_32000024.mp3	بی بی سی اردو کی اس پوڈ کاسٹ میں یہی جاننے کی کوشش کی گئی ہے	 بی بی سی اردو کی اس پارٹکیسٹ میں یہی جانے کی کوشش کی گئی ہے
common_voice_ur_41159182.mp3	نئے راستوں پہ اپنی قوموں کو ڈالا اورفرسودہ روایات سے اپنے لوگوں کو آزاد کرایا۔	 نئے راستوں پہ اپنی قوم کو ڈالا اور فرصودہ روایات سے اپنے لوگوں کو ازاد کرایا
common_voice_ur_38443748.mp3	سب متفق تھے کہ ملک کو سیاسی نہیں، سماجی تبدیلی کی ضرورت ہے۔	 سب متفق تھے کہ ملک کو سیاسی نہیں سماجی تبدیلی کی ضرورت ہے۔
common_voice_ur_31889191.mp3	اب چین پہ ہم نے تکیہ کیا ہواہے کہ سی پیک کے ذریعے	 اب چین پہ ہم نے تکیہ کیا ہوا ہے کہ سی پیک کے ذریعے
common_voice_ur_31975535.mp3	گزشتہ سال اسی دن اور تاریخ کو ایک نا قابل فراموش واقعہ رونما ھوا	 گزشتہ سال اسی دن اور تاریخ کو ایک ناقابل فراموش واقعہ رونما ہوا۔
common_voice_ur_31959446.mp3	سوچتا ہوں کے ٹیکس کا بہت زیادہ حصہ فنکاروں کی بہبود میں جاتا ہے	 سوچتا ہوں کہ ٹیکس کا بہت زیادہ حصہ فنکاروں کی بہبود میں جاتا ہے
common_voice_ur_31933988.mp3	ہر مشہور ادیب کے ناول میں شناخت اور ہجرت اہم موضوع رہا ہے	 ہر مشہور عدیب کے نوول میں شناخت اور حجرت اہم موضوع رہا ہے۔
common_voice_ur_38472055.mp3	تو مسافروں نے بتایا بھائی یہ تیزگام ہے ۔دینہ سے گزرے گی مگر رکے گی نہیں	 تو مسافروں نے بتایا بھائی یہ تیز گام ہے دینہ سے گزرے گی مگر رکے گی نہیں
common_voice_ur_38471148.mp3	اس کی سیاسی تجسیم ہوئی تو ہندوتوا جیسی تعبیرات سامنے آئیں اس کی بنیاد ہندو عصبیت ہے۔	 اس کی سیاسی تجسیم ہوئی تو ہندوطوہ جیسی تعبیرات سامنے آئیں اس کی بنیاد ہندو اسبیت ہے
common_voice_ur_31998888.mp3	اردو کی معروف ڈرامہ نگار مصنفہ اور شاعرہ الطاف فاطمہ برس کی عمر میں انتقال کر گئیں	 اردو کی معروف ڈراما نکار مصنفہ اور شائرہ الطا فاطنہ برز کی عمر میں انتقال کر گئی
common_voice_ur_32060165.mp3	اعصابی نظام کی دائمی بیماری بنیادی طور پر مرکزی اعصابی نظام کو متاثر کرتی ہے	 احسابی نظام کی دائمی بیماری بنیادی طور پر مرکزی احسابی نظام کو متاثر کرتی ہے۔
common_voice_ur_31828678.mp3	اسکول ہو کہ بازار ہسپتال یا پھر پولیس اسٹیشن پار کر جاتے ہیں	 اسکول ہو کے بزار، ہسپتال یا پھر پولیس ٹیشن بار کر جاتی ہے
common_voice_ur_31974623.mp3	زار بند کیلئے استعمال ہونے والا الاسٹک بھی تیل ہی سے بنتا ھے	 ساربند کے لیے استعمال ہونے والا الاسٹک بھی تیل ہی سے بنتا ہے
common_voice_ur_31917210.mp3	کسی بھی قسم کی تکرار یا بار بار ترغیب غنودگی جیسی کیفیت پیدا کرتی ہے	 کسی بھی قسم کی تقرار یا بار بار ترغیب گنودگی جیسی کیکر پیدا کرتی ہے
common_voice_ur_31917252.mp3	ان کی بقول سمارا میں آنی والازلزلہ دراصل اس طویل عمل کی ایک یاد دہانی تھا	 ان کی بقول سمارہ میں آنے والا سلسلہ ذرا سلسلہ استویر عمل کی ایک یاد دہانی تھا۔
common_voice_ur_38463032.mp3	اوروہ ہر کسی کے لیے قومی مفاد اور سماجی امن پر مقدم ہیں۔	 اور وہ ہر کسی کے لیے قومی مفاد اور سماجی امن پر مقدم ہیں
common_voice_ur_31828566.mp3	مشرف نے بتا دیا تھا کے بینظیر کا قاتل اصف علی زرداری ھے۔	 مشرف نے بتا دیا تھا کہ بے نظیر کا قاتل آصف علی زردانی ہے
common_voice_ur_38442967.mp3	دونوں فرائض میں شامل ہیں اور جب ایک مسلمان مکلف ہو جاتا ہے۔	 دونوں فرائز میں شامل ہیں اور جب ایک اسبان مکلف ہو جاتا ہے
common_voice_ur_32020378.mp3	نان کے ساتھ اچھے لگے مگر میری بیٹی نے انہیں ابلے ہو چاولوں کے ساتھ پسند کیا	 نان کے ساتھ اچھے لگے مگر میری بیٹی نے انہیں ابرے ہوئے چاونوں کے ساتھ پسند کیا
common_voice_ur_38459164.mp3	چپ کبھی سب سوالوں کا جواب ہوتی ہے مگر کبھی خود سوال بن جاتی ہے۔	 چپ کبھی سب سوالوں کا جواب ہوتی ہے مگر کبھی خود سوال بن جاتی ہے
common_voice_ur_32034647.mp3	ہم شیشے کی منڈی کو اندر سے دیکھنا چاہتے ہیں نہ کہ باہر سے	 ہم شیشے کی منڈی کو اندر سے دیکھنا چاہتے ہیں نہ کہ باہر سے
common_voice_ur_38478042.mp3	اسلامی تہذيب کا حصہ ہونے کی وجہ سے اس ميں کافی تہذيبی ہم آہنگی موجود ہے	 اسلامی تہذیب کا حصہ ہونے کی واجہ اس میں کافی تہذیب ہمانگی موجود ہے
common_voice_ur_38472644.mp3	چلو اسی کرونا کے بہانے پیسے ہی کماؤ یعنی رو دھو کر سپورٹ لو	 چلو اسی قرآنوں کے بحانے پیسے ہی کماؤ یعنی رو دو کے سپورٹ لو
common_voice_ur_31793277.mp3	وزارت صحت کا مقصد اس بیماری کے بارے میں شعور اجاگر کرنا ہے	 وزارت سہت کا مقصد اس بیماری کے بارے میں شعور اجاگر کرنا ہے
common_voice_ur_31999105.mp3	جو ایک پل کے لیے بھی ان کی نگرانی سے غافل نہیں ہوتے	 جو ایک پل کے لیے بھی ان کی نگرانی سے غافل نہیں ہوتے
common_voice_ur_32004330.mp3	پاکستان کی برمدات بہت کم ہیں ایسے ملک نہیں چلتا گورنر اسٹیٹ بینک	 پاکستان کی برامدات بہت کم ہیں ایسے ملک نہیں چلتا گورنر سٹیٹ بینک
common_voice_ur_38417096.mp3	اور ان میں جو عجز تھا وہ کائنات کے کسی اور جیو یا جاندار میں نہیں	 اور ان میں جو عجز تھا وہ کائنات کے کسی اور جیو یا جاندار میں نہیں
common_voice_ur_38417199.mp3	نتیجتا شناخت بھی مطالعے کے دوران میں ایک سوال باربار سامنے آ کھڑا ہوتا ہے۔	 نتیجتاً شناخت بھی مطالعے کے دوران میں ایک سوال بار بار سامنے آ کھڑا ہوتا ہے
common_voice_ur_38416936.mp3	اس پس منظر میں ڈاکٹر خلیل احمد کی کتاب بہت اہمیت رکھتی ہے۔	 اس پس منظر میں ڈاکٹر خلیل احمد کی کتاب بہت اہمیت رکھتی ہے
common_voice_ur_31815636.mp3	صبح کے وقت کھلی فضا میں تازہ آکسیجن وافر مقدار میں میسر ہوتی ہے	 صبح کے وقت کھلی فضاء میں تازہ آکسیجن وافر مدار میں مؤثر ہوتی ہے۔
common_voice_ur_41156545.mp3	دوسرا خانہ ان کاموں کا ہے، جو ہنگامی نہیں، مگر وہ اہم ہیں۔	 دوسرا خانہ ان کاموں کا ہے جو ہنگامی نہیں مگر وہ اہم ہے
common_voice_ur_41156645.mp3	اہل علم اِس معاملے میں بھی اپنی تعبیرات اِسی طرح پیش کرتے رہتے ہیں	 اہلِ علم اس معاملے میں بھی اپنی تعبیرات اسی طرح پیش کرتے رہتے ہیں
common_voice_ur_41156809.mp3	اس پر مسلم لیگ ن کے حامی حلقے شدید تنقید کر رہے ہیں۔	 اس پر مسلم لیگ نون کے حامی خلقے شدید تنقید کر رہے ہیں۔
common_voice_ur_32003671.mp3	حکومت نے نئے سال کی خوشیوں سے پہلے عوام پر پیٹرول بم گرا دیا	 حکومت نے نئے سال کی خوشیوں سے پہلے عوام پر پیٹرول بام گرا دیا
common_voice_ur_31903099.mp3	محسوس کرتا ہوں کہ میں چیزوں سے نبرد آزما ہونے کے قابل نہی	 محسوس کرتا ہوں کہ میں چیزوں سے نبر آدمہ ہونے کے قابل نہیں ہوں
common_voice_ur_31823459.mp3	کے الیکٹرک کی جانب سے کراچی والوں کو مہنگی بجلی دینے کا انکشاف	 کہ الیکٹرک کی جانب سے کراچی والوں کو مہنگی بجلی دینے کا انکشاف
common_voice_ur_31929370.mp3	میں ابھی صرف ایک چیٹ بوٹ ہوں،لیکن میں مستقبل قریب میں پہلا اردو اسسٹنٹ ہوں گا۔	 میں ابھی صرف ایک چیٹ بوٹ ہوں لیکن میں مستقبل قریب میں پہلا اردو اسسٹنٹ ہوگا
common_voice_ur_32023484.mp3	انسان پر لازم ہے کہ وہ اللہ تعالی کی وحدانیت کا اقرار کرے	 انسان پر لازم ہے کہ اللہ تعالیٰ کی حیدر نے کرکار کرے
common_voice_ur_38463563.mp3	ان میں سب سے نمایاں مسلمان ہیں جن کی تعداد بیس کروڑ ہے۔	 ان میں سب سے نمائی مسلمان ہیں جن کی تعداد بیس کروڑ ہیں۔
common_voice_ur_31935983.mp3	فیفا ورلڈ کپ فرانس اور بیلجیئم اب تک ایونٹ میں ناقابل شکست ہیں	 فیفا ورلڈ کپ فرانس اور بلجیم اب تک ایونٹ میں نقابل شکست ہیں
common_voice_ur_31943575.mp3	ماہرین کے مطابق انسانی صحت کا براہ راست تعلق غذا سے ہوتا ہے	 ماہرین کے مطابق انسانی صحت کا برائی راز تعلق گزہ سے ہوتا ہے۔
common_voice_ur_41156385.mp3	میں اسے تب سے جانتا ہوں جب وہ چھوٹی سی بچی ہوتی تھی	 میں اسے تب سے جانتا ہوں جب وہ چھوٹی سی بچی ہوتی تھی۔
common_voice_ur_31996878.mp3	جب ہمارے ہمراہیوں کو پتہ چلا کہ ہم بطور مہمان یہاں تشریف لائے ہیں	 جب ہمارے ہمراہیوں کو پتا چلا کہ ہم بطور مہمان یہاں تشریف لائے ہیں
common_voice_ur_31824225.mp3	آپ کے خیال میں شعور پھیلانے کا سب سے موثر طریقہ کیا ہے	 آپ کے خیال میں شعور پھیلانے کا سب سے معصر طریقہ کیا ہے؟
common_voice_ur_31809697.mp3	اور وقت تھما ہوا دکھائی د لگ ہے اور چندہ ثانیہ گھنٹہ پر بھار پڑ ج ہیں	 اور وقت تھما ہوا دکھائی دلگ ہے اور چندہ ثانیہ گھنٹہ پر بھار پڑج ہیں
common_voice_ur_38443712.mp3	ان کے دور میں لوگوں کو کم ہی شریک مشاورت کیا جاتا تھا۔	 ان کے دور میں لوگوں کو کم ہی شرکے مشاورت کیا جاتا تھا
common_voice_ur_31823399.mp3	موسم گرما کے آغاز پر ہی بجلی کا شارٹ فال دیکھنے کو مل رہا ہے	 موسم گرمہ کے آغاز پر ہی بجلی کا شارٹ فال دیکھنے کو ملتا ہے
common_voice_ur_38412770.mp3	اردو شاعری ایک شاعری کی روایت ہے جس میں بہت سے مختلف اسلوب ہیں۔	 اردو شاعری ایک شاعری کی روایت ہے جس میں بہت سے مختلف اسلوب ہیں۔
common_voice_ur_38501720.mp3	وہ کھیلنے کے لئے پارک میں جاتے ہیں اور دوستوں کے ساتھ مزیدار وقت گزارتے ہیں۔	 وہ کھیلنے کے لیے پارک میں جاتے ہیں اور دوستوں کے ساتھ مزیدار وقت گزارتے ہیں۔
common_voice_ur_31823414.mp3	بلکہ اس کا استعمال صرف تحقیقی اور سائنسی اعداد و شمار تک محدود تھا	 بلکہ اس کا استعمال صرف تحقیقی اور سائنسی آداد و شمار تک محدود تھا
common_voice_ur_31840965.mp3	اور چترال دنیا کے چند اہم سیاحتی مقامات میں سے ایک مانا جاتا ہے ۔	 اور چترال دنیا کے چند اہم سیاحتی مقامات میں سے ایک مانا جاتا ہے
common_voice_ur_32015850.mp3	کراچی نیب کی سابق ڈی جی ریلوے جی ایم قریشی کے خلاف تحقیقات مکمل	 کراچی نیب کے سابق ڈی جی ریلوے جی ایم قریشی کے خلاف تحقیقات مکمل
common_voice_ur_41106798.mp3	ان میں بہت سے ایسے ہیں جن کی لالچ پوری ہی نہیں ہوتی۔	 ان میں بہت سے ایسے ہیں جن کی لالچ پوری ہی نہیں ہوتی
common_voice_ur_31841012.mp3	پاک سری لنکا سیریز کا دوسرا ون ڈے اج پالی کیلے میں ہوگا	 پاک سری لنکا سیریز کا دوسرا ونڈے آج پالی کیلے میں ہوگا
common_voice_ur_38410337.mp3	اس کا آغاز سیاسی جماعتوں کی تنظیم کو بہتر بنانے سے ہو گا۔	 اس کا آغاز سیاسی جماعتوں کی تنظیم کو بہتر بنانے سے ہوگا
common_voice_ur_32018999.mp3	ابھی کامیاب جوان لون پروگرام کی ویب سائیٹ کھولیں اور آن لائین بلا سود قرضے کا فارم بھریں	 ابھی کامیاب جوان لون پروگرام کی ویب سائٹ کھولیں اور آن لائن بلا سوٹ کردے کا فارم بھریں
common_voice_ur_31916505.mp3	گھومنے پھرنے کا ارادہ ہے تو ہماری خوب آؤ بھگت شروع ہو گئی	 گھومنے پھرنے کا ارادہ ہے تو ہماری خوب آبگت شروع ہو گئی
common_voice_ur_33605894.mp3	دنیا میں ایسے خواتین و حضرات کم پائے جاتی ہے جو مثالی ہوں۔	 دنیا میں ایسے خواتینوں حضرات کم پائے جاتے ہیں جو مثالی ہوں
common_voice_ur_38457742.mp3	ثانیہ مرزا اور مارٹینا ہنگس ڈبلیو ٹی اے کا فائنل جیتنے میں کامیاب ہو گئیں	 سانیا مرزا اور مارٹن ہنگز WTA کا فائنل جیتنے میں کامیاب ہو گئی
common_voice_ur_31840977.mp3	یہ ایک بہت آسان طریقہ ہے مگر اس میں تھوڑا وقت کار ہوگا	 یہ ایک بہت آسان طریقہ ہے مگر اس میں تھوڑا وقت کار ہوگا
common_voice_ur_38422403.mp3	اپنی غلطی کا احساس ہو جاتا ہے تو اس کے بعد اس کی ڈیتھ ہو جاتی ہے	 اپنی غلطی کا احساس ہو جاتا ہے تو اس کے بعد اس کی ڈیتھ ہو جاتی ہے
common_voice_ur_38422405.mp3	پاکستان کے مذہبی طبقات کا متفقہ فیصلہ ہے کہ بھٹو صاحب ایک سیکولرآ دمی تھے۔	 پاکستان کے مذہبی طبقات کا متفقہ فیصلہ ہے کہ برٹو صاحب ایک سیکلر آدمی تھے۔
common_voice_ur_31828314.mp3	مجھے لگتا ہے کہ یہ چپ کا روزہ اسی وقت ختم ہو گا۔	 مجھے لگتا ہے کہ جب کا روزہ اسی وقت ختم ہوگا
common_voice_ur_38499044.mp3	اس کے بعد ہی بادل چھٹیں گے اور آگے کے منظرنامے کے خدوخال نظر آنے لگیں گے۔	 اس کے بعد ہی بادل چھٹیں گے اور آگے کے منظر نامی کی خدوخال نظر آنے لگے
common_voice_ur_41165234.mp3	انہیں دہشت گردی سے متعلق قوانین کے تحت کیوں پکڑا جا رہا ہے؟	 انہیں تشکردی کے مطالق قوانین کے تحت کیوں پکڑا جا رہا ہے؟
common_voice_ur_31972312.mp3	سابق وزیراعظم کی مشیر خزانہ کو انفرادی انکم ٹیکس میں فوری کمی کی ہدایت	 سابق وزیراعظم کی مشیع خزانہ کو انفرادی انکم ٹیکس میں فوری کمی کی ہدایت ہے
common_voice_ur_38432959.mp3	ان شہروں پر مقامی آبادی کے ساتھ پورے ملک کا حق ہوتا ہے۔	 ان شہروں پر مقامی عبادی کے ساتھ پورے ملک کا حق ہوتا ہے
common_voice_ur_31973968.mp3	جبکہ یونیورسٹی کینٹین کے کنارے لگا چیڑ کا درخت خاموش ہےاور ٹھنڈی ہوا کے جھونکوں کا منتظر ہے	 جبکہ یونیورسٹی کینٹین کے کنارے لگا چھوڑ کا طرح خاموش ہے اور ٹھنڈی ہوا کے جھنکے کا ملتظر ہے۔
common_voice_ur_31849562.mp3	گرمیوں کے آنے کے ساتھ ہی مختلف بیماریوں کا سلسلہ بھی شروع ہوجاتا ہے	 گرمیوں کے آنے کے ساتھ ہی مختلف امانیوں کا سلسلہ بھی شروع ہو جاتا ہے
common_voice_ur_38460440.mp3	نہ سائنس میں آگے نہ کسی کلچر نام کی چیز کو ہم پنپنے دیتے ہیں۔	 نہ سائنس میں آگے نہ کسی کلچر نام کی چیز کو ہم پنپنے دیتے ہیں
common_voice_ur_38461537.mp3	"اب کہاں سے آئے صدائے لا الہ الااللہ"" تو کیا اس بے حسی کو دوام حاصل ہے؟"	 اب کہاں سے آئے صدا لا الہ الا اللہ تو کیا اس بے حسی کو دوام حاصل ہے
common_voice_ur_38443635.mp3	پلاسٹک میں غرق قوم‘ اور بچانے والا کوئی نہیں ہندوستان اور امریکہ سے خطرہ نہیں۔	 پلاسٹک میں گھر کے کوم اور بچانے والا کوئی نہیں اندوستان اور امریکہ سے خطرہ نہیں
common_voice_ur_31823112.mp3	نیپرا کا لائسنس شرائط پوری نہ کرنے پر نیشنل ٹرانسمیشن اینڈ ڈسپیچ کمپنی پر جرمانہ	 نیپرا کا لائسنس شرائط پوری نہ کرنے پر نیشنل ٹرانسمیشن اینڈ ڈسپیچ کمپنی پر جرمانہ
common_voice_ur_31823231.mp3	مجھے تو یہ بھی قرآن کا ایک معجزہ لگا اور ایمان تازہ ہوگیا	 مجھے تو یہ بھی قرآن کا ایک موجزہ لگا اور امان تازہ ہو گیا۔
common_voice_ur_31823132.mp3	میں ان کو دیکھتا اور کچھ سوچے بغیر ہی یہاں سے گزر جاتا	 میں ان کو دیکھتا اور کچھ سوچے بغیر ہی یہاں سے گزر جاتا
common_voice_ur_31974656.mp3	آج شام کے وقت سے ہی میرے سر میں شدد درد شروع ہو گیا	 آج شام کے وقت سے ہی میرے سر میں شدد درد شروع ہو گیا۔
common_voice_ur_31834217.mp3	انکشاف ہوا کہ نمک مرچ تو راستے سے خریدنا ہی بھول گئے ہیں	 انگشاف ہوا کہ نمک مرشد تو راستے سے خریدنا ہی بھول گئے ہیں
common_voice_ur_38478349.mp3	آدھے سے زیادہ دن سو کر گزارا مس کرنے کا ٹائم ہی نہیں ملا	 آدھی سے زیادہ دن سو کر گزارا مز کرنے کا ٹائم ہی نہیں ملا
common_voice_ur_31990374.mp3	کولاراڈو دنیا کا سب سے چھوٹا ٹرانسفارمر ايجاد کرلیا گیا ہے جس کے اونچائی صرف ملی ميٹر ہے	 کولاراڈو دنیا کا سب سے چھوٹا ٹرانس فارمر ایجاد کر لیا گیا ہے جس کے انچائی صرف میلی میٹر ہے۔
common_voice_ur_38434056.mp3	رکشے کے بے ہنگم شور میں کچھ بھی سنائی نہیں دے رہا تھا۔	 رکشے کے بے ہنگم چھوڑ میں کچھ بھی سنائی نہیں دے رہا تھا
common_voice_ur_38439209.mp3	ان کے ایک حکم کی دیرہے لیکن وہ حکم بادلوں یا پہاڑوں کے پیچھے کہیں گم ہے۔	 ان کے ایک حکم کی دیر ہے لیکن وہ حکم بادلوں یا پہاڑوں کے پیچھے کہیں گم ہے۔
common_voice_ur_41136088.mp3	ہمیں تو اندازہ بھی نہیں کہ افراط زر کہاں تک جا سکتی ہے۔	 ہمیں تو اندازہ بھی نہیں کہ افراتِ ذر کہاں تک جا سکتی ہے
common_voice_ur_41141479.mp3	قطری شہزادے سے کسی معاہدے کے بارے میں بھی زیادہ نہیں جانتے تھے۔	 قطری شہزازے سے کسی معاہدے کے بارے میں بھی زیادہ نہیں جانتے تھے
common_voice_ur_38432295.mp3	جو لوگ درد کو سمجھتے ہیں وہ کبھی بھی درد کی وجہ نہیں بنتے	 جو لوگ درد کو سمجھتے ہیں وہ کبھی بھی درد کی وجہ نہیں بنتے
common_voice_ur_38438960.mp3	انسان سلطنتوں کے دور سے نکلا اور اب قومی ریاستوں کے دور میں داخل ہو چکا ہے۔	 انسان سلطنتوں کے دور سے نکلا اور اب قومی ریاستوں کے دور میں داخل ہو چکا ہے۔
common_voice_ur_38412994.mp3	اقبال جیسا آدمی بھی اپنی صفوں میں کسی غزنوی کو تلاش کرتا ہے۔	 اقبال جیسا آرمی بھی اپنی صفوں میں کسی گذنبی کو تلاش کرتا ہے۔
common_voice_ur_31958382.mp3	چناچہ ریس کا دن آپہنچا اور ریس کے لیے خرید گ خصوصی ج کا ٹیکہ تک نا اکھاڑا گیا	 چنانچہ ریس کا دن آہ پہنچا اور ریس کے لیے خرید گاف خصوصی جیم کا ٹیکہ تک نہ اکھاڑا گیا
common_voice_ur_38505969.mp3	یقین رکھیں اصل زندگی موت کے بعد شروع ہوتی ہے حمزہ علی عباسی	 یقین رکھیں ایسا زندگی موت کے بعد شروع ہوتی ہے منجلہ عباسی
common_voice_ur_38476639.mp3	اس عرصے میں انہیں ترقیاتی کاموں سے کیسے منع کیا جا سکتا ہے؟	 اس عرصے میں انہیں ترقیاتی کاموں سے کیسے منع کیا جا سکتا ہے؟
common_voice_ur_31847575.mp3	گوارا کیا اس لیے کہ اگر ان کے فوری خاتمے کا اعلان ہوتا	 گوارہ کیا اس لیے کہ اگر ان کی فوری خاتمے کا اعلان ہوتا
common_voice_ur_31834547.mp3	لیکن پوری دنیا میں لوگ بہت سست رفتاری سے ونڈوزایٹ اور سیون پر اپ گریڈ ہوہے ہیں	 لیکن پوری دنیا میں لوگ بہت سست رفتاری سے وینڈوز ایٹ اور سیون پر اپگریڈ ہوئے ہیں
common_voice_ur_38443469.mp3	پجاری سہم گیا اور اس نے وعدہ کر لیا کہ وہ بھائی کو سمجھائے گا۔	 پجاری سہم گیا اور اس نے وعدہ کر لیا کہ وہ بھائی کو سمجھائے گا
common_voice_ur_31792990.mp3	آج ان کی بیٹی کو بھٹو کا نام لیتے ہوئے تکلف نہیں ہوتا	 آج ان کی بیٹے کو بھٹوں کا نام لیتے ہوئے تکلف نہیں ہوتا
common_voice_ur_31829128.mp3	ان کی صلاحیت میں کوئی اضافہ نہیں ہوتا اور وہ موت کےقریب ہوجاتے ہیں	 ان کی صلاحیت میں کوئی اضافہ نہیں ہوتا اور وہ موت کے قریب ہو جاتے ہیں
common_voice_ur_31829152.mp3	پاکستان کی ون ڈے رینکنگ میں تنزلی چیمپئنز ٹرافی میں شرکت بھی خطرے میں پڑگئی	 پاکستان کی ون ڈے رینکنگ میں تنزیلی چیمپئنز ٹرافی میں شرکت بھی خطرہ پڑ گئی
common_voice_ur_38499116.mp3	سینیٹ کے جن ممبران نے اس بات کو مسئلہ بنانے کی کوشش کی ہے۔	 سینٹ کے جن میمبران نے اس بات کو مسئلہ بنانے کی کوشش کی ہے
common_voice_ur_38422592.mp3	ان کو ڈھونڈھ کر بتانے اور لانے میں تقریباً ایک گھنٹہ لگ گیا تھا۔	 ان کو ڈونڈ کر بتانے اور لانے میں تقریباً ایک گھنٹہ لگ گیا تھا
common_voice_ur_32017555.mp3	سچ کو سب پسند کرتے ہیں اور سچے آدمی کی قدر کی جاتی ہے	 سچ کو سب پسند کرتے ہیں اور سچے آدمی کی قدر کی جاتی ہے
common_voice_ur_38468780.mp3	اللہ کے نبی نے رمضان میں اس عمل کی بڑی فضیلت بیان کی ہے	 نبی نے رمضان میں اس عمل کی بڑی فضیلت بیان کی ہے
common_voice_ur_31980106.mp3	ان کا کام جہاد و قتال نہیں، بلکہ جہادکی تعلیم اور جذبۂ جہاد کی بیداری ہے	 ان کا کام جہاد و قطار نہیں بلکہ جہاد کی تعلیم اور جذبہ جہاد کی بیداری ہے۔
common_voice_ur_31957256.mp3	پہاڑ پر سے برف پگھلتے ہی پرند کا ساتھ ساتھ یَہاں جنگلی بکری بھی نمودار ہونا ہونا	 پہاڑ پر سے برگ پگلتے ہی پرند کا ساتھ ساتھ یہاں جنگلی بکری بھی نمودار ہونا ہونا
common_voice_ur_38412510.mp3	جس کو ہو دین و دل عزیز‘ اس کی گلی میں جائے کیوں؟	 جس کو ہو دینوں دل عزیز اس کی گھڑی میں جائے کیوں؟
common_voice_ur_31834820.mp3	راہل اور پانٹ کی سنچریاں رائیگاں بھارت کو خری ٹیسٹ میں بھی شکست	 راہل اور پانٹ کی سنجریاں رائے گا بھارت کو ہر ہی ٹیسٹ میں بھی شکست
common_voice_ur_38443123.mp3	چھ سات ماہ وہ ڈیوٹی سے غیر حاضر رہا، پھر منتیں ترلے کرکے سمجھوتہ ہوا۔	 چھ سات ماہ وہ ڈیوٹی سے غیر حاضر رہا پھر منتے تڑلے کر کے سمجھوتا ہوا
common_voice_ur_38407778.mp3	میرا ارادہ تھا کہ میں کالم میں اس دم توڑتی روایت کی بات کروں گا۔	 میرا ارادہ تھا کہ میں کولم میں اس دم توڑتی روایت کی بات کروں گا۔
common_voice_ur_38450903.mp3	نہ پیغمبروں کی یہ کام تو وہ بھی کرلیتے ہیں جو خدا سے واقف ہیں۔	 نہ پیغمبروں کی یہ کام تو وہ بھی کر لیتے ہیں جو خدا سے واقف ہیں
common_voice_ur_38435078.mp3	اسلام اباد یونائیٹڈ سے وابستہ جنوبی افریقا کے پیسر ڈیل اسٹین پاکستان پہنچ گئے	 اسلام آباد یونائٹڈ سے وابستہ جنوبی افریقہ کے پیسر ڈیل سٹین پاکستان پہنچ گئے
common_voice_ur_30663258.mp3	کرنسی کی قدر کم کرنے اور درامدات بڑھنے سے پاکستان کی مالی مشکلات میں اضافہ	 کرنسی کی قدر کم کرنے اور درامدات بڑھنے سے پاکستان کی مالی مشکلات میں اضافہ
common_voice_ur_31814814.mp3	ممبئی ڈسمبرایجنسی بالی ووڈ کی دھک دھک گرل مادھوری نے انڈین نیشنل کانگرس کو جائن کرنے کا فیصلہ کیا ہے	 ممبئی ڈیسمبر ایجنسی بالی ووڈ کی دھک دھک گل مادھوری نے انڈین نیشنل کانگریس کو جوائن کرنے کا فیصلہ کیا ہے۔
common_voice_ur_38412877.mp3	اقتدار کے بے رحم کھیل نے نواز شریف کو مظلوم بنا دیا ہے۔	 اقتدار کے بے رحم کے اللہ نواز شریف کو مظلوم بنا دیا ہے
common_voice_ur_31917241.mp3	خون کی شریانوں میں سختی کے باعث ریڑھ کی ہڈی کو متاثر کرتا ہے	 خون کی شریانوں میں سختی کے باعث ریڑ کی ہڈی کو متاثر کرتا ہے۔
common_voice_ur_38487608.mp3	ہمارے ہاں جنون کی کمی نہیں لیکن وہ فضولیات سے جڑا ہوا ہے۔	 ہمارے ہاں جنون کی کبھی نہیں لیکن وہ فضولیات سے چوڑا ہوا ہے
common_voice_ur_38431354.mp3	سسٹم ٹھیک کرنے کی نیت جب ہو، تب ہی کچھ ہو پاتا ہے۔	 سسٹم ٹھیک کرنے کی نیت جب ہو تب ہی کچھ ہو باتا ہے
common_voice_ur_38460572.mp3	پی پی پی کا کوئی وزیر اعظم اصغر خان کیس سے نہیں بچ سکتا تھا۔	 پی پی پی کا کوئی وزیراعظم ازغر خان کے اس سے نہیں بچ سکتا تھا
common_voice_ur_38460064.mp3	اس وقت جہاد کے لیے قائم تنظیمیں یہ فریضہ ادا کر رہی ہیں۔	 اس وقت جہاد کے لیے قائم تنظیم یہ فریضہ ادا کر رہی ہے
common_voice_ur_31967961.mp3	محمود نظامی منظر سے متاثر ہو کر تاریخ بیان کرنے لگتے ہیں	 محمود نظامی منظر سے متاثر ہو کر تاریخ بیان کرنے لگتے ہیں۔
common_voice_ur_32035568.mp3	کون ہے جو ان میں کسی کو اسلام کا نمائندہ کہہ سکے؟	 کون ہے جو ان میں سے کسی کو اسلام کا نمائندہ کہہ سکے؟
common_voice_ur_31985636.mp3	چترال کا یہ بے مثال حسن دیکھنے والوں پر سحر طاری کردیتا ہے	 چترال کا یہ بے مثال حسن دیکھنے والوں پر سہر تاری کر دیتا ہے۔
common_voice_ur_32056343.mp3	ائی سی سی چیف ایگزیکٹو شوسینا کے حملے کو مذاق میں ٹال گئے	 آئی سی سی چیف ایگزکٹور سوشینہ کے حملے کو مضاق میں ٹال گئے
common_voice_ur_32056342.mp3	پنجاب میں صنعتوں اور سی این جی سیکٹرز کو گیس کی فراہمی معطل	 پنجاب میں احساناتوں اور سینجی سیکٹرز کو گیس کی فارمی معطل
common_voice_ur_31823614.mp3	سید نور اپنی فلم چین ائے نہ سے کیا سکھانا چاہتے ہیں	 سید نور اپنی فلم چین آئے نہ سے کیا سکھانا چاہتے ہیں؟
common_voice_ur_31874144.mp3	جہاں بحرینی چیف آف سٹاف فیلڈ مارشل شیخ خلیفہ بن احمد سے ملاقات کی	 جہاں بہنینی چیف آف سٹاف فیلڈ مارسل شیخ خلیفہ بن احمد سے ملاقات کی
common_voice_ur_32058658.mp3	حکومت ملکی پیداوار کی شرح بڑھانے کیلئے اقدامات کر رہی ہےہارون اختر	 حکومت ملکی پیداوار کی شرعہ بڑھانے کے لیے اقدامات کر رہی ہے حارون اختر
common_voice_ur_31951455.mp3	ایسے کثیر قلمی مواد کی شاید تجارتی اطلاق کے لیے ضرورت ہو گی	 ایسے کسی کلمی مواد کے شاہ تجارتی اطلاق کے لئے ضرورت ہوگی
common_voice_ur_31951249.mp3	سابق فیلڈنگ کوچ کی پی سی بی اور کھلاڑیوں پر الزامات کی بوچھاڑ	 سابق فیلڈنگ کوچ کے پی سی بی اور کھلاریوں پر الزامات کی بوٹھار
common_voice_ur_41133327.mp3	اس بارے میں پی ٹی آئی کی لیڈرشپ کو بتا دیا ہے	 اس بار میں پی ٹی آئی کی لیڈرشپ کو بتا دیا ہے
common_voice_ur_31983368.mp3	پاکستان اور کینٹ کے مابین پریکٹس میچ اج بھی تاخیر کا شکار	 پاکستان اور کینٹ کے ماہ بین پریکٹس میچ آج بھی تاخیر کا شکار
common_voice_ur_31793550.mp3	کیا آپ چاہتے ہیں کہ میں آپ کو اس کے گھر لے جاؤں؟	 کیا آپ چاہتے ہیں کہ میں آپ کو اس کے گھر لے جاؤں؟
common_voice_ur_31793876.mp3	ساف فٹبال ٹورنامنٹ سیمی فائنل میں پاکستان کو بھارت کے ہاتھوں شکست	 ساف فوٹبال ٹورنمنٹ سیمی فائنل میں پاکستان کو بھارت کے ہاتھوں شکست
common_voice_ur_31793866.mp3	حالات میں واضح طور پر بہتری آ چلی تھی کہ لگتا ہے۔	 حالات میں واضح طور پر بہتری آج چلی تھی کہ لگتا ہے
common_voice_ur_30644987.mp3	سوال اگر یہ ہو کہ ان میں سے کون محب وطن ہے	 سوال اگر یہ ہو کہ ان میں سے کون محبے وطن ہے؟
common_voice_ur_31997115.mp3	دنیا کا ایک بڑا نہری نظام بھی پاکستان کے پاس موجود ہے	 دنیا کے ایک بڑا نہری نظام بھی پاکستان کے پاس موجود ہے
common_voice_ur_31994390.mp3	انسانیت کی نہج میں تغیر و تبدل کا عمل ہمیشہ رہتا ہے	 انسانیت کی نہز میں تغیر اور تبدل کا عمل ہمیشہ رہتا ہے
common_voice_ur_31982044.mp3	جولائی ء کو نیا اوپریٹنگ سسٹم ونڈوز وسٹا کے نام سے آیا	 موسیقی
common_voice_ur_38492849.mp3	پاکستان کو سی پیک کی وجہ سے بیرونی دباو کا سامنا ہے موڈیز	 پاکستان کو سی پیک کی وجہ سے بیرونی دباؤ کا سامنا ہے موڈیز
common_voice_ur_31989830.mp3	سی پیک منصوبے سے کاروبار کی نئی راہیں ہموار ہوں گی لاہور چیمبر اف کامرس	 سی پینگ منصوبے سے کاروبار کی نئی راہیں ہموار ہوں گی لاہور چیرمن آف کامرس
common_voice_ur_31994984.mp3	محمد علی کا باکسنگ سٹائل عام باکسروں سے مختلف اور دلکش تھا	 محمد علی کے باکسنگ سٹائل آن باکسنگ سے مختلف و دلگش تھا
common_voice_ur_31895937.mp3	اس طرح کسی بھی مشق سے ایک کیفیت پیدا کی جاسکتی ہے	 اس طرح کسی بھی مشک سے ایک قیفیت پیدا کی جا سکتی ہے۔
common_voice_ur_32005158.mp3	کامیاب دورہ زمبابوے کے بعد شاہینوں نے وطن واپسی کی تیاریاں شروع کردیں	 کامیاب دورہ زمباوے کے بعد شاہینوں نے وطن واپسی کی تیاریاں شروع کر دی
common_voice_ur_31914727.mp3	یورپین انویسٹمنٹ بینک پاکستان کے توانائی کے شعبے میں سرمایہ کاری کرے گا	 یورپین انویسمنٹ بینک پاکستان کی توانائی کے شعبے میں سرمایہ کاری کرے گا
common_voice_ur_30724455.mp3	بلکہ ماضی میں وہ اس کے عملی مظاہر پیش کر چکی ہے۔	 بلکہ ماضی میں وہ اس کے عملی مظاہر پیش کر چکی ہے
common_voice_ur_31970099.mp3	جبکہ میرے ساتھ پورے کا پور ڈیلیگیشن دوگھنٹے تکے میرا انتطار کرتا	 جبکہ میرے ساتھ پورے کا پور ڈیلیگیشن دو گھنٹے تک میرا انتظار کرتا
common_voice_ur_31952100.mp3	آپ مانتے ہیں کہ سیمور اُسے دوبارہ کر سکتا ہے یا آپ نہیں مانتے	 آپ مانتے ہیں کہ اس امور اسے دوبارہ کر سکتا ہے یا آپ نہیں مانتے ہیں؟
common_voice_ur_31929458.mp3	کسان کارڈ کے آنے سے کرپشن کا عنصر ختم ہو جائے گا	 کسان کارڈ کے آنے سے کرپشن کا آناظر ہتم ہو جائے گا
common_voice_ur_38444889.mp3	جب بیمار ہوں تو یہی رشتے سب سے زیادہ پریشان ہوتے ہیں	 جب بیمار ہوں تو یہی رشتے سب سے زیادہ پریشان ہوتے ہیں
common_voice_ur_31954261.mp3	کیونکہ وہ اپنے علم و فضل کے لحاظ سے اس لائق ہیں۔	 کیونکہ وہ اپنے علم و فضل کے لحاظ سے اس لائک ہیں
common_voice_ur_31972238.mp3	حکومت نے استعمال شدہ گاڑیوں کی غیر رسمی کمرشل درامد ختم کردی	 حکومت نے استعمال شدہ گاڑیوں کی غیر رسمی کمرشل درامت ختم کر دی
common_voice_ur_31823564.mp3	وہ ایک نئے جہان فکر و عمل کی تلاش میں ہوتے ہیں۔	 وہ ایک نئے جہاں فکر و عمل کی تلاش میں ہوتے ہیں
common_voice_ur_31972567.mp3	آج ان کی معنویت واضح ہے مگر اس وقت کتنے لوگ تھے	 آج ان کے معنویت واضح ہے مگر اس وقت کتنے لوگ تھے
common_voice_ur_38453967.mp3	اس کا وجود کیسے زبان حال سے اپنی بندگی کا اعلان کرتا ہے؟	 اس کا وجود کیسے زمانے حال سے اپنی بندگی کا اعلان کرتا ہے؟
common_voice_ur_38443400.mp3	برائی کی ہر ترغیب کے سامنے یہ ڈھال اس طرح استعمال کرے	 برائی کی ہر تلغیر کے سامنے یہ ڈھال اس طرح استعمال کریں
common_voice_ur_38445651.mp3	انسان اپنے خیالات موجود لغت اور اصطلاحوں ہی میں بیان کر تا ہے۔	 انسان اپنے خیالات موجود لغت اور اسطلاحوں ہی میں بیان کرتا ہے
common_voice_ur_31971069.mp3	اس لئے اس عرصے میں پرسنل کمپیوٹر کا استعمال محدود پیمانے پر رہا	 اس لئے اس عرصے میں پرسنل کمپیوٹر کا استعمال میں اندور پیمانے کر رہا ہوں
common_voice_ur_30724453.mp3	شاہ رخ نے کئی ہولی وڈ فلموں سے انکار کیا فرح خان	 شاروخ نے کئی ہالی وڈ فلموں سے انکار کیا فراہ خان
common_voice_ur_31917394.mp3	پاکستان کا ہر شعبہ دن دگنی رات چگنی ترقی کر رہا ہے	 پاکستان کا ہر شوہر دن دبنی رات چبنی ترقی کر رہا ہے۔
common_voice_ur_30643866.mp3	ایشائی ترقیاتی بینک کی پاکستان کو مختلف شعبوں میں اصلاحات کیلئے امداد کی پیشکش	 ایشیہ ترقیاتی بینک کی پاکستان کی مختلف شعبوں میں اصلاحات کے لیے امداد کی پیشکش
common_voice_ur_31984767.mp3	ایشیا کپ کا فائنل کون کھیلے گا پاکستان اور بنگلہ دیش مدمقابل	 ایشیا کپ کا فائنل کون کھیلے گا پاکستان اور بنگلہ دیش مدے مقابل؟
common_voice_ur_32026637.mp3	زندگی بھر مشقت قربانی اور آخر میں تنہائی اور دنیا سے جانے کا انتظار	 زندگی بر مشکت قربانی اور آخر میں تنہائی اور دنیا سے جانے کا انتظار
common_voice_ur_38438052.mp3	بلکل ٹھیک فرمایا آپنے جناب ہم لوگوں کو بہت کچھ سیکھنے کی ضرورت ہے	 بلکل ٹھیک فرمایا آپ نے جناب ہم لوگوں کو بہت کچھ سکھنے کی ضرورت ہے
common_voice_ur_32020036.mp3	یہاں تک کہ انہوں نے کراچی کو استنبول بنانے کا وعدہ کیا	 یہاں تک کہ انہوں نے کراچی کو استمبول بنانے کا وعدہ کیا
common_voice_ur_32028084.mp3	بارسلونا اوپن ٹینس اسٹار کھلاڑی نے کوارٹر فائنل میں جگہ بنا لی	 ورسلونو اوپن ٹینس ٹائر کھلاڑی نے کوارٹر فائنل میں جگہ بنا لی
common_voice_ur_31793301.mp3	اس لیے سب کو مل کر اپنے اس مسئلے سے نمٹنا ہو گا۔	 اس لئے سب کو مل کر اپنے اس مسئلے سے نمٹنا ہوگا
common_voice_ur_32008038.mp3	لیکن زلزلی سی متاثر ہونی والی جزیری سماٹرا اور انڈونیشیا میں کئی لوگوں کویقین ہی	 لیکن زلزلی سے متاثر ہونے والی جزیری سماترہ اور انڈونیشیا میں کئی لوگوں کو یقین ہی
common_voice_ur_31975044.mp3	اب بھی ہو رہاہے کیا ہم تحفظ حرمین کے عنوان سے ہونے	 اب بھی ہو رہا ہے کیا ہم تحفظ حرمین کے عنوان سے ہونے
common_voice_ur_41133053.mp3	حوالہ ہنڈی کرنسی کاروبار کے دو مگر مچھ کل رات سے غائب ہیں	 حوالہ ہنڈی کرنسی کاروبار کے دو مگرمچ کل رات سے غیب ہیں۔
common_voice_ur_31999903.mp3	کہ اس سے فرانس ا ور جرمنی کے انتخابات پر بھی اثر	 یہ ان سے فرانس اور جرمنی کے انتخابات پر بھی اثر
common_voice_ur_31968019.mp3	آج حالت یہ ہے کہ پاکستانی حصول ملازمت کیلئے ملائشیا جاتے ہیں۔	 آج حالت یہ ہے کہ پاکستانی حصول ملازمت کے لیے ملیشیا جاتے ہیں۔
common_voice_ur_31793439.mp3	اگر ان سے ملاقات ہو تو میری طرف سے سلام عرض کیجیے گا۔	 اگر ان سے ملاقات ہو تو میری طرف سے سلام عرض کیجئے گا
common_voice_ur_31982178.mp3	سب پھول جب اکٹھے ہوتے ہیں پھر جا کے بنتا ہے پاکستان	 سب پھول جب اکٹے ہوتے ہیں پھر جا کے بنتا ہے پاکستان
common_voice_ur_31826912.mp3	اپنی ذات اور زندگی کو پرکھنے میں لطف اندوز ہوتا رہتا ہوں	 اپنی ذات اور زندگی کو پرکھنے میں لطف اندوز ہوتا رہتا ہوں
common_voice_ur_31888642.mp3	فرائض منصبی کے سلسلے میں ملک سے باہر جانے کا موقع ملا	 فرائض منصبی کے سلسلے میں ملک سے باہر جانے کا موقع ملا
common_voice_ur_32044220.mp3	کروناء ٹائم میں اپنی جان کی پرواہ کیے بنا کام کر رہے ہیں۔	 کرونا ٹائم میں اپنی جان کی پرواقعے بینک کام کر رہے ہیں
common_voice_ur_38478799.mp3	روایات میں نورہ کا ذکر ایک بہترین دوا کے طورپر کیا گیا ہے	 روایت میں نورہ کا ذکر ایک بہترین دوا کے طور پر کیا گیا ہے۔
common_voice_ur_31999052.mp3	وہ بتوں نے ڈالے ہیں وسوسے کہ دلوں سے خوف خدا گیا	 وہ بتوں نے ڈالے ہیں وسوسے کی دلوں سے خوف بخدا گیا
common_voice_ur_31901420.mp3	احتجاج کے لیے جلسہ کیا جا سکتا کم و بیش ہر شہر	 احتجاج کیلئے جلسہ کیا جا سکتا کم ہو بیش ہر شہر
common_voice_ur_31793266.mp3	دین جاننے کے لیے اب انہی کی طرف رجوع کیا جائے گا۔	 دین جاننے کے لئے اب انہیں کی طرف رجوع کیا جائے گا
common_voice_ur_31793343.mp3	اب ہم احتجاج کر رہے ہیں کہ کشمیر کے سپیشل سٹیٹس کو	 اب ہم احتجاج کر رہے ہیں کہ کشمیر کے سپیشل سٹیٹس کو
common_voice_ur_32059688.mp3	جنہیں دوسرے ٹیسٹ کی شکست نے برہنہ کر کے رکھ دیا ہے	 جنہیں دوسرے ٹیسٹ کی شکست نے بھرانا کر کے رکھ دیا
common_voice_ur_32046292.mp3	یوں کہیے کہ شرق و غرب کی تاریخ کو سمیٹ دیتے ہیں۔	 یوں کہیے کہ شرک و غرب کی تاریخ کو سمیٹھ دیتے ہیں
common_voice_ur_38461972.mp3	بولی وڈ فلم سڑک کا گانا عشق کمال پاکستانی گانے کی کاپی نکلا	 بولی وڈ فلم سڑک کا گانا عشق کمال پاکستانی گانے کی کاپی نکلا
common_voice_ur_35150972.mp3	پہلے دو جج صاحبان نے تو وزیراعظم کو دروغ گوئی کی بنا پہ نااہل ٹھہرایا۔	 پہلے دو جج شاہبان نے تو وزیر آزم کو دروگ گوئی کی بنا پر ناہل تھر آیا
common_voice_ur_31946736.mp3	فیفا ورلڈ کپ انگلینڈ کی ٹیم سویڈن کیخلاف میدان میں اترے گی	 فیفا ورلڈ کپ انگلینڈ کی ٹیم سویڈن کے خلاف میدان میں اتریئے
common_voice_ur_31899741.mp3	عالمی بینک کی پاکستان میں ارب ڈالر کی سرمایہ کاری کی حکمت عملی مرتب	 عالمی بینک کی پاکستان میں عرب ڈالر کی سرمایہ کاری کی حکمت عملی مرتب
common_voice_ur_31934410.mp3	بوندا باندی ہو یا بارش کا طوفان، دونوں کیفیت بدل دیتے ہیں	 بودھا باندھی ہو یا بارش کا طوفان دونوں کیفیت بدل دیتے ہیں۔
common_voice_ur_31915888.mp3	مشرق وسطی میں جنگ کی آگ کسی وقت بھی بھڑک سکتی ہے۔	 مشرق وستا میں جنگ کی آگ کسی وقت بھی بھڑک سکتی ہے۔
common_voice_ur_31915767.mp3	پاکستانی اوپنر فخر زمان نے ڈبل سنچری داغ کر تاریخ رقم کر دی	 پاکستانی اوپنر فخر زمانے ڈبل سینچری داگ کر تاریخ رکم کر دی۔
common_voice_ur_31986986.mp3	سلیکشن کمیٹی اراکین کو پی ایس ایل سے الگ کرنے کا مطالبہ	 سیلیکشن کمیٹی اراکین کو پی ایس ایل سے الگ کرنے کا مطالبہ
common_voice_ur_31793922.mp3	ایسا معاشرہ تشکیل دیا جائےجو ایسے مریضوں کی مدد اور دیکھ بھال کرے	 ایسا معاشرہ تشکیل کیا جائے جو ایسے مریضوں کی مدد اور دیکھ بال کرے
common_voice_ur_31793949.mp3	پی ایس ایل تھری میں لیوک رونکی ٹورنامنٹ کے بہترین کھلاڑی قرار	 پی ایس ایل تھری میں لیو کرونکی ٹورنیمنٹ کے بہترین کھلاڑی قرار
common_voice_ur_31793904.mp3	اب اسے کسی آئینی طریقے ہی سے ختم کیا جا سکتا ہے۔	 اب اسے کسی آئینی طریقے ہی اس سے حتم کیا جا سکتا ہے
common_voice_ur_38478824.mp3	اس میں فیصلہ سازی کا اختیار چند افراد کے ہاتھوں میں مرتکز ہے۔	 اس میں فیصلہ سازی کا اختیار چند افراد کے ہاتھوں میں مرتقیز ہے۔
common_voice_ur_41133338.mp3	یہ اسلامی دنیا کی واحد اور جنوبی ایشیا کی دوسری ایٹمی طاقت ہے	 یہ اسلام دنیا کے واحد اور جنوبی ایشیا کی دوسرے اٹمی طاقت ہے
common_voice_ur_31928311.mp3	ریلوے ملازمین کو اگست کی تنخواہ عیدالضحی سے قبل دینے کا فیصلہ	 ریلوے ملازمین رو اگست کی تنخواہ عید العزہ سے قبل دینے کا فیصلہ
common_voice_ur_31793440.mp3	اس انتشار فکر کے مظاہر جس طرح دائیں طرف پائے جاتے ہیں	 اس انتشار فکر کے مظاہر جس طرح دائے طرف پائے جاتے ہیں
common_voice_ur_31824379.mp3	ابو ظہبی ٹیسٹ پاکستان کو سنسنی خیزمقابلے کے بعد رنز سے شکست	 ابو زبی تیس پاکستان کو سنسنی خیز مقابلے کے بعد رنس سے شکست
common_voice_ur_31971884.mp3	ترقیٔ معکوس کا یہ عمل ایک بار پھر شروع ہو گیا ہے۔	 ترقی ماکوس کا یہ عمل ایک بار پھر شروع ہو گیا ہے
common_voice_ur_31959738.mp3	موقف کی صحت کے بارے میں البتہ دو آرا ہو سکتی ہیں۔	 موقف کی صحت کے بارے میں البتہ دو آرہ ہو سکتی ہیں
common_voice_ur_32018636.mp3	تھے کتنے اچھے لوگ کہ جن کو اپنے غم سے فرصت تھی	 تھے کتنے اچھے لوگ کے جن کو اپنے غم سے پرسر تھی
common_voice_ur_38410220.mp3	اس میں شبہ نہیں کہ پاکستان کی جمہوریت ارتقا ئی مراحل میں ہے۔	 اس میں شبہ نہیں کہ پاکستان کی جمہوریت ارتقائی مراحل میں ہے۔
common_voice_ur_38411773.mp3	انسانی معاشرے کا عمومی سفر انفرادی دانش سے اجتماعی دانش کی طرف ہے۔	 انسانی معاشرے کا عمومی سفر انفرادی دانش سے اجتماعی دانش کی طرف ہے۔
common_voice_ur_31981708.mp3	اتنی بے ہنگم ہو گئی ہے اور کئی سیکٹرز اتنے برے لگنے	 اتنی بےہنگم ہو گئی ہے اور کئی سیکٹرز اتنے برے لگے ہیں
common_voice_ur_31965443.mp3	تو اس کی نشان دہی کرے اگر کوئی بات قابل گرفت ہے۔	 تو اس کی نشان نہیں کرے اگر کوئی بات قابل گرفت ہے
common_voice_ur_31809352.mp3	قومی فٹبال ٹیم کے سابق کپتان کلیم اللہ کو شوکاز نوٹس جاری	 قومی فوٹبال ٹیم کے سابق قبطان کلیم ملا کو شوقاس نوٹس چاری
common_voice_ur_31823388.mp3	اور انھیں خیروشر کے ترک و اختیار کی پوری آزادی حاصل ہے	 اور انہیں خیر و شر کے طرق و افتیار کی پوری آزادی حاصل ہے
common_voice_ur_38429418.mp3	انہوں نے کوشش کی کہ نواز شریف زمینی حقائق سے متصادم نہ ہوں۔	 انہوں نے کوشش کی کہ نواز شریف زمینی حقائق سے متصادم نہ ہوں
common_voice_ur_31923549.mp3	اور ہماری عقل سے بڑھنا کرنا اور حسن و جمال کو پسند فرمانا ہونا	 اور ہماری عقل سے بڑھنا کرنا اور حسن و جمال کو پسند فرمانا ہونا
common_voice_ur_31991077.mp3	وہ مل کر بعض مظلوموں کے حق میں آواز اٹھا رہے تھے۔	 وہ مل کر بعض مظلوموں کے حق میں آواز اٹھا رہے تھے
common_voice_ur_32010745.mp3	چونکہ ہم مسلمانوں کے گھر پیدا ہوئے ، لہذا جبری مسلمان قرار پائے	 چونکہ ہم مسلمانوں کے گھر پیدا ہوئے لہٰذا جبری مسلمان قرار پائے
common_voice_ur_31990978.mp3	پاکستانی شہریوں کے لیے کویتی ویزے کی بحالی پر بڑی پیش رفت ہوئی ہےا	 پاکستانی شوریوں کے لیے کوئیٹی ویزے کی بحالی پر بڑی پیش رفت ہوئی ہے
common_voice_ur_31828197.mp3	انہوں نے اسے ترک کردیا اور کسی دوسرےملک کی شہریت اختیار کرلی	 انہوں نے اسے ترک کر دیا اور کسی دوسرے ملک کی شہریت اختیار کر لی۔
common_voice_ur_38467136.mp3	انہیں لندن کا پہلا مسلمان میئر کہا گیا اور کہا جاتا رہے گا۔	 ہم نے لندن کا پہلا مسلمان میر کہا گیا اور کہا جاتا ہے کہ
common_voice_ur_31987611.mp3	آپ ان کو یہ سہولت دیں، کون آپ کا ہاتھ پکڑ رہا ہے؟	 آپ ان کو یہ سہولت دیں کون آپ کا ہاتھ پکڑ رہا ہے۔
common_voice_ur_31954025.mp3	مذہب کی تعبیر پر اس نے اپنا تسلط قائم کر رکھا ہے۔	 مذہب کی تبعیر پر اس نے اپنا تصمت قائم کر رکھا ہے
common_voice_ur_32022582.mp3	ٹام اور میری نے کہا کے وہ حسد محسوس کر رہے ہیں۔	 ٹام اور میری نے کہا کہ وہ حسن محسوس کر رہی ہیں
common_voice_ur_32019439.mp3	اب اس تصویر پر لے دے ہو رہی ہے اور متعلقہ ایڈ ا	 اب اسے تصویر پر لے دے ہو رہی ہے اور متعلقہ آئیڈیا
common_voice_ur_38434427.mp3	اس صائب مشورے کی روشنی میں بھارتی جاسوس اورفساد گر کلبھوشن یادیو کو بھی چھوڑ دینا چاہیے۔	 اس سائق مشورے کی روشتی میں بھارتی جاسوس اور فساد کا پوشن جاتے کوئی چھوڑ دینا چاہیے۔
common_voice_ur_32028854.mp3	گندم کے بعد اب چینی کی درامد پر بھی ریگولیٹری ڈیوٹی ختم	 گرنم کے بعد اب چینی کی درامت پر بھی ریگولیٹری ڈیوٹی ختم
common_voice_ur_32017420.mp3	سرفراز نے بلے بازوں کو شکست کا ذمہ دار قرار دے دیا	 سرفراز نے بلے بازو کو شکست کا ذمہ دار قرار دے دیا
common_voice_ur_38433782.mp3	پھر یہ خطہ عالمگیر انقلاب کے لیے جدو جہد کی بنیاد بن جا ئے گا۔	 پھر یہ خطہ عالم دیر ان کے راپ کے لئے جد و جہد کی بنیاد بن جائے گا
common_voice_ur_38458174.mp3	انہی دنوں ملالہ کو دھڑادھڑ مختلف ایوارڈز اور انعامات دیے جا رہے تھے۔	 انہی دنوں ملالا کو دھڑا دھڑ مختلف ایوارڈز اور انعامات دیے جا رہے تھے۔
common_voice_ur_38447541.mp3	پیٹرول کی قیمت روپے ڈیزل پیسے فی لیٹر کم کرنے کا اعلان	 پیٹرول کی قیمت روپے ڈیزل پے سے فی لٹر کم کرنے کا اعلان
common_voice_ur_41142168.mp3	اکثریت پاکستانی لوگوں کے معاشرتی ، سیاسی اور معاشی نظریا ت کی عکاسی کرتا ہے	 اکثریت پاکستانی لوگوں کے معاشرتی، سیاسی اور معاشی نظریات کے اکاسی کرتا ہے۔
common_voice_ur_41156515.mp3	بھارت ٹیسٹ میچز کی پانچ سنچریز مکمل کرنے والا چوتھا ملک بن گیا	 بھارت ٹیسٹ میچز کے کی پانچ سنچریز مکمل کرنے والا چوتھا ملک بن گیا۔
common_voice_ur_31968678.mp3	کن کھلاڑی نے اچھ کارکردگی پیشہ کی اور وہ کونہ سے کھلاڑی تھے	 ان کھلاڑی نے اچھ کارکرتگی پیشا کی اور وہ کونے سے کھلاڑی تھے
common_voice_ur_31878964.mp3	اللہ کے نام سے شروع جو بڑا مہربان نہایت رحم والا ہے	 اللہ کا نام سے شروع جو بڑا مہربان نہائیت رحم والا ہے
common_voice_ur_32043852.mp3	مجھے پتا کرنا تھا کے کراچی کےلیے ٹرین کب روانہ ہو گی۔	 مجھے پتا کرنا تھا کہ کراچی کے لیے ٹرین کب روانہ ہوگی
common_voice_ur_32047220.mp3	غصہ ، ہوس اور لالچ انسان کی روح کو مردہ کر دیتے ہیں	 غصہ حضور اللہ علیہ السلام کی روح کو مرد دھا کر دیتا ہے
common_voice_ur_26701477.mp3	قومی تاریخ کے ہر موڑ پر یہ اختلاف مو جود رہا ہے۔	 قومی تاریخ کے ہر موڑ پر یہ اختلاف موجود رہا ہے
common_voice_ur_31950754.mp3	ماحولیاتی تبدیلیوں سے نمٹنے کے لیے ماحولیات کو نصاب کا حصہ بنایا جائے۔	 ماحولیاتی تبدیلیوں سے نمٹنے کے لیے ماحولیات کو نصاب کا حصہ بنایا جائے گا
common_voice_ur_41036618.mp3	چیئرمین ایف بی ار شبر زیدی کو تبدیل نہیں کیا جارہا نعیم الحق	 چنمین ایف بی آئی شبر زیدی کو تبدیل ہی کیا جا رہا نئی مل ہاں
common_voice_ur_31091818.mp3	کرا چی کو قومی دھارے میں لانا آج ملک کی ضرورت ہے۔	 کراشی کے قومی دارے میں لانا آج ملک کی ضرورت ہے۔
common_voice_ur_32031094.mp3	سعودی مسلح افواج کے سربراہ جنرل فیاض بن حامد الرویلی نے بحرین کا دورہ کیا	 سعودی محسوس علیہ الصلاة والسلام کے سرباہی علیہ السلام سے سیاز بن حمد المہنین نے بحرین کا دورہ کیا
common_voice_ur_31988164.mp3	مثال کے طور پر اگر آپ کسی نوکری کے انٹرویو کے لیے جاتے ہیں	 مثال کے طور پر اگر آپ کسی نوکری کے انٹریویو کے لیے جاتے ہیں
common_voice_ur_32056074.mp3	وہ چھلانگ لگا کر کار میں گھسا اور پچھلی سیٹ پر لیٹ گیا۔	 وہ چلانگ لگا کر کار میں بھوسا اور پچھلی سیٹ پر لیٹ گیا۔
common_voice_ur_32050274.mp3	زمبابوے میں جاری سہ ملکی سیریز کا فائنل کل کھیلا جائے گا	 زنواوے میجاری سے ملکی سیریز کا فائنل کل کھیلا جائے گا
common_voice_ur_31979612.mp3	اس پورے خطے میں وہ امن اور انصاف کا ذمہ دار تھا۔	 اس پورے خطے میں وہ امن اور انصاف کا ذمہ دار تھا
common_voice_ur_31809519.mp3	ان سب خوش رنگینیوں کے ساتھ چترال کے سادہ لوح اور شرافت کی نعمت سے	 ان سب خوش رنگینیوں کے ساتھ چترال کے سادہ لوہ اور شرافت کی نعمت سے
common_voice_ur_32060437.mp3	میں پُریقین ہوں وہ ایک مکمل بولی کے لیے جا رہے ہوں گے	 میں پوری یقین ہوں وہ ایک مکمل گولی کے لیے جا رہے ہوں گے
common_voice_ur_32059162.mp3	دورہ ائرلینڈ اور انگلینڈ کی تیاریاںقومی کھلاڑیوں کا تربیتی کیمپ لاہور میں جاری	 دور آئرلینڈ اور انگلینڈ کی تیاریاں قومی کھلاریوں کی تربیتی کے ملاہور میں جاری
common_voice_ur_31990498.mp3	تیندوے کی تصدیق مختلف شکاریوں کو یہاں کھینچ سکتی ہے شکار کے لیے	 تینوے کی تصدیق مختلف شکاریوں کو یہاں کھینچ سکتی ہے شکار کے لیے
common_voice_ur_31930488.mp3	وہ مذہب کے نام پر تشدد کی ہر صورت نفی کرتے ہیں۔	 وہ مذہب کے نام پر تشدد کی ہر صورت نفی کرتے ہیں
common_voice_ur_32019931.mp3	درحقیقت ہر رشتہ ہی مطلبی اور خودغرض بن کر رہ چکا ہے	 درکی کا تھا رشتہ ہی مطلبی اور خوبصورت کرنگر رہ چکا ہے
common_voice_ur_31929789.mp3	اور ایک فرشتے کے مسلط کیے جانے کی تعبیر اختیار کی گئی ہے	 اور ایک فرشتے کی مسلط کیا جانے کی تعبیر اختیار کی گئی ہے
common_voice_ur_31794344.mp3	یا رسول اللہ، کیا آپ کے ساتھ بھی یہی معا ملہ ہے؟	 یا رسول اللہ کیا آپ کے ساتھ بھی یہی معاملہ ہے
common_voice_ur_32023672.mp3	میرا کہنا یہ تھا کہ ٹاک شو میں اصلا دو فریق ہیں۔	 میرا کہنا یہ تھا کہ ٹانگ شو میں اصلہ دو فریق ہیں۔
common_voice_ur_31967941.mp3	دونوں ملکوں کی مسلح افواج کے سربراہوں نے تبادلہ خیال کیا ہے	 دونوں ملکوں کی مسئلہ فواج کے سربراہوں نے تبادلہ ہی آگئی ہے۔
common_voice_ur_31823474.mp3	پریمییر لیگ فٹبال مانچسٹر یونائیٹڈ نے ٹاپ ٹیم مانچسٹر سٹی سے فتح چھین لی	 پریمیر لیگ فوٹبال مانچیسٹر یونائٹڈ نے ٹاپ ٹیم مانچیسٹر سٹی سے فتح چھین لی
common_voice_ur_32006135.mp3	کیا آج کا ادیب ا ور شاعر اس روایت سے وابستہ ہے؟	 کیا آج کا عدیب و شاعر اس روایت سے وبستہ ہے؟
common_voice_ur_32004940.mp3	ہمارا سلام ہے آپ سب ڈاکٹرس اور ہسپتال کے تمام سٹاف کو	 ہمارا سلام ہے آپ سب ڈاکٹرز اور آسپتال کی تمام سٹاف کو
common_voice_ur_31980533.mp3	میں نے مشورہ دیا کہ ہماری پاس چینی وافر مقدار میں موجود ہے	 میں نے مشورہ دیا کہ ہماری پاس چینی خوافر مقدار میں موجود ہے
common_voice_ur_31929471.mp3	پاکستان اور ائی ایم ایف کے درمیان پوسٹ پروگرام مذاکرات کا اغاز	 فاکستان اور آئی ایم ایف کے درمیان پوسٹ پروگرام مذاکرات کا آغاز
common_voice_ur_31952360.mp3	"ایک فون میں ""ای سگریٹ"" کا اضافہ بھی کر دیا گیا ہے"	 ایک فون میں ای سیکریٹ کا اضافہ بھی کر دیا گیا ہے
common_voice_ur_31952568.mp3	یہ ناکامی اس بیانیے کے فروغ کا کس حد تک باعث ہے؟	 یہ نکامی اس پیانیے کے فروکہ کس حد تک باعث ہے؟
common_voice_ur_31952032.mp3	دیگر عبادت گاہوں میں بھی دعائیہ تقریبات کا اہتمام کیا گیا تھا	 دیگر عبادت کافوں میں بھی دعایے تکلیفات کا اتمام کیا گیا تھا۔
common_voice_ur_32037140.mp3	خوشونت سنگھ نے علامہ اقبال کے کلام کا انگریزی ترجمہ کیا ہے	 خشونت سنگھ نے علامہ اقبال کے کلام کا انگریزی ترجمہ کیا ہے۔
common_voice_ur_31929778.mp3	نوٹ بک کے بعد ان سے بھی مختصر کمپیوٹرز پام ٹوپ کے نام سے متعارف ہوئے	 نوٹ بک کے بعد ان سے بھی مختصر کمپیوٹرز پام ٹوپ کے نام سے مطارف ہوئے
common_voice_ur_31917360.mp3	پبلک اکانٹس کمیٹیوزارت اطلاعات کو بجٹ سے زائد ثانوی گرانٹ جاری ہونے کا انکشاف	 پبلک اکانٹس کمیٹی وزارت اطلاعات کو بجٹ سے زائد سانوی گرانٹ جاری ہونے کا انکشاف
common_voice_ur_31930226.mp3	اقبال کی شاعری نے دنیائے اسلام میں ایک انقلاب پیدا کر دیا۔	 اقبال کی شاعری نے دنیا اسلام میں ایک انقلاب پیدا کر دیا
common_voice_ur_38502257.mp3	مک جائے نام تیرا سیاست کے فسانے سے تیرا رونا ہی بنتا ہے زمانے میں	 مکجہ نام تیرا سیاست کے فسانے سے تیرا رونا ہی بنتا ہے زمانے میں
common_voice_ur_31853649.mp3	انفیکشن ایک شخص سے دوسرے میں سانس کے ذریعے منتقل ہوتا ہے	 انفیکشن ایک شخص سے دوسرے میں سانس کے ذریعے منتقل ہوتا ہے۔
common_voice_ur_31853684.mp3	لندن قومی ٹیم کا ٹاس جیت کر انگلش کانٹی کلب کیخلاف بیٹنگ کا فیصلہ	 لندن قومی ٹیم کا ٹوس جیت کر انگلیش کانٹی کلب کے خلاف بیٹنگ کا فیصلہ
common_voice_ur_38446812.mp3	میں کسی جلسے میں جاتا تو ہاتھ ملانے سے پہلے لوگوں سے بغل گیر ہوتا۔	 میں کسی جلسے میں جاتا تو ہاتھ ملانے سے پہلے لوگوں سے بغل گیر ہوتا
common_voice_ur_38437398.mp3	یہ سارے کا سارا مکینک کا فالٹ ہے کمپنی سے بائیک بیسٹ سیٹنگ سے سیٹ ہو کر نکلتی ہے	 یہ سارے کا سارا میکینک کا فالٹ ہے کمپنی سے بائیک بیسٹ سیٹنگ سے سیٹ ہو کر نکل دی ہے
common_voice_ur_31951967.mp3	وہ عزم و ہمت کا ایک ایسا استعارہ ہے، جو ہمیشہ چمکتا رہے گا۔	 وہ عزم و حمد کا ایسا استعارہ ہے جو ہمیشہ چمکتا رہے گا
common_voice_ur_31953574.mp3	آئندہ کا نقشہ محکمہ زراعت اورمنصفین کو مل بیٹھ کر بنانا چاہیے	 آئندہ کا نقشہ محکمہ ذرات اور منسفین کو گل بیٹھ کر بنانا چاہتے ہیں
common_voice_ur_38444948.mp3	اسلامی سکالر کے طور پر مولانا طارق جمیل کو پسندیدہ قرار دیا	 اسلامی سکولر کے طور پر مولانا تارک جمیل کو پسندیدہ قرار دیا۔
common_voice_ur_31879400.mp3	میں لیوائز کے ساتھ اپنی میوزک ویڈیو کی ریلیز پر بہت خوش ہوں	 میں لوائس کے ساتھ اپنی میوزک ویڈیو کی ریلیز پر بہت خوش ہوں
common_voice_ur_31809200.mp3	آج بھی وہ خوشبو کم نہیں ہوئی دل بے چین ہوگیا:جی اماںجی؟	 آج بھی وہ خوشفو کم نہیں ہوئی دل پہ چین ہو گیا جی اما جی
common_voice_ur_31998373.mp3	شیوسینا اور مودی سرکار کا گٹھ جوڑ شہریار کو بلایا ہنگامہ کرایا	 شویسہ اور مودی سرکار کا کٹ جوڑ شہریار کو بلایا ہنگامہ کرایا
common_voice_ur_31863821.mp3	کھلاڑی جنوبی افریقہ کے خلاف سیریز میں بھی جگہ حاصل کرلیں گے ۔	 کھلاری جنوبی افریقہ کے خلاف سیریز میں بھی جگہ حاصل کر لیں گے
common_voice_ur_31863795.mp3	اس کے لیے میں نے بعض باتوں کی طرف اشارہ کیا ہے۔	 اس کے لیے میں نے بعض باتوں کی طرف اشارہ کیا ہے
common_voice_ur_31985161.mp3	زندگی کو اس کے اصل رنگ اور ذائقہ کے ساتھ دیکھا اور محسوس کیا	 زندگی کو اس کے اصل رنگ اور ذائقے کے ساتھ دیکھا اور محسوس کیا
common_voice_ur_31863731.mp3	پاکستان میں صوبائی اور قومی الیکشن اسی سال مئی میں ہونے والے ہیں	 پاکستان میں صوبائی اور قومی الیکشن اسی سال مائی میں ہونے والے ہیں۔
common_voice_ur_31863874.mp3	اسٹریلیا کے سابق نائب کپتان ڈیوڈ وارنر کا کرکٹ نہ کھیلنے کا عندیہ	 آسٹریلیا کے سابق نائب کپتان ڈیویڈ وارنر کا کرکٹ نہ کھلنے کا انڈیا
common_voice_ur_31863928.mp3	تو وہ کیوں ان مذہبی جماعتوں کو یک جا نہیں کر رہا؟	 تو وہ کیوں ان مذہبی جماعتوں کو یک جا نہیں کر رہا
common_voice_ur_31923022.mp3	اب اگر اس جنگ کے اگلے مرحلے میں مسخ شدہ جہادی تصورات	 اب اگر اس جنگ کے اگلے مرحلے میں مسخ شدہ جہادی تصورات
common_voice_ur_31842230.mp3	ایک ہزار روپے سے شروع کمپنی لاکھ کروڑ کی مالک بن گئی	 ایک ہزار روپے سے شروع کمپنی لاکھ کروڑ کی مالک بن گئی
common_voice_ur_31842188.mp3	یہاں تک کہ آپ واپس حقیقت کی دنیا میں لوٹ آتے ہیں۔	 یہاں تک کہ آپ واپس حقیقت کی دنیا میں لوٹ آتے ہیں
common_voice_ur_31827295.mp3	اور ہم حافظ جی کی طرح پورا قرآن پڑھ گئے بغیر سمجھے	 اور ہم حافظ جی کی طرح پورا قرآن پڑھ گئے بغیر سمجھے
common_voice_ur_31983829.mp3	نئے ہفتے پر بین الاقوامی مارکیٹ کے اثرات پیر کو سامنے آئیں گے	 نئے ہفتے پر پینل اقوامی مارکٹ کے اثرات پیر کو سامنے آئیں گے
common_voice_ur_31791277.mp3	معاشی حقائق جاننے کیلیے وزیر اعظم کے غیر جانبدار ماہرین سے رابطے	 معاشی حقائق جاننے کے لیے وزیراعظم کے غیر جانبدار ماہرین سے رابطے
common_voice_ur_31977305.mp3	تو یہ ساری مشق گناہ بے لذت کے سوا کچھ نہیں تھی۔	 تو یہ ساری مشک گناہ بے لذت کے سوا کچھ نہیں تھی
common_voice_ur_31828554.mp3	پاکستان کرکٹ بورڈ نے اٹھارہ نوجوان کرکٹرز کو ایمرجنگ کیمپ کیلئے بلا لیا	 پاکستان کرکٹ بور نے اٹھائے نوجوان کرکٹرز کو امرجنگ کیمپ کے لیے بلا لیا
common_voice_ur_41130732.mp3	درجہ حرارت میں مستقل تبدیلی کے طور پر بیان کیا جاتا ہے	 درجہ حرارت میں مستقل تبدیلی کے طور پر بیان کیا جاتا ہے۔
common_voice_ur_41130506.mp3	انہوں نے کہا کہ پاکستان اب معرض وجود میں آ رہا ہے۔	 انہوں نے کہا کہ پاکستان اب مرز اور جود میں آ رہا ہے۔
common_voice_ur_31916332.mp3	اور یہ اپنے سالے کا بھی قاتل ھے۔ اب دیکھنا یہ ھے کہ یہ کس طرع مرتا ھے۔	 اور یہ اپنے سالے کا بھی قاتل ہے دیکھنا یہ ہے کہ یہ کس طرح مرتا ہے
common_voice_ur_31941911.mp3	آپ کا کھانا کمال نہیں آپ جو مساکین کو کھلاتے ھو سب اس کا صدقہ ھے	 آپ کا کھانا کمال نہیں آپ جو مساکین کو کھلاتے ہو سب اس کا صدقہ ہے
common_voice_ur_31837282.mp3	بھلے وہ گورا ہی کیوں نہ ہو اسکو بھی نشان پاکستان ایوارڈ جاتا ہے	 بھلے وہ گوارہ ہی کیوں نہ ہو اس کو بھی نشان پاکستان عوار جاتا ہے
common_voice_ur_31965180.mp3	جس کے پہلے تین بیٹسمین پہلی اننگز میں اسکور پر پویلین لوٹ گئے ۔	 جس کے پہلے تین بیٹس میں پہلی ایلنگز میں سپورٹ پر پیویلی نہیں لڑ گیا
common_voice_ur_31860976.mp3	سرشاریہاں کے باشندوں کی مہمان نوازی اور برتائو سیاح کو ساری زندگی یاد رہتی ہیں ۔	 سرشار یہاں بانشدو کی مانوازی اور برتاؤ سیاہ کو ساری زندگی یاد رہتی ہے
common_voice_ur_31849505.mp3	اسے اندازہ ہوا کہ جو لاوا پک چکا، اب بہنے کو ہے۔	 مجھے اندازہ ہوا ہے کہ جو علاوہ پک چکا اب پہننے کو ہے
common_voice_ur_31998238.mp3	خدا ہر پل ہمارے ساتھ ہے بس دعا کیجئے،انشاءاللہ سب ٹھیک ہوجائےگا	 خدا ہر پل ہمارے ساتھ ہے بس دعا کیجئے انشاءاللہ سب ٹھیک ہو جائے گا
common_voice_ur_31791823.mp3	بلکہ یہ کہا جائے گا فلاں نظریہ یا فلاں طرزِ عمل شرک ہے	 بلکہ یہ کہا جائے گا کہ فلان نظریہ فلان طرز عمل شرک ہے
common_voice_ur_41170269.mp3	نانا پاٹیکر نے اداکارہ کو جنسی ہراساں کرنے کے الزامات پر خاموشی توڑ دی	 نانا پاٹکر نے ادھاکارا کو جنسی حراسہ کرنے کے الزامات پر خاموشی توڑ دی
common_voice_ur_32020347.mp3	انسان کو عقیدہ توحید پر ایمان لانے کی دعوت دی گئی ہے	 انسان کو عقیدہ تو عید پر ایمان لانے کی دعوت دی گئی ہے۔
common_voice_ur_31934607.mp3	جہاں کے اکثر ملکوں میں سال کے بیشتر حصے کے دوران ٹھنڈک رہتی ہے	 جہاں کے اکثر ملکوں میں سال کے بیشتر حصے کے دوران تھندک رہتی ہے
common_voice_ur_32014930.mp3	حضرت عثمان کی شہادت کے بعد ہر عالم بطورِ خود فتویٰ دینے لگا	 اسوان کی شہادت کے بعد ہر عالم بطور خود فتوہ دینے لگا
common_voice_ur_32046699.mp3	داسو پاور پراجیکٹ کی تعمیر رواں ہفتے شروع ہوجائے گی چیئرمین واپڈا	 داسو پاور پروجیکٹ کی تعمیر روانہ ہفتے شروع ہو جائے گی چیئرمین وارڈا
common_voice_ur_31828759.mp3	یہ سچ ہے جس کے پیمانے پر گروہوں کو پرکھا جائے گا۔	 یہ سچ ہے جس کے پیمانے پر گروہوں کو پر کھا جائے گی
common_voice_ur_41165422.mp3	جب تک بچوں کو محبت سے پالا جائے وہ خوش رہتے ہیں	 جب تک بچوں کو موت سے پالا جائے وہ خوش رہتے ہیں
common_voice_ur_38448891.mp3	گزر گیا اب وہ دور ساقی کہ چھپ کے پیتے تھے پینے والے	 گزر گیا اب وہ دور ساکھی کہ چھپ کے پیتے تھے پینے والے
common_voice_ur_31790481.mp3	گلین میکسویل نے سرفراز احمد سے ہاتھ نہ ملانے پر معذرت کر لی	 گلین میکسویل نے سرفراس احمد سے ہاتھ نہ ملانے پر معذرت کر لی
common_voice_ur_31790554.mp3	کو یاد ہوگا کہ تین چار ماہ پہلے پاناما لیکس کے طوفان	 کوئی یاد ہوگا کہ تین چار ماہ پہلے پاناما لیکس کے طوفان
common_voice_ur_32028988.mp3	سال کے لیے پالتو خوراک حجم سطح کے برابر تھا کمپنی نے کہا	 سال کے لیے پالتو خوراک حجم سطح کے ورابر تاکم نے کہا
common_voice_ur_32030829.mp3	چینی سرمایہ کاروں کو اسٹیل ملز خریدنے کی پیشکش کا فیصلہ تبدیل	 چینی سرمایہ کاران کو سیل میل سرینے کی پیش پیس کا فیصلہ تبدیل
common_voice_ur_41130920.mp3	ڈکٹیشن لینے والا ای میل کے ذریعے کالم اخبار کو بھیج دیتا ہے۔	 درڈکیشن لینے والا ای میل کے ذریعے کالم اکبار کو بھیج دیتا ہے
common_voice_ur_31962459.mp3	کراچی میں پی ایس ایل کا جادو سر چڑھ کر بولنے لگا	 کراچی میں پی ایس ایلر کا جادو سر چڑھ کر بولنے لگا
common_voice_ur_32004949.mp3	مریضوں اور ان کے اہلخانہ کی جانب سے دھمکیوں کا سامنا رہا ہے۔	 مریضوں اور ان کے علی خانہ کی جانب سے جنگ کیوں کا سامنا رہا ہے
common_voice_ur_31916578.mp3	بجٹ میں اس بار تعلیم کے لیے پانچ فیصد بجٹ مختص کیا جائے	 بجٹ میں اس بار تعلیم کے لیے پانچ فیصد بجٹ مقتص کیا جائے
common_voice_ur_31790497.mp3	ان پر سب سے پہلے بیگم اختر ریاض الدین نے قدم رکھا	 ان پر سب سے پہلے بیگم اخت ریاض الدین نے قدم رکھا
common_voice_ur_31943199.mp3	بہت زبردست بات ھے کہ بلوچستان کے جنگلی محکمہ ابھی تک زندہ ھے	 بہت زبردست بات ہے کہ پلکستان کی جنگلین محکمہ ابھی تنزندہ ہے
common_voice_ur_41120346.mp3	آج کی نسلوں کا موسیقی کا ذوق بے حد خراب ہو چکا ہے۔	 آج کی نسلوں کا موسیقی کا ذوق بہت خراب ہو چکا ہے۔
common_voice_ur_31849158.mp3	چولہا کیا تھا دیکھنے میں کوزے کے نچلے حصے کی طرح لگتا تھا	 چولا کیا تھا دیکھنے میں گوزے کے نچلے سیک کی طرح لگتا تھا
common_voice_ur_31790971.mp3	چینی سرمایہ کار ازاد کشمیر کی سیاحت میں سرمایہ کاری کریں سینیٹر عبدالقیوم	 چینی سرمایہ کار ازاد کشمیر کی سیاحت میں سرمایہ کاری کریں سینیٹر عبدالقیو
common_voice_ur_31956651.mp3	گورننس کا سب سے اہم پہلو مو جود نظام کی اصلاح ہے۔	 گورننس کا سب سے اہم پہلو موجود نظام کی اصلاح ہے
common_voice_ur_31975710.mp3	اور جب ملک سے باہر ہوتے ہیں پاکستانی پاسپورٹ غایب گویا ڈبل مزہ	 اور جب ملک سے باہر ہوتے ہیں پاکستانی پاسپورٹ غائب گویا ڈبل مزا
common_voice_ur_31975786.mp3	سنسناٹی اوپن ٹینس کا ٹائٹل سوئٹزرلینڈ کے راجر فیڈرر نے جیت لیا	 سنسناٹی اوپن ٹینس کا ٹائٹل سویچزر لینڈ کے روجر فیڈر نے جیت لیا
common_voice_ur_38500328.mp3	کیا انہوں نے ایک بے بنیاد بات کسی دوسرے سے منسوب کی؟	 کیا انہوں نے ایک بے بنیاد بات کسی دوسرے سے منصوب کی؟
common_voice_ur_31848912.mp3	مفاد کی وجہ میں نے عرض کر دی کہ دھڑے کی سیاست ہے۔	 حفاظت کی وجہ سے میں نے عرض کر دی کہ تڑک کی سیاست ہے
common_voice_ur_38467459.mp3	ان کے نزدیک حجاب گھروں میں لٹکائے جانے والے پردے کو کہتے ہیں۔	 ان کے نزدیک ہجاب گھروں میں لٹکائے جانے والے پردے کو کہتے ہیں
common_voice_ur_32027877.mp3	فیفا ورلڈکپ کے سیمی فائنل مرحلے کا غاز کل سے ہو گا	 فیفا ورلڈ کپ کے سیمی فائنل مرحلے کا غاز کل سے ہوگا
common_voice_ur_31922351.mp3	وزیر اعظم نے ورلڈ اکنامک فورم پہ اپنی قادرالکلامی کی دھوم مچا دی۔	 وزیر آزم نے ورلڈ اکنومک فورم پہ اپنی قادر کلامی کی دھوم مچا دی
common_voice_ur_38422708.mp3	جو ایک تھا اے نگاہ تو نے ہزار کر کے ہمیں دکھایا	 جو ایک تا اے نگاہ تو نے ہزار کرکی ہمیں دکھایا
common_voice_ur_31793034.mp3	ہر اچھی چیز کا المیہ یہ ہے کہ وہ ختم ہو جاتی ہے۔	 ہر اچھی چیز کا علمیہ یہ ہے کہ وہ ہتم ہو جاتی ہے
common_voice_ur_31836724.mp3	میں نے ذاتی وجوہات کی بِنا پر قبلازوقت ریٹائرمنٹ لینے کا فیصلہ کِیا ہے	 میں نے ذاتی وجوہات کی بنا پر قبل از وقت ڈیٹائرمنٹ لینے کا فیصلہ کیا ہے۔
common_voice_ur_31836715.mp3	کام شروع کرنے کے لیے حوصلہ افزائی کی ضرورت محسوس کرتا ہوں	 کام شروع کرنے کے لیے خوصلہ افضائی کی ضرورت محسوس کرتا ہوں
common_voice_ur_38422225.mp3	ان کے خیال میں، ایک مسلمان کے لیے اجتماعیت کی اساس نظریہ ہے۔	 ان کے خیال میں ایک مسلمان کے لیے اجتماعیت کی احساس نظریہ ہے
common_voice_ur_38422395.mp3	شان مسعودکاؤنٹی کرکٹ میں ڈبل سنچری اسکور کرنیوالے پہلے پاکستانی اوپنر بن گئے	 شان مسود کاؤنٹی کرکٹ میں ڈبل سنچری سکور کرنے والے پہلے پاکستانی اوپنر بن گئے
common_voice_ur_31979431.mp3	یوم پاکستان کے موقع پر کھلے سمندر میں ماہی گیروں کے مابین کشتی رانی مقابلے کا انعقاد	 یوم پاکستان کے موقع پر کھلے سمندر میں ماہی گیروں کے معبین کشتی رانی مقابلے کا انعقاد
common_voice_ur_38499122.mp3	اسلامی تعلیمات بت پرستی کو اور تصویر پرستی کو یک سر مسترد کرتی ہے	 اسلامی تعلیمات بدھ پرستی کو اور تصور پرستی کو یکسر مسترد کرتی ہیں۔
common_voice_ur_38499085.mp3	منی لانڈرنگ کہانی میں ایک شخص انور مجید کا نام کثرت سے آیا ہے۔	 لانڈرنگ کہانی میں ایک شخص انور مجید کا نام کسرس سے آیا ہے۔
common_voice_ur_32002964.mp3	ادھر افغانستان میں بھی ایک گروہ نے خود کو داعش قرار دے	 ادھر افغانستان میں بھی ایک گروہ نے خود کو دائش قرار دے
common_voice_ur_31937667.mp3	پہاڑی علاقوں کی یہ خصلت مجھے بہت بھاتی ہے یہ بل کھانے والی خصلت	 پہاری علاقوں کی یہ خصلت مجھے بہت بھاتی ہے یہ بل کھانے والی خصلت
common_voice_ur_32008548.mp3	تحقیق کے مر حلے میں اس کا اعادہ نہیں ہو نا چاہیے۔	 تحقیق کے محلے میں اس کا آدھا نہیں ہونا چاہیے
common_voice_ur_32006366.mp3	عوام کو بیوقوف بنانے کے سارے گُر اپنے بچوں کو اور اپنی بچیوں کو بھی سیکھاتے ہیں	 عوام کو بے بکوف بنانے کے سارے گوڑ اپنے بچوں کو اور اپنی بچیوں کو بھی سکھاتے ہیں۔
common_voice_ur_31815630.mp3	انٹرنیشنل چیمپئن فٹبال کپ ٹوٹنہم نے روما کو گول سے شکست دے دی	 انٹرنیشنل چیمپئن فوٹبال کپ ٹوٹنام نے روما کو گول سے شکست دے دی
common_voice_ur_32043029.mp3	یہ درحقیقت پیغمبر کی عصمت کی حفاظت کے اس نظام کا نتیجہ ہے	 یہ در حقیقت پیغمبر کی اشفت کی حفاظت کے اس نظام کا نتیجہ ہے
common_voice_ur_38417226.mp3	ان مقتدر حلقوں کو ہم نے انتہا پسندی سے نمٹتے بھی دیکھا ہے۔	 ان مقتدر حلقوں کو ہم نے انتہا پسندی سے نمٹتے بھی دیکھا ہے۔
common_voice_ur_41167003.mp3	حدود آرڈیننس کے خاتمے سے معاشرے کے غیر فطری پن میں کمی آئے گی۔	 حدود آرڈننس کے خاتمے سے معاشرے کے غیر فطری پن میں کمی آئے گی
common_voice_ur_38417014.mp3	دن سے کیا مراد ہے اور گھنٹے کو کس کے مساوی سمجھا جائے؟	 دن سے کیا مراد ہے اور گھنٹے کو کس کے مساوی سمجھا جائے؟
common_voice_ur_32012529.mp3	بہت چاؤ سے بیٹے کی زندگی کو خوشگوار بنانے کی کوشش کی جاتی ہے	 بہت چاہو سے بیٹی کی زندگی کو خوشکوار بنانے کی کوشش کی جاتی ہے۔
common_voice_ur_31815656.mp3	اب وہ عام سیاست دانوں کی صف میں آ کھڑے ہوئے تھے۔	 اب وہ عام سیاستدانوں کی صف میں آں کھڑے ہوئے تھے۔
common_voice_ur_31828267.mp3	حکومت کی مہنگائی کے مارے عوام پر ایک اور بم گرانے کی تیاریاں	 حکومت کی مہنگائی کے عوام پر ایک اور بم گرانے کی تیاریاں
common_voice_ur_32011805.mp3	ساتھ ہیمپٹن ٹیسٹ کا دوسرا دن پجارا اور معین علی کے نام	 ساتھ ہیمپٹن ٹیسٹ کا دوسرا دن تجارہ اور مہین علی کے نام
common_voice_ur_32009759.mp3	آج بھی لوگ بحث کرتے ہیں کہ عقل ماخذ علم یا وحی؟	 آج بھی لوگ بحث کرتے ہیں کہ اکل ماخذ علم یا وحی
common_voice_ur_31957836.mp3	یہ خو بصورت وادی ا دل کش نظاروں کی وجہ سے سیاحوں میں مشہور ہے ۔	 یہ خوبصورت وادی دلکش نظاروں کی وجہ سے سیاہوں میں مشہور ہے
common_voice_ur_31792241.mp3	سبزہ کی بھرمار تھی کہیں میدان آ جاتا پھر جنگل شروع ہو جاتا	 سبزہ کی بھرمار تھی کہیں میدان آ جاتا پھر جنگل شروع ہو جاتا
common_voice_ur_32000240.mp3	اے خدا کے بندوں کبھی سوچا ہے قبر کا عذاب کتنا خطرناک ہے	 اے خدا کے بندے کبھی سوچے ہیں قبر کا عذاب کتنا خطرناک ہے
common_voice_ur_31836936.mp3	ابھی یہ طے ہو نا ہے کہ کون سی صنعت کہاں لگنی ہے۔	 ابھی یہ تینا ہونا ہے کہ کون سی سنت کہاں لگنی ہے؟
common_voice_ur_31927844.mp3	ترغیب کے اثرات سے بیماریوں سے بھی چھٹکارا حاصل کیا جاسکتا ہے جیسے کینسر	 ترغیب کے اثرات سے بیماریوں سے بھی چکھارہ حاصل کیا جا سکتا ہے جیسے کینسر
common_voice_ur_32000725.mp3	میں دنیا کی ساتویں ایٹمی طاقت اور دنیا کے پانچویں بڑے مُلک کا وزیراطلاعات ہوں	 میں دنیا کی ساتھویں ایٹمی طاقت اور دنیا کے پانچویں بڑے ملک کا وزیر اطلاعات ہوں۔
common_voice_ur_31935956.mp3	یہ ان کی عطا ہے جو اس سیاسی بندوبست کے خالق ہیں۔	 یہ ان کی آتا ہے جو اس سیاسی بندوبست کے خالق ہیں
common_voice_ur_38420093.mp3	نہ ہو جب دل ہی سینہ میں‘ تو پھر منہ میں زباں کیوں ہو؟	 نہ ہو جب دل ہی سینہ میں تو پھر موں میں زبان کیوں ہو
common_voice_ur_38482733.mp3	ان کے لکھے خاکے ان کے سماجی اورعلمی پس منظر، تربیت، ذوق اور رجحانات کا عکس ہیں۔	 ان کے لکھے خاکے ان کے سماجی اور علمی پس منظر تربیت زوک اور رجحانات کا عکس ہیں
common_voice_ur_31888019.mp3	میٹھے انڈے کا نام سننا تھا کہ سب کے ماتھے پر شکنیں پڑ گئی	 میٹھے انڈے کا نام سننا تھا کہ سب کے ماتھے پر شکنے پڑ گئیں۔
common_voice_ur_31951045.mp3	نبی رحمت حضرت محمد مصطفیٰ صلی اللہ علیہ وسلم پر ہزاروں درود و سلام	 نبی رحمت حضرت محمد مصطفیٰ صلی اللہ علیہ وآلہ وسلم پر ہزاروں درود و سلام
common_voice_ur_41161421.mp3	ویب سائب یوٹیوب پر پابندی طلبہ و طالبات کو کس طرح متاثر کر رہی ہے	 ویب سائیڈ یوٹیوب پر پبندی طلبہ و طلبات کو کس طرح متاثر کر رہی ہے؟
common_voice_ur_31974643.mp3	کہ حضرت صفیہ کے مسجد میں حضور سے ملنے آنے کا واقعہ	 کہ حضرت صفیہ کی مسجد میں حضور سے ملنے آنے کا واقعہ
common_voice_ur_31812767.mp3	تو ان لمحوں میں بھی امید کا ایک در کھلا رہتا ہے۔	 تو ان لمحوں میں بھی امید کا ایک در کھلا رہتا ہے
common_voice_ur_32015336.mp3	جنگلی حیات کی حفاظت کے لیے شکار پر مکمل پابندی ہونی چاہیے	 جنگلی حیات کی افاظت کے لیے شکار پر مکمل پابندی ہونی چاہیے
common_voice_ur_31961900.mp3	اسکی جان کو خطرے میں ڈال دیا آپ نے رپورٹنگ کر کے	 اس کی جان کو خطرے میں ڈال دیا آپ نے رپورٹنگ کر کے
common_voice_ur_31834346.mp3	بیرون ملک مقیم پاکستانیوں کیلئے لاکھ ڈالر تک کے سرٹفکیٹ جاری کرنے کا اعلان	 بیرون ملک مقیم پاکستانیوں کے لیے لاکھ ڈالر تک کے سیٹیفکیٹ جاری کرنے کا اعلان
common_voice_ur_31812683.mp3	کچھ باقی دوست جن کو اندر جگہ نہ ملی وہ لٹک گئے ۔	 کچھ باقی دوست جن کو اندر جگہ نہ ملی وہ لٹکے ہیں
common_voice_ur_38483929.mp3	جغرافیائی طور پر پاکستان جنوبی ایشیا کے شمال مغربی حصے میں واقع ہے	 جغرافی طور پر پاکستان جنوبی ایشیا کے شمال مغربی حصے میں واقع ہے۔
common_voice_ur_31834167.mp3	عالم اسلام کے اس قلعے کو مسمار کرنے میں کوئی دقیقہ فروگزاشت نہ کیا جائے	 عالم اسلام کے اس قلعے کو مصمار کرنے میں کوئی انتقی کا فروغ زاشت نہ کیا جائے
common_voice_ur_31948861.mp3	جہاں پر انسان نے قدم رکھا اس جگہ کو آلودہ کرتا گیا	 جہاں پر انسان نے قدم رکھا اس جگہ کو علودہ کرتا گیا
common_voice_ur_31813026.mp3	سورۂ رعد میں اس سے بھی واضح الفاظ میں یہ بات بیان ہوئی ہے	 سورہ رات میں اس سے بھی بازہ الفاظ میں یہ بات بیان ہوئی ہے
common_voice_ur_32050562.mp3	یہ آزمایش کے لیے جنوں اور انسانوں کو دی گئی آزادی ہے	 یہ ازمائش کے لیے جنوں اور انسانوں کو دیگری ازادی ہے۔
common_voice_ur_31855001.mp3	تعلیم کا بجٹ بڑھانے کا مطالبہ ٹوئٹر ٹرینڈز کی شکل میں بھی دیکھنے میں آیا	 تعلیم کا بجٹ بڑھانے کا مطالبہ ٹوئٹر ٹرینڈ کی شکل میں بھی دیکھنے میں آیا
common_voice_ur_41161498.mp3	اب شام ڈھلے اور موضوعات دل کو گھیر ے میں لیے رکھتے ہیں۔	 اب شام ڈھلے اور موضوعات دل کو بھیرے میں لیے رکھتے ہیں
common_voice_ur_31835428.mp3	ایف بی ار اور تاجروں پر مشتمل ٹیکس سروے ٹیمیں متنازع ہو گئیں	 ایف پی آر اور تاجروں پر مشتمل ٹیکس سروے ٹیمیں متنازع ہو گئیں
common_voice_ur_31822754.mp3	بی بی سی والوں کو یہ وڈیو بنانی تب کیوں یاد نہ آئی	 بی بی سی والوں کو یہ ویڈیو بنانی تب کیوں یاد نہ آئی؟
common_voice_ur_31927158.mp3	کچھ داو پر لگا ہوا ہے لیکن بہت دہائیوں بعد اگر پاکستان کے	 کچھ دوائے پر لگا ہوا ہے لیکن بہت دوائیں ادھائیوں بعد اگر پاکستان کے
common_voice_ur_38437811.mp3	ڈاکٹر یوں گھبرا کر پیچھے ہٹا کہ طلعت کو سخت غصہ آیا	 دکٹر یو گبرا کر پیچھے ہٹا کے تلت کو سخت غصہ آیا۔
common_voice_ur_38457063.mp3	مزاحیہ اداکار کپل شرما کو بھاری پڑی فلرٹنگ سلمان خان کے پاس پہنچی شکایت	 مزائی عدکار کپل شرما کو بھاری پڑی فلرٹنگ سلمان خان کے پاس پہنچی شکایت
common_voice_ur_38430062.mp3	انہوں نے اور پوری اسمبلی نے مبینہ طور پر انتہا کر دی تھی۔	 انہوں نے اور پوری اسمبلی نے مبینہ طور پر انتہا کر دی تھی
common_voice_ur_38432737.mp3	اس وقت جب امام غائب ہیں، قوم کو ولایت فقیہ کی ضرورت ہے۔	 اس وقت جب امام غائب ہیں قوم کو ولایت فقیہ کی ضرورت ہے
common_voice_ur_38432795.mp3	کہ جس کو ہم چاہیں وہ کیوں نہ خود پر ناز کرے	 کہ جس کو ہم چاہیں وہ کیوں نہ خود پر ناس کرے
common_voice_ur_26756920.mp3	فیفا ورلڈ کپ یوروگوئے کی ٹیم روس سے سعودی عرب کی ٹیم مصر سے ٹکرائے گی	 فیفا ورلڈ کپ یورو گوئی کی ٹیم روس سعودی ایورپ کی ٹیم مصر سے ٹکرائے گی
common_voice_ur_38480911.mp3	سنی لیونی کا نام سرکاری ملازمت کے امیدواروں کی فہرست میں انے پر تنازع	 سنی لیونی کا نام سرکاری ملازمت کے امیدواروں کی فہرست میں آنے پر تنازع
common_voice_ur_31835488.mp3	کیا اس جذبے نے ان کے معاشی مفادات سے جنم لیا ہے؟	 کیا اس جذبے نے ان کے معاشی مفادات سے جنم دیا ہے؟
common_voice_ur_41149012.mp3	واقعہ یہ ہے کہ وہ قوم کے اجتماعی ضمیر کی علامت تھیں۔	 واقعہ یہ ہے کہ وہ قوم کے اجتماعی ضمیر کی علامت تھے۔
common_voice_ur_41149025.mp3	خطاب کے دوران کہا کہ روز سے صنعتی علاقوں میں میںسےگھنٹے کی لوڈشیڈنگ	 خطاب کے دوران کہا کہ روز سے سنتی علاقوں میں میدے سے گھنٹے کی لوڈ شڑیں
common_voice_ur_33635800.mp3	اگر یہ محض اسلامی امریکی کانفرنس ہوتی تو اس میں کیا حرج تھا؟	 اگر یہ محض اسلامی امریکی کانفرنس ہوتی تو اس میں کیا خرچ تھا؟
common_voice_ur_38475785.mp3	پیغمبروں کی سیرت یہی کہتی ہے اور قوموں کی تاریخ بھی یہی شہادت دیتی ہے۔	 پیغمبروں کی صیرت یہی کہتی ہے اور قوموں کی تاریخ بھی یہی شہادت دیتی ہے
common_voice_ur_38414715.mp3	اور شہریوں سے اپیل کی کہ وہ ایس او پیز پر عمل کریں	 اور شہریوں سے اپیل کی کہ وہ ایسو پیس پر عمل کریں
common_voice_ur_38483480.mp3	نیلو کا تعلق شہر بھیرہ سے تھا اور وہ ایک کرسچیئن فیملی میں پیدا ہوئیں۔	 نیلو کا تعلق شہر بہیرہ سے تھا اور وہ ایک کرسچن فیملی میں پیدا ہوئی
common_voice_ur_31814667.mp3	ارجنٹائن گراں پری موٹو جی پی کا ٹائٹل انگلینڈ کے کال کرچلو لے اڑے	 ارجنٹائن گرانٹ پری موٹو جی پی کا ٹائٹل انگلین کے کال کر چلو لے اڑے
common_voice_ur_38475321.mp3	اس میں عوام جھوٹے کو کسی منصب کے لیے نا اہل سمجھتے ہیں۔	 اس میں عوام جھوٹے کو کسی منصف کے لیے نااہل سمجھتے ہیں
common_voice_ur_38464034.mp3	ہم اور بھی سہم گئے کہ لالہ جی کچھ ناراض معلوم ہوتے ہیں	 ہم اور بھی سہم گئے کہ لالا جی کچھ نراز معلوم ہوتے ہیں
common_voice_ur_31835086.mp3	یہی وجہ ہے کہ جن علاقوں میں حکومت کی گرفت کمزور ہوتی ہے	 یہی وجہ ہے کہ جن علاقوں میں حکومت کی گرفت کمزور ہوتی ہے
common_voice_ur_31950149.mp3	جو رکے تو کوہ گراں تھے ہم جو چلے تو جاں سے گزر گئے	 جو رکے تو کوہے گران تھے ہم جو چلے تو جان سے گزر گئے
common_voice_ur_41158720.mp3	عورت ہوکر خواتین کے گینگ ریپ پر اکسانے والی شیطان سے بڑھ کر ہے	 عورت ہو کر خواتین کے گینگ ریپ پر اکسانے والی شیطان سے بڑھ کر ہے۔
common_voice_ur_41159240.mp3	تو کیا ایک بچہ چلنا بولنا اور کھانا پینا کیسے سیکھ سکتا ہے	 تو کیا ایک بچہ چلنا بولنا اور کھانا پینا کیسے سیکھ سکتا ہے؟
common_voice_ur_41163280.mp3	وہاں سے ان کی نظریں پہلے پنجاب اور پھر ہندوستان پر لگیں۔	 وہاں سے ان کے نظریں پہلے پنجاب اور پھر ہندوستان میں لگیں
common_voice_ur_33854328.mp3	محترمہ ثمینہ شیخ صاحبہ گجرات سے آپ کی رپورٹ مختصر لیکن عمدہ تھی	 محترمہ سامینہ شیخ صاحبہ گجرات سے آپ کی رپورٹ مقتصر لیکن امدہ تھی۔
common_voice_ur_33854378.mp3	اس کی آنکھوں کا کر ب میرے دماغ کے اندر بنے ہوئے	 اس کی آنکھوں کا قرب میرے دماغ کے اندر بنے ہوئے
common_voice_ur_38504686.mp3	فیشن ویک میں مرد ماڈل کی جانب سے خاتون کے جوتے اٹھاکر واک کرنے کی تعریفیں	 فیشن ویک میں مرد موڈل کی جانب سے کاتون کے جوتے اٹھا کر واک کرنے کی تحقیقیں
common_voice_ur_32006992.mp3	اب مذہبی انتہا پسندی کے آخری دن آ گئے مولانا فضل الرحمن	 اب مذہبی انتہا پسندی کے آخری دن آگئے ملانا فضل الرحمن
common_voice_ur_31955960.mp3	آج مذہبی حلقوں میں حکومت کا کوئی ہم نوا باقی نہیں ہے	 آج مذہبی حلقوں میں حکومت کا کوئی ہم نوہ باقی نہیں ہے
common_voice_ur_31971319.mp3	حکومت کو اس وقت رد عمل کی نفسیات سے نکلنا ہو گا۔	 حکومت کو اس وقت رد عمل کی نفسیات سے نکلنا ہوگا
common_voice_ur_38451535.mp3	اس لیے، حق واضح ہوجائے تو پھر انتخاب کا حق چھن جاتا ہے۔	 اس کی حق واضح ہو جائے تو پھر انتہا پہ حق چھل جاتا ہے
common_voice_ur_38415468.mp3	بہتر ہے کہ کلمہ پڑھ لو اور اللہ کی طرف جانے کی تیاری کر لو	 بہتر ہے کہ کلمہ پڑھ لو اور اللہ کی طرف جانے کی تیاری کر لو
common_voice_ur_38417359.mp3	اورغالب کے الفاظ میں شکوہ کروں کہ ایک اور خزانہ تیرے حوالے ہے۔	 اور گالی کے الفاظ میں شکوا کروں کہ ایک اور حزانہ تیرے حوالے ہے۔
common_voice_ur_31835323.mp3	اور پھر ایک بہادر ہیرو کے ذریعہ آدمی میں شکست کھاتا ہے	 اور پھر ایک بہادر ہیرو کے ذریعے آدمی یہ شکست کھاتا ہے
common_voice_ur_31944816.mp3	پولیس والوں نے ان کو پالا ھے پولیس ان کی پشت پناہی کررہا تھا	 پولیس والوں نے ان کو پالا ہے پولیس ان کی پشت پناہی کر رہا تھا
common_voice_ur_31930860.mp3	کسی سے پیار کرنا اور کسی کا پیار ہو جانا سب سے بڑی خوشیاں ہیں۔	 کسی سے پیار کرنا اور کسی کا پیار پہنچانا ساتھ سے بڑی خوشی یہاں ہیں
common_voice_ur_38415167.mp3	روزے دار کے منہ کی بو مجھے مشک کی خوش بو سے زیادہ پسند ہے	 روزدار کے موں کی بو مجھے مشک کی خوشبو سے زیادہ پسند ہے مشک
common_voice_ur_32059021.mp3	اس لئے ابھی اس گاڑی کو بیچنے پر اتنا زور نہیں دیا گیا	 اس لیے ابھی اس گاڑی کو بچنے پر اتنا زور نہیں دیا گیا
common_voice_ur_38428781.mp3	پھر لٹریچر سے شغف کے باعث، یہ نو جوان اسالیب سخن سے بھی واقف ہیں۔	 پھر لٹریچر سے شغف کے باعث یہ نوجوان ایسا لیپ سخن سے بھی واقع ہیں
common_voice_ur_38446078.mp3	اورنگزیب کے بعد کمزور حکمران آئے تو سلطنت انتشار کا شکار ہوتی گئی۔	 اورنگزیو کے بعد کمزور حکمران آئے تو سلطنت انتشار کا شکار ہوتی گئی
common_voice_ur_31943645.mp3	یہ معلوم کرنا مشکل نہیں کہ کس ملک کا کتنا کچرا ھے	 یہ معلوم کرنا مشکل نہیں کہ کس ملک کا کتنا کچھ رہا ہے۔
common_voice_ur_31891047.mp3	ایشیا کپ ہانگ کانگ کو دلچسپ مقابلے کے بعد بھارت کے ہاتھوں شکست	 ایشا کپ ہانگ کانگ کو دلچسپ مقابلے کے بعد بھارت کے ہاتھوں شکست
common_voice_ur_31949022.mp3	تشدد سب جانتے ہیں کہ بد ترین گھٹن کو جنم دیتا ہے۔	 تشدد سب جانتے ہیں کہ بدترین گھٹن کو جنم دیتا ہے
common_voice_ur_38456020.mp3	لوگ پہلے سمجھتے تھے کہ سورج زمین کے گرد گردش کرتا ہے۔	 لوگ پہلے سمجھتے تھے کہ سورج زمین کی گرد گردش کرتا ہے۔
common_voice_ur_31969951.mp3	خیال تھا کہ عید کے تہذیبی پہلو پر کچھ لکھوں گا۔	 خیال تھا کہ عید کے تہذیبی پہلو پر کچھ لکھوں گا
common_voice_ur_31959148.mp3	دنیا میں بقا کی جنگ نئے دور میں داخل ہو رہی ہے۔	 دنیا میں بقا کے جنگ نئی دور میں داخل ہو رہی ہے
common_voice_ur_31953683.mp3	نوجوان کرکٹر حسین طلعت اور اصف علی کا ٹی میں ڈیبیو	 نجوان کرکٹر حسین طلط اور عاصف علی کا ٹیم میں ڈیبیو
common_voice_ur_38438826.mp3	اور اس وقت ملتان کی سرحدیں ساحل سمندر تک پھیلی ہوئی تھی	 اور اس وقت ملتار کی سرحدیں سائنے سمندر تک ٹھیڈی ہوئی تھیں
common_voice_ur_32054523.mp3	تو لوگ اس کی عظمت کے اعتراف میں مضامین لکھتے ہیں۔	 تو لوگ اس کی عظمت کے اطراف میں ملامی لکھتے ہیں
common_voice_ur_31972948.mp3	فلاحی ریاست کی اولین ترجیح عوام کی فلاح و بہبود ہوتی ہے۔	 لاہی ریاست کی اولین ترجیح عوام کی فلغوں بہبود ہوتی ہے
common_voice_ur_31837084.mp3	وہ اپنی ہر غلطی کے اسباب خارج میں تلاش کرتے ہیں۔	 وہ اپنی ہر گلتی کے اسباب خارج میں تلاش کرتے ہیں
common_voice_ur_32010423.mp3	سر درد کی تکلیف اور ذہنی امراض کے درمیان ایک تعلق ہے	 سردرس کی تکلیف اور ذہنی امراض کے درمیان ایک تعلق ہے
common_voice_ur_31813656.mp3	مستحکم کرنے کے بعد اب معیشت ٹیک آف کر چکی ہے	 مستحکم کرنے کے بعد اب معیشت ٹیک آف کر چکی ہے
common_voice_ur_31960065.mp3	میں اسی لیے سیاسی عمل کے تسلسل کی حمایت کرتا ہوں۔	 میں اسی لئے سیاسی عمل کے تسلسل کی حمایت کرتا ہوں
common_voice_ur_38487521.mp3	لہذا ہم جیسے اناڑیوں کے لئے کمپیوٹر کا استعمال خاصا مشکل تھا۔	 لہذا ہم جیسے اناڑیوں کے لیے کمپیوٹر کا استعمال خاصا مشکل تھا۔
common_voice_ur_31982207.mp3	ان پران کے آگے پیچھے سے امرِالٰہی کے مؤکل لگے رہتے ہیں	 ان پر ان کے آگے پیچھے سے امر الہی کے محکر لگے رہتے ہیں
common_voice_ur_38461161.mp3	شمالی نصف کرہ میں اس مہینے میں سردی کا موسم ہوتا ہے	 شمالی نصف قرآن میں اس مہینے میں سردی کا موسم ہوتا ہے۔
common_voice_ur_31809520.mp3	ماں کا وجودسارے ماحول کو اپنی لپیٹ میں لے رہا ہے۔	 ماں کا وجود سارے ماحول کو اپنی لپیٹ میں لے رہا ہے
common_voice_ur_31837112.mp3	ترقیاتی کاموں کے لیے بجٹ کی خطیر رقم مختص کی گئی ہے۔	 تکیاتی کاموں کے لیے بجٹ کی خطی رقم مختص کی گئی ہے۔
common_voice_ur_38426097.mp3	انسانی ضروریات صرف مادی نہیں ہوتیں یہ روحانی اور جمالیاتی بھی ہوتی ہیں۔	 انسانی ضروریات صرف مادے نہیں ہوتی یہ روحانے اور جرمالیاتی بھی ہوتی ہیں
common_voice_ur_38426345.mp3	اسکردو کو تیزی سے یورپ میں تیار کردہ ایشین نقشوں میں کھینچ لیا گیا	 سکردو کو تیزی سے یورپ میں تیار کرتا ایشن نقشوں میں کھینچ لیا گیا۔
common_voice_ur_31830712.mp3	مشرق وسطی میں اضطراب ہے اور ہم اس کی زد میں ہیں۔	 مشرق وستہ میں استراب ہے اور ہم اس کی زد میں ہیں۔
common_voice_ur_38427390.mp3	انتخابات سے پہلے سدھائے ہوئے پرندوں کو نئے آشیانے فراہم کیے جارہے ہیں۔	 انتخابات سے پہلے صدائے ہوئے پرندوں کو نئے اشیانیں فرہم کیے جا رہے ہیں۔
common_voice_ur_31837039.mp3	اور غریبوں کو قتل کیا ریاست کے ریٹائر طاقتور لوگ جس کے ملازم ھیں	 اور غریبوں کو قتل کیا ریاست کے ریٹائر طاقتور لوگ جس کا ملازم ہیں
common_voice_ur_31950989.mp3	کہ زر مبادلہ کے ذخائر گر رہے ہیں اور اتنے محدود	 کہ زر مبادلہ کے زخائر گر رہے ہیں اور اتنے محدود ہیں
common_voice_ur_31937120.mp3	اسلام کو نئے پن کی نہیں، تجدید کی ضرورت ہو تی ہے۔	 اسلام کو نئے پن کی نئی تجدید کی ضرورت ہوتی ہے
common_voice_ur_31834684.mp3	سلیکشن کمیٹی کا سرفراز کو ئندہ سیریز میں رام دینے کا فیصلہ	 سیلیکشن کمیٹی کا سرف راز کو اندہ سیریز میں رام دینے کا فیصلہ
common_voice_ur_41173435.mp3	انڈیا کی ثقا فت کی پاکستان پر یلغار سب کے سامنے ہے	 انڈیا کی ثقافت کی پاکستان پر یلغار سب کے سامنے ہے
common_voice_ur_32091098.mp3	وہ برابر اپنے نگران فرشتوں کو ان پر مقرر رکھتا ہے	 وہ برابر اپنے نگران فرشتوں کو ان پر مقرر رکھتا ہے۔
common_voice_ur_31995521.mp3	تمام ہوا تاہم ایک نظریے کے طور پر وہ زندہ ہے	 تمام ہوا تہم ایک نظریہ کے طور پر وہ زندہ ہے۔
common_voice_ur_31792339.mp3	میرے لیے اس سارے کھیل میں یہی بات باعث تشویش ہے۔	 میرے لئے اس سارے کھیل میں یہی بات بائی سے تشویش ہے
common_voice_ur_31792320.mp3	استاد ستون کے ساتھ ٹیک لگائے بیٹھا درس دے رہا تھا۔	 استاد ستوں کے ساتھ ٹیک لگائے بیٹھا درست دے رہا تھا
common_voice_ur_31846655.mp3	کورونا کے باعث کروڑ مزدوروں کی جگہ روبوٹ لے لیں گے	 کرونا کے باعث کروڑوں مزدوروں کی جگہ روبوٹ لے لیں گے
common_voice_ur_31843378.mp3	لباسِ ظاہری کو گندگی اور نجاست سے آلودہ نہ ہونے دے	 لباس ظاہری کو گندگی اور نجاست سے علودہ نہ ہونے دیں
common_voice_ur_31997435.mp3	سابق کوچ کمبلے کو ہٹانے کیلئے کوہلی کی سازش کا راز فاش	 شکریہ
common_voice_ur_31809809.mp3	اسلام اباد وفاقی حکومت نے شاہد محمود سیکریٹری خزانہ تعینات کردیا	 اسلام آباد وفاقی حکومت نے شاہد محمود سیکریٹری خزانہ تیونات کر دیا
common_voice_ur_31830233.mp3	اور یہ رنگین لمحات آنکھوں اور دل میں محفوظ کر لیا جائیں۔	 اور یہ رمگین لمحات آنکھوں اور دل میں محفوظ کر لیا جائے
common_voice_ur_31834809.mp3	حکمت عملی کے تحت خاموشی بھی روا رکھی جا سکتی ہے۔	 حکمتِ عملی کے تحت خاموشی بھی روا رکھی جا سکتی ہے
common_voice_ur_31823336.mp3	حیات شیخ چلی کے چند صفحات پروف دوم کے لیے میسر ہیں۔	 حیات شیخ چلی کے چند صفات روف دوم کے لیے میسل ہیں
common_voice_ur_31998146.mp3	اکثر یورپ کے رنگ میں رنگ جاتے ہیں پھر ماں باپ روتے ہیں	 اکثر یورپ کے رنگ میں رنگ جاتے ہیں پھر ماں باپ روتے ہیں
common_voice_ur_38437040.mp3	جو زخم دل میں ہیں سبھی تن پر سجا کے لا	 جو زک دل میں ہیں سبھی تن پہ سجا کنا
common_voice_ur_38447140.mp3	اس لئے خفیہ اداروں کے تمام امور کو بخوبی جانتے تھے	 اس لیے خفیہ اداروں کے تمام عمود کو بکو بھی جانتے تھے
common_voice_ur_31990531.mp3	ی الحال اس ہنگامی صورتحال میں سوال ہی پیدا نہیں ہوتا	 یہ الحال اس ونگامی صورتحال میں سوال ہی پیدا نہیں ہوتا
common_voice_ur_38479198.mp3	میں بھی ایک دو بار انہیں ملا اوربڑا ہنس مکھ اورکھلے ڈلے مزاج کا پایا۔	 میں بھی ایک دو بار انہیں ملا اور بڑا ہنسمک اور کھلے دل مزاج کا پایا
common_voice_ur_32028688.mp3	کچھ لوگ ایران کو طاغوت سے مصالحت کا طعنہ دیں گے۔	 کچھ لوگ یہاں کو تاؤ سنی فالک کا تانہ دیں گے
common_voice_ur_31985896.mp3	بی بی سی اردو صرف اسلام دشمنی کے علاوہ کچھ نہیں کرتی	 بی بی سی اردو صرف اسلام دشمنی کے علاوہ کچھ نہیں کرتی
common_voice_ur_31955180.mp3	اس کے بعد پیٹ پوجا کی تیاریوں میں مصروف ہو گئے	 اس کے بعد پیٹ پوجا کی تیاریوں میں مصروف ہو گئے
common_voice_ur_31955377.mp3	جو نفس تھا خار گلو بنا جو اٹھے تھے ہاتھ لہو ہوئے	 جو نفس تھا خار گلو بنا جو اٹھے تھے ہاتھ لہو ہوئے
common_voice_ur_32089871.mp3	مزاحمت ہی میں ان کے لیے بقا کا امکان پوشیدہ تھا۔	 مزاحمت ہی میں ان کے لئے بقا کم امکان پوشیدہ تھا
common_voice_ur_31958608.mp3	آپ نے اس غریب دیہاتی کا وہ لطیفہ تو سنا ہو گا	 آپ نے اس گریب دیہاتی کا وہ لطیفہ تو سنا ہوگا
common_voice_ur_31964895.mp3	میں بھی بے روزگار ہوں مجھے بھی کچھ ایسا کام ڈھونڈ دیں	 میں بھی بے روزگار ہوں مجھے بھی کچھ ایسا کام چھوڑتے ہیں
common_voice_ur_38429179.mp3	وہ اسلام علیکم کہہ کر تیزی سے نشست پر بیٹھ گیا۔	 وہ السلام علیکم کہہ کر تیزی سے نشست پر بیٹھ گیا۔
common_voice_ur_31949930.mp3	لو وصل کی ساعت آ پہنچی پھر حکم حضوری پر ہم نے	 لو وصل کی ساعت آ پہنچی پھر حکم حضوری پر ہم نے
common_voice_ur_31991170.mp3	جو کہ پوری دنیا میں کِسی بھی موبائل فون پر بھی پڑھنا جاسکیں	 جو کہ پوری دنیا میں کسی بھی موبائل فون پر بھی پڑھنا جا سکیں
common_voice_ur_31991173.mp3	بلکہ اس میں پانچ اسپیشلسٹ بیٹسمینوں سمیت دس کھلاڑی اور بھی ہیں	 بلکہ اس میں پانچ سپیشلسٹ بیٹسمنو سمیت دس کھلاری اور بھی ہیں
common_voice_ur_31813849.mp3	وہ بین السطور اسے کپڑے پہنانے کی تاکید کر رہا ہے۔	 وہ بیند الاسطور اسے کپڑے پہننے کی تاقید کر رہا ہے
common_voice_ur_31953259.mp3	جہنم کا جو نقشہ قرآن پاک میں پیش کیا گیا ہے	 جہنم کا جو نقشہ قرآن پاک میں پیش کیا گیا ہے
common_voice_ur_31847582.mp3	تو صحافت اور سلامتی کے تعلق پر کیوں نہیں ہو سکتی؟	 تو صحافت اور اسلامتی کے تعلق پر کیوں نہیں ہو سکتی؟
common_voice_ur_31995186.mp3	چیئرمین پی سی بی کو عہدے سے ہٹانے کیلئے دائر درخواست مسترد	 چیرمن پی سی بی کو اوڈے سے ہٹانے کے لیے دائر درقواس مسترد
common_voice_ur_31828180.mp3	ائی سی سی ورلڈ الیون بمقابلہ ویسٹ انڈیزشاہد افریدی شعیب ملک ورلڈ الیون میں شامل	 ایسی سی ورلڈ الیون مقابلہ ویسٹ انڈیز شاہدہ فریدی شورب ملک ورلڈ الیون میں شامل
common_voice_ur_31957921.mp3	آج تک یہ حرکت وزارت عظمی کی چھتری تلے ہو رہی تھی۔	 آج تک یہ حرکت وزارت عزمی کی چھتری تلے ہو رہی تھی
common_voice_ur_32050712.mp3	اب وہ لوگ کھل کر سامنے آئیں گے جو جہانگیر ترین	 اب وہ لوگ کھل کر سامنے آئیں گے جو جانگیر تھی رہی ہیں
common_voice_ur_32012287.mp3	پاکستان میں اردو زبان میں ڈب کر کے نشر کیا جارہا ہے	 آفستان میں حدود زبان میں ڈپ کر کے مشہر کیا جا رہا ہے
common_voice_ur_31811188.mp3	اختلاف اس سلیقے سے کیا جائے کہ کسی سے ناانصافی نہ ہو۔	 اختلاف اس طریقے سے کیا جائے کہ کسی سے ناانصافی نہ ہو
common_voice_ur_31990564.mp3	اسی شاخ کو کاٹتے ہیں جس پر ہمارا آشیانہ قائم ہے۔	 اسی شاک کو کارتے ہیں جس پر ہمارا اشیانہ قائم ہے۔
common_voice_ur_31957832.mp3	گزشتہ ایک ہفتہ کے دوران اسٹیٹ بینک کے زرمبادلہ ذخائر میں اضافہ	 مزیشتہ ایک ہفتے کے دوران سٹیٹ بینک کی ضروری مبادلہ زخائر میں اضافہ
common_voice_ur_31809489.mp3	کیوں اس لیے کہہ وہ اپن کیخلاف ہی لڑ ہوئے ید ہوئے	 کیوں اس لیے کہ وہ اپن کے خلاف یہ لڑ ہوئے ید ہوئے
common_voice_ur_31834741.mp3	کسٹم نے طورخم بارڈر پر اربوں کی کرپشن کو جھوٹ قرار دے دیا	 کسٹم نے تورخم بورڈر پر عربوں کی کرپشن کو جھوٹ قرار دے دیا
common_voice_ur_38438156.mp3	پهر، جی میں ہے کہ در پہ کسی کے پڑے رہیں	 پھر جی میں ہے کہ در پہ کسی کے پڑے رہے
common_voice_ur_38436547.mp3	واہ بھائی واہ آج پتا چلا کہ سب ببلو کو کتنا چاہتے ہیں	 واہ بھائی واہ آج پتا چلا کہ سب ببلو کو کتنا چاہتے ہیں
common_voice_ur_31984815.mp3	واجبادائیگی کی مختصر تاریخیں بڑھتی ہوئی شرح کی علامت جانی جاتی ہیں	 واجب ادائی کی مختصر تاریخیں پڑھتی ہوئی شرعہ کی علامت جانی جاتی ہیں
common_voice_ur_38435376.mp3	ٹھنڈی ہوا چل رہی تھی چاند اپنی نورانی کرنیں پھیلائے ہوۓ تھا	 تھنڈی ہوا چل رہی تھی چاند اپنی نورانی کرنیں پھیلائے ہوئے تھا
common_voice_ur_32025873.mp3	اب بھی سرکاری سکولوں میں ٹیچروں کا جنرل نالج زیرو ہے	 اب دی سرکاری سکونوں ورکٹی سوئے کا جانور نالیچ زیرو ہے۔
common_voice_ur_31832330.mp3	تجربہ یہ ہے کہ دھرنے صرف حادثات کو جنم دیتے ہیں۔	 تجربہ یہ ہے کہ دھرنے صرف آج ساتھ کو جنم دیتے ہیں۔
common_voice_ur_31832288.mp3	تو اسے آزادیٔ رائے سے الگ کرنا مشکل ہو جائے گا۔	 تو اسے آزادی رائے سے آلک کرنا مشکل ہو جائے گا
common_voice_ur_32005013.mp3	اللہ پاک آپ کو صحت کے ساتھ خوشیاں عطا فرمائے آمین	 اللہ پاک آپ کو سیرت کے ساتھ خوشیاں عطا فرمائے آمین
common_voice_ur_31987889.mp3	وہ اسی مسئلے پر گرینڈ ڈائیلاگ کی بات کر رہے ہیں۔	 وہ اسی مسئلے پر گرانڈ ڈائلوگ کی بات کر رہے ہیں۔
common_voice_ur_38499178.mp3	فردوس عاشق اعوان نے پیٹرولیم مصنوعات کی قیمتوں میں کمی کا اعلان کردیا	 فردوس آشق اوان نے پرٹرولیم سنوات کی قیمتوں میں کمی کا اعلان کر دیا
common_voice_ur_38499113.mp3	بادشاہ بیگم ایمان علی نے صبا قمر کی جگہ لے لی	 بادشاہ بیگم امان علی نے سبا کمر کی جگہ لے لی
common_voice_ur_38499149.mp3	خودی سے اس طلسم رنگ و بو کو توڑ سکتے ہیں	 اس طلس میں رنگو بو کو توڑ سکتے ہیں
common_voice_ur_38460701.mp3	اس موضوع پر ان کی معلومات کی وسعت اور تازگی حیرت انگیز تھی۔	 اس موضوع پر ان کی معلومات کے وسط اور تاز کی حیرت انگیز تھی
common_voice_ur_31829300.mp3	ہنگری میں ایئر ریس کا انعقادپائلٹس کے سٹنٹس نے سب کو چونکا دیا	 ہنگری میں ائر ریس کا انعکار پائلٹس کی سٹنٹس نے سب کو چونکا دیا۔
common_voice_ur_31829283.mp3	کسی کو ہار پہنانے کے لیے خوشبودار پھول استعمال ہوتے ہیں۔	 کسی کو ہار پہنانے کے لئے خوشبودار پھول استعمال ہوتے ہیں
common_voice_ur_31843149.mp3	ہمارے ہاں جب علوم کے احیا کی کوئی تحریک اٹھے گی۔	 ہمارے ہاں جب علوم کی آہیا کی کوئی تحریک اٹھے گی
common_voice_ur_31792779.mp3	امریکی شہر لاس اینجلس میں خصوصی اولمپکس کی رنگا رنگ تقریب	 امریکی شہر لاس انجلیس میں خصوصی اولمپکس کی رنگا رنگ تقریب
common_voice_ur_31836918.mp3	تو عاصم اور جمہوریت کو کیوں الگ نہیں کیا جا سکتا؟	 تو آسم اور جمہوریت کو کیوں الگ نہیں کیا جا سکتا؟
common_voice_ur_31955202.mp3	دل کی صفائی کے لیے جد و جہد کرتے رہا کرو	 دل کی صفائی کے لیے جد و جہد کرتے رہا کرو
common_voice_ur_31977367.mp3	شین واٹسن نے ٹیسٹ کرکٹ سے ریٹائرمنٹ کا اعلان کر دیا	 شین وارسن نے ٹیسٹ کرکٹ سے ریٹارڈمنٹ کا اعلان کر دیا
common_voice_ur_31997462.mp3	خیر کچھ ضروری سامان جلد بازی میں لیا اور نکل پڑے ۔	 خیر کچھ ضروری سامان جلد بازی میں لیا اور نکل پڑے
common_voice_ur_31924363.mp3	ان میں بے شمار فرقے ہیں اور بہت سے لوگ لبرل ہیں۔	 ان میں بے شمار فرقے ہیں اور بہت سے لوگ لبرل ہیں۔
common_voice_ur_31979672.mp3	اس بات کا لحاظ رکھنا ہے کہ کوئی جذبہ انتقام یا	 اس بات کا لحاظ رکھنا ہے کہ کوئی جسپائی انتقام یا
common_voice_ur_31979435.mp3	لوگوں میں کس کے خلاف اشتعال پیدا کیا جا رہا ہے؟	 لوگوں میں کس کی خلاف اشتعال پیدا کیا جا رہا ہے؟
common_voice_ur_31836871.mp3	لاہور نجی باڈی بلڈنگ کلب کے تحت پاکستان باڈی بلڈنگ چیمپئن شپ کا انعقاد	 لاہور نجی باڈی بیلڈنگ کلب کے تحت پاکستان باڈی بیلڈنگ چیمپئنشپ کا انعقاد
common_voice_ur_38431403.mp3	الیکشن کمیشن نے بھی ان کے ساتھ جو نرمی برتی، میرا خیال ہے۔	 الیکشن کمیشن نے بھی ان کے ساتھ جو نرمی برتی میرا خیال ہے۔
common_voice_ur_38460530.mp3	ضرورت فقیر کی بھی پوری ہوتی ہے لیکن خواھش بادشاہ کی بھی پوری نہیں ہوتی	 ضرورت فقیل کی بھی پوری ہوتی ہے لیکن پائش بادشاہ کی بھی پوری نہیں ہوتی
common_voice_ur_31829196.mp3	جمہوریت کی برکت سے لیکن اس کا امکان کم ہوگیا ہے۔	 جمہوریت کے برکت سے لیکن اس کا امکان کم ہو گیا ہے
common_voice_ur_31792952.mp3	کرن کے سوال کے جواب میں شویتا نے کہا ایشوریا کبھی بھی	 کرن کے سوال کے جواب میں شویطہ نے کہا اشوریہ کبھی بھی
common_voice_ur_31831546.mp3	بس کسی شادی بیاہ یا عید کے موقع پر کبھی کبھارکھلتا ہے ۔	 بس کسی شادی بیعا یا عید کے موقع پر کبھی کبھار کھلتا ہے
common_voice_ur_31960385.mp3	کم کارڈیشین نے پیپلز چوائس ایوارڈ فائر فائیٹرز کے نام کردیا	 کین کارڈیشنل نے پیپلز چوئیز اووائٹ فائر فائٹرز کے نام کر دیا
common_voice_ur_31864638.mp3	تھائی لینڈ غار اپریشن تمام بچے اور کوچ بحفاظت نکال لئے گئے	 تھائی لینڈ غار آپریشن تمام بچے اور کوچ بہ حفاظت نکال لیے گئے
common_voice_ur_38464207.mp3	اس مفاہمانہ رویے کے پیچھے زرداری صاحب کے نیب میں موجود کیسز ہوں۔	 اس مفاق ماننا رویہ کے پیچھے زرداری صاحب کے نیر میں موجود فیسز ہیں۔
common_voice_ur_31998704.mp3	تو کشمیر کے مسئلے پر ہم کیوں یہ توقع رکھتے ہیں۔	 تو کشمیر کے مسئلے پر ہم کیوں یہ توقع رکھتے ہیں؟
common_voice_ur_31952221.mp3	تو میرا خیال ہے کہ انہیں یہ موقع ضرور ملنا چاہیے۔	 تو میرا خیال ہے کہ انہیں یہ موقع ضرور ملنا چاہیے
common_voice_ur_31952130.mp3	ان دنوں حسین حقانی صاحب کا ایک مضمون زیر بحث ہے۔	 ان دنوں حسین حقانی صاحب کا ایک مضمون زیر بحث ہے
common_voice_ur_31847413.mp3	سٹریلیا سے ٹیسٹ سیریز کیلئے قومی ٹیم کا اعلان عامر ڈراپ	 اسٹریلیا سے ٹیکس سیریز کے لیے کومیٹیم کا اعلان ہاں میرڈ راپ
common_voice_ur_31927388.mp3	اس کی صورت حال میں روشنی کی کوئی رمق نہیں دیکھتا ہے۔	 اس کی صورتحال میں روشنی کی کوئی رمک نہیں دیکھتا ہے
common_voice_ur_31886863.mp3	اس بیانیے کی بھرپور تائید کے ساتھ میرا تجزیہ یہی ہے	 اس بیانیے کی بھرپور تائید کے ساتھ میرا تجزیہ یہی ہے۔
common_voice_ur_32042729.mp3	تین روزہ عالمی کانفرنس موئن جو دڑو پر منعقد کررہے ہیں	 تین روزہ عالمی کنفرنس مہنجو دوڑو پر منعکت کر رہے ہیں۔
common_voice_ur_31927480.mp3	وہ اگر اپنے علاوہ کسی کی بہادری کا ذکر کرتے ہیں۔	 وہ اگر اپنے علاوہ کسی کی بہادری کا ذکر کرتے ہیں
common_voice_ur_31832161.mp3	ان کے باب میں تاریخ پر انحصار نہیں کیا جائے گا۔	 ان کے باب میں تاریخ پر انحصار نہیں کیا جائے گا
common_voice_ur_31925908.mp3	آج دینی مدارس کی سب سے بڑی وکیل جماعت اسلامی ہے۔	 آج دنیا مدارس کی سب سے مرن وکیل جماعت اسلامی ہے
common_voice_ur_31987908.mp3	وہ صرف تجربہ کر کی چیز ہے اور بتائی نہیں جاسک	 وہ صرف تجربہ کر کی چیز ہے اور بتائی نہیں جا سکتا
common_voice_ur_31974260.mp3	مے کشوں پر ہوا محتسب مہرباں دل فگاروں پہ قاتل کو پیار آ گیا	 میں کشوں پر ہوا مختصم حیبان دل شگاروں پر قاتل کو پیار آ گیا
common_voice_ur_32099819.mp3	کراچی سے خانپور تک ریلوے ٹریک کی بحالی کا منصوبہ مکمل	 کراچی سے خانپور تک ریلوے ٹریک کی بحالی کا منصوبہ مکمل
common_voice_ur_31809538.mp3	لله ان سب کو اور انکی فیملیز کو اپنے حفظ و امان ميں رکھے	 اللہ ان سب کو اور ان کی فیملیز کو اپنے حفظ و امان میں رکھے
common_voice_ur_31922065.mp3	مرد سفر نامہ نگار منظر کی کی قوس و قزح بکھیرنے کی کوشش کرتے ہیں	 مرچ سفر نامہ نگار منظر کی کوسو کذاب بکھرنے کی کوشش کرتے ہیں۔
common_voice_ur_32068021.mp3	پی سی بی نے احمد شہزاد کو شوکاز نوٹس جاری کردیا	 پی سی بی نے مشہدات کو شوکیس نوٹس جاری کر دیا
common_voice_ur_32053934.mp3	اس کے لیے وہ ناظرین کی تعداد میں اضافہ چاہتا ہے۔	 اس کے لئے وہ ناظرین کے تعداد میں اضافہ چاہتا ہے
common_voice_ur_31814897.mp3	آپﷺ کی ذات اور آپ کے اہل بیت اس کاخصوصی ہدف تھے۔	 آپ صلی اللہ علیہ وآلہ وسلم کی ذات اور آپ کے اہلِ بیت اس کا خصوصی حدف تھے
common_voice_ur_38476172.mp3	کیوں کہ مجھے وہ نہیں اچھا لکھتا مجھے دوسرا لڑکا اچھا لگتا ہے	 کیونکہ مجھے وہ نہیں اچھا لکھتا مجھے دوسرا لڑکا اچھا لگتا ہے
common_voice_ur_31960280.mp3	شاہد افریدی کا بیان تنگ نظر بھارتیوں کو پسند نہ ایا	 شاید افریتی کا بیان تنگ نظر بھارتیوں کو پسند نہ آیا
common_voice_ur_31965523.mp3	پی سی بی چیئرمین کا انضمام اور باسط پر مکمل اعتماد کا اظہار	 پی سی بی چیئرمین کا انضمام اور باسط پر مکمل اعتماد کا اظہار
common_voice_ur_31835198.mp3	پشاور ہائی کورٹ کا چکن کی برآمد پر پابندی کا حکم کام کر گیا	 پشاور ہائی کورٹ کا چکن کی برامت پر پابندی کا حکم کام کر گیا
common_voice_ur_31894705.mp3	جو یَہاں کا جنگلات کےحسن کو چار چاند لگنا دینا ہونا	 جو یہاں کا جنگلات کے حسن کو چار چاند لگنا دینا ہونا ہے
common_voice_ur_31835265.mp3	ٹرکوں پر دلکش نقش ونگار بنانے والے فنکار مسائل کا شکار	 ٹرکوں پر دلکش نقش و نکار بنانے والے فنکار مسائل کا شکار
common_voice_ur_31829393.mp3	اور گرین ہاؤس ایفیکٹ کو سبز مکانی اثر لکھا کرتے تھے	 اور گرین ہاؤس ایفیکٹ پر سبز مکانی اثر لکھا کرتے تھے
common_voice_ur_31829392.mp3	میرا احساس ہے کہ اس کی جڑیں فکری ابہام میں ہیں۔	 میرا احساس ہے کہ اس کی جڑے فکری ابحام میں ہیں۔
common_voice_ur_31894890.mp3	پھر صرف ایک آواز گونجے گی: 'آج اقتدار کس کا ہے‘؟	 پھر صرف ایک آواز گونجے گی آج اقتدار کس کا ہے؟
common_voice_ur_31829993.mp3	ہوائی سفر کے لیے مسافروں کو محفوظ گزرگاہ فراہم کی جائے گی	 ہوائی سفر کے لیے مسافروں کو محفوظ گزرگاہ فراہم کی جائے گی۔
common_voice_ur_31955403.mp3	اس نشہ میں اسے جو بتایا جائے، اسے سچ مان لیتی ہے۔	 اس نشے میں اسے جو بتایا گیا ہے اسے سچ مان دیتی ہے
common_voice_ur_31927863.mp3	اپنی پہچان کرنے کے بعد ہی آپ کو خالق کی پہچان ہوگی	 اپنی پہچان کرنے کے بعد ہی آپ کو خالق کی پہچان ہو گئی
common_voice_ur_31835268.mp3	برطانیہ لندن کے بعد یارک شائر نے بھی اوبر کے لائسنس کی تجدید سے انکارکردیا	 پرطانیہ لندن کے بعد یارک شائع نے بھی اوبر کی لیسنس کی تجدیق سے انکار کر دی
common_voice_ur_31813095.mp3	شاہد افریدی کا کشمیر سے متعلق بیانبھارتی کرکٹرز کو اگ لگ گئی	 شاہد افریقی کا کشمیر سے متعلق بیان بھارتیک رکٹرز کو آگ لگ گئی
common_voice_ur_31978976.mp3	صبح فردا کو پھر دل ترسنے لگا عمر رفتہ ترا اعتبار آ گیا	 صبح فردہ کا پھر دل ترسنے لگا عمر رفتہ ترہ اعتبار آ گیا
common_voice_ur_31792741.mp3	تمام گیسیں جو زمینی درجہ حرارت میں اضافے کا باعث بنیں	 تمام گیسیں جو زمینی درجہ حرارت میں اضافے کا باعث نہیں
common_voice_ur_31965524.mp3	کچھ عرصہ پہلے لکھا جاتا تھا کہ غربت بھی فحاشی ہے۔	 کچھ عرصہ پہلے لکھا جاتا تھا کہ غربت بھی فہاشی ہے۔
common_voice_ur_31960546.mp3	ملتان نیشنل بینک کے عملے کے مبینہ فراڈ کے خلاف تاجروںشہریوں کا احتجاج	 ملتال نیشنل بینک کے عملے کی مبینہ فراد کے خلاف تاجروں شہریوں کا اتجاج ہے
common_voice_ur_31792476.mp3	ایک زیادہ تنخواہ والی نوکری کا انتخاب کرنا غیراخلاقی نہیں ہے	 ایک زیادہ تنخواہ والی نوکری کا انتخاب کرنا غیر احلاقی نہیں ہے
common_voice_ur_31792474.mp3	کھوکھرا پار مونا با ریل لنک کے معاہدے میں تین سال کی توسیع	 خوکرہ پار مونا باریل لنک کے معاہدے میں تین سال کی توصیح ہے
common_voice_ur_31976109.mp3	ٹی ٹونٹی ورلڈکپ ءمیرے کیریئر کا خری ورلڈ کپ ہو گا شاہد فریدی	 تی ٹوئنٹی ورلڈ کپ میرے کریئر کا آخری ورلڈ کپ ہوگا شاہد آفریتی
common_voice_ur_31965577.mp3	اسی طرح نیکیوں کا بھی ایک جیسا اجر بیان کرتا ہے۔	 اسی طرح نیکیوں کا بھی ایک جیسا عجب بیان کرتا ہے۔
common_voice_ur_31828879.mp3	سفر نامے میں عوامی زندگی اور اُس سے جڑے ہوئے مسائل	 سفرناوے میں عوامی زندگی اور اس سے جڑے ہوئے مسائل
common_voice_ur_31920493.mp3	میرے اور ان کے گاؤں میں چند کلو میٹرکا فاصلہ ہے۔	 میرے اور ان کے گاؤں میں چند کلو میٹر کا فاصلہ ہے
common_voice_ur_31816209.mp3	بالائی سطح پر پاکستان میں کرپشن کا خاتمہ ہو چکا ہے۔	 بلائی سطح پر پاکستان میں کرپشن کا خاتمہ ہو چکا ہے
common_voice_ur_31968672.mp3	پاکستان کاکینیڈا سے ٹیکسٹائل مصنوعات کو ڈیوٹی فری رسائی دینے کامطالبہ	 پاکستان کا کینیڈا سے ٹیکسٹائل مسنوات کو ڈیوٹی فری رسائی دینے کا مطالبہ
common_voice_ur_32024033.mp3	محترم جنرل حمید گل صاحب کی سیاسی فقہ میں ممکن ہے۔	 محترم جنرل حمید گوڑ صاحب کے سیاسی فقہ میں ممکن ہے
common_voice_ur_32050278.mp3	فاطمہ بجیا کے ترجمہ شدہ جاپانی ڈراموں پر مشتمل کتاب کا اجراء	 فاطمہ بہجیہ کے ترجمہ شدہ جاپانی ڈراموں پر مشتمل کتاب کا اجراح
common_voice_ur_32026720.mp3	قومی کرکٹر محمد حفیظ کے بالنگ ایکشن کا ٹیسٹ ہو گا	 ایک ریکیوٹ مومن جو فیج کے والنگ ایکشن کے ٹیسٹ ہوگا
common_voice_ur_31809591.mp3	ابوظہبی میں مصباح الیون کیخلاف معین علی انگلش ٹیم کے مددگار	 ابو زہبی میں میس پاول یون کے حلاف موئن علی انگلیش ٹیم کے مدد کر
common_voice_ur_32040319.mp3	صرف کام کرو کھانا کھاؤ ٹیکس دو کام ختم اور ہم بھی فارخ	 صرف کام کرو کھانا کھاؤ ٹیکس تو کام ختم اور ہم بھی فارغ
common_voice_ur_31916684.mp3	ہیجان پیدا کرنا اس وقت ملک کے مفاد میں نہیں ہے۔	 حیجان پیدا کرنا اس وقت ملک کے مفاد میں نہیں ہے۔
common_voice_ur_31950589.mp3	مقبول قیادت کو بے توقیر کرنے کا عمل آگے بڑھے گا۔	 مقبول کا عادت کو بتوکیر کرنے کا عمل آگے بڑھے گا
common_voice_ur_38457034.mp3	یہاں تو زندہ انسان بغیر کھال کے لٹکا ہوا تڑپ رہا تھا	 یہاں تو زندہ انسان بغیر خال کے لٹکا ہوا تڑپ رہا تھا
common_voice_ur_31944304.mp3	سوال یہ ہے کہ ایک خلاف شریعت فعل واقع کیسے ہوگا؟	 سوال یہ ہے کہ ایک خلاف شریعت فائل واقع کیسے ہوئی جائے؟
common_voice_ur_31943826.mp3	جس ادا سے یار تھے آشنا وہ مزاج باد صبا گیا	 زیادہ سے یاد کے اشنا و مراج بات دوا گیا
common_voice_ur_31980172.mp3	میرے وطن کو اباد رکھنایوم ازادی کے لیے نیا ملی نغمہ	 میرے وطن کو آباد رکھنا یوم آزادی کے لیے نیا ملی نکمہ
common_voice_ur_31837409.mp3	دوسرا اس وجہ سے کہ اس کی پشت پر ذرائع ابلاغ ہیں۔	 دوسرا اس وجہ سے کہ اس کی پشت پر ذرائع بلاغ ہیں۔
common_voice_ur_31955707.mp3	اب تو انکےلئے اسطرح کا ہر قدم خودکشی کے مترادف ہے	 اب تو ان کے لئے اس طرح کا ہر قدم خودکشی کے مترادف ہے
common_voice_ur_38433626.mp3	کہا تم نے کہ ’’ کیوں ہو غیر کے ملنے میں رسوائی‘‘	 کہا تم نے کہ کیوں ہو غیر کے ملنے میں رسوائی
common_voice_ur_32017672.mp3	آپ بھی سوچیے کہ ہمارے ساتھ یہ حادثہ کیسے گزر گیا؟	 اب بھی سوچئے کہ ہمارے ساتھ یہ حادثہ کیسے گزر گیا؟
common_voice_ur_32018713.mp3	مجھے ڈر رہتا ہے کے میں کچھ غلط کر دوں گا	 مجھے ڈر رہتا ہے کہ میں کچھ غلط کر دوں گا مجھے بھی
common_voice_ur_31790593.mp3	دھکا م دیجئے، بس پر چڑھنے کے لئے اپنی باری کا انتظار کریں	 دہکام دیجئے بس پہ چڑھنے کے لیے اپنی باری کا انتظار کریں
common_voice_ur_31813925.mp3	اس نے غم کی وجہ سے چار دن سے کھانا نہیں کھایا	 اس نے غم کی وجہ سے چار دن سے کھانا نہیں کھایا
common_voice_ur_31825555.mp3	سپیکر نے اسمبلی کی سطح پر ایک اچھا قدم اٹھایا ہے۔	 سپیکر نے اسمبلی کی سطح پر ایک اچھا قدم اٹھایا ہے
common_voice_ur_31921863.mp3	دین کا غلبہ رسالت مآبﷺ کے کار منصبی سے متعلق تھا۔	 دین کا غلبہ رسالت امام صلی اللہ علیہ وسلم کے اکار منصبی سے مطالق تھا۔
common_voice_ur_32020616.mp3	اس کے لیے سیاسی جماعتوں کا مضبوط ہو نا ضروری ہے۔	 اس کے لئے سیاسی جماعتوں کا مضبوط ہونا ضروری ہے
common_voice_ur_32017201.mp3	باقی تاریخ عمرانیات مالیات تھے مضامین جو وہ کبھی نہیں رکھتے تھے	 باقی تاریخ حمرانیات مالیات تھے مضامن جو وہ کبھی نہیں رکھتے تھے
common_voice_ur_40988989.mp3	جرمنی میں ابھی بھی ڈاک کا نظام استعمال کیا جاتا ہے	 جرمنی میں ابھی بھی ڈاک کا نظام استعمال کیا جاتا ہے
common_voice_ur_31938347.mp3	اس کے گھر والے آجکل واہ کینٹ میں رہائش پذیر ہیں ۔	 اس کے گھر والے آج کل واہ کینٹ میں رہائش قضیر ہیں
common_voice_ur_31855163.mp3	ایک پیش رفت اور ہے جس کا ایک مظہر پی ٹی ایم ہے۔	 ایک پیشرفت اور ہے جس کا ایک مظہر پی ٹی ایم ہے
common_voice_ur_41165073.mp3	اس قسم کی کرپشن اس دور کے سوویت یونین میں عام تھی۔	 اس خصم کی کرپشن اس دور کے سویت یونین میں عام تھی۔
common_voice_ur_31856293.mp3	ہمیں آگے بڑھ کر دائرے کے اس سفر کو روکنا چاہیے۔	 ہم میں آگے بڑھ کر دائرے کے اس سفر کو روکنا چاہیے
common_voice_ur_31962844.mp3	قومی کرکٹ ٹیم کی دورہ زمبابوبے کے لیے تیاریاں عروج پر	 قومی کرکٹ ٹیم کے دورہ زمبابے کے لیے تیاریاں اروج پر
common_voice_ur_31962537.mp3	وہی بتا سکتے ہیں کہ میرا طرز عمل کتنا متوازن ہے۔	 وہی بتا سکتے ہیں کہ میرا طرز عمل کتنا متوازن ہے
common_voice_ur_41130921.mp3	گندم کے لیے کم از کم امدادی قیمت روپے مقرر کرنے کی تجویز	 گندم کے لئے کم از کم امدادی قیمت روپے مقرر کنے کی تجویز ہے
common_voice_ur_31962737.mp3	سعودی عالم کا فتوی ہمیں اس جانب متوجہ کر رہا ہے۔	 سعودی عالم کا فتوہ ہمیں اس جانے متوجہ کر رہا ہے۔
common_voice_ur_32051409.mp3	اسلام اباد احتساب عدالت نے مضاربہ کیس کا فیصلہ سنا دیا	 ساموات حصہ بدالت مزاربہ کیس کا فیصلہ سنا دیا
common_voice_ur_31917188.mp3	مذہب کے پس منظر میں جب ایک امت وجود میں آتی ہے۔	 مذہب کے پیسے منظر میں جب ایک عمر تو وجود میں آتی ہے
common_voice_ur_31975260.mp3	ہمیں اس کے ضائع ہونے کا خطرہ مول نہیں لینا چاہیے۔	 ہمیں اس کے ضائع ہونے کے خطرہ مول نہیں لینا چاہیے
common_voice_ur_31856390.mp3	کچھ یہ بتانا چاہتے ہیں کہ سارا گلاس بھرا ہوا ہے۔	 کچھ یہ بتانا چاہتے ہیں کہ سارا گلاس بھرا ہوا ہے
common_voice_ur_31856153.mp3	خلیفہ کے حکم کے بغیر نہ وعظ کہتے تھے اور نہ فتویٰ دیتے تھے	 حلیفہ کے حکم کے بغیر نہ وغز کہتے ہیں نہ فتوہ دیتے ہیں
common_voice_ur_38457277.mp3	اپنے دین کو تبدیل کئے بغیر اشرف غنی سے شادی کرلی	 اپنے دین کو تبدیل کیے بغیر اشرف گنی سے شادی کر لی
common_voice_ur_32049808.mp3	کَل کا اعلان منڈیوں کے بند ہونے کے بعد کِیا گیا تھا	 کل کا اعلان منڈیوں کے بند ہونے کے بعد کیا گیا تھا؟
common_voice_ur_31919386.mp3	اس کا نتیجہ سوائے انتشار اور انارکی کے اور کچھ نہیں نکلتا	 اس کا نتیجہ سوائے انتشار اور اناکی کے اور کچھ نہیں نکلتا
common_voice_ur_31946057.mp3	موئن جو دڑو کا شمار قدیم ترین تہذیبوں میں ہوتا ہے	 مجھے دروگہ شمار کے دین تیرین تیسیبوں میں ہوتا ہے۔
common_voice_ur_31967040.mp3	جس خار پہ ہم نے خوں چھڑکا ہم رنگ گل طناز کیا	 جس خات پہ ہم نے خون چھڑکا ہم رنگ گل تناز کیا
common_voice_ur_31951055.mp3	عالمی چیمپئن شپ میں شرکت کیلئے کوئی اسپانسر نہیں محمود لودھی	 عالمی چیمپئن شرکت کے لیے کوئی سپانسر نہیں محمود ہو دی
common_voice_ur_31966130.mp3	اسٹیل ملز لیز پر دینے کیلئے معاملات حتمی مراحل میں داخل	 سٹیل میلز لیز بد دینے کے لیے معاملات حتمی مراحل میں داخل
common_voice_ur_31814480.mp3	ضرورت اس امر کی ہے کہ ادارے مضبوط ہوں ’’ شخصیات ‘‘ کی بجائے	 ضرورت اس عمر کی ہے کہ ادارے مضبوط ہوں شخصیاتی بجائے
common_voice_ur_41177770.mp3	بنگلہ دیش لاک ڈان کے دوران اجرت کیلئے مزدوروں کا احتجاج	 بنگلہ دیش لوگ ڈاؤن کے دوران اجرت کے لیے مزدوروں کا احتجاج
common_voice_ur_41149675.mp3	بھارتی کھلاڑیوں کے آئی پی ایل سے دستبردار ہونے کا سلسلہ شر	 بھارتی کھلاریوں کے آئی بی ایل سے دست بردار ہونے کا سلسلہ شل
common_voice_ur_31920816.mp3	احسان مانی اسد خان کی پی سی بی گورننگ باڈی میں نامزدگی نوٹیفکیشن جاری	 احسان مانی اس اتحان کی پی سی بی گورننگ باڈی میں نامزد کی ایٹ موٹیفیکشن جاری
common_voice_ur_31860138.mp3	پچھلے چند دنو ں سے ایک ہزار سے زیادہ نئے مریض سامنے آرہے تھے	 پچھلے چند دنوں سے ایک ہزار سے زیادہ نئے مریض سامنے آ رہے تھے۔
common_voice_ur_31834863.mp3	سابق لیگ اسپنر عبدالقادر کے بیٹے ٹورمیچ میں اسٹریلیا کی نمائندگی کریں گے	 سابق لنک سپنر عبدالقادر کی بیٹے ٹور میچ میں آسٹریلیا کی نواندگی کریں گے
common_voice_ur_38455317.mp3	اگر ڈاکٹر وقتی طور پر کوئی دوائی دے دیتا تو کیاہرج تھا۔	 اگر ڈاکٹر وقتی طور پر کوئی دوائی دے دیتا تو کیا حرچ تھا؟
common_voice_ur_31849611.mp3	یونیورسٹیوں کے اخراجات ہائیر ایجوکیشن کمیشن کی دی گئی گرانٹ سے پورے ہوتے ہیں۔	 یونیورسٹیوں کے اخراجات ہائر ایڈیوگیشن کمیشن کی دی گئی گرانٹ سے پورے ہوتے ہیں۔
common_voice_ur_31977412.mp3	میڈیکل اور آئل فیلڈ میں ٹیکنیکل ویزا پر کوئی پابندی نہیں ہوگی	 میڈیکل اور آئل فیلڈز میں ٹیکنیکل ویزا پر کوئی پابندی نہیں ہوگی
common_voice_ur_31870145.mp3	پاکستان نے ون ڈے سیریز میں زمبابوے کو کلین سوئپ کردیا	 اکسان نے ونڈے سیریز میں زمبابے کو فلین سوائپ کر دیا
common_voice_ur_31983645.mp3	کے لیے دل پر قابو پانے کیلئے آسان نہیں طاقت حوصلہ ندارد	 کے لئے دل پر قابو پانے کے لئے آسان ہی طاقت حسلہ ندار
common_voice_ur_31849650.mp3	کَیا کھلاڑی نے اچھی کارکردگی پیش کرنا اور وُہ کَیا سے کھلاڑی ہونا	 کیا کھلاری نے اچھی کار کردگی بیش کرنا اور وہ کیا سے کھلاری ہونا؟
common_voice_ur_41156132.mp3	تو کراچی میں ایم کیو ایم کی سیکولر دہشت گردی قائم تھی۔	 تو کراچی میں ایم کیو ایم کی سیکیولر دہشت گردی قائم تھی۔
common_voice_ur_41126006.mp3	کیا پاناما کیس کا فیصلہ آنے میں قدرے دیر نہیں ہوگئی؟	 کیا پنامہ کیس کا فیصلہ آنے میں قدر دیر نہیں ہوگی؟
common_voice_ur_31950287.mp3	چیمپئنز لیگ فٹبال سیمی فائنل میں لیورپول کی روما کو شکست	 چیمپئنز لیگ فوٹبال سیمی فائنل میں لیورپول کی روما کو شکست
common_voice_ur_31849602.mp3	برائڈل فیشن ویک کا دوسرا روز خوبصورت عروسی جوڑوں کی دھوم	 برائیڈل فیشن ویک کا دوسرا روز خوبصورت اروسی جورو کی دھوم
common_voice_ur_31984900.mp3	آنکھوں کے دریچے بند کیے اور سینے کا در باز کیا	 آنکھوں کے دریچے بند کیے اور سینے کا درواز کیا
common_voice_ur_31957762.mp3	پی ایس ایل فائنل پشاور زلمی کی شکست پر سپورٹرز افسردہ نہیں	 پی ایس فائنل پشاور ظلمی کی شکست پر سپورٹرز افسردہ نہیں
common_voice_ur_41158119.mp3	غصے کے علاج کے حوالے سے جو بھی علاج ذکر کیا جائے گا	 غصے کے علاج کے حوالے سے جو بھی علاج ذکر کیا جائے گا
common_voice_ur_32049594.mp3	میں نے شعر افسانے اور ناول کا مطالعہ ضرور کیا ہے	 میں نے شعر افثانے اور ناول کا مطالعہ ضرور کیا ہے۔
common_voice_ur_31934129.mp3	اس بیباک سچ لکھنے کے بعد تین سال جیل میں گزارنے پڑے	 اس بیباگ سچ لکھنے کے بعد تین سال جیل میں گزارنے پڑے
common_voice_ur_31984608.mp3	تو یہ ہماری مجبوری نہیں ہوتی، ہم ہر جگہ ایک ہیں۔	 تو یہ ہماری مجبوری نہیں ہوتی ہم ہر جگہ ایک ہیں
common_voice_ur_31957729.mp3	خاموشی اس قدر تھی کہ ہوا کی سنسناہٹ سنی جا سکتی تھی	 خوشی اس قدر تھی کہ ہوا کی سنسنات چھنی جاؤ سکتی تھی
common_voice_ur_31970982.mp3	کیا ایک ٹی وی چینل کسی قانون ضابطے کا پابند نہیں؟	 کیا ایک ٹی وی چینل کسی قانون ضابطے کا پابند نہیں؟
common_voice_ur_31791054.mp3	وہ یہ مقصد ہیجان برپا کر کے حاصل کرنا چاہتے ہیں۔	 وہ یہ مقصد ہی جان برپا کر کے حاصل کرنا چاہتے ہیں
common_voice_ur_31916296.mp3	جیمز اینڈرسن ٹیسٹ کرکٹ کے کامیاب ترین فاسٹ بالر بن گئے	 جیمز انڈرسن ٹیسٹ کرکٹ کے کامیاب ترین فاسٹ بولر بن گئے
common_voice_ur_31921949.mp3	عالمی بینک کے اعلی سطحی وفد کی مشیر خزانہ سے ملاقات	 عالمی بینکِ عالی ستی وقت کی مشیرِ خزانہ سے ملاقات
common_voice_ur_38472469.mp3	زمینی حقائق کی بنیاد پر نیا نظام زکو تشکیل دینے کی تجویز	 زمینی حقائق کی بنیاد پر نیا نظام زکو تشکیل دینے کی تجویز
common_voice_ur_32006048.mp3	ڈرائیور کے بغیر بس نے خودکار طریقے سے سفر طے کیا	 درائیور کے بغیر بس نے خودکار طریقے سے سفر طے کیا۔
common_voice_ur_38432105.mp3	دور حاضرمیںخود کش حملوں کے جملہ حقوق ان ہی کے نام محفوظ ہیں۔	 دور حاضر میں خودکش حملوں کے جملہ حقوق انہی کے نام محفوظ ہیں
common_voice_ur_33605813.mp3	فلک نہ دور رکھ اس سے مجھے کہ میں ہی نہیں	 فلک نہ دور رکھ اس سے مجھے کہ میں ہی نہیں
common_voice_ur_33605882.mp3	وہ عمر میں مجھ سے غالباً سال ڈیڑھ سال بڑے رہے ہوں گے	 وہ عمر میں مجھ سے غالباً ڈیڑھ سال بڑے رہے ہوں گے
common_voice_ur_31973139.mp3	یہ دکھوں کو اپنے راستے کی رکاوٹ نہیں بننے دے گی۔	 یہ دکھوں کو اپنے راستے کی رکاوٹ نہیں بننے دے گی
common_voice_ur_31834843.mp3	اسی دوران پرسنل کمپیوٹرز میں ملٹی میڈیا ٹیکنولوجی کو فروغ حاصل ہوا	 اسی دوران پرسنل کمپیوٹرز میں ملٹی میڈیا ٹیکنالوجی کو فروغ حاصل ہوا
common_voice_ur_31968751.mp3	چاہے پارسی ہو یا کوئی اور ہم سب پاکستانی بھائی بھائی ہیں	 ہر پارسی ہو یا کوئی اور ہم سب پاکستانی بھائی بھائی ہیں
common_voice_ur_31842149.mp3	پاکستان میں ڈاکٹروں اور دیگر طبی عملے کو کورونا وائرس سے متاثرہ	 پاکستان میں ڈاکٹروں اور تیگر طبی عملے کو کرونا وائرس سے متاثر
common_voice_ur_31935577.mp3	یوں اس کے داخل میں ایک نفسیاتی کشمکش جنم لیتی ہے۔	 یوں اس کے داخل میں ایک نفسیاتی کشم کش جنم لیتی ہے
common_voice_ur_31976651.mp3	اس کے باوجود آپ کے فن کا اعتراف عام لوگوں میں ہے۔	 اس کے باوجود آپ کے فن کا اعتراف عام لوگوں میں ہے
common_voice_ur_31946304.mp3	ایسے پروگرامز بھی سوشل میڈیا اور ٹی وی پر بھی دکھائے جائیں	 ایسے پروگرام فریش سوشل میڈیا اور ٹی وی پر بھی دکھائے جائیں
common_voice_ur_38438339.mp3	آگ اس گھر میں لگی ایسی کہ جو تھا جل گیا	 آگ اس گھر میں لگی ایسی کہ جو تھا جل گیا
common_voice_ur_31837337.mp3	ایجاب و قبول جانے اور دیکھے بنا کیسے ہو سکتا ہے؟	 جب وہ قبول جانے اور دیکھے بنا کیسے ہو سکتا ہے
common_voice_ur_31837307.mp3	یقین کرتا ہوں کے لوگ بنیادی طور پر مہذب ہوتے ہیں	 یقین کرتا ہوں کہ لوگ بنیادی طور پر محذب ہوتے ہیں
common_voice_ur_31835059.mp3	کہ اللہ تعالیٰ کی ذی شعور مخلوقات میں فرشتے اورجنات بھی شامل ہیں	 کہ اللہ تعالیٰ کی زیر شعور محلوقات میں فرشتے اور جنات بھی شامل ہیں
common_voice_ur_38466413.mp3	ان کا بڑا سرمایہ کار بہرحال نقصان میں نہیں رہے گا۔	 ان کا بڑا سرمایہ کار بہرحال نقصان میں نہیں رہے گا
common_voice_ur_38436270.mp3	"ان کی کئی کتابیں بعد میں پڑھیں ''دلی"" ان کا مشہور ناول ہے۔"	 کی کئی کتابیں بعد میں پڑھیں دیتی ان کا مشہور ناول ہے
common_voice_ur_31917907.mp3	یہ تصور ریاست ہی قدیم فہم اسلام کے لیے اجنبی ہے۔	 یہ تصور ریاست ہی قدیم فہیم اسلام کے لئے اجنبی ہے۔
common_voice_ur_30643863.mp3	ہوپ نے بنگلہ دیش سے فتح چھین لی ویسٹ انڈیز فاتح	 اوپ نے بنگلہ زیر سے فتح چھین دی ویسٹ انڈیز فاتح
common_voice_ur_31972015.mp3	آرمی چیف نے پی ایس ایل کا فائنل لاہور میں کرانے	 آرمی شیف نے پی اے سیل کا فائنل لاہور میں کرانے
common_voice_ur_38431447.mp3	چائنا پاکستان اکنامک کاریڈور بنے گا، اس کی راہ میں کوئی ملک روڑے نہیںاٹکائے گا۔	 چائنا پاکستان ایک نومک کوریڈور بنے گا اس کی راہ میں کوئی ملک روڑے نہیں اٹکائے گا
common_voice_ur_31891785.mp3	فیفا ورلڈ کپ جاپان اور پولینڈ کی ٹیمیں مدمقابل ہوں گی	 فیفا ورلڈ کپ جاپان اور پولنڈ کی ٹیموں مدے مقابل ہوں گی
common_voice_ur_31990836.mp3	ان سے نجات کے لیے ہمیں ترجیحات کا تعین کرنا ہے۔	 ان سنجات کے لئے ہم ترجیحات کا تعیون کرنا ہے
common_voice_ur_31970708.mp3	رافیل نڈال نے گیارہویں مرتبہ بارسلونا اوپن کا ٹائٹل جیت لیا	 رافیل نیڈال نے گیارویں مرتبہ بارسلونا اوپن کا ٹائٹل جیت لیا۔
common_voice_ur_31929348.mp3	تو وہ جمہوریت اور آزاد میڈیا کے مخالفین ہو ں گے۔	 تو وہ جمہوریت اور عذاب میڈیا کے محالفین ہوں گے
common_voice_ur_31972650.mp3	آپ نے ملاحظہ کیا ہو گا کہ میں گول مول انداز میں	 آپ نے ملاحظہ کیا ہوگا کہ میں گول مول انداز میں
common_voice_ur_32018347.mp3	بالواسطہ خبر ملتی ہے کہ آج کل کیا مباحث جاری ہیں۔	 بلاواستہ خبر ملتی ہے کہ آج کل کیا مباحث جاری ہیں؟
common_voice_ur_41144516.mp3	مختلف تعلیمی اداروں میں گئے اور نوجوانوں کے ساتھ رقص کیا	 مختلف تعلیمی اداروں میں گئے اور نوجوانوں کے ساتھ رکس کیا ابے
common_voice_ur_31918082.mp3	لوگ پاکستان میں سیاست تو کیا جائیداد تک نہیں خرید سکتے	 لوگ پاکستان میں سیاست تو کیا جائدات تک نہیں خرید سکتے؟
common_voice_ur_31898271.mp3	بی بی سی کے اسد علی کی تحریر سنیے نادیہ سلیمان کی زبانی	 بی بی سی کے اسد علی کی تحریر سنن نادیہ سلمان کی زبانی
common_voice_ur_32013932.mp3	مقتول کو ذاتی دشمنی پر عامر نامی شخص نے قتل کردیا	 مکتور کو ذاتی دشمنی پر عامل نامی شخص نے قتل کر دی
common_voice_ur_31916514.mp3	انسانی لہو کا رنگ ان رنگوں میں سب سے نمایاں ہے۔	 انسانی لہو کا رنگ ان رنگوں میں سب سے نمائی ہے
common_voice_ur_31897562.mp3	میں نے ٹام کو بتایا میرا چلنے کا موڈ نہیں ہے	 میں نے ٹام کو بتایا میرا چلنے کا موڈ نہیں ہے
common_voice_ur_38487662.mp3	سکھوں کو شکست دیکر پنجاب کو برطانوی سلطنت میں شامل کر لیا	 سکھوں کو شکست دے کر پنجاب کو برطانوی سلطنت میں شامل کر لیا
common_voice_ur_26756832.mp3	میرے صبر کا امتحان مت لو تم برا کیوں مناتے ہو	 میرے سبر کا امتحان مت لو تم برا کیوں مناتے ہو
common_voice_ur_31902143.mp3	سابقہ ادوار میں توانائی بحران سے معیشت کو بیحد نقصان ہوا شہباز شریف	 صاحب کا ہجوار میں توانائی بوران سے مشیخ کو بہر نقصان ہوا شہباز شریف
common_voice_ur_31835466.mp3	، اپنے گریبان میں جھانکنے کی بجائے دوسروں کو برا بھلا کہا جائے	 اپنے گربان میں جھانکنے کی بجائے دوسروں کو برا بھلا کہا جائے
common_voice_ur_32053358.mp3	عباس نے دنیا بھر کے کرکٹرز کو اپنا گرویدہ بنا لیا	 ابباز نے دنیا بھر کے کٹ کٹرز کو اپنا گرویدہ بنا لیا
common_voice_ur_38415183.mp3	سرخ و سفید رنگت کے ساتھ چوڑی پیشانی کے نیچے دو بڑی بڑی آنکھیں تھیں	 سرخ و سفید رنگت کے ساتھ چوری بیشانی کے نیچے دو بڑی بڑی آنکھیں تھیں
common_voice_ur_31986132.mp3	ائی ڈی پیز سے اظہار یک جہتی کیلئے دوستانہ کرکٹ میچ	 ایڈی پی سے اظارہ یک جیتی کے لیے دوستانہ کرکٹ میچ
common_voice_ur_41136943.mp3	اور اگر ویت نام ماضی کی بات ہے، عراق ہمارے سامنے کی مثال ہے۔	 اور اگر ویتنام ماضی کی بات ہے عراق ہمارے سامنے کی مثال ہے
common_voice_ur_32055363.mp3	جنوبی افریقہ سابق ایتھلیٹ اسکر پسٹوریس پیرول پر جیل سے رہا	 جنوبی افریقہ سابق ایتھلیٹ اسکر اسٹوریس پیرول پر جیل سے رہا
common_voice_ur_31967831.mp3	اور بَہُت دلکش اورخوبصورت انداز میں مَیں یِہ کو دانہ چننا ہونا	 اور بہت دلکش اور خوبصورت انداز میں میں یہ کو دانا چلنا ہونا
common_voice_ur_41121136.mp3	کم عمر لڑکیوں کے ریپ کا الزام ار کیلی پر فرد جرم عائد	 کم امر لڑکیوں کے ریپ کا الزام آر کیلی پر فرد چارہ میں آئیدہ ہے۔
common_voice_ur_41119993.mp3	بلکہ ان کا دائرہ کار نا قابل تسخیر ہو گیا ہے۔	 بلکن کا دائرہ کار نقابے تصویر ہو گیا ہے
common_voice_ur_31954728.mp3	کمیل ننجیانی انجلینا جولی کے ہیرو بننے سے قبل اوبر ڈرائیور بن گئے	 کمیر انجیانی انجلینہ جولی کے ہیرو بننے سے قبل اوبر ڈرائیور بن گئے
common_voice_ur_32030580.mp3	پاک فوج نے شمالی علاقہ جات میں پھنسے سلوینیا کے کوہ پیما کو بچالیا	 پاک فوج نے شمالی علاقہ جارت میں خاصے سلوینیا کے ایک اوپریما کو بچا لیا
common_voice_ur_31878114.mp3	اقبال کے الفاظ میں انبار گل کو آدم کیسے بنانا ہے؟	 اقبال کی الفاظ میں انبار گل کو آدم کیسے بنانا ہے؟
common_voice_ur_26756726.mp3	پاکستان ایک بار پھر یورو بانڈز کی مارکیٹ میں پہنچ گیا	 پاکستان ایک بار پھر یورو بانڈز کی مارکٹ میں پہنچ گیا
common_voice_ur_26704017.mp3	اہل فتنہ کے خلاف لڑنے کا حق ریاست کے لیے ثابت ہے۔	 اہل فتنہ کے خلاف لڑنے کا حق ریاست کے لئے ثابت ہے
common_voice_ur_31794119.mp3	ہندسے معلوم نہیں کب تک فرشتے کا ساتھ دے پائیں گے۔	 ہند سے معلوم نہیں کب تک فرشتے کا ساتھ دے پائیں گے
common_voice_ur_31820415.mp3	ارسطو کی زندگی کے بارے میں بہت کم جانا جاتا ہے	 ارستو کی زندگی کے بارے میں بہت کم جانا جاتا ہے۔
common_voice_ur_31928576.mp3	ہم نے کئی جدید افکار کو غیر متعلق ہوتے دیکھا ہے۔	 ہم نے کئی جدید افکار کو غیر متعلق ہوتے دیکھا ہے۔
common_voice_ur_31835663.mp3	یہ اظہار کے لیے بھی ایسے ہی لطیف اسالیب چاہتا ہے۔	 یہ اظہار کے لیے بھی ایسے ہی لطیف اسانی چاہتا ہے
common_voice_ur_32012208.mp3	ہم چلتے رہے جب تک ہماری ٹانگوں نے ہمارا ساتھ دیا	 ہم چلتے رہے جب تک ہماری ٹانگوں نے ہمارا ساتھ دیا
common_voice_ur_32021440.mp3	آزادی کی ایسی کیفیت کہ الیکشن سٹاف بھی ان کے پولنگ ایجنٹس کے	 لابدی کی ایسی قیفیت کے الیکشن پاس ڈیئن کے پولٹ لیجنز ہیں
common_voice_ur_31934574.mp3	اور سینئر ڈاکٹروں اور نرسوں کی جگہ خاک روب اور عیسائی لڑکے لڑکیاں وردی پہن کر	 اور سینئر ڈاکٹروں اور نرسوں کی جگہ خاک روگ اور ایسائی لڑکے لڑکیاں وردی پہن کر
common_voice_ur_31823044.mp3	اتنی ہی مقدار میں پہنچ پاتی ہے جتنی کہ ضرورت ہو	 اتنی ہی مقدار میں پہنچ پاتی ہے جتنی کی ضرورت ہو
common_voice_ur_31823060.mp3	یہ وہ مباحث ہیں جو اغیار کے گھروں میں ہو رہے ہیں؟	 یہ وہ مباحث ہیں جو اغیار کے گھروں میں ہو رہے ہیں
common_voice_ur_31823416.mp3	آج اہل فلسطین کو ایک نئی حکمت عملی کی ضرورت ہے۔	 آج اہل فلسطین کو ایک نئی حکمت عملی کی ضرورت ہے
common_voice_ur_31892088.mp3	صارفین کی جانب سے یہ بات باور کرائی جا رہی ہے	 ساریفین کی جانب سے یہ بات باور کرائی جا رہی ہے
common_voice_ur_31915390.mp3	اس بہار میں کلیاں ہی نہیں، چہرے بھی کھل اٹھے ہیں۔	 اس بہار میں کلیاں ہی نہیں چہرے بھی کھل اٹھے ہیں
common_voice_ur_31892108.mp3	اس کے برخلاف اقتدار کی کشمکش میں وہ ایک فریق ہے۔	 اس کے برخلاف اقدار کی کشمکش میں وہ ایک فریق ہے۔
common_voice_ur_31943617.mp3	محفل درد پھر رنگ پر آ گئی پھر شب آرزو پر نکھار آ گیا	 میسل رتبہ رنگ پر آگئی پھر شب و رنگ پر نکار آگیا
common_voice_ur_41150957.mp3	مالیاتی جرائم کی روک تھام کیلئے پاکستان کی کارکردگی میں نمایاں بہتری	 مالیاتی جرائم کی روک تھام کے لیے پاکستان کی کارگردگی میں نمائیں بہترین
common_voice_ur_38432727.mp3	افغانستان سے شہریوں کے بجائے جانوروں کا انخلا، برطانوی وزیراعظم دباؤ میں	 افغانستان میں شہریوں کے بجائے جانوروں کے انخلاق برطانوی وزیر آزم دباؤ میں
common_voice_ur_38446861.mp3	ترا دل تو ہے صنم آشنا تجھے کیا ملے گا نماز میں	 تیرا دل تو ہے سنم آشنا تجھے کیا ملے گا نماز میں؟
common_voice_ur_31901321.mp3	ایم کیو ایم کرنا پریس کانفرنس دیکھئے سوشل میڈیا پر دستیاب ہونا	 موسیقی
common_voice_ur_31831702.mp3	اسٹریلیا کے ایئرپورٹ میں باسکٹ بال کھلاڑی کے سامان سے کتا برامد	 افریلیا کے ائرپورٹ میں باسکٹ بال کھلاڑی کے سمان سے کتا برامد
common_voice_ur_32018865.mp3	جبکہ اس بات کا دارومدار بھی افراد کی عادات پر ہے	 جبکہ اس بات کا داروں مدار بھی افراد کی عداد پر ہے
common_voice_ur_41108139.mp3	مالکان اپنے ملازمین کو تنخواہ کے ساتھ چھٹی دیں ماہرہ خان	 مالکان اپنے ملازمین کو تنخواہ کے ساتھ چھٹی دے ماہرہ خان
common_voice_ur_31903028.mp3	اور وزیراعظم عمران خان بھی اس کے مداحوں میں سے ہیں	 اور وزیراعظم عمران خان بھی اس کے مدہوں میں سے ہے
common_voice_ur_31934416.mp3	اسی طرح آج کل بلاگنگ میں بھی جدت آتی جا رہی ہے	 اس طرح آج کل لوکنگ میں بھی جدد آتی جا رہی ہے۔
common_voice_ur_31841529.mp3	امریکاشمالی مشرقی ساحل سمندر پر سالانہ موٹر بوٹ ریس کا انعقاد	 امریکہ شمالی مشرقی ساحل سمندر پر سالانہ موٹر بوٹ ریس کا انعقاد
common_voice_ur_38445985.mp3	پرانوں کے مطابق رام کے بیٹے راجا لوہ نے شہر لاہور کی بنیاد رکھی	 پرانوں کے مطابق رام کے بیٹے راجہ لوہ نے شہرِ لاہور کی بنیاد رکھی
common_voice_ur_32005887.mp3	چیزوں میں وہ خوبصورتی دیکھتا ہوں جو شائد دوسرے نہیں دیکھتے	 چیزیں میں وہ خوبصورتی دیکھتا ہوں جو شاید دوسرے نہیں دیکھتے
common_voice_ur_32016979.mp3	ہت ھی اچھا لگا ان پارسی بہن بھائیوں کو دیکھ کر	 ہتھی اچھا لگا ان پارسی بہن بھائیوں کو دیکھ کر
common_voice_ur_38470593.mp3	یہ رسم برہم فنا ہے اے دل گناہ ہے جنبش نظر بھی	 یہ رز برہم فنا ہے دل گناہ ہے جمبش نظر بھی
common_voice_ur_38427802.mp3	محرم اور ربیع الاول پر بھی کوئی خصوصی پروگرام نشر نہیں کیا گیا	 محرم اور ربیل اول پر بھی کوئی خصوصی پروگرام نشر نہیں کیا گیا
common_voice_ur_31892454.mp3	رات کے کھانے پر ہم نے اس معمے پر کافی سوچ بچار کی	 رات کے کھانے پر ہم نے ایسے معاملے پر کافی سوچ بچار کی۔
common_voice_ur_38465314.mp3	سوتن کے ساتھ رہنے پر خاتون نے شوہر کا پرائیویٹ پارٹ کاٹ ڈالا	 سوتن کے ساتھ رہنے پر خاتون نے شہر کا پرائیویٹ پارٹ کارڈ ڈالا
common_voice_ur_38462297.mp3	شنگھائی میں تین ماہ کے لاک ڈان کے بعد ڈزنی لینڈ کھولنے کا اعلان	 چنگھائی میں تین ماہ کے لانگ ٹاؤن کے بعد ڈیزنی لینڈ کھولنے کا اعلان
common_voice_ur_31990831.mp3	یہ مریم نواز صاحبہ کی عوامی سیاست کا پہلا دن ہے۔	 یہ مریم نواز صاحبہ کی عوامی سیاست کا پہلا دن ہے
common_voice_ur_32043883.mp3	میں یہ نہیں کہتا کہ حکومت اس آپریشن کے خلاف ہے۔	 میں یہ نہیں کہتا کہ حکومت اس آپریشن کے خلاف ہے
common_voice_ur_31812934.mp3	وہ طاقت رکھتے ہوئے بھی خوف کے سائے میں جیتے ہیں۔	 وہ طاقت رکھتے ہوئے بھی خوف کے سائے میں جیتے ہیں
common_voice_ur_31815573.mp3	دوسرا یہ کہ اس سے مراد اداروں میں تصادم نہیں ہے۔	 دوسرا یہ کہ اس سے مراد اداروں میں تصادم نہیں ہے
common_voice_ur_32004405.mp3	اس پر مستزاد ان کی لا علمی اور سطحی انداز نظر ہے۔	 اس پر مستضاد ان کی لائلمی رسطی انداز نظر ہے
common_voice_ur_32055730.mp3	آج نواز شریف نے مشروط اجازت قبول کرنے سے انکار کیا ہے۔	 آج نواز شریف نے مشروع ججادت قبول کرنے سے انکار کر دیا
common_voice_ur_38453158.mp3	اب اردگرد کی دنیا کے بارے میں اچھا نظریہ رکھتے ہیں	 اب اردگرد کی دنیا کے بارے میں اچھا نظریہ رکھتے ہیں
common_voice_ur_31999277.mp3	بعد میں قائداعظم کانگریس کی مسلم کش پالیسیوں سے بددل ہوکر شامل ہوگئے	 بعد میں قائدہ آزم کانگریس کی مسلم کش فالیسیوں سے بدل ہو کر شامل ہو گئے
common_voice_ur_38451729.mp3	یہ حرکتیں تھیں ادھر کے مسلمز کی جو ان کو زوال آیا	 یہ حرکتیں تھیں ادھر کے مسلمس کی جو ان کو زبال آیا
common_voice_ur_32052080.mp3	تو یہ اونٹ کی پیٹھ پر آخری تنکا ثابت ہو سکتا ہے۔	 تو یہ اونٹ کی پیٹ پہ آخری تنکہ ثابت ہو سکتا ہے
common_voice_ur_38422248.mp3	ہم نے کیا لڑنا ہے ججز خود ہی لڑتے جا رہے ہیں	 ہمیں کیا لڑنا ہے جس جس خود ہی لڑتے جا رہے ہیں
common_voice_ur_31887717.mp3	گویا آسمان سے آنے والی صدا اسی طرح گونجتی رہے گی۔	 گویا آسمان سے آنے والی صدا اسی طرح گونچتی رہے گی
common_voice_ur_31887981.mp3	ماہرین کی بقول گو کہ پلیٹ کی تقسیم کا یہ عمل کئی	 ماہرین کے بقول گو کے پلیٹ کی تقسیم کا یہ عمل کہیں
common_voice_ur_31983832.mp3	ہر چیز فطرت کے اصول کے عین مطابق آگے بڑھ رہی ہے۔	 ہر چیز فطرت کے اصول کے این مطابق آگے بڑھ رہی ہے۔
common_voice_ur_32041721.mp3	جنہیں مجموعی طور پر فوسل فیول یعنی رکازی ایندھن کہا جاتا ہے	 جنہیں مجموعی طور پر فوسل فیول یعنی رکازی اندن کہا جاتا ہے
common_voice_ur_31834487.mp3	برگ ہائے سبز ہیں جنہیں پالک کا نام دے دیا گیا ہے۔	 برگھائے سبز ہیں جنہیں پالک کا نام دے دیا گیا ہے
common_voice_ur_31932104.mp3	زندگی، سچ یہی ہے کہ موت کے آغوش میں سانس لیتی ہے۔	 زندگی سرچ یہی ہے کہ موت کی آوچ میں سانس لیتی ہے
common_voice_ur_32017951.mp3	تو کون اسے کسی گہری کھائی میں گرنے سے روک سکتا ہے ۔	 تو کون اسے کسی گہری کھائی میں گرنے سے روک سکتا ہے؟
common_voice_ur_31793224.mp3	تو ہماری جماعت کو اس پر کوئی اعتراض نہیں ہو گا۔	 تو ہماری جماعت کو اس پر کوئی اعتراض نہیں ہوگا
common_voice_ur_31815026.mp3	اب تو کسی کی تعریف بھی کرنا پڑی تو احتیاط برتنی ہو گی	 اب تو کسی کی تاریخ بھی کرنا پڑی تو احتیاط برتنی ہوگی
common_voice_ur_31819969.mp3	اب یہ خصوصیت ان کی شہرت میں جو چاند ٹانک رہی ہے	 اب یہ خصوصیت ان کی شہرت میں جو چاند ٹانک رہی ہے
common_voice_ur_38476055.mp3	دوسرا یہ کہ یہ تعبیر چند بنیادی مقدمات اوردینی دلائل پر کھڑی ہے۔	 دوسرا یہ کہ یہ تعبیر چند بنیادی مقدمات اور دینی دلائل پر کھڑی ہے۔
common_voice_ur_31833984.mp3	بعض ٹی وی چینلز مسلسل نفرت کا کاروبار کر رہے ہیں۔	 بعض ٹی وی چینلز مسلسل نفرت کا کاروبار کر رہے ہیں
common_voice_ur_35150504.mp3	مقبوضہ کشمیر شہید طالبعلم کا جنازہ سبز ہلالی پرچم کے سائے تلے آزادی کے نعروں کیساتھ سپردخاک	 مقبوضہ کشمیر شہید طالب علم کا جنازہ سبدھلالی پچھم کے سائے تلے آزادی کے ناروں کے ساتھ سپرد خاک
common_voice_ur_31954858.mp3	اب ان سے ذاتی تشہیر پہ صرف کی گئی رقوم کی واپسی	 اب ان سے ذاتی تشہیر پر صرف کی گئی رقوم کی واپسی
common_voice_ur_31822890.mp3	تو کیا اہل سیاست سے خیر کی توقع نہیں رکھنی چاہیے؟	 تو کیا اہل سیاست سے خیر کی توقع نہیں رکھنے چاہیے؟
common_voice_ur_31822940.mp3	ور یہی وجہ ہی کہ سماٹرا کو جس زلزلی نی نشانہ بنایا	 ور یہی وجہ ہی کہ سماترہ کو جس زلزلی نے مشانہ بنایا
common_voice_ur_31833830.mp3	لاہور سوئی ناردرن گیس نے متعدد پاور ہاسز کو گیس سپلائی بند کر دی	 لاہور سوئی نوردرن گیس کے متعدد پاور ہاؤسز کو گیس سپلائی بند کر دی
common_voice_ur_31965308.mp3	اس نظام میں خرابیوں کے باوجود اب بھی بہت خیر ہے۔	 اس نظام میں خرابیوں کے باوجود اب بھی بہت خیر ہے
common_voice_ur_41119177.mp3	چین کا شمسی توانائی سے اڑنے والے ڈرون کی کامیاب پرواز کا دعوی	 چین کا شمسی طوانائی سے اڑنے والے ڈرون کی کامیاب پرواز کا دعویٰ
common_voice_ur_31902411.mp3	جنسی ہراساں کرنے کا الزام افغان فٹبال فیڈریشن کے سربراہ پر پابندی	 جنسی حراسہ کرنے کا الزام افغان سکبال سٹریشن کے سربراہ پر پاغندی ہے۔
common_voice_ur_31976017.mp3	کچھ عرصہ سے کورونا کی دوسری لہر سر اٹھا رہی ہے	 کچھ عرصہ سے کرونا کی دوسری لہن سر اٹھا رہی ہے۔
common_voice_ur_31987442.mp3	یہ ہی حال کشمیر، فیصل آباد اور دوسرے علاقوں میں ھے	 یہی حال کشمیر فیصل آباد اور دوسرے علاقوں میں ہے
common_voice_ur_31833828.mp3	کپاس کی مجموعی ملکی پیداوار کم ترین سطح تک رہنے کے خدشات	 کپاس کے مجموعی ملکی پیدوار کم دنین ستا رہنے کے خدشات
common_voice_ur_31906214.mp3	کراچی وزیر اعلی سندھ کا نیشنل اسٹیڈیم کا دورہ سکیورٹی انتظامات کا جائزہ	 کراچی وزیراعلا سندھ کا نیشنل سٹیڈیم کا دورے سکورٹی انتظامات کا جائے گا
common_voice_ur_31979910.mp3	بیمار معیشت کی بحالی لیگ کا عظیم کارنامہ ہے شہباز شریف	 بیمار معیشیت کی بحالی لیگ کا عظیم کارنامہ ہے شہباز شریف
common_voice_ur_41133003.mp3	یہ تو وہی ہوا جو ہمارے معزز مولوی صاحب کے ساتھ ہوا۔	 یہ تو وہی ہوا جو ہمارے معزز مولوی صاحب کے ساتھ ہوا
common_voice_ur_28900869.mp3	وادیٔ سندھ کی تہذیب کے عظیم شہر پر بہت کام ہوا ہے	 وعدہ سندھ کی تہذیب کی عظیم شہر پر بہت کام ہوا ہے
common_voice_ur_31955947.mp3	مارچ میں جب سپین میں کوورونا وائرس کے سبب سخت لاک ڈاون تھا	 مارچ میں جب سپین میں کرونا وائروس کے سبب ساتھ لوگ ڈاؤن تھا
common_voice_ur_38485023.mp3	اگر ایسا نہیں کرسکتے تو پھر انتظار کی سولی پر چڑھ جاﺅ	 اگر ایسا نہیں کر سکتے تو پھر انتظار کی سولی پر چڑھ جاؤ
common_voice_ur_31958982.mp3	خوف کا پہلا اثر اعصاب اور دوسرا ذہن پر ہوتا ہے۔	 خوف کا پہلا اثر اصاب اور دوسرا ذہن پر ہوتا ہے۔
common_voice_ur_38470417.mp3	احد چیموں کی بھی پانچوں گھی میں ہوتی ہیں اور خادمان قوم بھی فائدے میں ہوتے ہیں۔	 اہت چیموں کی بھی پانچوگی میں ہوتی ہے اور حادمان قوم بھی فائدے میں ہوتے ہیں
common_voice_ur_38468368.mp3	میڈیا کی غیر سنجیدگی کوذمہ دار ٹھہرائیں یاکم علم متکلمین کو، نتیجہ ایک ہی ہے۔	 میڈیا کی غیر سنجیدگی کو ذمہ دار ٹھہرائیں یا کم علم متقل مین کو نتیجہ ایک ہی ہے
common_voice_ur_31928106.mp3	وزیر اعظم مراعاتی پیکج برائے برامد کنندگان میں کلیمز جمع کرانے کی تاریخ میں توسیع	 وزیر اعظم مراتی پیکج برائے برامت کندگان نے کلیمز جمع کرانے کی تاریخ میں توسیح
common_voice_ur_31951865.mp3	ہر فریق دوسرے کے لیے سِفارشات کی تجویز دیتا ہے	 ہر فریق دوسرے کے لئے صفحہ رشاد کی تجفیز دیتا ہے۔
common_voice_ur_31951907.mp3	آج حکومتیں طاقت کے ان مراکز کے سامنے بے بس ہیں۔	 آج حکومت ان طاقت کے ان مراکز کے سامنے بے بس ہے۔
common_voice_ur_32027807.mp3	اسپاٹ فکسنگ کی پیشکش عمر اکمل کیخلاف ئی سی سی کی تحقیقات	 سپورٹ فسٹنگ کے پیشگاہ شومر اکمل کے حلاف آئی سی سی کی تحقیقات
common_voice_ur_32029194.mp3	تو بی بی سی والوں کو ڈرامے بنانا یاد آگئے ہیں	 تو بی بی سی والوں کو ڈرامے بنانا جا دا گئے ہیں
common_voice_ur_32032230.mp3	اور انہیں زمین کی طرف دوبارہ سے خارج کردیتے ہیں	 اور انہیں زمین کی طرف دوبارہ سے خالش کر دیتے ہیں
common_voice_ur_41142403.mp3	حمزہ علی عباسی اور نیمل خاور کی بیٹے کے ساتھ تصویر وائرل	 حمزہ علی عباسی اور نیمل خاور کی بیٹے کے ساتھ تصویر وائرل
common_voice_ur_32039534.mp3	اللہ اللہ خیر سلا کم از کم جان تو محفوظ رہتی تھی۔	 اللہ اللہ خیر سلام کم از کم جہاں تو محدود رہتی تھی
common_voice_ur_32056001.mp3	پاکستان کبڈی سپر لیگافتتاحی میچ میں گوادر نے گجرات کو چت کردیا	 پاکستان کا بڑی سپر لیگ ستائی میچ میں گوادر نے گجرات کو چھت کر دیا
common_voice_ur_31962500.mp3	مجھے امریکہ کے بارے میں کوئی خوش گمانی نہیں ہے۔	 مجھے امریکہ کے بارے میں کوئی خوشگمانی نہیں ہے۔
common_voice_ur_31835052.mp3	تیسرا ون ڈے بھارت کو جنوبی افریقا کے ہاتھوں شکست	 تیسرا ون نے بھارت کو جنوبی افریقہ کے ہاتھوں شکست
common_voice_ur_38481351.mp3	سرکاری خرچ پر ہیلی کاپٹر استعمال کے الزامات میں کوئی صداقت نہیں۔	 سرکاری خرچ پر ہیلیکوپٹر استعمال کے اعزامات میں کوئی صداقت نہیں
common_voice_ur_31834911.mp3	جبکہ اس سے مستفید ہونے کا کوئی بل بھی نہیں	 جبکہ اس سے مستفید ہونے کا کوئی بل بھی نہیں
common_voice_ur_31980219.mp3	مشہور بینک نے ان تمام اکاؤنٹس کو بند کردیا ہے	 مشہور بینک نے ان تمام اکاؤنٹس کو بند کر دیا ہے
common_voice_ur_38413691.mp3	میں نے کہا کہ ’’ بزمِ ناز چاہیے غیر سے‘ تہی ‘‘	 میں نے کہا کہ بزم ناس چاہیے غیر سے تہی
common_voice_ur_31814026.mp3	اپنی ڈائری لے جا کر ان یادوں کو اپنی تحریر میں سمونے لگا	 اپنی ڈائری لے جا کر ان یادوں کو اپنی تحریر میں سمونے لگا
common_voice_ur_31814028.mp3	ان کی شخصیت میں جو سحر تھا وہ دوسروں میں مفقود تھا۔	 ان کی شخصیت میں جو سہر تھا وہ دوسروں میں مفقود تھا
common_voice_ur_31984735.mp3	ایشین ڈویلپمنٹ بینک کے وفد کی شہباز شریف سے ملاقات	 ایجین ڈیولپمنٹ بینک کے وفد کی شباز شریف سے ملاقات
common_voice_ur_31955665.mp3	دوچار افراد میں تنہائی کا عنصر ابھر کر سامنے آتا ہے	 دو چار افراد میں تنہائی کا انصر اُبھر کر سامنے آتا ہے
common_voice_ur_38503253.mp3	فواد اور ماہرہ کی مولا جٹ کی ریلیز ڈیٹ کا اعلان	 فواد اور ماہرہ کی مولا جٹکی ریلیز ڈیٹ کا اعلان
common_voice_ur_31981690.mp3	جو کا سبب پاکستان کرکٹ تنزلی کرنا جانب گامزن ہونا	 جو کا سب پاکستان کرکٹ تنظیمی کرنا جانب کامزن ہونا
common_voice_ur_32006621.mp3	شعیب ملک نے مداحوں کو ننھے مہمان کی امد کی نوید سنادی	 شوہ ملک نے مدہوں کو ننے ویمان قیامت کی نوی سنا دی
common_voice_ur_31814663.mp3	ارے خیال میں فوج میں بہت بڑے آپریشن کی ضرورت ہے	 ارے خیال میں فوج میں بہت بڑے آپریشن کی ضرورت ہے
common_voice_ur_31814666.mp3	لیکن دنیا بھر میں مقبول اس ڈارمے کا مرکزی کردار ارطغرل	 لیکن دنیا بھر میں مقبول اس ڈرامے کا مرکزی کردار ارتبال
common_voice_ur_38491191.mp3	نورہ کی صفائی کے بعد نیم گرم پانی سے نہا لیں	 نورہ کی صفائی کے بعد نیم گرم پانی سے نہا لے
common_voice_ur_31966278.mp3	سٹیڈیم کا جنون مُلک میں وسیع طور پر اثرانداز ہو رہا ہے	 سٹیڈیم کا جنوب ملک میں وسیع طور پر اثر انداز ہو رہا ہے۔
common_voice_ur_31974649.mp3	امجد رمضان کی نشریات کا ایک لازمی حصہ بن چکا تھا۔	 حمجد رمضان کی نشریات کا ایک لازمی حصہ بن چکا تھا
common_voice_ur_32059754.mp3	وزیر داخلہ کا تازہ ترین بیان اس کا ایک نمونہ ہے۔	 وزیر داخلہ کا تازہ ترین بیان اس کا ایک نمونہ ہے
common_voice_ur_31828621.mp3	والوں کو سوچنا چاہیے کہ ان کانام اگر دہشت کی	 والوں کو سوچنا چاہیے کہ ان کا نام اگر دہشت کی
common_voice_ur_32036192.mp3	یہ نہیں کہا جائے گا کہ فلاں شخص کافر ہے	 یہ نہیں کہا جائے گا کہ فلان شخص کافر ہے
common_voice_ur_38454497.mp3	سن کے‘ ستم ظریف نے مجھ کو اٹھا دیا کہ ’’ یوں؟ ‘‘	 سن کے ستم ضریف نے مجھ کو اٹھا دیا کہ یوں
common_voice_ur_38454511.mp3	غیر یوں کرتا ہے میری پرسش اس کے ہجر میں	 خیر یوں کرتا ہے میری پرستش اس کے ہجر میں
common_voice_ur_38465267.mp3	میں ہوں صدف تو تیرے ہاتھ میرے گہر کی آبرو	 میں ہوں صدف تو تیرے ہاتھ میں میرے گھر کی عبرو
common_voice_ur_31978538.mp3	پاکستان سپر لیگ سیزن تھری گاڑیوں کی پارکنگ کیلئے مقامات مخصوص	 پاکستان سپر لیگ سیزن 3 گاڑیوں کی پارکنگ کے لیے مقامات محسوس
common_voice_ur_31919697.mp3	نہ محکوم وہ خواب دیکھتے ہیں کہ:''اب راج کرے گی۔	 نام حکوم وہ خواب دیکھتے ہیں کہ آپ راج کرے گی
common_voice_ur_31919707.mp3	خدا کے حضور سجدے میں گرنے کو دل کرتا تھا	 خدا کے حضور سجدے میں گرنے کو دل کرتا تھا
common_voice_ur_31967035.mp3	جیسے تمام احباب مناسب سمجھیں ویسا فیصلہ کر لیا جائے۔	 جیسے تمام احباب مناسب سمجھیں ویسا فیصلہ کر لیا جائے
common_voice_ur_31921557.mp3	بارش نہ ہو رہی ہو تو بھی کھیت سرسبز ہو سکتے ہیں۔	 بارش نہ ہو رہی ہو تو بھی کھیت سر سبز ہو سکتے ہیں
common_voice_ur_32018695.mp3	بڑی مشکل سے ہوتا ہے چمن میں دیدہ ور پیدا	 بڑی مشکل سے ہوتا ہے چمن میں دیدور پیدا
common_voice_ur_32019416.mp3	تو شاید وہ ناقدین کی نظر میں معتبر بن جاتا ۔	 تو شاید وہ ناکدین کی نظر میں محتور بن جاتا
common_voice_ur_31916643.mp3	اچھا یہ بتاؤ کے آج کوئی کام ہے کرنے والا؟	 اچھا یہ بتاؤ کہ آج کوئی کام ہے کرنے والا؟
common_voice_ur_32017586.mp3	جسے ابھی عقیدے سے ایک علمی دریافت میں بدلنا تھا۔	 جسے ابھی عقیدہ سے ایک علمی دریافت میں بدلنا تھا
common_voice_ur_32026854.mp3	پی ائی اے عملے کے نئے یونیفارم کی ایک جھلک	 پی آئیے املے کے نئے یونیفرم کی ایک چھلک
common_voice_ur_31916571.mp3	یہ اصطلاحیں مغرب کے سماجی پس منظر میں ظاہر ہوئیں۔	 یہ اسطلاحیں مغرب کی سماجی پیسے منظر میں ظاہر ہوئے
common_voice_ur_31916501.mp3	میرے بڑے بھائی یہاں کے ایک سکول میں پڑھاتے تھے۔	 میرے بڑے بھائی یہاں کی ایک سکول میں پڑھاتے تھے۔
common_voice_ur_32039912.mp3	ایشیا کپ کیلئے سری لنکا کی ٹیم میں ملنگا کی واپسی	 ایشیا کپ کلیز ڈلنکا کی ٹیم میں ملنکا کی واپسی
common_voice_ur_31918132.mp3	کھلنا ٹیسٹ کے دوسرے روز پاکستانی بالرزاور بیٹسمینوں کی عمدہ کارکردگی	 کھلنا ٹیسٹ کے دوسرے روز پاکستانی بولرز اور بیٹسمنوں کی امدہ کار کرتے گئی
common_voice_ur_31918200.mp3	اس ایک میں سکرین دونوں امیدواروں کی تصویروں سے بھرتی ہے	 اس ایک میں سکرین دونوں امیدواروں کی تصویروں سے بڑھتی ہے۔
common_voice_ur_31966029.mp3	کپتان کو بدلنے کی بجائے اپنی سوچ اور نظام کو بدلو	 کپتان کو بدلنے کی بجائے اپنے سوچ اور نظام کو بدلو
common_voice_ur_31812717.mp3	اسپینش کلب ریال میڈرڈ نے انٹر میلان کو شکست دے دی	 اسپانش کلپ ریال میڈر نے انٹر میلان کو شکست دے دی
common_voice_ur_31916190.mp3	کبھی بھی پیرا شوٹ سے چھلانگ لگانا پسند نہیں کروں گا	 کبھی بھی پیرشوٹ سے چلانگ لگانا پسند نہیں کروں گا
common_voice_ur_31847037.mp3	یہی لوگ دراصل انتہا پسند تنظیموں کی غذا بنتے ہیں۔	 یہی لوگ دراصل انتہا پسند تنظیموں کی غذا بنتے ہیں۔
common_voice_ur_41138702.mp3	کیویز کے خلاف فتح کے بعد بھارتی کرکٹ ٹیم کی نمبرون پوزیشن یقینی	 ٹی ویز کے خلاف خطا کے بعد بارتی جیکیو ٹی پی نمبر ور پوزیشن جکنی دیئے
common_voice_ur_38444054.mp3	نہیں گر ہمدمی آساں‘ نہ ہو‘ یہ رشک کیا کم ہے؟	 نہیں گر ہم دمیں آسان نہ ہو یہ رشک کیا کم ہے
common_voice_ur_32046503.mp3	حضرت علی بن حسین رضی اللہ عنہ سے روایت ہے	 موسیقی
common_voice_ur_32046568.mp3	لیکن یہ کس کا قصور ہے نواز شریف اور زرداری کا	 لیکن یہ کس کا قصور ہے نواز شریف اور زداری کا
common_voice_ur_31962213.mp3	اس کی ضمانت صرف قومی سیاسی جماعتیں دے سکتی ہیں۔	 اس کی زمانت صرف قومی سیاسی جماعتیں دے سکتی ہیں
common_voice_ur_31956751.mp3	بی بی سی اردو کو اردو نہیں آتی تیندوا ہندی میں ہوتاہے	 بی بی سی اردو کو اردو نہیں آتی تیندوہ ہندی میں ہوتا ہے
common_voice_ur_31956663.mp3	آپ نے میرے بھائی کو گالی دینے کی ہمت کیسے کی	 آپ نے میرے بھائی کو گالی دینے کی حمد کسے کی؟
common_voice_ur_31970538.mp3	اس کو چیتا کے نام سے ہی سنتے آرہے ہیں	 اس کو جیتا کے نام سے ہی سنتے آ رہے ہیں
common_voice_ur_31955972.mp3	ایشیا کپ میں پاک بھارت مقابلوں میں کس کا پلڑا بھاری	 ایشیا کپ میں پاس بھارت مقابلوں میں کس کا پل رہا بھاری ہے؟
common_voice_ur_32000595.mp3	یہ کس خلش نے پھر اس دل میں آشیانہ کیا	 یہ کش خلص نے پھر اس دل میں اشیانیاں کیا
common_voice_ur_32000248.mp3	ان جگہوں کا اندرونی ماحول جو نسبتا گرم ہوتا ہے	 ان جگہوں کا اندرونی ماحول جو نسبتہ گرم ہوتا ہے
common_voice_ur_31837365.mp3	بھی دینی حلقوں میں اضطراب کی لہر دوڑا دی ہے۔	 بھی دینی حلقوں میں اس تراب کی لہر دوڑا دی ہے
common_voice_ur_31837345.mp3	یہاں کی منفرد روایات سیاح کو بہت بھلی لگتی ہیں ۔	 یہاں کی منفری دروائیات سیاہ کو بہت گھلی لگتی ہیں۔
common_voice_ur_31916329.mp3	لیکن ہاف میراتھن دوڑ ایک بڑا ہی مزیدار اور گوارہ تجربہ رہا	 ٹھیکن ہاف میراثون دور ایک بڑا ہی مزیدار اور گھوارا تجربہ ہے۔
common_voice_ur_31998688.mp3	اور خوش اخلاق انسان ہیں اللہ آپ کو سلامت رکھے	 اور خوش اخلاق انسان ہے اللہ آپ کو سلامت رکھے
common_voice_ur_31977307.mp3	جہاز کے حادثے کی خبر نے ھمیں خوفزدہ کر دیا	 جہاز کے حادثے کی خبر نے ہمیں خوف زدہ کر دیا
common_voice_ur_31983659.mp3	شاہ ولی اللہ محدث دہلوی اپنی کتاب ”ازالتہ الخفا ء“ میں لکھتے ہیں	 شاہ ولی اللہ محدث دہلوی اپنی کتاب ازالتہ الخفا میں لکھتے ہیں
common_voice_ur_31849660.mp3	یہ عمرؓ ابن خطاب کا کوڑا نہیں تھا جس کا رعب تھا۔	 یہ عمر ابن خطاب کا کوڑا نہیں تھا جس کا رہب تھا
common_voice_ur_31849668.mp3	دھر گرین ہاؤس میں کاربن ڈائی آکسائیڈ کی اضافی مقدار	 دھر گرین ہاؤس میں کاربن ڈائی اکسائٹ کی اضافی مقدار
common_voice_ur_31791368.mp3	تو اس احتجاج نے اس کو دوسو روپے تک پہنچا دیا ہے۔	 تو اس احتجاج نے اس کو دو سو روپے تک پہنچا دیا
common_voice_ur_31842109.mp3	اسی طرح فیض کی شاعرانہ عظمت کی ایک دنیا معترف ہے۔	 اسران فیض کی شہرانہ عظمت کی ایک دنیا معترف ہے۔
common_voice_ur_31841724.mp3	پیار یہ ہے کہ تم اسے اپنے خوابوں میں دیکھو۔	 پیار یہ ہے کہ تم اسے اپنے خوابوں میں دیکھو
common_voice_ur_31965090.mp3	میں کمپیوٹرکو اچھی طرح جانتا ہوں انٹرنیٹ بھی اچھا ہے	 میں کمپیٹر کا اچھی طرح جاتا ہوں انٹرنیٹ بھی اچھا ہے
common_voice_ur_38482373.mp3	وہ نہیں ہم کہ چلے جائیں حرم کو اے شیخ!	 وہ نہیں ہم کے چلے جائیں حرم کو اے شیخ
common_voice_ur_31832530.mp3	تو پھرلغت میں 'دیانت‘ کے معانی کو بدل دینا چاہیے۔	 تو پھر لغت میں دیانت کے معنی کو بدل دینا چاہیے
common_voice_ur_31976254.mp3	انشا اللہ جلد ہی سب کچھ ٹھیک ہو جائے گا	 انشاءاللہ جلد ہی سب کچھ ٹھیک ہو جائے گا
common_voice_ur_31921430.mp3	پاکستان کو بہترین فیلڈنگ سائیڈ بنانا ہدف ہے بریڈ برن	 پاکستان کو بہترین فیلڈنگ سائٹ بنانا حدف ہے بریڈ برنڈ
common_voice_ur_31841726.mp3	آئیڈیالوجی، علما اور اہل علم و دانش کا موضوع ہے۔	 ایڈیالوجی علماء اور اہل علم مدانش کا موضوع ہے۔
common_voice_ur_31842053.mp3	امریکی سویابین لانے والا بحری جہاز بندرگاہ سے ہٹایا نہیں جا سکا	 امریکی سویا بین لانے والا بحری چہاز بندرگاہ سے ہٹایا نہیں جا سکتا
common_voice_ur_31923007.mp3	کاش گھڑی کی سوئ ٹھہر ج اور میں ی بیٹھا ر	 کاج گھڑی کی سوئی ٹھہرچ اور میں ہی بیٹارے
common_voice_ur_31956873.mp3	اسٹریلین کھلاڑی نے مجھے اسامہ کہہ کر پکارا معین علی کا دعوی	 اسٹریلین کلاری نے مجھے اسامہ کہہ کر پکارا مہین علی پتا ہوا۔
common_voice_ur_31992942.mp3	قائداعظم محمد علی جناح ہندو مسلم اتحاد کے حامی تھے	 قائد حضور محمد علی جنہاں ہندو مسلم اتحاد کے حامی تھے
common_voice_ur_31837210.mp3	جہاں باپ اور بھائیوں کو بھینٹ چڑھا دیا جاتا ہے۔	 جہاں باپ اور بھائیوں کو بھینڈ چڑھایا دیا جاتا ہے
common_voice_ur_32056082.mp3	تو اس سے علاقائی اور مقامی سیاسی قوتیں کمزور ہوں۔	 تو اس سے علاقائی اور مقامی سیاسی قوتیں کمزور ہوں
common_voice_ur_31957133.mp3	اقدار میں اصلاح کاآغاز رجحان ساز طبقات سے ہو گا۔	 اقدار میں اصلاح کا آغاز رجحان ساز طبقات سے ہوگا
common_voice_ur_32062733.mp3	پہلے مرحلے میں انتظامیہ اپنے ملازمین کو ویکسین لگائے گی	 پہلے مرحلے میں انتظامیہ اپنے ملازمین کو ویکسین لگائے گی
common_voice_ur_31943055.mp3	سچ ہے ہمیں کو آپ کے شکوے بجا نہ تھے	 سچ ہے ہمیں کو آپ کے شکوے بجا نہ تھے
common_voice_ur_31943139.mp3	اپنے کردار کو اچھا کرو ہر لباس میں اچھے لگو گے	 اپنے کردار کو اچھا کرو ہر لباس میں اچھے لبو کرو
common_voice_ur_38504647.mp3	عامر خان نے سیاست میں انٹری پر خاموشی توڑ دی	 آمیر خان نے سیاست میں انٹری پر ہموشی توڑ دی
common_voice_ur_31974398.mp3	ماہ میر کی ناکامی کے سوال پر انجم شہزاد برہم	 مامیر کی ناکامی کے سوال پر انجم شہزاد برہم
common_voice_ur_31976532.mp3	نوازشریف اب ایک نئے تعارف کے ساتھ سامنے آرہے ہیں۔	 نواز شریف اب ایک نئے تعرف کے ساتھ سامنے آ رہے ہیں
common_voice_ur_31791619.mp3	جانتا ہوں کے قوائد و ضوابط سے کیسے کھیلنا ہے	 جانتا ہوں کہ قوائد و ذوابت سے کیسے کھیلنا ہے؟
common_voice_ur_31791620.mp3	ایشین گیمز پاکستان کی نرگس کا ویمنز کراٹے میں کانسی کا تمغہ	 ایشن گیمز پاکستان کی نرکس کا ویمنس کراتے میں کانسی کا غتم گا؟
common_voice_ur_31957272.mp3	عصری سیاست میں دینی ماخذ سے استدلال‘ نازک کام ہے۔	 عصری سیاست میں دینی ماخذ سے استطلال مزقام ہے
common_voice_ur_31957271.mp3	وہاں گاہکوں کے جسم کے درجہ حرارت ناپنے کا اہتمام نہیں تھا	 وہاں گاکو کے جسم کے درجہ حرارت ناپنے کا اتمام نہیں تھا۔
common_voice_ur_31951355.mp3	وہ انسانوں میں چھپی تجلی کو بھی دیکھ سکتی ہیں	 وہ انسانوں میں چھپی تجلی کو بھی دیکھ سکتی ہیں۔
common_voice_ur_31849599.mp3	بل کھاتی ہوئی ایک سڑک مسلسل بلندی کی طرف جاتی ہے۔	 پھل کھاتی ہوئی ایک سرک مسلسل بلندی کی طرف جاتی ہے
common_voice_ur_31849616.mp3	یوں اب جمہوری طریقے سے اقتدار تک پہنچنا ممکن ہے۔	 یوں اب جمہوری طریقے سے غدار تک پہنچنا ممکن ہے
common_voice_ur_31849607.mp3	جب لوگ اسے دنیاوی مقاصد کے لیے استعمال کرتے ہیں۔	 جب لوگ اسے دنیا میں مقاصد کے لئے استعمال کرتے ہیں
common_voice_ur_31791496.mp3	کیا تحریک انصاف میں خود احتسابی کا کوئی نظام ہے؟	 کیا تحریک انصاف میں خود احتسابی کا کوئی نظام نہیں؟
common_voice_ur_31791497.mp3	جنگل زیادہ گھنا نہ تھا راستے میں جگہ جگہ خوبصورت چراہ گاہیں آئیں	 جنگل زیادہ گھنانا تھا رستے میں جگہ جگہ خوبصورت چراغ گاہیں آئیں
common_voice_ur_31980657.mp3	اپنی طرف متوجہ مبذول ہونے سے خوف محسوس کرتا ہوں	 اپنی طرف متوجہ مبسول ہونے سے خوف محسوس کرتا ہوں
common_voice_ur_31981016.mp3	رہی معیشت تو اس کی داستان گلی گلی بکھری ہوئی ہے۔	 رہی معیشت تو اس کی داستان گلی گلی پکھری ہوئی ہے
common_voice_ur_31791780.mp3	اور دنیا بھر سے اپنی غلطیوں کی معافی ما نگے	 اور دنیا بھر سے اپنی غلطیوں کی معافی مانگے
common_voice_ur_31993899.mp3	جدہ مکہ شاہراہ پر شمیسی چیک پوسٹ میں نئے ٹریک بنائے گئے ہیں	 جدہ مکہ شہرہ پر شمیسی چیک پوسٹ میں نئے ٹریک بنائے گئے ہیں
common_voice_ur_31994014.mp3	کروشیا مرسینجا پوزیگا کلب کا کھلاڑی سینے پر گیند لگنے سے ہلاک	 قریشیہ مرسین جاپوزی کا کلب کے کھلاڑی سینے پر گین لگنے سے حلاق
common_voice_ur_31841864.mp3	ایما واٹسن بیوٹی اینڈ دی بیسٹ کے لیے پرفیکٹ انتخاب	 ایما واتسن بیوٹی اینڈ دی بیسٹ کے لیے پرفیکٹ انتہا
common_voice_ur_31849557.mp3	وہ نکاح شادی جیسے اداروں کی حوصلہ افزائی کرتا ہے۔	 مانکہ شادی جسے اداروں کی حوصلہ اب جائیں پھٹتا ہے
common_voice_ur_31885343.mp3	وہ دانستہ ان پہلوئوں کی نقاب کشائی سے گریزاں ہے۔	 وہ دانستہ ان پہلووں کی نکاب کشائی سے گریزاں ہیں۔
common_voice_ur_31923067.mp3	رومن اور بابل کی تہذیبوں میں بھی کچھ ایسے ہی	 رومن اور بابل کی تہذیبوں میں بھی کچھ ایسے ہی
common_voice_ur_31951500.mp3	دنیا میں ہر کسی کو کسی نہ کسی شے کی ضرورت ہے۔	 دنیا میں ہر کسی کو کسی نہ کسی شے کی ضرورت ہے۔
common_voice_ur_31951901.mp3	طیارے میں سیناٹائزنگ کے باعث سفر بہت زیادہ محفوظ ہوجاتا ہے	 تیارے میں سینٹائزنگ کے بائیس شفر بہت زیادہ محفوظ ہو جاتا ہے۔
common_voice_ur_41168223.mp3	کیا مرا تذکرہ جو ساقی نے بادہ خواروں کی انجمن میں	 کیا میرا تذکرہ جو ساکینِ بادا خواروں کی انجمن میں ہو؟
common_voice_ur_31792136.mp3	اورقانو اور غیر قانون شکار کر والہ کے ل سزا مقرر کر	 اور قانون اور غیر قانون شکار کر والا کے لام سزا مقرر کر
common_voice_ur_32009264.mp3	آپ کے لیے ویسی جس کی آپ نے تیاری کی جو یہاں	 آپ کے لئے ویسی جس کی آپ نے تیاری کی ہو یہاں
common_voice_ur_32056260.mp3	تاریخ کے لیے زیادہ ترکتابوں سے رجوع کیا جاتا ہے۔	 تاریخ کے لئے زیادہ تر کتابوں سے رجوع کیا جاتا ہے
common_voice_ur_31957856.mp3	گزشتہ چند بر سوں میں مریخ کے حوالے متعدد خبریں سامنے آرہی ہیں	 مزیشتہ چند برسوں میں مریف کے حوالے متعدد قبر سامنے آ رہی ہے۔
common_voice_ur_31970247.mp3	اب کے ہم بچھڑے تو شاید کبھی خوابوں میں ملیں	 اب کہ ہم بچھڑے تو شاید کبھی خوابوں میں ملے
common_voice_ur_31885226.mp3	یہ جنونی مذہب کی روح اور جدید دنیا سے نابلد تھے	 یہ جنوبی مذہب کی روح اور جدید دنیا سے نابلت تھے۔
common_voice_ur_31844254.mp3	یہ 'تحریک‘ نئے نئے مو ضوعات کا مطالبہ کر تی ہے۔	 یہ تحریک نئے نئے موضوعات کا تارب مطاربہ کرتی ہے
common_voice_ur_31982843.mp3	تو اسے خوش اسلوبی سے قیادت تک پہنچایا جا سکتا ہے۔	 تو اسی خوش اسلوبی سے قیادت تک پنچھایا جا سکتا ہے
common_voice_ur_31846883.mp3	ایک مضبوط حزب اختلاف سیاسی ارتقا کے لیے لازم ہے۔	 ایک مضبوط حضب اختلاف سیاسی ارتکام کے لیے لازم ہے
common_voice_ur_31958788.mp3	جیسے خوشبوئے زلف بہار آ گئی جیسے پیغام دیدار یار آ گیا	 جیسے خوشبوے ظل بہار آگئی جیسے پیغام دیدار یار آگیا
common_voice_ur_31959873.mp3	چار شہرو ں میں پروازوں کی کمی کر رہے ہیں	 چار شہروں میں پروازوں کی کمی کر رہی ہیں
common_voice_ur_32041095.mp3	باکسر محمد وسیم ایک مرتبہ پھر میدان میں اترنےکیلئے تیار ہیں	 موکسر محمد وسیم ایک مرتبہ پھر میدان میں اترنے کے لئے تیار ہیں
common_voice_ur_31846715.mp3	حالانکہ ان میں چھلنی کوئی نہیں، سب چھاج ہی ہیں۔	 حالانکہ ان میں چننی کوئی نہیں سب چھاج ہی ہیں
common_voice_ur_31970684.mp3	تو پھر استخراجی منطق کا اطلاق بھی کیا جا سکتا ہے۔	 پھر استخراجی منطق کا اطلاق بھی کیا جا سکتا ہے
common_voice_ur_31952566.mp3	وفاقی محفوظہ بورڈ کے صنعتی پیداواری انڈیکس نے ایسا ہی کِیا	 وفائی محفوظہ بورڈ کے سنتی بیدواری انڈیکس نے ایسا ہی کیا
common_voice_ur_31960287.mp3	اس وقت غزہ میں رہنے والوں میں چھ فی صد مسیحی ہیں۔	 اس بغضا میں رہنے والے لوگوں میں چھے فیصد مسیحی ہیں۔
common_voice_ur_31831784.mp3	اثاثے کیا چھپانے تھے‘ جس لائق وکیل نے ان کے کاغذات	 اساسے کیا چھپانے تھے جس لائک وکیل نے ان کے کاغذات
common_voice_ur_31975869.mp3	رواں اردو کی غرض سے گرین ہاؤس کو سبز مکان	 روہ اردو کی گھر سے گرین ہاؤس کو سبز مکان
common_voice_ur_31888148.mp3	وزیراعظم نے اقتصادی رابطہ کمیٹی کا اجلاس اج طلب کرلیا	 وزیراعظم نے ایک تصادی رابطہ کمیٹی کا اجلاس آج طلب کر لیا
common_voice_ur_31832377.mp3	تحریک انصاف پنجاب میں پیپلز پارٹی کا نیا ظہور ہے۔	 تاریخ انصاف پنجاب میں پیپلز پارٹی کا نیا ظہور ہے
common_voice_ur_38424034.mp3	آپ نے سب کو تیار کر کے میدانِ کارزار میں بھیجا	 آپ نے سب کو تیار کر کے میدان کارزار میں بھیجا
common_voice_ur_38511280.mp3	آپ سب کھانے گھر میں بناتے ہیں یا بازار سے منگواتے ہیں؟	 آپ سب کھانے گھر میں بناتے ہیں یا بزار سے منگواتے ہیں؟
common_voice_ur_31951871.mp3	کراچی پی ایس ایل فائنل کیلئے ٹریفک انتظامات بھی مکمل	 کراچی پی ایس ایل فائنل کے لیے ٹرافک انتظامات بھی کامل
common_voice_ur_31848447.mp3	ورنہ اپنا درد تو حیوان بھی محسوس کر تے ہیں ۔	 ورنہ اپنا درد تو حیوان بھی محسوس کرتے ہیں
common_voice_ur_41174320.mp3	پریانکا چوپڑا فلم کی کمائی سے حصہ لینے والی پہلی اداکارہ	 ریانکا چوپڑا فلم کی کمائی سے حصہ لینے والی پہلی عدکارہ
common_voice_ur_38462962.mp3	یہ بندہ وقت سے پہلے قیامت کر نہ دے برپا	 یہ بندہ وقت سے پہلے قیامت کر نہ دے برپا
common_voice_ur_31829624.mp3	نظم اجتماعی کے خلاف عوام میں بغاوت پیدا کرتے ہیں۔	 نظم اجتماعی کے خلاف عوام میں بغاوت پیدا کرتے ہیں
common_voice_ur_31979170.mp3	یورپی مصوری میں زرد رنگ کی تاریخی اور معاشی اہمیت	 یورپی مصوری میں زرد رنگ کی تاریخی اور معاشی اہمیت
common_voice_ur_31830097.mp3	اورعرب فنکار اپنے فن کا مظاہرہ کر رہے ہوتے ہیں۔	 اور عرب فنکار اپنے فن کا مظاہرہ کر رہے ہوتے ہیں
common_voice_ur_31830058.mp3	مشکل پیش آئی ابتدائی مر حلے میں یہ پاکستان کے	 مشکل پیش آئی ابتدائی مرحلے میں یہ پاکستان کے
common_voice_ur_31973116.mp3	لوگ کہانی پر آخری منظر دیکھ کر تبصرہ کر رہے ہیں۔	 لوگ کہانی پر آخری منظر دیکھ کر تبصرہ کر رہے ہیں
common_voice_ur_31836913.mp3	پنجاب میں پاکستان کے ساٹھ فی صد افراد آباد ہیں۔	 پنجاب میں پاکستان کے ساٹھ فیصد افراد آباد ہیں
common_voice_ur_31925910.mp3	یہاں ایک اور چھوٹی سی کہانی کی معمولی لائنیں ہیں	 یہاں ایک اور چھوٹی سی کہنے کی معمولی لیمہ ہے۔
common_voice_ur_31925844.mp3	جَہاں یِہ جانور اپنی خوراک کرنا تلاش میں آنا ہونا	 جہاں یہ جانور اپنی خوراک کرنا تلاش میں آنا ہونا
common_voice_ur_32008199.mp3	رسالت مآبﷺ کی حیات مبارکہ کے آخری ایام کیسے تھے؟	 رسالت مارک صلی اللہ علیہ وسلم کی حیات مبارکہ کے آخری ایام کیسے تھے؟
common_voice_ur_38499186.mp3	تاج محل میں دودھ پلانے والی ماں کیلئے علیحدہ کمرہ بنانے کا اعلان	 تاج محل میں دودھ پلانے والی ماں کے لیے الیدہ کمرہ بنانے کا اعلان
common_voice_ur_32004146.mp3	پاکستان میں نظریاتی لبرل عددی طور پر بہت کم ہیں۔	 پاکستان میں نظریاتی لبرل عددی طور پر بہت کم ہے۔
common_voice_ur_31829319.mp3	اس وقت کمپیوٹر کے سامنے بیٹھ کر ٹائپنگ کر رہا ہوں	 اس وقت کمپیوٹر کے سامنے بیٹھ کر ٹائپنگ کر رہا ہوں
common_voice_ur_32014177.mp3	میاں برادران ترقی کا پہلا ماڈل پیش نظر رکھتے ہیں۔	 میاں برادران ترقی کا پہلا موڈل پیچ نظر رکھتے ہیں
common_voice_ur_31890014.mp3	سوات کی ریاست نے پاکستان کے ساتھ الحاق کیا تھا ۔	 سواد کی ریاست نے پاکستان کے ساتھ الہاک کیا تھا
common_voice_ur_31985183.mp3	اس حصہ کو ووٹر شناختی یونٹ کا نام دیا گیا ہے	 اس حصے کو ووٹر شناختی یونٹ کا نام دے گیا ہے۔
common_voice_ur_38422597.mp3	کسی روز مسکرا کے آ ، ہر طرف ضیاء کر دے	 کسی روز مسکرا کے آ ہر طرف زیا کر دیں
common_voice_ur_38441188.mp3	وہ ستم گر مرے مرنے پہ بھی راضی نہ ہوا	 وہ ستمگر مرے مرنے پہ بھی راضی نہ ہوا
common_voice_ur_31792740.mp3	ائل ٹینکر اونرز ایسوسی ایشن کا مطالبات کی منظوری تک ہڑتال جاری رکھنے کا اعلان	 آئل ٹینکر اونرز اسوسییشن کا مطالبات کی منظوری تک ہر تال جاری رکھنے کا اعلان
common_voice_ur_31836992.mp3	انہیں کالم نگاری کے بارے میں تحقیق کرنا ہوتی ہے۔	 انہیں کالم نگاری کے بارے میں تحقیق کرنا ہوتی ہے
common_voice_ur_31889801.mp3	وہ فوجداری دفاعی کام میں پیشہور مہارت حاصل کرے گا	 وہ فوجتاری دفاعی کام میں پیشاور مہارت حاصل کرے گا
common_voice_ur_31829627.mp3	جنہیں اپنی مناسب نشوونما کیلئے زیادہ حرارت درکار ہوتی ہے	 جنہیں اپنی مناسب نوشن ماں کے لئے زیادہ حرارت درکار ہوتی ہے
common_voice_ur_31828409.mp3	ایف بی کا ڈاکٹرز کے بعد فیشن ڈیزائنرز کے گرد گھیرا تنگ	 ایف پی کا ڈاکٹرز کے بعد فیشن ڈیزائنرز کے گرد کھیرہ تنگ
common_voice_ur_38422323.mp3	یااللہ رحم فرما ہم سب پہ یا ظالمو کو ہدایت دے آمین	 یا اللہ رحم فرما ہم سب پہ یا ظالموں کو ہدایت دے آمین
common_voice_ur_31989103.mp3	دنیا بھر میں خواتین کا ڈونلڈ ٹرمپ کے خلاف مارچ	 دنیا بھائی میں خواتین کا ڈانلڈ ٹرم کے خلاف مارچ
common_voice_ur_32042137.mp3	ماجد خان کو چیئرمین پی سی بی بنانے کی تجویز	 ماجد خان کو چیرمن پی سی بی بنانے کی رجویز
common_voice_ur_32007953.mp3	گو سب کو بہم ساغر و بادہ تو نہیں تھا	 وہ سب کو بہم ساغر و بادا تو نہیں تھا
common_voice_ur_32008136.mp3	سر بیچ دیں تو فکر دل و جاں عدو کریں	 سر بیج دے دو فکر دے لو جا عدو کریں
common_voice_ur_31937432.mp3	جون سے شرم الشیخ سے جدہ کے لیے براہ راست پروازیں چلائی جائیں گی	 جون سے شرمل شیخ سے جدہ کے لیے برائے راست پروازیں چلائی جائیں گی
common_voice_ur_31937251.mp3	ٹرنباگو نائٹ رائیڈرز تیسری مرتبہ کیریبیئن پریمیئر لیگ کی چیمپیئن	 چن باگو نائٹ رائیڈرز تیسری مرتبہ کاریون پریمیر لیگ کی چامپئن
common_voice_ur_31952655.mp3	کے عشرے میں روس کے خلاف افغان تحریک مزاحمت کو سپورٹ	 کہ اشرم روس کے خلاف افغان تحریک مضاہمت کو سپورٹ
common_voice_ur_38441577.mp3	ایک اک لمحہ ایک صدی تھا کب ہم پر آسان ہوا	 ایک ایک لمحہ ایک صدی تھا کب ہم پر آسان ہوا
common_voice_ur_38457333.mp3	معروف سوشل میڈیا اسٹار شام ادریس نے دوست سے منگنی کرلی	 معروف سوشل میڈیا سٹار شاہ مدریس نے دوست سے منگی کر لی
common_voice_ur_38442322.mp3	کوئی میرے دل سے پوچھے ترے تیر نیم کش کو	 کوئی میرے دل سے پچھے تیرے تینے کشکو
common_voice_ur_31999704.mp3	اس نسل کی ایک جوڑی کی بولان کے پہاڑیوں میں بھی موجودگی کی اطلاعات ہے	 اس نسل کے ایک جوری کی بولان کے پہاڑیوں میں بھی موجود ہی کی اطلاعات ہیں۔
common_voice_ur_31792873.mp3	صوبوں کو صنعتی زونز کے قیام کیلئے ہدایات جاری کردیں احسن اقبال	 صوبوں کو سنتی زونز کے قیام کے لیے ہدایات جاری کر دیں احسن اقبال
common_voice_ur_32038316.mp3	اور عوام الناس اسی اعتبار سے اسے قبول کرتے ہیں	 اور عوام الناس اس اعتبار سے اسے قبول کرتے ہیں
common_voice_ur_32002474.mp3	جہاں انسانی لاشوں کو عبرت کے لیے لٹکایا گیا تھا۔	 جہاں انسانی لاشوں کو عبرت کے لیے لٹکایا گیا تھا
common_voice_ur_31793075.mp3	ان کے شوخ رنگ قاری پر جادو کر دیتے ہیں	 ان کے شوخ رنگ کاری پر جادو کر دیتے ہیں
common_voice_ur_32009608.mp3	پاکستان اسٹاک ایکسچینج میں روز تک کاروبار بند رہے گا	 پاکستان سٹالچ چینج میں روز تک کاروبار بن رہے گا
common_voice_ur_31828572.mp3	عزیر جسوال نے اداکاری کے میدان میں قدم رکھ لیا	 ازہر جیسوال نے ادھاکاری کے میدان میں قدم رکھ لیا
common_voice_ur_38477209.mp3	ہفتہ وار دو چھٹیاں ختم کرنے پر بینک ملازمین سراپا احتجاج	 ہفتہ وار دو چھوٹیوں حتم کرنے پر بینک میں لازمین سراب پر احتجاج
common_voice_ur_30574181.mp3	اب تو خریدوفروخت کے نہ کھاتے رکھے جاتے ہیں اور نہ ہی اشیائے	 اب تو خرید و فروخت کے نہ کھاتے رکھے جاتے ہیں اور نہ ہی اشیائے
common_voice_ur_32045128.mp3	کھیل اب سرمایہ دارانہ نظام معیشت کا ایک حربہ ہے۔	 کھیل اب سرمایہ دارانہ نظام معیشت کا ایک حربہ ہے۔
common_voice_ur_31890634.mp3	بلکہ اردو میں ایک ویب سائٹ کا اجرا بھی کیا ۔	 بلکہ اردو میں ایک ویب سائٹ کا اجرا بھی کیا
common_voice_ur_31890780.mp3	انسانیت کی نہج کبھی بھی ایک ڈگر پر گامزن نہیں	 انسانیت کی نہج کبھی بھی ایک ڈگر پر گامزن نہیں
common_voice_ur_32006386.mp3	قندیل کی کہانی ان خواتین کی زبانی جو انہیں سب سےبہتر جانتی تھیں	 کندیل کی کہانی ان خواتین کی زبانی جو انہیں سب سے بہتر جانتی تھی۔
common_voice_ur_32005193.mp3	افسانہ طرازی اپنی جگہ مگر یہ امر واقعہ ہے کہ	 افسانہ ترازی اپنے جگہ مگر یہ امر واقع ہے کہ
common_voice_ur_31836678.mp3	تاہم کہانی نے واقعتا اپنے تمام امکانات کی کھوج نہیں کی	 تاہم کہانی نے واقعتاً اپنے تمام امکانات کی کھوج نہیں کی
common_voice_ur_31836687.mp3	میں نے انتخابات کے دنوں میں اسے مو ضوع بنایا ہے۔	 میں نے انتخابات کے دنوں میں اسے موضوع بنایا ہے۔
common_voice_ur_31793237.mp3	کھیلوں سے متعلق کارکردگی کا جائزہ لینے کیلئے ٹاسک فورس بنانے کا فیصلہ	 کھیلوں سے متعلق کارکردگی کا جائزہ لینے کے لیے ٹاسک فورس بنانے کا فیصلہ
common_voice_ur_31894729.mp3	ایشیا کپ بھارتی ٹیم کا اعلان ویرات کوہلی ٹیم سے باہر	 ایشیا کا بھارتی ٹیم کا اعلان ویرات کولی ٹیم سے باہر
common_voice_ur_31966215.mp3	چین سان یوان نے یہ گیم اپنے بھائی سے سیکھی تھی	 چین سان یوان نے یہ گیم اپنے بھائی سے سیکھی تھی۔
common_voice_ur_31324157.mp3	ومبلڈن اوپن ٹینس کیون اینڈرسن نے فائنل کے لئے کوالیفائی کر لیا	 وی میلڈن اوپن ٹینس کیون انڈریسن نے فائنل کے لئے کوالیفائی کر لیا۔
common_voice_ur_31836665.mp3	سیاسی جماعتیں پہلے کی طرح باہم دست و گریبان ہیں۔	 سیاسی جماعتیں پہلے کی طرح باہم دستو گرے باہم ہیں
common_voice_ur_31966057.mp3	نوجوان کھلاڑی شاہین افریدی نے ویسٹ انڈیز کیخلاف ڈیبیو کردیا	 نوجوان کھلاری شاہین افریبی نے ویسٹ انڈیز کے کھلار ڈیبیو کر دیا
common_voice_ur_31926210.mp3	اس ادارے سے بعض نامور علمی شخصیات وابستہ رہی ہیں۔	 اس ادارے سے بعض نامور علمی شخصیات وابستہ رہی ہیں
common_voice_ur_31934437.mp3	سبز پتے ہیں جو آنکھوں کے لیے ٹھنڈک کا باعث ہیں۔	 سبز پتے ہیں جو آنکھوں کے لیے تھنڈا کا بھائی سے ہیں
common_voice_ur_31982129.mp3	صحبت میں غیر کی نہ پڑی ہو کہیں یہ خو	 صوبت میں غیر کی ناپڑی ہو کہیں یہ ہو
common_voice_ur_32008876.mp3	پرانا شوق پورا کیا ، کتابی دیکھیں ، کچھ نئی ، کچھ وہی پرانی	 پرانا شوق پورا کیا کتابی دیکھیں کچھ نہیں کچھ وہی پرانی
common_voice_ur_31920335.mp3	اُس پرانی فلم نے میری بچپن کی یادیں تازہ کردیں	 اس پرانی فلم نے میری بچپن کی یادیں تازہ کر دی
common_voice_ur_31959296.mp3	ایشیا کپ بنگلہ دیشی اسکواڈ سے صابر اور انعام ڈراپ	 ایشیا کپ بنگلہ دیشی سکورڈ سے سابر اور انام ڈروپ
common_voice_ur_32005287.mp3	سو کر ہی نہ اٹھیں یہ ارادہ تو نہیں تھا	 سو کر ہی نہ اٹھیں یہ ارادہ تو نہیں تھا
common_voice_ur_31793344.mp3	کینیا سے درامد چائے میں مضر صحت کیمیکل کی موجودگی کا انکشاف	 کینیا کے درآمد چائے میں مظہری صحت کیمیکل کی موجودگی کا انکشاف
common_voice_ur_31967970.mp3	اوریہ کہ وہ تصادم کی نہیں، اصلاح کی بات کررہی ہے۔	 اور یہ کہ وہ تصادم کی نہیں اصلاح کی بات کر رہے ہیں
common_voice_ur_31981601.mp3	اس کے برخلاف ایڈہاک ازم سب کچھ برباد کر دیتا ہے۔	 اس کے برخلاف ایڈ ہاکزم سب کچھ برابر کر دیتا ہے
common_voice_ur_31978938.mp3	وسیم کے بعد رمیز بھی ڈب اسمیش کلب کے ممبر بن گئے	 وسیم کے بعد رمیز بھی ڈپ سمیش کلپ کے ممبر بن گئے
common_voice_ur_31824275.mp3	سلیمان ندوی آخر نورجہاں پر کیا اور کیوں لکھیں گے؟	 سلیمان ندوی آخر نور جہاں پر کیا اور کیوں لکھیں گے
common_voice_ur_32014444.mp3	جہاں دو متحارب افواج ایک دوسرے کے مد مقابل ہوں۔	 جہاں دو مطابق افواج ایک دوسرے کے مد مقابل ہوں
common_voice_ur_32044516.mp3	کہا جاتا ہے کہ ''ڈان لیکس‘‘ محض ایک راؤنڈ تھا۔	 کہا جاتا ہے کہ ڈان لیکس میز ایک راؤنڈ تھا
common_voice_ur_31996541.mp3	فیفا ورلڈکپ کولمبیا اور جاپان اگلے مرحلے میں پہنچ گئیں	 ٹی فا ورک اپ کولمبی اور جاپان اگلی مرحلے میں پہنچ گئے
common_voice_ur_31975466.mp3	ایشیا کپ کے وہ یادگار لمحات جنہیں بھلانا ممکن نہیں رہا	 ایشیا کپ کے وہ یادگار لمحات جنہیں بھلانا ممکن نہیں رہا
common_voice_ur_31988204.mp3	رقبے کے لحاظ سے براعظم افریقہ کا سب بڑا ملک ہے	 رقبے کے لحاظ سے بریازم افریقہ کا سب بڑا ملک ہے۔
common_voice_ur_31793908.mp3	۔ یہ پکنک ، سیاحت وغیرہ پرلے جانے کے لئے بہترین ہے۔	 یہ پکنک صحت وغیرہ پر لے جانے کے لیے بہترین ہے
common_voice_ur_31915937.mp3	اپنی اپنی تعبیر اور اس پر اصرار کہ یہی اسلام ہے۔	 اپنی اپنی تعبیر اور اس پر اسرار کہ یہی اسلام ہے۔
common_voice_ur_31967342.mp3	جیمی مک کائی سنگاپور میں قائم اداری ارتھ آبرو یٹری سی منسلک ایک ماہر ارضیات ہیں۔	 جمعی مکہ سنگپور میں قائم اداری ارت عابرو یا ٹری سین منسلک ایک ماہر ارضیات ہیں۔
common_voice_ur_31975894.mp3	یہ آزمائش پانچ ہفتوں تک جاری رہنے کی توقع ہے	 یہ آزمائش پانچ ہفتوں تک جاری رہنے کی توقع ہے
common_voice_ur_31955855.mp3	کیا لبرل ازم اور مذہب میں کہیں اعتدال نہیں ہوتا؟	 کیا لبرلزم اور مذہب میں کہیں اتدال نہیں ہوتا؟
common_voice_ur_31833838.mp3	حبیب بینک نے تیسری مرتبہ قائد اعظم ٹرافی جیت لی	 ابھی بینک نے تیسری مرتبہ قائدہ عظم ٹروفی جیت لے
common_voice_ur_38462325.mp3	مذاکرات کے بعد ممکنہ رہائی پر مبنی خبروں میں نہ آئیں	 مذاکرات کے بعد ممکنہ رہائی پر مبنی خبروں میں نہ آئیں
common_voice_ur_38463667.mp3	دوبارہ سے میری ریڑ ھ کی ہڈی میں سرد لہر ڈوڑتی چلی گئی	 دوبارہ سے میری ریڑ کی ہڈی میں سرد لہر دوڑتی چلی گئی
common_voice_ur_32002053.mp3	یوں مصنوعی نہیں رہیں بناوٹ کی عمر مختصر ہوتی ہے۔	 یوں مصنوعی نہیں رہے بناوٹ کی عمد مختصر ہوتی ہے
common_voice_ur_31978924.mp3	اب یہ کچھ عرصے سے یہاں پہ تیندوا مشہور ہوگیاہے	 اب یہ کچھ عرصے سے یہاں پہ تین دوہ مشہور ہو گیا ہے
common_voice_ur_31823902.mp3	سی پیک منصوبوں میں عدم دلچسپی کی رپورٹس پروپیگنڈا ہیں چین	 سی پیک منصوبہ میں ادم دل چسپی کی ریپورٹس پروپاگنڈا ہے چین
common_voice_ur_31997055.mp3	میں اپنے پارسی بھائیوں کیساتھ اظہار یک جہتی کرتا ھوں	 میں اپنے پارسی بھائیوں کے ساتھ ہزارے یک جہدی کرتا ہوں
common_voice_ur_41133114.mp3	افواہیں ختم کیدر ناتھ میں سارہ علی خان اور سشانت سنگھ کا رومانس سامنے اگیا	 افواہیں ختم کے درناتھ میں سارا علی خان اور سشان سنگھ کا روان سامنے آ گیا۔
common_voice_ur_31824212.mp3	وہاں لوگوں کے مذہبی جذبات سے بھی کھیلاجا رہا ہے۔	 وہاں لوگوں کے مذہبی جذبات سے بھی کھیلا جا رہا ہے
common_voice_ur_31948654.mp3	تھی یاروں کی بہتات تو ہم اغیار سے بھی بیزار نہ تھے	 تھی یاروں کی بہتات تو ہم اغیار سے بھی بیزار نہ تھے
common_voice_ur_31833058.mp3	کیا وہ بھی کسی نیک مقصد کے لیے حوالۂ زنداں ہیں؟	 کہ وہ بھی کسی نیک مقصد کے لیے حوالہ زندہ ہیں
common_voice_ur_31833097.mp3	آج بھی دیوی دیوتاؤں کے نام کے بت بنا ئے جاتے ہیں	 آج بھی دیوی دیتاؤں کے نام کے بدھ بنای جاتے ہیں
common_voice_ur_38431450.mp3	"امجد کی کوششیں لاحاصل نہیں رہیں آج میرے لبوں پہ ""تاجدار حرم"" ہے۔"	 امجد کی کوششیں لاحاصل نہیں رہیں آج میرے لبوں پہ تاجدارِ حرم ہے۔
common_voice_ur_38431571.mp3	"اس وقت کو بڑھایا جا سکتا ہے"" مگر اس کی تحدید لازم ہے۔"	 اس وقت کو بڑھایا جا سکتا ہے مگر ان کی تہدید لازم ہے
common_voice_ur_38459183.mp3	گری ہے جس پہ کل بجلی‘ وہ میرا آشیاں کیوں ہو؟	 گری ہے جس پہ کل بجلی وہ میرا آشیاں کیوں ہوں؟
common_voice_ur_31986681.mp3	ویسٹ انڈیز کا دورہ پاکستان ان لائن ٹکٹوں کاکوٹہ سے فیصد کردیاگیا	 ویسٹ انڈیز کا دورہ پاکستان آن لائن ٹکٹوں کا ٹوکا سے فیصد کر دیا کیا؟
common_voice_ur_31897130.mp3	وہ دنیا سے انمٹ حسین یادیں چھوڑ کر رخصت ہوا۔	 وہ دنیا سے انمٹھ حسین یادیں چھوڑ کر رخصت ہوا۔
common_voice_ur_31995245.mp3	مبشر صدیق صاحب آپ کو دعائیں ہیں آپ کے والد محترم کی	 مبشور صدیق صاحب آپ کو دعائیں ہیں آپ کے والد محترم کی
common_voice_ur_31986445.mp3	اس موقع پر سیرت نگاروں کو انعامات دیے جاتے ہیں۔	 اس موقع پر سیرت نگاروں کو انعامات دیے جاتے ہیں
common_voice_ur_31775006.mp3	جو وائرس کے ساتھ ساتھ افواہوں کے خلاف بھی لڑ رہے ہیں۔	 جو وائرس کے ساتھ ساتھ افواہوں کے خلاف بھی لڑ رہے ہیں
common_voice_ur_31931563.mp3	عوام سے پہلے، خواص کو اس کی حساسیت کو سمجھنا ہے۔	 عوام سے پہلے خواست کو اس کی حساسیت کو سمجھنا ہے
common_voice_ur_31772082.mp3	آپ فکر نہ کریں مجھے آپ کی یاد داشت پر بھروسہ ہے	 آپ فکر نہ کریں مجھے آپ کی یاد داشت پر بھروسہ ہے
common_voice_ur_31985289.mp3	ملک کے حالات ماضی سے یکسر مختلف نظر آتے ہیں۔	 ملک کے حالات ماضی سے اکثر مختلف نظر آتے ہیں۔
common_voice_ur_31951339.mp3	عالمی سازشوں کو اپنی شکست کی وجہ قرار دیتے ہیں	 آنمی سازشوں کو اپنی شکست کی وجہ قرار دیتے ہیں۔
common_voice_ur_32003618.mp3	ثانیہ مرزا اور اظہر محمود کے درمیان دلچسپ نوک جھونک	 سانیہ مرزا اور ارزل محبوت کے درمیان دلچسپ نوک جھونگ
common_voice_ur_32036637.mp3	بہت سی تحریریں، ان سب خواص سے تہی دامن ہوتی ہیں۔	 بہت سی تحریریں ان سب خواست سے تہی دامن ہوتی ہیں
common_voice_ur_31985064.mp3	پھر جنگل ہیں جو زمین کے موسموں کو تھامے ہوئے ہیں۔	 پھر جنگل میں جو زمین کے موسموں کو تھامے ہوئے ہیں
common_voice_ur_38415640.mp3	جوئے خوں آنکھوں سے بہنے دو کہ‘ ہے شام فراق	 جو اے خون آنکھوں سے بہننے دو کے ہے شام فراک
common_voice_ur_32030170.mp3	سیاست دان قانون اور اخلاقیات کا پابند ہو تا ہے۔	 سیاستدان قانون اور اخلاقیات کا پابند ہوتا ہے
common_voice_ur_31841577.mp3	اُردو کا بعض اوقات ہندی کے ساتھ موازنہ کیا جاتا ہے	 اردو کا بعض وقت ہندی کے ساتھ موازنہ کیا جاتا ہے
common_voice_ur_38443986.mp3	خطا کس کی ہے یا رب لا مکاں تیرا ہے یا میرا	 خطا کس کی ہے یا رب؟ نامکاں تیرا ہے یا میرا؟
common_voice_ur_32017825.mp3	بقیہ پورا ٹور تو ٹیم نے اچھ کارکردگی دکھائی ہے	 بقیہ پورا ٹیم تو ٹیم نے اچھا کارکردگی دکھائی ہے
common_voice_ur_31981025.mp3	گمان یہی رکھنا چاہیے کہ ہر مسلمان نماز پڑھتا ہے۔	 گمان یہی رکھا چاہئے کہ ہر مسلمان نماز پڑھتا ہے
common_voice_ur_31794079.mp3	اور سردی سے بچائو کے لئے یہاں کے غریب عوام لکڑی جلاتے ہیں ۔	 اور سردی سے بچاؤ کے لیے یہاں کے غریب عوام لکڑی جلاتے ہیں
common_voice_ur_31794142.mp3	ھر یہ سوچتا شاید ان کو ابھی تک کوئی کام	 ہر یہ سوچتا شاید ان کو ابھی تک کوئی کام
common_voice_ur_31794137.mp3	ناصر جمشید کا اسپاٹ فکسنگ کیس اینٹی کرپشن ٹربیونل کو بھیج دیاگیا	 ناصر جمشید کا سپاٹ فکسنگ کیس انٹی کرپشن ٹربیونل کو بھیج دیا گیا
common_voice_ur_31794258.mp3	اسی طرح افغانستان کے ساتھ فطری رشتہ دوستی کا ہے۔	 اسی طرح افغانستان کے ساتھ فطری رشتہ دوستی کا ہے
common_voice_ur_31974443.mp3	اسٹریلیا پاکستان کو ڈیری کے شعبے میں معاونت فراہم کرے گا	 آسٹریلیا پاکستان کو ڈیری کے شعبے میں معاونت فرام کرے گا
common_voice_ur_31878379.mp3	پاکستانی کَیا طرح صبح سویرے بیدار ہونا اور پریس کانفرنس کرنا	 پاکستانی کیا طرح صبح صویرے بیدار ہونا اور پریس کانفرنس کرنا؟
common_voice_ur_31953250.mp3	ہم سے جہاں میں کشتۂ غم اور کیا نہ تھے	 ہم سے جہاں میں کشتہ غم اور کیا نہ تھے
common_voice_ur_31863792.mp3	ایسے لمحوں میں خود کو سنبھالنے کی ضرورت ہوتی ہے۔	 اسے لمحوں میں خود کو سنبھالنے کی ضرورت ہوتی ہے
common_voice_ur_31985233.mp3	جہاں علامہ اقبال اور قائد اعظم نے اسے چھوڑا تھا۔	 جہاں علامہ اقبال اور قیدی علم نے اسے چھوڑا تھا۔
common_voice_ur_31841278.mp3	فخرزمان کی تعریف کرنے پر محمد کیف تنقید کا شکار	 فخر زمان کی تعریف کرنے پر محمد قیف تنقید کا شکار
common_voice_ur_38466493.mp3	کراچی میں گرمیاں اپریل سے اگست تک باقی رہتی ہیں	 کراچی میں گرمیاں اپریل سے اگس تک باقی رہتی ہے
common_voice_ur_38441113.mp3	عدو کے ہو لیے جب تم‘ تو میرا امتحاں کیوں ہو؟	 ادو کے ہلیے جب تم تو میرا امتحان کیوں ہو؟
common_voice_ur_31968006.mp3	موجودہ زمانے میں امتِ مسلمہ کا ایک بڑا المیہ یہ ہے	 مجیدہ زمانے میں عمت وسلمہ کا ایک بڑا علمیہ یہ ہے
common_voice_ur_31952819.mp3	تو انہیں یہ اینکر انتہا پسند دکھائی دینے لگے ہیں۔	 تو انہیں یہ انکر انتہائی پسند دکھائی دینے لگے ہیں۔
common_voice_ur_32016450.mp3	میں اپنا تجزیہ نکات کی صورت میں بیان کر رہا ہوں۔	 میں اپنا تیزیہ نقاط کی صورت میں بیان کر رہا ہوں
common_voice_ur_31809276.mp3	پھر نہ رباعی کی خبر آئی اور نہ غزل کا نشان ملا	 پھر نہ ربائی کی خبر آئی اور نہ غزل کا نشان ملا
common_voice_ur_41108210.mp3	وہ اپنی کامیابی کو اپنے اہداف کی طرف قدم بڑھاتے ہیں۔	 وہ اپنی کامیابی کو اپنے اہداف کی طرف قدم بڑھاتے ہیں
common_voice_ur_38469227.mp3	آپ ہی ہو نظارہ سوز پردے میں منہ چھپائے کیوں	 آپ ہی ہو نظارہ سو سپندے میں مو چھپائے کیوں؟
common_voice_ur_31809294.mp3	پروفیسر صاحب نے خود کو روایت سے وابستہ رکھا ہے۔	 پروفیسر صاحب نے خود کو روایت سے وابستہ رکھا ہے
common_voice_ur_31950570.mp3	تمہیں تو ٹھیک طرح سے کام کروانا بھی نہیں آتا	 تمہیں تو ٹھیک طرح سے کام کروانا بھی نہیں آتا
common_voice_ur_31343268.mp3	زخمی ہوجانے سے رنویر سنگھ کو کروڑ روپے کا نقصان	 زخمی ہونے سے رنویر 5 کروڑ روپے کا نقصان
common_voice_ur_38499817.mp3	اور تو اور اپنے دیس کا لباس، مردوں اور عورتوں کا، تبدیل کر ڈالا۔	 عورتوں اور اپنے دیس کا لباس مردوں اور عورتوں کا تبدیل کر ڈالا
common_voice_ur_41174300.mp3	کیونکہ اس نے اسد حکومت کو گرنے سے بچایا ہے۔	 کیونکہ اس نے اسد حکومت کو گرنے سے بچایا ہے
common_voice_ur_31967649.mp3	مگر اب تو کچی شراب ہر جگہ پی جانے لگی	 مگر اب تو کچھی شراب ہر جگہ پھر جانے لگی
common_voice_ur_31937219.mp3	غیور دلیر بہادر بلوچ مسلمان کے لیئے وہ خوشی کا دن تھا	 ریور دلیر بہادر بلوچ مثلمان کے لیے وہ خوشی کا دن تھا
common_voice_ur_31841296.mp3	حکومت اور ریفائنریز میں فرنس ئل کی خریداری پر معاملات طے پاگئے	 حکومت اور ڈیفانریز میں فرنس آئل کی خریداری پر معاملات تیپ آگئے
common_voice_ur_32017969.mp3	براہ مہربانی کچھ دیر انتظار فرمائیں یا اپنے براؤزر کو ریفریش کریں	 برائے مہربانی کچھ تیر انتظار فرمائیں یا اپنے براؤزر کو ریفریش کریں
common_voice_ur_32019071.mp3	پیرس کے حادثے پر ان کا ابتدائی رد عمل ناکافی تھا۔	 پیرس کے حادثے بار ان کا ابتدائی رد عمل نہ کافی تھا۔
common_voice_ur_38452352.mp3	کعبہ میں جا رہا‘ تو نہ دو طعنہ‘ کیا کہیں	 کعبہ میں جا رہا تو نہ دھو تانا کیا کہیں
common_voice_ur_32010344.mp3	یہ مسائل اصل مسئلے سے کہیں زیادہ گمبھیر ہوتے ہیں۔	 یہ مسائل اصل مسئلے سے کہیں زیادہ گمبیر ہوتے ہیں
common_voice_ur_38447406.mp3	صحبت پیر روم سے مجھ پہ ہوا یہ راز فاش	 صحبت بھی روم سے مجھ پہ ہوا یہ راز فاش
common_voice_ur_31916309.mp3	پاکستان بھارت کے عظیم کھلاڑیوں کے ناموں سے سیریز ہونی چاہیے	 پاکستان بھارت کے عظیم کھلاریوں کے ناموں سے سیریز ہونے چاہیے
common_voice_ur_38428603.mp3	انہیں میں تشنگی کی حد کو بھی چھو کر بناتی ہوں	 ان میں تشنگی کی ہاتھ کو بھی چھو کر بناتی ہوں
common_voice_ur_38451712.mp3	ووٹنگ کے لیے کوئی حتمی وقت طے نہیں ہو سکا	 موٹنگ کے لیے کوئی ختمی وقت تیع نہیں ہو سکا
common_voice_ur_31833746.mp3	پی سی بی نے سزا یافتہ کرکٹرز کیلئے روڈمیپ جاری کردیا	 پی سی بی نے سزایافتہ کرکٹرز کے لیے روڈ مپ جاری کر دیا
common_voice_ur_31809354.mp3	کہ گو یا یہ حسین نظارے اوجھل نہ ہو جائیں	 کہ گویا یہ حسین نظارے اچھل نہ ہو جائے
common_voice_ur_38452689.mp3	ظلم برداشت کرنے والا بھی اتنا ہی ظالم ہے جتنا ظلم کرنے والا	 ظلم برداشت کرنے والا بھی اتنا ہی ظالم ہے جتنا ظلم کرنے والا
common_voice_ur_38467397.mp3	اس دن پوری اسلامی دنیا میں جشن کا سماں ہوگا	 اس دن پوری اسلامی دنیا میں جشن کا سما ہوگا
common_voice_ur_31990554.mp3	اورنہ ہی ان کے قریبی رفقا کی، جن سے میں واقف ہوں۔	 اور نہ ہی ان کے قریبی رفقہ کی جن سے میں واقف ہوں
common_voice_ur_31930294.mp3	نہ کس کو نشان حیدر ملا اور نہ ہی کس کو ستائش کا ٹیفکیٹ	 نہ کس کو نشان حیدر ملا اور نہ ہی کس کو ستائش کا ٹی فیکیٹ
common_voice_ur_31828172.mp3	ندی دریا اور گاؤں کی گلیاں بھی بل کھاتی ہوئیں	 ندی دریا اور گاؤں کی گھلیاں بھی بل کھاتی ہوئیں۔
common_voice_ur_31809614.mp3	کہ انہیں کسی ایسی ہستی کی تائید میسر آ جائے	 کہ انہیں کسی ایسی ہستی کی تائد مریصر آ جائے
common_voice_ur_38433672.mp3	دیا ہے خلق کو بھی تا اسے نظر نہ لگے	 دیا ہے خلق کو بھی تا اسے نظر نہ لگے
common_voice_ur_31970287.mp3	ڈن اینڈ بریڈ اسٹریٹ کے پاکستان کیلیے کاروباری امید کے اشاریہ کا اجرا	 این اینڈ ویڈ سٹریٹ کے پاکستان کے لیے کارباری امید کا اشارہ اکھائج رہا ہے
common_voice_ur_31823211.mp3	چیزوں کو ان کی رفتار سے چلتا رہنے دیتا ہوں	 چیزوں کو ان کی رفتار سے چلتا رہنے دیتا ہوں
common_voice_ur_38471904.mp3	اس کی فصاحت وبلاغت اور زبان پر قدرت کی مثالیں دی جاتی تھیں۔	 اس کی فصاحت و بغالغت اور زبان پر قدرت کی مثالیں دی جاتی تھی
common_voice_ur_31950129.mp3	مسجد کو تقسیم کا نہیں، وحدت کا مرکز ہو نا چاہیے۔	 مسجد کو تقسیم کا نہیں وحدت کا مرکز ہونا چاہئے
common_voice_ur_31841075.mp3	جنونی خوابوں خیالوں کی دنیا سے لطف اندوز ہوتا ہوں	 جنوبی خوابوں خیالوں کی دنیا سے لطف اندوز ہوتا ہوں
common_voice_ur_31971024.mp3	آنکھ اٹھتے ہی ایک نظر میں عالم سارا گزرے تھا	 آنکھوٹے کی ایک نظر میں عالم سارا گزرے تھا
common_voice_ur_31929607.mp3	خشوع و خضوع نماز کے معیاری ہونے کے لیے ضروری ہے۔	 خوشو خوشو نماز کی میاری ہونے کے لئے ضروری ہے
common_voice_ur_38445579.mp3	میری جنریشن کے لوگ ان پرانی پارٹیوں کے نام سن سن کے بوڑھے ہوچکے ہیں۔	 میری جنریشن کے لوگ ان پرانے پارٹیوں کے نام سنسن کے بڑے ہو چکے ہیں۔
common_voice_ur_38457078.mp3	عامر لیاقت نامناسب تصویر پوسٹ کرنے پر تنازع کی زد میں	 عامل لیاقت نامناسب تصویر پوز کرنے پر تنازع کی زد میں
common_voice_ur_38441209.mp3	خبر رساں ادارے تسنیم کے نامہ نگار کی رپورٹ کے مطابق،	 خبر احساس ادارہ تصنیم کے نامہ نگار کی رپورٹ کے مطابق
common_voice_ur_38413018.mp3	کسی کو دے کے دل‘ کوئی نوا سنجِ فغاں کیوں ہو؟	 کسی کو دے کے دل کوئی نواز سنجھے فگا کیوں ہو
common_voice_ur_31809677.mp3	پی ایس ایل کے ادھے میچز پاکستان کرائیں گے نجم سیٹھی	 پی ایس ایل کے آدھے میچز پاکستان کرائیں گے نجم سٹی
common_voice_ur_31989439.mp3	بیشک ایک صحت مند اانسان کے اوپر اسکے بہت احسانات ہیں	 بشک ایک صحت مند انسان کے اوپر اس کے بہت احسانات ہیں۔
common_voice_ur_41118346.mp3	اقتدار سے معزول ہو گئے اور انہیں سزا بھی ملی۔	 اقتدار سے معذول ہو گئے اور انہیں سزا بھی ملی
common_voice_ur_31903076.mp3	عورت تاریخ کے ہر دور میں مرد کے تابع رہی ہے	 پورے تاریخ کی حدود میں مرد کی تعبیر رہی ہے
common_voice_ur_31840958.mp3	کُچھ لوگ ایسے واقعات کوآڑ بنا کردوسرے ملکوں کی امیگریشن حاصل کرتے ہیں	 کچھ لوگ ایسے واقعات کو آر بنا کر دوسرے ملکوں کی امیگریشن حاصل کرتے ہیں
common_voice_ur_38428742.mp3	اسدؔ ہر جا سخن نے طرح باغ تازہ ڈالی ہے	 اصد حرجہ سخن نے ترابا تازہ ڈالی ہے
common_voice_ur_31835450.mp3	وہ ریگن کی انتظامیہ کے دوران زیادہ خوشقسمتی نہیں رکھتے تھے	 وہ ریگن کی انتظامیاں کے دوران زیادہ خوش قسمتی نہیں رکھتے تھے۔
common_voice_ur_31835469.mp3	دوسرے دن دفتر میں تیسرا ملازم موجود ہی نہیں تھا	 دوسرے دن دفتر میں تیسرا ملازم موجود ہی نہیں تھا
common_voice_ur_38435454.mp3	نیا کام کرنے والےافراد ذہنی دباؤ کا شکار ہوجاتے ہیں	 نیا کام کرنے والے افراد ذہنی دباؤ کا شکار ہو جاتے ہیں
common_voice_ur_38444240.mp3	سنا ہے یہ قدسیوں سے میں نے وہ شیر پھر ہوشیار ہوگا	 سنا ہے یہ کو دوسریوں سے مین ہے وہ شیط پھر ہوشیار ہوگا
common_voice_ur_31909503.mp3	بھارت پہلے میچ کی شکست کے بعد پریشر میں ہوگاوسیم اکرم	 بھارت پہلے میچ کی شکست کے بعد پریشر میں ہوگا وسیم اکرم
common_voice_ur_31855060.mp3	محمد عرفان کا ٹی ٹوئنٹی کرکٹ میں حیرت انگیز ریکارڈ	 محمد الفان کا ٹی ٹونٹی کی کیمیہ ریتن گیز ریکارڈ
common_voice_ur_32019765.mp3	یہ ماضی پاکستان کی سیاسی تاریخ کا جزو لا ینفک ہے۔	 یہ ماضی پاکستان کی سیاسی طریقہ جز لاینفک ہے
common_voice_ur_41159271.mp3	یہ کہنا غلط ہے کہ سعودی خواتین فیشن نہیں کرتیں	 یہ کہنا خالط ہے کہ سعودی خواتین فیشن نہیں کرتی
common_voice_ur_41164668.mp3	موجودہ حکومت کے اخری بجٹ کے اخراجات میں اضافے کا امکان	 موجودہ حکومت کی آخری بجٹ کے اقراجات میں اضافہ کا امکان
common_voice_ur_32050107.mp3	پندرہ روزے رکھے ہیں‘ اب کمزوری محسوس کر تا ہوں۔	 پندرہ روزے رکھے ہیں آپ کمزوری محسوس کرتا ہوں
common_voice_ur_38443516.mp3	مرنے کی اے دل اور ہی تدبیر کر کہ میں	 مرنے کی اے دل اور ہی تدبیر کر کے میں
common_voice_ur_31993547.mp3	ون ڈے سیریزپاکستان زمبابوے کیخلاف تیسرا میچ کل کھیلے گا	 ون ڈے سیریز پاکستان سمپاوی کے خطاب تیسرا میچ کل کھیلے گا
common_voice_ur_31847456.mp3	بلال اصف کے مستقبل کا فیصلہ چنئی میں بائیومکینک ٹیسٹ اج ہوگا	 بلال آصف کے مستقبل کا فیصلہ چینی میں بائیو میٹرک ٹیسٹ آج ہوگا
common_voice_ur_31847410.mp3	آج ہمیں ہندوستان کے ایسے لبرل عناصر اچھے لگتے ہیں	 آج ہم اندوستان کے ایسے لیبرل اناثر اچھے لگتے ہیں۔
common_voice_ur_38415453.mp3	پردہ چھوڑا ہے وہ اس نے کہ اٹھائے نہ بنے	 پردہ چھوڑا ہے وہ اس نے کہ اٹھائے نہ بنے
common_voice_ur_38418498.mp3	پیسہ کتنی عجیب چیز ہے جو رشتوں کو بھی بھولا دیتا ہے	 پیسہ کتنی عجیب چیز ہے جو رشتوں کو بھی بھلا دیتا ہے
common_voice_ur_38436521.mp3	میگھن مارکل کو شہزادے سے محبت کی قیمت چکانی پڑی	 میگن مارکل کو شہزادے سے محبت کی قیمت چکانی پڑی
common_voice_ur_38439442.mp3	اقتصادی کوریڈور کی کنجی امن ہے جس کےلئے باہمی مذاکرات ضروری ہیں	 اقتصادی کوریڈور کی کنجی امن ہے جس کے لیے باہمی مذاکرات ضروری ہیں۔
common_voice_ur_31835376.mp3	فلور ملز ایسوسی ایشن کے دفترپر چھاپہ ریکارڈ قبضہ میں لے لیا	 فلور میلز اسوسییشن کے دفتر پر چھاپا ریکارڈ قبضہ میں لے لیا۔
common_voice_ur_41174004.mp3	میں نے بھی اپنا کاروبار صفر سے شروع کیا ہے	 میں نے ابھی اپنا کاروبار سفر سے شروع کیا ہے
common_voice_ur_31846773.mp3	چکن سستا ہونا شروع مہنگا ہونے کی اصل وجہ افغانستان برآمد تھی	 چکن سستا ہونا شروع مہگا ہونے کی اثر و جا افغانستان برامات تھی
common_voice_ur_38412542.mp3	پاکستان آبادی کے لحاظ سے دنيا کا چھٹا بڑا ملک ہے	 پاکستان انعبادی کے دعا سے دنیا کا چھٹا بڑا ملک ہے۔
common_voice_ur_31814969.mp3	سیرنیا ولیمز نے سنسناٹی ڈبلیو ٹی اے ویمنز ٹائٹل جیت لیا	 سرینہ ویلیمز نے سنسناٹی و ٹی اے بیمنز ٹائٹل جیس لیا
common_voice_ur_31835195.mp3	بولتے وقت الفاظ ایک دوسرے کے ساتھ جوڑ دیتا ہوں	 بولتے وقت الفاظ ایک دوسرے کے ساتھ جوڑ دیتا ہوں
common_voice_ur_32005870.mp3	چیمپئنز ٹرافی ہاکی گرین شرٹس اپنا پانچواں میچ بیلجیئم کیخلاف کھیلیں گے	 چیمپئینز ٹروفی ہاکی گرین شرٹس اپنا پانچمہ میچ بیلجیم کے خلاف کھلیں گے
common_voice_ur_38506002.mp3	گروپ کی شکل میں گانے گانا دماغی صحت کیلئے بہتر	 گروپ کی شکل میں گانے گانا دماغی سہت کیلئے بہتر
common_voice_ur_31931610.mp3	میں نے بک شاپ میں کئی گھنٹے کتابوں کی ورق گردانی میں صرف کئے	 میں نے بک شاو میں کئی گھنٹے کتابوں کی ورک کرنی میں سرف کیے
common_voice_ur_31827363.mp3	پاکستان کو اس معرکے میں مرکزی کردار ادا کرنا ہے۔	 پاکستان کو اس مہر کے میں مرکزی کردار ادا کرنا ہے
common_voice_ur_38502684.mp3	بندوق اور توپ و تفنگ تو افواج کے پاس ہوتے ہیں۔	 بندوق اور توپ و تفانگ تو افواج کے پاس ہوتے ہیں
common_voice_ur_38428920.mp3	کہ دل کو حق نے کیا ہے نگاہ کا پیرو	 کہ دل کو حق نے کیا ہے نگاہ پہ پیروت
common_voice_ur_31971637.mp3	یہ قربت نان موومنٹ کو کسی موومنٹ میں بدل سکتی ہے۔	 ایک عربت نان موئی منت کو کسی موئی منت میں بدل سکتی ہے
common_voice_ur_38470114.mp3	تو بچا بچا کے نہ رکھ اسے ترا آئنہ ہے وہ آئنہ	 تو بچا بچا کے نہ رکھ اسے تیرا آئینہ ہے وہ آئینہ
common_voice_ur_41180357.mp3	حکم دیا گیا تھا۔ پاکستان کے پارلیمانی نظام میں، وزیر	 حکم دیا گیا تھا پاکستان کے پارلمینی نظام میں وزیر
common_voice_ur_38469929.mp3	مگر ان کا نمبر ابھی تک بند مل رہا تھا۔	 مگر ان کا نمبر ابھی تک بند مل رہا تھا
common_voice_ur_31973473.mp3	اور یوں شکاری پہلہ سے وَہاں موجود ہونا ہونا یِہ پر فائر کھولنا دیتاہے	 اور یوں شکاری پہلے سے وہاں موجود ہونا ہونا یا پھر فائر کھولنا دیتا ہے
common_voice_ur_38477591.mp3	جاں فزا ہے بادہ‘ جس کے ہاتھ میں جام آ گیا	 جہاں فضاء ہے بادا جس کے ہاتھ میں جام آ گیا
common_voice_ur_31979920.mp3	مسلم یہودی اور مسیحی دوسری تحریک وہ تھی جس کی	 مسلم یہودی اور مسیحی دوسری تحریک وہ تھی جس کی
common_voice_ur_32004426.mp3	جدید ریاست ماضی کے مقابلے میں کہیں زیادہ منظم ہے۔	 جدید ریاست ماضی کے مقابلے میں کہیں زیادہ منظم ہے
common_voice_ur_31809545.mp3	ناصر عباس تاریخ کے مارکسی نقطہ نظر کے حامل ہیں۔	 ناصر عباس تاریخ کے مرکز ہی نکتہ نظر کے حامل ہیں
common_voice_ur_38408971.mp3	کیا آئینہ خانے کا وہ نقشہ تیرے جلوے نے	 کیا آئینہ خانے کا بودھ نقشہ تیرے جلوے نے؟
common_voice_ur_41145826.mp3	کام کے بدلے جنسی تعلق قائم کرنے والا بھی ملزم	 کان کے بدلے جنسی تعلق قائم کرنے والا بھی ملزم
common_voice_ur_31971001.mp3	کہ اِس سڑک کا نام فقیر ایپی روڈ ہے	 کہ اس سڑک کا نام فقیر اے پی روڈ ہے
common_voice_ur_32059956.mp3	اور جن اولادوں کے لیئے ساری عمر کماتے ہیں	 اور جن اولادوں کے لیے ساری عمر کماتے ہیں
common_voice_ur_31814031.mp3	خارجہ پالیسی ظاہر ہے کہ متنوع امور کا مجموعہ ہے۔	 پارچہ پلیسی ظاہر ہے کہ متنو اموار کا مجموعہ ہے
common_voice_ur_32007189.mp3	کیا اس کے دوسروں کے ساتھ سرحدی تنازعات نہیں ہیں؟	 کیا اس کے دوسروں کے ساتھ سرحدی تنازات نہیں ہیں؟
common_voice_ur_31814100.mp3	لیکن فرشتوں اور جنات کے انسانی زندگیوں میں کردار	 لیکن فرشتوں اور جنات کے انسانی زندگیوں میں کرتار
common_voice_ur_31971642.mp3	کیا نوازشریف ٹھنڈے پیٹوں یہ سب برداشت کر لیں گے؟	 کیا نواز شریف تھنڈے پیٹو یہ سب برداشت کرلیں گے؟
common_voice_ur_31809652.mp3	جو گرم اور مبہم احساسات کے لیے قابلِاجازت سطر پر سے گزرا	 جو گرم اور ببہم احساسات کیلئے قابل اجازت سطر پر سے گزرا
common_voice_ur_38435895.mp3	میرا اور حسنین لہری کا بریک اپ ہوچکا ہے	 میرا اور حسنین لہری کا بریک اپ ہو چکا ہے
common_voice_ur_31971504.mp3	محمدحفیظ ٹیسٹ میچوں میں مسلسل سنچریاںبنانیوالے چھٹے پاکستانی بلے باز بن گئے	 محمد حفیظ ٹیسٹ میچوں میں مسلسل سنچریان بنوانے والے چھٹے پاکستان والے باس بن گئے
common_voice_ur_31971551.mp3	بنگلادیش کرکٹ بورڈ کے وفد کا قذافی اسٹیڈیم کا دورہ	 منگلا دیش کرکٹ بورڈ کے وفد پاکستانی اسٹیڈیم کا دورہ
common_voice_ur_31813927.mp3	پی ایچ ایف فیکٹ فائنڈنگ کمیٹی کا اجلاس اج طلب	 بی ایچ ایف فیکٹ فائنڈنگ کمپنی کا اجلاس آج طلب
common_voice_ur_31814665.mp3	جنرل اسمبلی تمام رکن ممالک پر مشتمل ہوتی ہے	 جنرل اسمبلی تمام رکن ممالک پر مشتمل ہوتی ہے
common_voice_ur_38484661.mp3	سکھ دور میں مغلیہ دور کی کئی عمارتوں کو نقصان پہنچایا گیا	 سکھ دور میں مغلیہ دور کی کئی عمارتوں کو نقصان پہنچایا گیا
common_voice_ur_31983621.mp3	تو کیاہم اس پر قادر ہیں کہ ان سب کونذر آتش کردیں؟	 کیا ہم اس پر قادر ہیں کہ ان سب کو نظر آتش کر دیں؟
common_voice_ur_31833849.mp3	اپنے اپنے شہر میں استاد سے گاہے گاہے مل لیتا ہے۔	 اپنے اپنے شہر میں استاد سے گاہے گاہے مل لیتا ہے
common_voice_ur_31833850.mp3	اور یہ دشوار ترین گزر لئے کھلی رہتی ہے ۔	 اور یہ دشوار ترین گزر لیے کھلی رہتی ہے
common_voice_ur_32022779.mp3	بیٹھے غصے کی گولی کھا کر اپنے آپ کو	 بیٹھے غصے کی گولی کھا کر اپنے آپ کو
common_voice_ur_32018395.mp3	امیر معاویہ یا معاویہ اول اموی خلافت کے بانی تھے	 امیر معاویہ یا معاویہ اول انوی حلافت کے بانی سے
common_voice_ur_31972172.mp3	چترال پہنچنے کے لئے واحد زمینی راستہ لواری ٹاپ ہے ۔	 چتال پہنچنے کے لئے بھائی زمینی راستہ لواری ٹاپ ہے
common_voice_ur_31968610.mp3	کس دن ہمارے سر پہ نہ آرے چلا کیے	 اس کے دن ہمارے سر پہ نا آرے چلائے کیے
common_voice_ur_31968637.mp3	ٹور اف اسپین سائیکل ریس ٹام ڈومیلینڈ نے جیت لی	 ٹور آف سپین سائیکل ڈیئر سٹارم ڈومیلنگ نے جیتی
common_voice_ur_31968708.mp3	نفرت کا گماں گزرے ہے میں رشک سے گزرا	 نفت کے دماغ گزرے ہیں میں رش سے گزروں
common_voice_ur_32043911.mp3	یہ انسانی تاریخ کا سب سے بڑا اسلحے کا معاہدہ ہے۔	 یہ انسانی تاریخ کا سب سے بڑا اصلاح کی معاہدہ ہے
common_voice_ur_31973581.mp3	اس کے جواب سے دل پر ایک چوٹ لگی	 اس کے جواب سے دل پر ایک چھوٹ لگی
common_voice_ur_31973125.mp3	ان کی زبان و بیان کی خاص خوبی یہی تشبیہات ہی	 ان کی زبان و بیان کی خاص خوبی یہی تشویات ہی
common_voice_ur_41159946.mp3	قوم ان کے ناموں سے آگاہ ہے، طلال چوہدری اور دانیال عزیز۔	 قوم ان کے ناموں سے آگاہ ہے تلال چودری اور دانیال عزیز
common_voice_ur_32003838.mp3	دیدہ و دل کو سنبھالو کہ سر شام فراق	 دیدہ و دل کو سنبھالو قصہ شام فراہم
common_voice_ur_31950120.mp3	ستم پہ خوش کبھی لطف و کرم سے رنجیدہ	 ستم پہ خوش کبھی لطف و کرم سے رنجیتا
common_voice_ur_31950121.mp3	یوں گلگت بلتستان میں تحریک جعفریہ کی حکومت بن گئی	 یوں گلگت بلدستان میں تحریک جعفریہ کی حکومت بن گئی
common_voice_ur_32009813.mp3	ان لوگوں نے ھمیں اتنی زبردست انداز سے سمجھای	 ان لوگوں نے ہمیں اتنی زبددست انداز سے سمجھائی
common_voice_ur_31814841.mp3	اس سے قوم کے عزم کو تقویت پہنچی ہے۔	 اس سے قوم کے عظم کو تقویت پونچی ہے
common_voice_ur_32012286.mp3	میرا خاندان بھی یہاں سینکڑوں سال سے آباد ہے	 میرا کامل میاں سیکھ رفعال سے آباد ہے۔
common_voice_ur_31891880.mp3	باکستانی ٹیم صرف دو میچز میں ہی خراب کھیلی ہے ۔	 پاکستانی ٹیم صرف دو میچز میں ہی خراب کھیلی ہے۔
common_voice_ur_31967868.mp3	وہ تقریر جس کا وہم و گماں نہ تھا۔	 وہ تقریب جس کا غیر موقع مانگا تھا
common_voice_ur_32055169.mp3	وہ اپنا کاروبار فرسٹ اٹلانٹا کی طرف لے گئی	 وہ اپنا کاروبا فس اٹلانٹا کی طرف لے گئی ہے
common_voice_ur_32053643.mp3	یہ واقعہ بارسلونا کے تھیم پارک میں پیش آیا	 یہ واقعہ بارسلونا کی تہیم پارک میں پیش آیا
common_voice_ur_31984899.mp3	کس نے روکا ہے سرِ راہِ محبت تُم کو	 کس نے رکا ہے سرِ راہِ محبت تم کو؟
common_voice_ur_31991981.mp3	لوگوں کا دیکھنے کا زاویہ اور ڈھنگ بدل رہا ہے	 لوگوں کا دیکھنے کا زاویہ اور دھنگ بدل رہا ہے۔
common_voice_ur_31991919.mp3	اس فلم کی کوئی معلومات یا توقعات نہیں تھیں	 اس فرم کی کوئی معلومات یا توقعات نہیں تھیں
common_voice_ur_31943499.mp3	وہ دانشمندانہ کام کرنے کی صلاحیت کم رکھتی ہیں	 وہ دانشمندانہ کام کرنے کی صلاحیت کم رکھتی ہے
common_voice_ur_31809480.mp3	نہ بیجنگ ریاض نہ تہران ہمارا حوالہ اسلام آباد ہے۔	 یہ بیجنگ ریازنا تہران ہمارا حوالہ اسلام آباد ہے
common_voice_ur_31809486.mp3	وزارت صحت نے ویکسین کی دوسری خوراک منسوخ نہیں کی	 وزارت سہت نے ویکسین کی دوسری خوراک منسوخ نہیں کی
common_voice_ur_38411651.mp3	سی آئی اے کی کارروائیوں اور دنیا میں امریکہ کی	 سی آئے کی کاروائیوں اور دنیا میں امریکہ کی
common_voice_ur_31928633.mp3	منافع منقسمہ ادا کرنے کے لیے منافعے اور سرمایہ نہیں رکھتا	 منافع منقسمہ ادا کرنے کے لیے منافع اور سرمایہ نہیں لگتا
common_voice_ur_31809391.mp3	کسی میں جرات نہیں کہ مجھے کمزور کر سکے	 کسی میں جرت نہیں کہ مجھے کمزور کر سکے
common_voice_ur_31967078.mp3	اس اجمال کی تفصیل یہ ہے کہ جی ٹی روڈ	 اس اجمال کی تفصیل یہ ہے کہ جی ٹی روڈ
common_voice_ur_31828198.mp3	'مودودیت‘ ایک اصطلاح ہے جو ان حلقوں میں رائج ہے۔	 مدودیت ایک اسطلاح ہے جو ان حلقوں میں رائج ہے۔
common_voice_ur_38466129.mp3	تو ابھی رہگزر میں ہے قید مقام سے گزر	 تو ابھی رہ گزر میں ہے قید مقام سے گزر
common_voice_ur_38469300.mp3	یا شمع جل رہی ہے پھولوں کی انجمن میں؟	 یا شمہ جل رہی ہے پھولوں کی انجمن میں
common_voice_ur_31833875.mp3	ہر محب اپنے محبوب کو راضی رکھنا چاہتا ہے۔	 ہر محب اپنے محبوب کو راضی رکھنا چاہتا ہے
common_voice_ur_31887511.mp3	بینکوں کے غیرملکی زرمبادلہ کے ذخائر مسلسل زوال کا شکار	 بینکو کے غیر معمولی ذریع مبادلہ کے جخائے مسوسل زوال کا شکار
common_voice_ur_38435034.mp3	خادم اعلی کو بہت سارے معاملات کا سامنا ہے۔	 خادمِ اعلیٰ کو بہت سارے معاملات کا سامنا ہے۔
common_voice_ur_31903029.mp3	جب سیاست بنی امیہ کی بنیادیں ہل چکی تھیں	 جب سیاست ولی امویہ کی بنیادیں ہل چکی تھی
common_voice_ur_38452021.mp3	دیکھیں کیا گزرے ہے قطرے پہ گہر ہوتے تک	 دیکھیں کیا گزرے ہے کترے پہ گہر ہوتے تک
common_voice_ur_38474455.mp3	سبب کیا خواب میں آ کر تبسم ہائے پنہاں کا	 سبب کیا خواب میں اکثر توسم ہائے پہنہاں کا
common_voice_ur_38444336.mp3	کوئي پوچھے کہ يہ کيا ہے تو چھپائے نہ بنے	 کوئی پوچھے کہ یہ کیا ہے تو چھپائے نہ بنے
common_voice_ur_31929288.mp3	ان کا مستقبل خطرے سے خالی نہ ہو گا۔	 ان کا مستقبل خطرے سے خالی نہ ہوگا
common_voice_ur_38433638.mp3	جو سارا دن مرے خوابوں کو ریزہ ریزہ کرتے ہیں	 جو سارا دن میرے خوابوں کو رزا رزا کرتے ہیں
common_voice_ur_31814977.mp3	ہاں خیریت ہی ہے۔۔۔ کلاس لینے کا کوئی ارادہ ہے؟	 ہاں خیریت ہی ہے کلاس لینے کا کوئی ارادہ ہے؟
common_voice_ur_32006534.mp3	ایرانی انقلاب کے امام اور مقتدی، دونوں شیعہ تھے۔	 ایرانی انقلاب کے امام اور مقتدی دونوں شیعہ تھے۔
common_voice_ur_37976020.mp3	پردہ اُٹھاؤ ہم بھی تو دیکھیں چُھپا ہے کون؟	 پردہ اٹھاؤ ہم بھی تو دیکھیں چھپا ہے کون
common_voice_ur_31815011.mp3	اسلام باد قومی ایئرلائن اور اسٹیل ملزکے نجکاری پلان کی منظوری	 اسلام آباد قومی ہیئر لائن اور سٹیل میلز کے نجکاری پلان کی منظوری
common_voice_ur_31813376.mp3	اسک معانی پر اور مفہوم پر کبھی غورک بھی نہیں	 اس کے معنی پر اور محفوم پر کبھی گوھر بھی نہیں
common_voice_ur_38411532.mp3	یقیں پیدا کر اے ناداں یقیں سے ہاتھ آتی ہے	 یقین پیدا کر احنادان یقین سے ہاتھ آتی ہے
common_voice_ur_32012630.mp3	مت پوچھ کہ کیا حال ہے میرا ترے پیچھے	 مت پوچھ کہ کیا حال ہے میرا تیرے پیچھے
common_voice_ur_41151331.mp3	امریکی گلوکار پریانکا چوپڑا سے ملنے بھارت پہنچ گیا	 امریکی گلوکار پریانکا چوپڑا سے مرنے بھارت پہنچ گیا۔
common_voice_ur_31963882.mp3	اور اردو میں اس کا ترجمہ نبات خانہ کیا	 اور اردو میں اس کا ترجمہ نباز خانہ کیا
common_voice_ur_31834066.mp3	آمریتوں نے اگر فکری یکسوئی پیدا کی تو جمہوری ادوار نے	 امریتوں نے اگر فکری یک سوئی پیدا کی تو جمہوری ادوار نے
common_voice_ur_31833738.mp3	مرضی کی رنگار نگ کتابیں دلوا کر دیتا ہوں	 مرضی کی رنگا رنگ کتامیں دنوا کر دیتا ہوں
common_voice_ur_31833789.mp3	یہ بحث ادب کے بارے میں بھی اٹھی تھی۔	 یہ بحث عدب کے بارے میں بھی اٹھی تھی
common_voice_ur_38434046.mp3	اور جلسوں کو اپنی کامیابی قرار دے رہے ہیں	 اور جلسوں کو اپنی کامیابی قرار دے ہوئی ہے۔
common_voice_ur_31809367.mp3	قدامت پسند سیاسی امیدواروں کو ووٹ دینا پسند کرتا ہوں	 قدامت پسند سیاسی امیدواروں کو ووٹ دینا پسند کرتا ہوں
common_voice_ur_31833843.mp3	یہی معاملہ سیاسی، علاقائی یا نسلی معاملات کا ہے۔	 یہی معاملہ سیاسی علاقائی یا نسلی معاملات کا ہے
common_voice_ur_31833866.mp3	ہمیں یہودیوں سے شاید اتنا نقصان نہیں ہو گا	 ہمیں یہودیوں سے شاید اتنا نقصان نہیں ہوگا
common_voice_ur_41157695.mp3	پھولوں کے ہاتھ جل گئے‘ کیسے یہ آفتاب تھے	 پھولوں کے ہاتھ جل گئے کیسے یہ آفتاب تھے
common_voice_ur_31948480.mp3	اور اپنے مذموم مقاصد کے لیے استعمال کرتے ہیں	 اور اپنے مضمون مقاصد کے لئے استعمال کرتے ہیں
common_voice_ur_31948786.mp3	بسوں میں دس مسافروں کے بیٹھنے کی گنجائش ہے	 دوستو میں دس مسافروں کی بیٹھنے کی گنجائش ہے
common_voice_ur_31353583.mp3	لیکن تیسرے دن ایک فیکٹری کے اندر پولیس نے	 لیکن تیسرے دن ایک فیکٹری کے اندر پولیس نے
common_voice_ur_32003762.mp3	ابھی اس قوم کوان کی ژولیدہ فکری کی قیمت چکانی ہے۔	 ابھی اس قوم کو ان کی یولیدہ فقی کی قیمت چکانی ہے۔
common_voice_ur_38420223.mp3	راکھ کس نے تری سونے کی سی رنگت کر دی	 راکھ کس نے تیری سونے کی سی رنگت کر دی؟
common_voice_ur_41139002.mp3	اس کارنامے کو ہم مرتے دم تک یاد رکھیں گے	 اس کارنامے کو ہم مرتے دم تک یاد رکھیں گے
common_voice_ur_41139020.mp3	کانگرس اسی کوڈ میں انسان کی موزوں قدروقیمت ظاہر کرتی ہے	 کانگریس اسی کوڈ میں انسان کی موضوعوں قدر و قیمت ظاہر کرتی ہے۔
common_voice_ur_32839153.mp3	نگہ پیدا کر اے غافل تجلی عین فطرت ہے	 نگاہ پیدا کر اے غافل تجلی این فطرت ہے
common_voice_ur_41138478.mp3	جاگ گئے مگر پھر ناراض ہوئے کہ ہمیں جگایا کیوں	 جا گئی مگر پھر ناراض ہوئی کہ ہمیں جگایا کیوں؟
common_voice_ur_31949719.mp3	پلیز پلیز میرے بہن بھائیوں مجھے زیادہ سے زیادہ سپورٹ کریں	 پلیز پلیز میرے بہن بھائیوں مجھے زیادہ سے زیادہ سپورٹ کریں
common_voice_ur_31949775.mp3	لائف آف جارجیا ہالینڈ میں واقع قومی ہالینڈ گروپ کا حصّہ ہے	 لائف آف جارجہ ہارلینڈ میں واقعی قومی ہارلینڈ گروپ کا حصہ ہے۔
common_voice_ur_30393478.mp3	کی عہدیدار سدرا احمد نے وی او کو بتایا ہے	 کی اہدیدار صدرہ احمد نے ویو کو بتایا ہے
common_voice_ur_31834296.mp3	ا س کی تصدیق کی لوگ ان سے ناراض تھے	 اس کی تصدیق کی لوگ ان سے ناراض تھے
common_voice_ur_31902193.mp3	آج مؤقف ایک ہی ہے جو نواز شریف کا ہے	 آج موقف ایک ہی ہے جو نواز شریف ہے
common_voice_ur_31834317.mp3	اب چونکہ تمہارے ایمان میں ضعف آ گیا ہے،	 اب چونکہ تمہارے ایمان میں اضاف آ گیا ہے
common_voice_ur_31964308.mp3	راجرز کپ ٹینس سٹسیپاس نے کوارٹر فائنل کا ٹکٹ کٹوا لیا	 راجرز کپ ٹینس سٹس سے پاس نے کوارٹر فائنل کا ٹکٹ کٹوا لیا۔
common_voice_ur_31964023.mp3	کی بہت سی مقدار فضا میں شامل ہوجاتی ہے	 کی بہت سی مقدار فضاء میں شامل ہو جاتی ہے
common_voice_ur_32004473.mp3	کراچی یِہ کرنا اماں جینا جہیز میں لانا ہونا	 کراچی اے کرنا اما جینا جہیر میلانا ہونا
common_voice_ur_31863674.mp3	طبیعیات کے سلسلے میں ایک عمومی بات یہ ہے	 طبیعت کی سلسلے میں ایک عمومی بات یہ ہے۔
common_voice_ur_38446642.mp3	دیکھ کے میری بیخودی‘ چلنے لگی ہوا کہ ’’ یوں ‘‘	 دیکھ کے میری بے خودی چلنے لگی ہوا کے یوں
common_voice_ur_31863698.mp3	جب کہ قرآن خوانی کی محافل بھی منعقد کی جائیں گی۔	 جبکہ قرآن خانی کی محافظ بھی منقض کی جائیں گی
common_voice_ur_31809227.mp3	سالہ کشمیری بچے نے شین وارن کا دل جیت لیا	 سالہ کشمیری بچے نے شین وارن کا دل جیت لیا
common_voice_ur_31809252.mp3	چينی سپر کمپیوٹر سمٹ پانچ لاکھ ٹریلین اعدادوشمار فی منٹ کر سکتا ہے	 چینی سوپر کمپیوٹر سمٹ پانچ لاکھ دریلے عداد و شمار فی منٹ کر سکتا ہے
common_voice_ur_38443565.mp3	دل میں ذوقِ وصل و یادِ یار تک باقی نہیں	 دل میں زوکے وصلے یادو یار تک باقی نہیں
common_voice_ur_32008803.mp3	کمپیوٹرز پر آئی ٹیونز ایپلیکیشن آئی فونز کی ترتیبات کا باضابطہ طریقہ ہے	 کمپیوٹرز پر آئی ٹیونز اپلیکیشن آئی فونز کی ترتیبات کا بہت زیادہ طریقہ ہے۔
common_voice_ur_32007163.mp3	کہ شبانہ اعظمی کو فوری طور پر ممبئی کے	 کشبانہ آزمی کو فوری طور پر ممبئی کے
common_voice_ur_31812771.mp3	اسی طرح فطرت بھی اسی تقاضے کو مدنظر رکھتی نظر اتی ہے	 اسی طرح فطرت بھی اسی تقاضے کو مدنظر رکھتے نظر آتی ہے
common_voice_ur_31982819.mp3	ضد کی ہے اور بات مگر خو بری نہیں	 زد کی ہے اور بات مگر خوبری نہیں
common_voice_ur_31902223.mp3	اب شام بھی پیہم حملوں کی زد میں ہے۔	 افشام بی پہم ہم لوگ کے زد میں
common_voice_ur_38484086.mp3	زندگی میں ہر دم ہنستے رہو، ہنسنا زندگی کی ضرورت ہے	 زندگی میں ہر دم ہنستے رہو، ہنسنا زندگی کی ضرورت ہے۔
common_voice_ur_38484284.mp3	ہر ایک شعر میں کیا غم ہے، کیا اُداسی ہ	 ہر ایک شیر میں کیا غم ہے کیا اداسی ہے؟
common_voice_ur_31915042.mp3	فاسٹ بالر جنید خان بیٹے کے باپ بن گئے	 فاسٹ بولر جنید خان بیٹے کے باپ بن گئے
common_voice_ur_41036603.mp3	اسحاق ڈار کو دیکھیے، جاتے جاتے بھی مکمل نہیں گئے۔	 ساتھ ڈاٹو دیکھئے جاتے جاتے بھی مکمل نہیں گئے
common_voice_ur_41125851.mp3	اس کے لیے آپ اعتماد کہاں سے لائیں گے؟	 اس کے لیے آپ اعتماد کہاں سے لائیں گے؟
common_voice_ur_31858098.mp3	بال ٹمپرنگ کیس سٹریلوی کرکٹرز نے سزائیں قبول کر لیں	 بال ٹیمپرنگ کیس آسٹریلوی کرکٹرز نے سزائی قبول کری
common_voice_ur_31917503.mp3	دیکھیے پانی کب تک بہتا اور مچھلی کب تک تیرتی ہے؟	 دیکھئے پانی کب تک بیتا اور مچھلی کب تک تیرتی ہے
common_voice_ur_31809168.mp3	مگر دوبارہ اس اعزاز کے مالک بن گئے تھے	 مگر دوبارہ اس عزاز کی مالک بن گئے تھے
common_voice_ur_31809148.mp3	برائیڈل فیشن ویک کے اخری روز رنگوں کی بہار	 برائیڈل فیشن ویک کے آخری روز رنگوں کی بہار
common_voice_ur_31878427.mp3	ہم آہ بھی کرتے ہیں تو ہو جاتے ہیں بدنام	 ہم آہ بھی کرتے ہیں تو ہو جاتے ہیں بنام
common_voice_ur_31933781.mp3	جنرل قمر جاوید باجوہ کے ساتھ بھی نام نہاد	 جنرل کمر جوید واجہ کے ساتھ بھی نام نہا تھا
common_voice_ur_31901997.mp3	لیکن اس سے ہٹ کے وہ اچھا دور تھا۔	 لیکن اس سے حق کہ وہ اچھا دور تھا
common_voice_ur_31993036.mp3	کامن ویلتھ گیمزپاکستانی ہاکی ٹیم اج کینیڈا سے ٹکرائے گی	 کومن ڈیلز کیمز پاکستانی ہاؤپی ٹیم آج کینیڈا سے ٹکرائے گی
common_voice_ur_32054554.mp3	اتنی بسیں چلیں گی، اتنے مسافر روزانہ سفر کریں گے۔	 اتنی بسیں چلیں گی اتنے مسافر روزانہ سفر کریں گے
common_voice_ur_38471091.mp3	یوں تو کہیے کہ مسافر کو ٹھکانے ہیں بہت	 یوں تو کہیں کہ مسافر کو ٹھکانے ہیں بہت
common_voice_ur_31794346.mp3	لہو رنگ ہونے کے ساتھ نہایت تکلیف دہ ہے	 لہو رنگ ہونے کے ساتھ نہائی تکلیف دے ہیں
common_voice_ur_32000015.mp3	اس کا مرکزی خیال آزادیِ ہند سے ملتا جلتا ہے	 اس کا مرکزی حیال ازادی ہند سے ملتا جلتا ہے
common_voice_ur_32043089.mp3	مکمل رپورٹ اس لنک پر پڑھی جا سکتی ہے ۔	 مکمل رپورٹ اس لنک پر پڑھی جا سکتی ہے
common_voice_ur_31973855.mp3	آپ اس لفظ کو انگریزی میں کیسے ادا کرتےہیں؟	 آپ اس لفظ کو انگریزی میں کیسے عدہ کرتے ہیں؟
common_voice_ur_31974171.mp3	اب بھی بہت ساروں کی عقل ٹھکانے آجائے گی	 اب بھی بہت ساروں کی اکل ٹھکانے آ جائے گی
common_voice_ur_31854963.mp3	ہونٹوں کی ہلکی سی جنبش سے ٹوٹ جاتی ہے	 ہونٹوں کی ہلکی سی جمبشنیں ٹوٹ جاتی ہیں
common_voice_ur_31993550.mp3	اس پیغمبرانہ صدا کی بازگشت، میں آج بھی سنتا ہوں۔	 اس پیغمبرانہ صدا کی بازگشت میں آج بھی سنتا ہوں
common_voice_ur_38438393.mp3	تیری قربت کا نشہ ٹوٹ رہا ہے مجھ میں	 تیری قربت کا نشہ ٹوٹ رہا ہے مجھ میں
common_voice_ur_38442585.mp3	وہ خاک کہ جبریل کی ہے جس سے قبا چاک	 وہ خواہ کے جبریل کی ہے جس سے کبا چاپ
common_voice_ur_31091856.mp3	اس علاقہ میں گاڑی کے پیچھ لٹک خطر ضرور ہے	 اس علاقے میں گاڑی کے پیچھے لٹک خطر ضرور ہے۔
common_voice_ur_31823064.mp3	برطانیہ بھِی پروگرام تجارت کی پڑتال کر رہا ہے	 برطانیہ بھی پروگرام تجارت کی پرتال کر رہا ہے
common_voice_ur_31823002.mp3	کراچی پورٹ لاکھ سے زائد کارگو کی ریکارڈ نقل وحرکت	 کراچی پورٹ لاکھ سے زائد کارگو کی ریکارڈ نفل و حقیقت
common_voice_ur_31823021.mp3	فیول ایڈجسٹمنٹ کے تحت بجلی سستی ہونے کا امکان	 فیول ایڈجیسمنٹ کے تحت بجلی سستی ہونے کا امکان
common_voice_ur_38439441.mp3	خانہ زادِ زلف ہیں، زنجیر سے بھاگیں گے کیوں	 خانہ زادے زلف ہیں، زنجیر سے بھاگیں گے کیوں؟
common_voice_ur_38438901.mp3	میں عہد کرتا ہوں کہ ایمانداری سے کام لوں گا	 میں اہد کرتا ہوں کہ ایمانداری سے کام لوں گا
common_voice_ur_31930368.mp3	تو کسی کی کیا مجال کہ آپ کو روکے۔	 تو کسی کی کیا مجال کہ آپ کو روکے؟
common_voice_ur_31956089.mp3	ایشیا کپ میں ناقص کارکردگی نے سرفراز کی نیندیں اڑا دیں	 ایشیا کا پرناکس کارگردگی نے سر فراس کی نیدے اڑا دی
common_voice_ur_31972983.mp3	لاہور رمضان بازاروں میں قیمتوں کی کمی سے شہری مطمئین	 لاہور رمضان بازاروں میں قیمتوں کی کمی سے شہری مطمئن
common_voice_ur_31950756.mp3	، بپھر تا ہے تو بربادی کا ساماں پیدا کرتا ہے ۔	 کرتا ہے تو بربادی کا سماں پیدا کرتا ہے
common_voice_ur_38407758.mp3	کہہ سکے کون کہ يہ جلوہ گري کس کي ہے	 کہہ سکے کون کے جلوہ گری کس کی ہے؟
common_voice_ur_38438306.mp3	جس دشت میں وہ شوخ دو عالم شکار تھا	 جس دشت میں وہ شوخ دو عالم شکار تھا
common_voice_ur_26703792.mp3	مذہب ایک اخلاقی قوت اور مابعد الطبیعیاتی امر ہے۔	 مذہب ایک اخلاقی قوت اور معباد التبیاتی عمر ہے
common_voice_ur_31920013.mp3	تنویر احمد خان مرحوم ہمارے سیکرٹری خارجہ رہے ہیں۔	 تنویر احمد خان محروم ہمارے سیکیورٹری کھا جا رہے ہیں
common_voice_ur_38438746.mp3	ہم کہیں گے حالِ دل، اور آپ فرمائیں گے 'کیا'؟	 ہم کہیں گے حال دل اور آپ فرمائیں گے کیا
common_voice_ur_31972326.mp3	خاموشی سے بیٹھو نہیں تو یہاں سے دفعہ ہو جاؤ	 خاموشی سے بیٹھو نہیں تو یہاں سے دفع ہو جاؤ
common_voice_ur_31962786.mp3	اوگرا نے پیٹرولیم مصنوعات کی قیمتوں میں اضافے کی سفارش کردی	 اوگرہ نے پٹولیم مسنوعات کی قیمتوں میں اضافے کی سفارش کر دی
common_voice_ur_31846793.mp3	مارچ سے یَہاں پہاڑ پر سے برف پگھلنا شروع ہونا ہونا	 ہمار سے یہاں پہاڑ پر سے برف بھگننا شروع ہونا ہونا
common_voice_ur_31823169.mp3	تو ان کے ہم قبیلہ ایک بے مثل شاعرکو یا دکرتا ہوں۔	 تو ان کے ہم قبیلہ ایک بے مثل شاعر کو یاد کرتا ہوں
common_voice_ur_31809883.mp3	میں نے ایک آری دیکھی جو دیکھ نہ پایا۔	 میں نے ایک آری دیکھی جو دیکھ نہ پایا۔
common_voice_ur_32053864.mp3	میں آپ کی واپسی تک یہیں انتظار کروں گا	 میں آکی واپسی تک یہ ہی انتظار کروں گا
common_voice_ur_31834698.mp3	وُہ میرے کعبۂ دل میں ذرا سی دیر رُکا	 وہ میرے کعبہ دل میں ذرا سی دے رکا
common_voice_ur_32035406.mp3	تاہم پرندوں کی دنیا میںصحیح تعداد کا اندازہ لگانا	 تاہم پرندوں کی دنیا میں صحیح تعداد کا اندازہ لگانا
common_voice_ur_32008025.mp3	اپنے مفاد کی خاطرلوگوں کو شعور نہیں آنے دیا	 اپنے مفاد کی خاطر لوگوں کو شعور نہیں آنے دیا
common_voice_ur_38466198.mp3	اگرآپ میں محبت کی کوئی ذرہ برابر رمق ہوتی تو	 اگر آپ میں محبت کی کوئی ذرا برابر رمک ہوتی تو
common_voice_ur_31810944.mp3	کیا یہ معاشی مضبوطی راتوں رات حاصل کی گئی	 کیا یہ معاشی مضبوطی رات و رات حاصل کی گئی؟
common_voice_ur_31846538.mp3	نہوں نے حکومت سے اپنے فیصلے پرنظرثانی کی درخواست کی	 نہوں نے حکومت سے اپنے فیصلے پر نظر سانے کی درخواست کی۔
common_voice_ur_31973660.mp3	پرجوش حامیوں کے دلوں میں بھی یہ شک نہیں	 اور جو شامیہ کے جنہوں میں بھی یہ شک نہیں ہے
common_voice_ur_31989118.mp3	اگر ایسا نہیں کیا گیا تو وقت پڑنے پر	 اگر ایسا نہیں کیا گیا تو وقت پڑھنے پر
common_voice_ur_31994437.mp3	خلاف اس گرم جوشی کے ساتھ سرگرم نہیں ہوا	 خلاف اس گرم جوشی کے ساتھ سرگرم نہیں ہوا
common_voice_ur_31793946.mp3	تضاد آ دمی کو بر باد کر تا ہے۔	 اتصاد آدمی کو برباد کرتا ہے
common_voice_ur_31989900.mp3	کوئلے کے بجلی گھر ماحولیاتی آلودگی کا باعث ہیں	 کوئلے کی بجلی گھر ماحولیاتی علودگی کیا باعث ہیں؟
common_voice_ur_38499941.mp3	سیہ ہو کر سویدا ہو گیا ہر قطرہ خوں تن میں	 سیاہ ہو کر سویدہ ہو گیا ہر کترہ خود درمی پر
common_voice_ur_31793530.mp3	اُس کی مسکراہٹ نے اُس کے غصےپر پردہ ڈال رکھا تھا	 اس کی مسکراہت نے اس کے غصے پر پردہ ڈال رکھا تھا
common_voice_ur_38492432.mp3	ترے ضمیر پہ جب تک نہ ہو نزول کتاب	 تیرے ضمیر پہ جب تک نہ ہو نزول کتاب
common_voice_ur_38427946.mp3	اگر وا ہو‘ تو دکھلا دوں کہ یک عالم گلستاں ہے	 اگر واہ ہو تو دکھلا دوں کہ یک عالم گلستاں ہیں
common_voice_ur_32010395.mp3	ادھر تبلیغی جماعت پر پابندی کے بچگانہ اقدام نے	 ادھر تبلیغ جماعت پابندی کے بچگانہ اقدام میں
common_voice_ur_38412597.mp3	کیا فائدہ کہ دل کو جو گرمانے نہ آئیں	 کیا فائدہ کے دل کو جوگر مانے نہ آئیں؟
common_voice_ur_32022587.mp3	، اور جیسا بوئیں گے ویسا ہی کاٹنا پڑے گا	 اور جیسا گوئیں گے ویسا ہی کٹنا پڑے گا
common_voice_ur_32022298.mp3	اسٹیٹ بینک نےمنی مارکیٹ کو ارب روپے فراہم کردیے	 اسٹریٹ بینک نے منی مارکیٹ کو عرب روپے فرام کر دیئے۔
common_voice_ur_41132742.mp3	اسے کوئی پرواہ نہیں چاہے تم جاؤ یا رکو	 اسے کوئی پرواہ نہیں چاہے تم جاؤ یا رکو
common_voice_ur_41132750.mp3	تو سوئس اکاؤنٹس سمیت سب مقدمات بحال ہو جائیں گے۔	 تو سویس اکاؤنٹس سویت سب مقدمات بحال ہو جائیں گے
common_voice_ur_31846395.mp3	وزیراعلی پنجاب کی ایشیئن بینک کے وفد سے ملاقات	 وزیراعلا پنجاب کی ایشین بینک کی وف سے ملاقات
common_voice_ur_31945294.mp3	مبشر بھائی سیدھے انسان ہے اس لیے امدنی بتا دی	 مباشر بھائی سیدھے انسان ہیں اس لیے آمدنی بتا دی ہے
common_voice_ur_38429754.mp3	کھانسی یا چھینک کے دوران منھ اور ناک کو ٹِشو سے ڈھانپ لیں	 خانسی یا چھین کے دوران موہ اور ناک کو ٹیشو سے ڈام لیں
common_voice_ur_41133319.mp3	عبادت برق کی کرتا ہوں اور افسوس حاصل کا	 عبادت برک کی کرتا ہوں اور افسوس حاصل کا
common_voice_ur_32000273.mp3	فیفاورلڈکپکولمبیا اور جاپان نے ناک اٹ رانڈ کیلئے کوالیفائی کرلیا	 فیفا ورلڈ کپ کولمبیا اور جاپان نے ناک آؤٹ رانڈ کے لئے کوالیفائی کر لیا
common_voice_ur_31954326.mp3	ایسو نے کہا کہ وائٹنگ فیلڈ نے منگل کو پیداوار شروع کی	 موسیقا
common_voice_ur_31915938.mp3	جیسے ایک طرف دھوپ تو ایک طرف چھاؤں ہے کہیں وصل تو دوسرے لمحےفراق	 جیسے ایک طرف دھوٹ تو ایک طرف چھاؤں ہے کہیں وسل تو دوسرے لمحے پراک
common_voice_ur_38409437.mp3	سمجھتا ہوں کہ‘ ڈھونڈے ہے ابھی سے برق خرمن کو	 سمجھتا ہوں کہ ڈھوننے ہے ابھی سے برک خرمن کو
common_voice_ur_38409598.mp3	بسکہ ہوں غالبؔ اسیری میں بھی آتش زیر پا	 بسکا ہوں غالب اسیری میں بھی آتش زہر پا
common_voice_ur_38440693.mp3	بس کہ روکا میں نے‘ اور سینہ میں ابھریں پے بہ پے	 بس کے روکا میں نے اور سینہ میں عبرے پے بے پے
common_voice_ur_38443781.mp3	اپنے سے کر‘ نہ غیر سے‘ وحشت ہی کیوں نہ ہو	 اپنے سے کر نہ غیر سے وحشت ہی کیوں نہ ہو
common_voice_ur_32001133.mp3	دوسرے پاکستانی علاقوں میں بڑی تعداد میں لیپرڈ موجود ہیں	 دوسرے پاکستانی علاقوں میں بڑی تعداد ملے پڑ موجود ہیں
common_voice_ur_31888693.mp3	ایک بچے کی دنیا کھلونوں کے گرد گھومتی ہے	 ایک بچے کی دنیا کھلونوں کے گرد گھومتی ہے۔
common_voice_ur_31926690.mp3	شکار ہونا والہ پرند میں تیتر چکور فاختہ شامل ہونا	 شکار ہونا والا پرند میں تیتر چکور فاختہ شامل ہونا
common_voice_ur_31845912.mp3	میں نے ہمت کی اور سٹیج پر چڑھ گیا	 میں نے امت کی اور اس سے چھڑ گیا
common_voice_ur_31967548.mp3	اسی اتحاد میں دوسری مسلکی جماعتیں بھی شامل تھیں۔	 اس اتحاد میں دوسری مسئلہ کی جماعتیں بھی شامل تھی
common_voice_ur_33963824.mp3	اس رہ گزر میں جلوۂ گل آگے گرد تھا	 اس رہ گزر میں جلوہ گل آگے گرد تھا
common_voice_ur_32011539.mp3	سب کچھ کرسکتا ہوں شاید اس لیے مقبول ہوں سلمان	 سب کچھ کر سکتا ہوں شاید اس لئے مقبول ہوں سلمان
common_voice_ur_31793258.mp3	یہ منشور سیاسی جماعتوں کی بالغ نظری کی دلیل تھے۔	 یہ منشور سیاسی جماعتوں کی بالک نظری کی دلیل تھے
common_voice_ur_31793259.mp3	انسانی فطرت یہی ہے کہ وہ دعوے کی دلیل مانگتی ہے۔	 انسانی فطرت یہی ہے کہ وہ دعوے کی دلیل مانگتی ہے
common_voice_ur_38472078.mp3	اس بات کو رواج دینا علما کا کام ہے۔	 اس بات کو رواج دینا علماء کا کام ہے
common_voice_ur_31813347.mp3	ہاتھ کنگن کو آرسی کیا اور پڑھے لکھے کو فارسی کیا	 ہاتھ کنگن کو آرسی کیا اور پڑھے لکھے کو فارسی کیا۔
common_voice_ur_38417011.mp3	رپورٹ میں مشاہدہ ہوا کہ یہ سیشنز دنیا کے ساتھ	 ریپورٹ میں مشاہدہ ہوا کہ یہ سیشنز دنیا کے ساتھ
common_voice_ur_31815634.mp3	فوڈ سروسز کے ساتھ ایک معاہدے پر دستخط کیے ہیں	 فوڈ چیلویسز کے ساتھ ایک وائدے پر دستخط کیے ہیں۔
common_voice_ur_31886711.mp3	ٹیکس وصولی کے اہداف حاصل کرلئے جائیں گے ہارون اختر	 ایکس وصولی کے اہداف حاصل کر لیے جائیں گے حارون اختر
common_voice_ur_32006635.mp3	کیا پیپلز پارٹی عصری سیاست کا بارہواں کھلاڑی ہے؟	 کیا پیپلز پارٹی اصلی سیاست کا باروہ کھلاڑی ہے؟
common_voice_ur_32009687.mp3	یہ کالے رنگ کے گدھ سے مختلف ہوتے ہیں	 یہ کالے رنگ کی گرد سے مختلف ہوتے ہیں
common_voice_ur_38453573.mp3	یاں آ پڑی یہ شرم کہ‘ تکرار کیا کریں	 یا آپڑی یہ شرم کے تقرار کیا کرے
common_voice_ur_38456821.mp3	وہ کیف ِ ہجر میں اب غالباً شریک نہیں	 وہ کیفے حجر میں اب غالباً شریک نہیں
common_voice_ur_31793057.mp3	طاہر القادری صاحب نے لوگوں کو یرغمال بنا رکھا ہے۔	 تاہر القادری صاحب نے لوگوں کو یرغمال بنا رکھا ہے
common_voice_ur_38420029.mp3	فقیہ شہر کو صوفی نے کر دیا ہے خراب	 فقیہ شہر کو صوفی نے کر دیا ہے خراب
common_voice_ur_31823566.mp3	قبول نہیں کرتا وہ دونوں کو باعزت سمجھتا ہے	 قبول نہیں کرتا وہ دونوں کو باعزت سمجھاتا ہے
common_voice_ur_38458879.mp3	گھر ہمارا جو نہ روتے بھی تو ویراں ہوتا	 گھر ہمارا جو نہ روتے بھی تو ویران ہوتا
common_voice_ur_38459991.mp3	رہا کھٹکا نہ چوری کا‘ دعا دیتا ہوں رہزن کو	 رہا کھٹکانہ چوری کا دعا دیتا ہوں رہزن کو
common_voice_ur_38499084.mp3	میں اپنی زندگی کو معاونتی اور سلامتی سے گزارتا ہوں۔	 میں اپنی زندگی کو معونتی اور سلامتی سے گزارتا ہوں
common_voice_ur_31828576.mp3	بچوں جیسی معصومیت کا اظہار کرتی دکھائی دیتی ہے	 بچوں جیسی معصومیت کا اظہار کرتی دکھائی دیتی ہے
common_voice_ur_31829259.mp3	ان کی جد وجہد آئینی یا قانونی نہیں، انقلابی تھی۔	 ان کی جدوجہت آئینی یا قانونی نہیں انقلابی تھی
common_voice_ur_31999139.mp3	مقررہ قیمتوں سے زائد نرخوں پردودھ بیچنے والے ڈیری فارمرز گرفتار	 مقررہ قیمتوں سے زائد نرخوں پر دودھ بیچنے والے ڈیری فارمز گرفتار
common_voice_ur_31866576.mp3	فلمی اداکارہ مل کر الیکشن لڑنے کا اعلان کر دیں	 فلمی اداکارہ مل کر الیکشن لڑنے کا اعلان کر دیں
common_voice_ur_38443109.mp3	کرتی ہے چمک جن کی ستاروں کو عرق ناک	 کرتی ہے چمک جن کے ستاروں کو ارگناک
common_voice_ur_38499091.mp3	انہیں کے دم سے ہے مے خانۂ فرنگ آباد	 ہی کے دم سے ہے میں خانہ فرنگ آباد
common_voice_ur_32042938.mp3	شو کے دوران کرن جوہر نے شویتا سے کہا	 شو کے دوران کرن جوہر نے شویدہ سے کہا
common_voice_ur_31976165.mp3	مریم نواز آزمائش کے پہلے مرحلے میں سرخرو ہوئیں۔	 مریم رواز آزمائش کے پہلے مرحلے میں سلخرو ہوئی
common_voice_ur_31809235.mp3	جس سے کدورت میں اور بھی اضافہ ہوتا ہے	 یہ سے قدورت میں اور بھی اضافہ ہوتا ہے
common_voice_ur_32062698.mp3	مگر ہر صبح ہو روز جزا ایسے نہیں ہوتا	 اگر ہر صبح تو روز جزا ایسے نہیں ہوتا
common_voice_ur_31943880.mp3	نہ وہ رنگ فصل بہار کا نہ روش وہ ابر بہار کی	 نہ وہ رنگ فضل بہار کا نہ روز وہ عبر بہار کی
common_voice_ur_31955862.mp3	سے پہلے شکار گاہ کی طرف نکل جاتے ہیں	 سے پہلے شکار گاہ کی طرف نکل جاتے ہیں
common_voice_ur_31956513.mp3	پاکستان اسٹاک ایکسچینج ہفتے کے پہلے روز مندی کا رحجان	 پاکستان سٹاک ایکسچینج ہفتے کے پہلے روز ملی کا روجہ
common_voice_ur_32002628.mp3	براہ کرم تاخیر سے آنے پر مجھے معاف کر دیجۓ	 براہ کرم تاخیر سے آنے پر مجھے معاف کر دیجئے
common_voice_ur_31975113.mp3	تیرا شکر ادا کروں اور جب تک زندہ رہوں	 تیرا شکر ادا کروں اور جب تک زندہ رہوں
common_voice_ur_32001558.mp3	وہ اکیلے چھوڑ جاتے ہیں میت کو کاندھا تک نہیں دیتے	 سکن وائٹ گوٹ ملک سو اور چہرے کے لیے سکن ملک
common_voice_ur_31980867.mp3	سیاست میں جب دینی شعائر کو اشتہار بنایا جاتا ہے۔	 سیاست میں جب دینی شاعر کو اشتہار بنایا جاتا ہے
common_voice_ur_38466100.mp3	ایک لمبا عمل تھا اور وہ بنو ہاشم کے سردار	 ایک لمبا عمل تھا اور وہ بنو حاشم کے سردار
common_voice_ur_31989249.mp3	سینے پہ ہاتھ ہے نہ نظر کو تلاش بام	 سیمے پہ ہاتھ ہے نہ نظر کو تلاش بھاؤں
common_voice_ur_31989712.mp3	اچھی تعلیم زندگی میں بہترین ممکنہ آغاز مہیا کردیتی ہے	 اچھی تعلیم زندگی میں بہترین ممکنہ آغاز مہیا کر دیتی ہے۔
common_voice_ur_31975566.mp3	کہ ان کے اندر سورج کی روشنی پہنچتی رہے	 کہ ان کے اندر سورج کی روشنی پہنچتی رہے
common_voice_ur_38430690.mp3	ہے وطن سے باہر اہلِ دل کی قدر و منزلت	 ہے وطن سے باہر اہل دل کی قدر و منزلت
common_voice_ur_38430547.mp3	میں جذبوں سے تخیل کو نرالی وسعتیں دے کر	 میں جذبوں سے تخیل کو نرالی وسیعتیں دے کر
common_voice_ur_31841072.mp3	عنقریب یہ وبا انشاءاللہ پاکستان سے ختم ہورہی ہے	 انقریب یہ وبا انشاءاللہ پاکستان سے ہتم ہو رہی ہے
common_voice_ur_38469496.mp3	اس اڑتی گرد میں طوفان بننے کے آثار تھے۔	 اس ارتی گرد میں طوفان بننے کے آثار تھے
common_voice_ur_38466444.mp3	کھول کے کیا بیاں کروں سر مقام مرگ و عشق	 کھول کے کیا بیان کروں سر مقام مرک و عشق
common_voice_ur_38430575.mp3	علاج کے لئےجڑی بوٹیوں کے استعمال کے بارے میں تفصیلی بحث موجود ہے	 علاج کے لئے جڑی بوٹیوں کے استعمال کے بارے میں تفصیلی بحث موجود ہے
common_voice_ur_32043346.mp3	ایک عمدہ اور کامل طور پر قابل نظارہ کولمبو مووی ہے	 ایک ہم دور کامل طور پر قابل نسارہ کولمبو ہوئی ہے۔
common_voice_ur_31860645.mp3	پاکستان اسٹیلز ملزملازمین کو تنخواہوں کی عدم ادائیگی پرسندھ ہائی کورٹ کا برہمی کااظہار	 پاکستان سلمل ملازمین کو تنخواہی کی عدم ادائیگی پرسند ہائی کورٹ کا برہمی کا ظہار
common_voice_ur_38456048.mp3	پوچھ بیٹھا ہوں میں تجھ سے ترے کوچے کا پتہ	 پوچھ پیٹھا ہوں میں تجھ سے تیرے کوچے کا پتا ہوں
common_voice_ur_31895222.mp3	نئی منزلوں تک لے جانے میں کامیابی حاصل کریں	 نئی منزلوں تک لے جانے میں کامیابی حاصل کریں
common_voice_ur_41140968.mp3	فیروز خان اور ان کی اہلیہ کے درمیان علیحدگی کی خبریں	 فیروز خان اور ان کی اہلیہ کے درمیان علیتگی کی خبریں
common_voice_ur_31813762.mp3	سلام ان ڈاکٹرز کو جہنوں نے امت مسلماں کو بچایا	 سلام ان ڈاکٹرز کو جنہوں نے امت مسلمہ کو بچایا
common_voice_ur_38452212.mp3	دیدہ خوں بار ہے مدت سے‘ ولے آج ندیم!	 دیدہ خون بار ہے مدت سے ولے آج ندین
common_voice_ur_32044905.mp3	دیانتدار قیادت کو مسترد کرنے پر عوام کو کوستے ہیں	 دیاندار قیادت کو مسترد کرنے پر عوام وہ کوستے ہیں
common_voice_ur_31988297.mp3	ڈاکٹر اس کٹ میں کیسے محسوس کرتے رہیں گے	 داکٹر اس کٹ میں کیسے محسوس کرتے رہیں گے؟
common_voice_ur_38435950.mp3	یا جان پڑ گئی ہے مہتاب کی کرن میں؟	 یا جان پڑ گئی ہے مہتاب کی کرن میں
common_voice_ur_38465518.mp3	نہ کر سرگرم اس کافر کو الفت آزمانے میں	 نہ کرسے اگر ہم اس کافر کو الفظ آزماننے میں
common_voice_ur_31889018.mp3	سری لنکا کیخلاف کامیابی ٹیم ورک کا نتیجہ ہےاظہر علی	 سری لنکا کے خلاف کامیاب ٹیم ورک کا نتیجہ ہے اظہر علی
common_voice_ur_41136913.mp3	لوگ مذہبی طبقے کے لئے نرم گوشہ رکھتے تھے	 لوگ مذہبی طبقے کے لیے نرم گوشہ رکھتے ہیں
common_voice_ur_31998911.mp3	اب کے خزاں ایسی ٹھہری وہ سارے زمانے بھول گئے	 اب کے خضاں ایسی تحریب وہ سارے زمانے بھول گئے
common_voice_ur_41137027.mp3	لتا منگیشکر کی عمر اس وقت لگ بھگ نّوے سال ہے۔	 لطا منگیشکر کی عمر اس وقت لگ بھگ نوے سال ہے۔
common_voice_ur_41137144.mp3	کوئی بھی طلبہ سکول کے لئیے لیٹ نہیں تھا۔	 کوئی بھی طلبہ سکول کے لیے لیٹ نہیں تھا
common_voice_ur_31983556.mp3	توڑ بوجھ سر پر اٹھائے چلے جا رہے ہیں	 توڑ بوجھ سر پر اٹھائے چلے جا رہے ہیں
common_voice_ur_32029261.mp3	بشر کرتے ہیں جو کچھ نیک و بد کام	 بشر کرتے ہیں جو کچھ نیک و بد کام
common_voice_ur_38446841.mp3	مجھے اپنی بانہوں میں سمیٹ اور قابل سجدہ کر دے	 مجھے اپنی باہوں میں سمیٹھ اور قابل سجدہ کر دے۔
common_voice_ur_38427843.mp3	ہوا نہ زور سے اس کے کوئی گریباں چاک	 اپا نے زور سے اس کی کوئی گریبہ چاک
common_voice_ur_38477602.mp3	وہ سرود کیا کہ چھپا ہوا ہو سکوت پردۂ ساز میں	 وہ سرود کیا کہ چھپا ہوا ہو سکوت پردہ ساز میں
common_voice_ur_31973830.mp3	دل ہی تو ہے سیاست درباں سے ڈر گیا	 دلی تو ہے سیاست دربان سے ڈر گیا
common_voice_ur_32038548.mp3	عبداللہ اپنے گھر میں بے چینی سے ٹہل رہا تھا	 عبداللہ اپنے گھر میں بیچینی سے ٹہل رہا تھا
common_voice_ur_32040134.mp3	جگر اور دل نے اب تک ساتھ دیا ہے۔	 جگر اور دلنا اب تک ساتھ دیا
common_voice_ur_31951924.mp3	زمین کا کچرا صاف کر دے بڑی بات ھوگی یے	 سمین کے کشرا ساف کر دے بڑی بات ہو گئی ہے
common_voice_ur_31942257.mp3	جو طلب پہ عہد وفا کیا تو وہ آبروئے وفا گئی	 جو طلب پہ اہد وفا کیا تو وہ عذر وفا گئی
common_voice_ur_38455838.mp3	ان کے اندر تو گویا دریا امنڈ پڑتے ہیں	 ان کے اندر تو گویا دریا امٹ پڑتے ہیں
common_voice_ur_38467465.mp3	ڈر نالہ ہائے زار سے میرے‘ خدا کو مان	 در نالہ ہائے زار سے میرے خدا کو مان
common_voice_ur_31941901.mp3	اس کا ایمان ہمارے ایمان سے کہین زیادہ آگے ہو	 اس کا ایمان ہمارے ایمان سے کہیں زیادہ آگے ہو
common_voice_ur_38462099.mp3	کیا شمع کے نہیں ہیں ہوا خواہ اہلِ بزم؟	 کیا شمکے نہیں ہیں ہوا خواہ اہل بزم
common_voice_ur_38485881.mp3	انہیں کا کام ہے یہ جن کے حوصلے ہیں زیاد	 انہی کا کام ہے جن کے حوصلے ہیں زیاد
common_voice_ur_41120543.mp3	آج وہ ائیرلائن کہاں اورپی آئی اے کا کیا حشر ہو گیاہے۔	 آج وہ ائرلائن کہاں اور پی آئے کا کیا حشر ہو گیا ہے؟
common_voice_ur_38458247.mp3	خلیل الرحمن قمرکا ارطغرل غازی جیسا پروجیکٹ بنانے کا اعلان	 خلیل الرحمن قمر کا ارتغل غازی جیسا پروجیکٹ بنانے کا اعلان
common_voice_ur_31837348.mp3	ہم تصویر کو یک رنگی بھی بنا سکتے ہی	 ہم تصویر کو یک رنگی بھی بنا سکتی ہی
common_voice_ur_41122016.mp3	گویا مسلمانوں کے نظم اجتماعی کا اتباع شرعا ضروری ہے۔	 کوئیہ مسلمانوں کے نظم اجتماعی کا اتباع شرن ضروری ہے
common_voice_ur_31890393.mp3	بارسلونا نے اسپینش لالیگا فٹبال کا ٹائٹل جیت لیا	 برسیلونا نے اسپینش لولی کا فٹفال کا ٹائٹل جیت لیا۔
common_voice_ur_41142362.mp3	یہ سب حلال ہے یہ وہی مدینہ تھا جہاں اسلام	 یہ سب حلال ہے یہ وہی مدینہ تھا جہاں اسلام
common_voice_ur_41163967.mp3	لاہور میں مزید سحری کرنے والوں کی قطاریں لگ گئیں	 لاہور میں مزید سہری کرنے والوں کی کتاریں لگ گئیں
common_voice_ur_41156733.mp3	سمندر اور ساحل پیاس کی زندہ علامت ہیں	 سمندر اور ساحل پیاس کی زندہ علامت ہیں
common_voice_ur_32019171.mp3	غلام علی ہندوستانی گجرات میں پرفارم کریں گے	 غلام علی ہندوستانی اجرات میں پرفارم کریں گے
common_voice_ur_32017860.mp3	اترے تھے کبھی فیضؔ وہ آئینۂ دل میں	 اُترے تھے کبھی فیض وہ آئینہ یہ دل میں
common_voice_ur_32015355.mp3	سائیں زرداری بھی پہلے یہئ کام کرتا تھا	 سائنسرداری بھی پہلے یہی کام کرتا تھا
common_voice_ur_31962908.mp3	پانچ دریا تو محاورہ ہی رہ گیا ہے۔	 پانچ دریاتوں معابرہ ہی رہ گیا ہے۔
common_voice_ur_41169921.mp3	وہ نور ولایت کہ بڑھا کون و مکاں تک	 منورو بالیت کے بڑا کونو مکان تک
common_voice_ur_33853878.mp3	ستارے جن کے نشیمن سے ہیں زیادہ قریب	 ستارے جن کے نشمن سے ہیں زیادہ قریب
common_voice_ur_38470578.mp3	ہیں بسکہ جوشِ بادہ سے شیشے اچھل رہے	 ایم بسکا جوش بادا سے شیشے اچھل رہے
common_voice_ur_31809625.mp3	تم نے عید کی شاپنگ کر لی ہے؟	 تم نے ایڈ کی شاپنگ کر لی ہے؟
common_voice_ur_31809649.mp3	بداعمال لوگوں کو مرنے کے بعد سزا بھگتنی ہوگی	 بدامان لوگوں کو مرنے کے بعد سزا بھگتنی ہوگی
common_voice_ur_38416126.mp3	مرتے ھیں ولے ان کی تمنا نہیں کرتے	 مرتے ہیں والے ان کی تمنا نہیں کرتے
common_voice_ur_31809602.mp3	آرمینیا کی کہانی شاید ویسےہی ہے جیسے پولینڈ کی	 ارمینیہ کی کہانی شاید ویسے ہی ہے جیسے پولینڈ کی
common_voice_ur_32044412.mp3	ریکارڈ کی ایجنسی کے طور پر نامزد کِیا	 ریکارڈ کی ایجنسی کے طور پر نامزد کیا
common_voice_ur_31852773.mp3	دوسروں پر حاوی ہونے کی کوشش کرتا ہوں	 دوسرے پر حاوے ہونے کی کوشش کرتا ہوں
common_voice_ur_31993777.mp3	عمران عباس انوشکا شرما کے بھائی بنیں گے	 عمران عباس علیہ السلام کے بھائی بنیں گے
common_voice_ur_31976447.mp3	سردیوں میں یہ راستہ بالکل بند ہوتا ہے	 سردیوں میں یہ راستہ بالکل بند ہوتا ہے
common_voice_ur_32054957.mp3	عصمت کی طرف بھی اپنا ناپاک ہاتھ بڑھایا	 اسمتھ کی طرف بھی اپنا ناپاک ہاتھ بڑھایا
common_voice_ur_31956846.mp3	امریکہ فامولا الیکٹرک ریس میں جین ایرک بازی لے گئے	 امریکہ فارمولا الیکٹرک ریز میں چین ایگرٹ بازی لے گئے
common_voice_ur_31999109.mp3	سعودیہ کو جھینگوں کی برامد پاکستان مطلوبہ ٹیسٹ کروانے میں ناکام	 سعودیہ کو جھنگوں کے برامت پاکستان مطلوبہ ٹیش کروانے میں ناکام
common_voice_ur_31962121.mp3	جاں کا ہر رشتہ وقف سوز و گداز	 جہاں کا ہر رشتہ وقفِ سوزو گداز
common_voice_ur_31934411.mp3	مفتیوں اور زاہدوں کا تو یہ کام ہے۔	 مفتیوں اور زائدوں کا تو یہ کام ہے
common_voice_ur_31934439.mp3	جیسے یہ کوئی گلی ڈنڈے کا کھیل ہو۔	 جیسے یہ کوئی گلی دنیا کا کیلو
common_voice_ur_31890585.mp3	حامد چند منٹوں میں یہاں پہنچ جائے گا	 ہاں میں چند منٹوں میں یہاں پہنچ جائے گا
common_voice_ur_31977857.mp3	سر میں ٹھیلے پر فالودہ فروخت کرتا ہوں	 سر میں ٹھیلے پر فالودہ فروخت کرتا ہوں
common_voice_ur_31962162.mp3	بھی بھی کوئلہ اور گوبر ہی استعمال ہورہا ہو	 ابھی بھی کوئلہ اور گوبر ہی استعمال ہو رہا ہے
common_voice_ur_31837180.mp3	ابتدائی اقدامات میں ایک متوازن یکسمتی حرکت دکھاتا ہے	 ابتدائی اقدامات میں ایک متوازن یک سمتی حرکت دکھاتا ہے۔
common_voice_ur_31825588.mp3	پارک میں پھولوں کا میلہ لگا ہوا تھا	 پارک میں پولوں کا میرا لگا ہوا تھا
common_voice_ur_31993032.mp3	اس بات سے شاید ہی کوئی انکار کرسکے	 اس بات سے شاید ہی کوئی انکار کر سکے
common_voice_ur_31827297.mp3	فنون لطیفہ کی اہمیت پر یقین کرتا ہوں	 فنون لطیفہ کے اہمیت پر یقین کرتا ہوں
common_voice_ur_31831371.mp3	جیسے وہ شطرنج کے بورڈ پہ بیٹھے ہوں۔	 جیسے وہ شطرنچ کے بورڈ پہ بیٹھے ہو
common_voice_ur_31978574.mp3	مفتی منیب الرحمن صاحب کی اس وقت دو حیثیتیں ہیں۔	 مفتی منیب الرحمن صاحب کی اس وقت دو حیثیتیں ہیں۔
common_voice_ur_38439854.mp3	زمامِ ناقہ کف اُس کے میں ہے کہ اہلِ یقیں	 زمانے ناکائے کف اس کے میں ہے کہ اہلِ یقین
common_voice_ur_30574194.mp3	باکسرمحمد علی کی تدفین پندرہ ہزار ٹکٹ تقسیم	 باکسر محمد علی کی تدفین پندرہ ہزار ٹکٹ تقسیم
common_voice_ur_30574184.mp3	ہم ان کی صحت کے لیے دعاگو ہیں۔	 ہم ان کی صحت کے لئے دعا گو ہیں
common_voice_ur_31960422.mp3	انہوںنے ناریل کے چھلکے سے کاربن حاصل کرکے	 انہوں نے ناریل کے چھلکے سے کاربن حاصل کر کے
common_voice_ur_31827059.mp3	نریندر مودی کو ہم نے ہٹلر کہہ دیا۔	 مرندر موڈی کو ہم نے اٹلر کہہ دیا
common_voice_ur_31837174.mp3	اس ملک میں ان کا ایک حلقہ ہے۔	 اس ملک میں ان کا ایک خلقہ ہے
common_voice_ur_31908981.mp3	پہاڑی جانوروں کے شکار کے لئے بھیس بدل کر	 پہاڑی جانگروں کے شکار کے لیے بھیس بدل کر
common_voice_ur_38458335.mp3	وگرنہ تاب و تواں‘ بال و پر میں خاک نہیں	 وَغَرْنَا تَعْبُوا تَوَا بَالُ اُوْ پَرْ مِنْ خَاقْ نَہِ
common_voice_ur_31997628.mp3	شائستہ طنز کو بھی محسوس کیا جاسکتا ہے	 شاہستہ تنس کو بھی محسوس کیا جا سکتا ہے
common_voice_ur_32000926.mp3	زندگی کو ضرورت کی طرح گزارو، خواہش کی طرح نہیں	 زندگی کو ضرورت کی طرح گزارو خواہش کی طرح نہیں
common_voice_ur_31921507.mp3	اس کی ندامت کم گہری اور مختصر تھِی	 اس کی ندامت کم گیری اور مختصر تھی۔
common_voice_ur_31957785.mp3	وہ شادی شدہ ہے جبکہ میں کنوارا ہوں	 میں شادی شدہ ہے جبکہ میں کوارہ ہوں
common_voice_ur_38416129.mp3	حسرت نے لا رکھا تری بزم ِخیال میں	 حسرت نے لا رکھا تری بزمیں خیال میں
common_voice_ur_31827248.mp3	میں طوفان میں پھنس گیا ہوں میری مدد کریں	 میں توفان میں فز گیا ہوں میری مدد کریں
common_voice_ur_31957772.mp3	یہاں پیمان تسلیم و رضا ایسے نہیں ہوتا	 یہاں پہ معنی تسلیم اور رضا ایسے نہیں ہوتا
common_voice_ur_31820318.mp3	جہاں نئے کپڑوں اورنئے جوتوں کی بے پنا ہ خوشی تھی۔	 جہاں نئے کپڑوں اور نئے جوتوں کی بے پناہ خوشی تھی
common_voice_ur_38471110.mp3	گرچہ ہے دل کشا بہت حسن فرنگ کی بہار	 گرچہ ہے دل کشا بہت حسن فرنگ کی بہار
common_voice_ur_38483980.mp3	ثواب کی دعاؤں نے گناہ کر دیا مجھے	 سواب کی دعاوں نے گناہ کر دیا مجھے
common_voice_ur_38485456.mp3	جانیئے سعید اکبر خان نوانی کیا کہتے ہیں	 جانی سعید اکبر خان نوانی کیا کہتے ہیں؟
common_voice_ur_31830613.mp3	غیظ و غضب کا ہدف بن جا تا ہے۔	 غیظ و غزب کا حدف بن جاتا ہے
common_voice_ur_38431044.mp3	سنا دیا گوش منتظر کو حجاز کی خامشی نے آخر	 سنا دیا گوشت منتظر کو حجاز کی خامشین آخر
common_voice_ur_31831680.mp3	"گاؤں جہاں کا قصد تھا ، کا نام ""کلاں"" ہے ۔"	 کاؤں جہاں کا قصد تھا کا نام کنا ہے
common_voice_ur_31942072.mp3	غالبؔ تمہیں کہو کہ ملے گا جواب کیا	 والب تمہیں کہو کہ ملے گا جواب کیا
common_voice_ur_31942194.mp3	مرے قاتل حساب خوں بہا ایسے نہیں ہوتا	 میرے قاتل حساب خون بہا ایسے نہیں ہوتا
common_voice_ur_31941982.mp3	کہیں تو بہر خدا آج ذکر یار چلے	 کہیں تو بہرے خدا آج ذکرے یار چلے
common_voice_ur_31837110.mp3	جب چوہدری نثار کے گھر پر حملہ ہوا۔	 جب چوہدی نصار کے گھر پر حملہ ہوا
common_voice_ur_31921589.mp3	اس بزم میں مجھے نہیں بنتی حیا کیے	 اس پزم میں مجھے نہیں بنتی ہے آکیے
common_voice_ur_31921601.mp3	تو نے وہ گنج ہائے گراں مایہ کیا کیے	 تو نے وہ گنجھائے گرامہ یہ کیا کی ہے؟
common_voice_ur_31965925.mp3	ہوتا ہے شب و روز تماشا مرے آگے	 ہوتا ہے شب و روز تماشاں میرے آگے
common_voice_ur_32054117.mp3	ہند کو آپکی دعاؤں کی ضرورت ہے بس	 ان کو آپ کی دعاوں کی ضرورت ہے بس
common_voice_ur_31960406.mp3	چیزوں میں شرط کا مال لینا جائز ہے۔	 چیزوں میں شرط کا مال لینا جائز ہے
common_voice_ur_31841578.mp3	اس ملک کے وفاداری کے دعوے داروں نے پہنچایا ہے	 اس ملک کے وفاداری کے دعوے داروں نے پہنچایا ہے
common_voice_ur_31831656.mp3	ایک متوازن کھیل کا میدان حاصل کرتے ہوے	 ایک متوازن کھیل کا میدان حاصل کرتے ہوئے
common_voice_ur_31837022.mp3	پھر لکشمی چوک میں جا کے پھنس گیا۔	 پھر لکشمی چوک میں جا کے پھنس گیا
common_voice_ur_31951919.mp3	بس ایک میان میں دو تلواریں نہیں ہوسکتیں	 بس ایک میان میں دوسرے بارے نہیں ہو سکتی
common_voice_ur_31837055.mp3	سکتی ہے کہ اسے حقیقی مینڈیٹ ملا تھا۔	 سکتی ہے کہ اسے حقیقی منڈیٹ ملا تھا
common_voice_ur_31973421.mp3	سنگیتا بیگم کی فلم ’تم ہی ہو‘ بھی	 سنگیتہ ویگم کی فرم تمہیں ہو بھی
common_voice_ur_31914259.mp3	سونے کے پرانے ڈیزائن کے زیورات کی مانگ کیوں بڑھ گئی	 سونے کے پرانے ڈیزائن کے زیورات کی مانگ کیوں بڑھ گئی؟
common_voice_ur_31855368.mp3	یہ تھرلر فلمیں دیکھنے کے لیے تیار ہیں	 یہ تھریلر فلمیں دیکھنے کے لیے تیار ہیں
common_voice_ur_31841531.mp3	تگ و دو کے باوجود ووٹ نہ ملے	 تکو دو کے باوجود ووٹ نہ ملے
common_voice_ur_31841532.mp3	بجلی چوری کئے جانے کا اانکشاف ہوا ہے	 بجلی چوری کیا جانے کا انکشاف ہوا ہے
common_voice_ur_31938398.mp3	اس کا رویہ عذر خواہانہ نہ ہو گا۔	 اس کا رویہ عذر خواہانہ نہ ہوگا
common_voice_ur_31973513.mp3	تیل لے لو ، تیل لے لو میرا تیل خالص ھے تیل لے لو تیل لے لو یہ آ	 تیلیلو تیلیلو میرا تیلیلو حال سے تیلیلو تیلیلو لولیے
common_voice_ur_31929517.mp3	عروہ اور فرحان برلن میں کیا کررہے ہیں	 اور وہاں اور سرحان برلین میں کیا کر رہے ہیں؟
common_voice_ur_31975314.mp3	فطرت کا لفظ خاصہ وسیع مفہوم رکھتا ہے	 فطرت کا لفظ خاصہ وسیع مفہوم رکھتا ہے
common_voice_ur_31921483.mp3	لوگوں کو خوش آمدیدگی کا احساس دلاتا ہوں	 لوگوں کو خوش آمدید کی احساس دلاتا ہوں
common_voice_ur_31964687.mp3	ہر چارہ گر کو چارہ گری سے گریز تھا	 ہر چارہ گھر کو چارہ گری سے گریز تھا
common_voice_ur_31959011.mp3	اس موقع پر سیکریٹری پروٹوکول مشاری بھی موجود تھے	 اس موقع پر سیکریٹری پروٹوکول مشاری بھی موجود تھے
common_voice_ur_31952558.mp3	روس کے ملک اشعراء رسول ہمزہ توف کی مارکہ آرا نظم	 روز کے ملک اشرا رسول حمزہ طوف کے مارکہ آنہ نظم
common_voice_ur_31841521.mp3	بارہویں کھلاڑی کی نفسیات حادثوں کی منتظر رہتی ہے۔	 بارویں کلاری کی نفسیات حادثوں کی منتظر رہتی ہے
common_voice_ur_31893646.mp3	کبھی کبھار آپے سے باہر ہو جاتا ہوں	 کبھی کا بار آپ سے باہر ہو جاتا ہوں
common_voice_ur_31832402.mp3	لندن کے فلیٹ پر آسائش تو بہت ہوں۔	 لندن کے فلیٹ پر اصائش تو بہت ہوں
common_voice_ur_31832340.mp3	روٹی اور سالن سب ختم ہو چکا ہے۔	 روٹی اور سالن سب ختم ہو چکا ہے
common_voice_ur_31917141.mp3	میں ابھی ابھی آیا ہوں، تم رکو کیفے میں آرہا ہوں۔	 ابھی ابھی آیا ہوں تم رکو کیفے میں آ رہا ہوں
common_voice_ur_31985068.mp3	آج ہم ایک عجیب مخمصے میں پھنسے ہیں۔	 آج ہم ایک عجیب مخمسے میں پھنسے ہیں۔
common_voice_ur_31790572.mp3	طنز یا تضحیک کا شائبہ بھی نہیں ملتا	 تانچ یا تضحیق کا شائبہ بھی نہیں ملتا
common_voice_ur_31836915.mp3	جستجو کی موت بے حسی کا جنم ہے۔	 جس طرح کی موت بے ہیسی کا جنم ہے
common_voice_ur_31836870.mp3	پاکستان اسٹاک ایکس چینج میں تیزی کا رجحان	 پاکستان سٹاک ایکسچینج میں تیزی کا دجان
common_voice_ur_31790703.mp3	طبیب مریض کی حالت کا جائزہ لیتے ہیں	 طبیب مریض کی حالت کا جائزہ لیتے ہیں
common_voice_ur_31952770.mp3	اس کا حلیہ ہم نے بگاڑ کے رکھ دیا۔	 اس کا ہلیا ہم نے بگاڑ کے رکھ دیا
common_voice_ur_38418494.mp3	کی چھت پر گھاس کے ساتھ ساتھ مختلف پودے بھی	 کی چھت پر گھاس کے ساتھ ساتھ مختلف پودے بھی
common_voice_ur_38445447.mp3	پھر شوق کر رہا ہے خریدار کی طلب	 پھر شک کر رہا ہے خریدار کی طلب
common_voice_ur_31916600.mp3	سے علوم کا ذخیرہ اس میں منتقل ہو	 سیالوں کا زخیرہ اس میں منتقل ہو
common_voice_ur_31953003.mp3	انسان زندگی میں بہت سے لوگوں سے سیکھتا ہے	 انسان دنگی میں بہت سے لوگوں سے سکتا ہے۔
common_voice_ur_31958625.mp3	کیونکہ اس عمل کے بڑے ٹارگٹ وہی ہیں۔	 کیونکہ اس عمل کے بڑے ٹارگٹ وہی ہیں
common_voice_ur_31895141.mp3	یہ تو ہمارے روز مرہ کی بات ہے	 یہ تو ہمارے روز مرک کی بات ہے۔
common_voice_ur_31832570.mp3	تو لگ بھگ چالیس گاڑیوں کے جلوس میں۔	 تو لگ پک چالیس کاریوں کے جلوس میں
common_voice_ur_32040590.mp3	کہ لوگ روحانیت کے لیے قرآن وسنت کے بجائے	 کہ لوگ روحانیت کے لئے قرآن سنت کرو جائیں
common_voice_ur_31958388.mp3	تمہارے نام پہ آئیں گے غم گسار چلے	 تمہارے نام پہ آئیں گے غم قزار چلے
common_voice_ur_38469794.mp3	دل کہاں کہ گم کیجے، ہم نے مُدّعا پایا	 دل کہاں کہ گم کیجے ہم نے موتا پایا
common_voice_ur_32031421.mp3	پاکستان کاقیام جدید تاریخ کاایک منفرد واقعہ ہے۔	 پاکستان کا قیام جدید تاریخ کا ایک منفرد واقعہ ہے۔
common_voice_ur_31983867.mp3	اجرت فی الوقت ان کی دسترس میں نہیں	 اجرت فی الوقت ان کی دسترس میں نہیں
common_voice_ur_41168034.mp3	قلندر جز دو حرف لا الٰہ کچھ بھی نہیں رکھتا	 کلنڈر جزو دو حرف لا الہہ کچھ بھی نہیں رکھتا
common_voice_ur_38475973.mp3	اک بندہ ء درویش سبھی کچھ سکھا گیا	 ایک بندہ درویش سبھی کچھ سکھا گیا
common_voice_ur_31990646.mp3	ڈھاکہ میں نواب سیلم خان کی ایک پارٹی	 دھاکہ میں نواب سیلم خان کی ایک پارٹی
common_voice_ur_38435869.mp3	اس خبر پر اظہار مسرت ہی کرنا چاہیے۔	 اس خبر پر اظہارِ مسرط ہی کرنا چاہیے
common_voice_ur_31836745.mp3	یہ کوئی نسلی یا لسانی فوج نہیں ہے۔	 یہ کوئی نسلی یا لسانی فوج نہیں ہے
common_voice_ur_31841216.mp3	ان کی چیخ وپکار بہرے کانوں پہ پڑی۔	 ان کی چیخوں پکار بہرے کانوں پہ پڑی
common_voice_ur_41156146.mp3	اس قدر سہل نہ ہو تو مری دشواری پر	 اس قدر سہل نہ ہو تو میری تشواری فرق
common_voice_ur_32023745.mp3	ورلڈ کپ پاک بھارت ٹاکرے کی تاریخ مقرر	 ورلڈ کپ پاک بھارت ڈاکرے کی تاریخ مقدر
common_voice_ur_32016770.mp3	پھر اسلامی فوج میں بغیر عہدہ کے لڑے	 پھر اسلامی فوج میں بغیر اہدے کے لڑے ہیں
common_voice_ur_31841233.mp3	شہر کے سارے معززین کشمیر جا چکے ہیں۔	 شہر کے سارے معززین کشمیر جا چکے ہیں
common_voice_ur_32000717.mp3	ان کے گانوں کی سلیکشن الگ ہوتی ہے۔	 ان کے گانوں کی سلکس ٹیکشن الگ ہوتی ہے
common_voice_ur_31790747.mp3	جعلی پیر بھی اب کئی طرح کے ہیں۔	 جالی پیپر بھی اب کئی طرح کے ہیں
common_voice_ur_38435842.mp3	پتھر ہی ٹوٹ جائے وہ شیشہ تلاش کر	 پتھر ہی ٹوٹ جائے وہ شیشہ تلاش کر
common_voice_ur_31976431.mp3	یہ مشکل کام وہ کیسے سرانجام دیں گے؟	 یہ مشکل کام وہ کیسے سر انجام دے گے؟
common_voice_ur_31916181.mp3	اظہر علی اور اسد شفیق 'بڑے' ہو گئے	 ازہر علی اور اسد شفیق بڑے ہو گئے
common_voice_ur_31999977.mp3	اری یونیورسٹی انتظام نے بھی متب کیا تھا	 ایری یونیورسٹی انتظام نے بھی مطبق کیا تھا
common_voice_ur_31985408.mp3	اوربعض اوقات سالوں تک جاری رہ سکتا ہی۔	 اور بعض اوقات سالوں تک جاری رہ سکتا ہے۔
common_voice_ur_32007608.mp3	یہ لوگ اچھے نہیں ہوتے ، لٹیرے اور ڈاکو ہوتے ہیں ۔	 یہ لوگ اچھے نہیں ہوتے جو ٹیرے اور ڈاکو ہوتے ہیں
common_voice_ur_31921844.mp3	تو غیبی راستوں سے کچھ ہو جائے گا۔	 تو غیبی راستوں سے کچھ ہو جائے گا
common_voice_ur_32003959.mp3	وہ تو قاہد اعظم کو بھی نہیں جانتا	 وہ تو قائد عاظم کو بھی نہیں جانتا
common_voice_ur_31874089.mp3	جرمن فارمولا ون ریس میں لوئس ہملٹن بازی لے گئے	 جرمن فرمولا ون ریس میں لویس فیملٹن بازی لے گئے
common_voice_ur_31989492.mp3	یہ رنگین بارش کا سماں پیدا کردے گا	 یہ رنگین بارش کا سما پیدا کردے گا
common_voice_ur_31988063.mp3	تمہیں لگتا ہے میں تم سے ڈرتا ہوں؟	 تمہیں لگتا ہے میں تم سے ڈرتا ہوں؟
common_voice_ur_31849670.mp3	جتنے بے خوف ہم پہلے ہوا کرتے تھے۔	 جتنے بے خوف ہم پہلے ہی ہوا کرتے تھے
common_voice_ur_31849653.mp3	شیکھر دھون کی طیارے میں شرارتیں سوشل میڈیا پر وائرل	 شکر دھون کی تیارے میں شرارتیں سوشل میڈیا پر وائرل
common_voice_ur_31849641.mp3	کام کے عوض یہ صدقہ دینا پڑتا ہے۔	 کام کے عوض یہ صفقہ دینا پڑتا ہے
common_voice_ur_32009952.mp3	کوچ مکی ارتھر کی جون کی صبح لاہور امد متوقع	 کوچ مکی آرثر کی جون کی صبح لاہور آمد مطور کا
common_voice_ur_32011456.mp3	عمرا ن خان میں بہت سی خوبیاں ہوں۔	 عمران خان میں بہت سی خوبیوں ہوں
common_voice_ur_32035752.mp3	کوئٹہ میں جوڈو کراٹے ٹورنامنٹ شروع ہو گیا	 کوئٹا میں جوڈو کراتے ٹورنمنٹ شروع ہو گیا
common_voice_ur_38455867.mp3	ممبئی بھارت کا تجارتی و تفریحی مرکز ہے	 ہمبئی بھارت کا تجارتی اور تفریحی مرکز ہے۔
common_voice_ur_31980242.mp3	سرفراز احمد ٹی ٹؤنٹی کے بہترین کپتان ہیں۔	 سرفاز ایمر ٹی ٹونٹی کے بہترین کپٹن ہیں
common_voice_ur_31894716.mp3	س لیے کہ وہ اپنوں کیخلاف ہی لڑتے	 سین لیے وہ اپنوں کے خلاف ہی لڑتے ہیں
common_voice_ur_31842299.mp3	ایک بہادر جرنیل دوسرے کی قدر جانتا ہے	 ایک بہادر جنرل دوسرے کی قدر جانتا ہے
common_voice_ur_31920804.mp3	پاکستان سے ٹیسٹ سیریز سٹریلین اسکواڈ سے میکسویل ڈراپ	 پاکستان سے ڈیس سی ڈی اسٹرائلین سکوارڈ سے میکس ویل ڈروپ
common_voice_ur_31920914.mp3	برقعہ پہن کے وہ ایسا کر سکتی ہیں؟	 برکہ پہن کے وہ ایسا کر سکتی ہیں
common_voice_ur_32013634.mp3	جب دنیا میں سرد جنگ چھڑی ہوئی تھی۔	 جب دنیا میں سر جنگ کھڑی ہوئی تھی۔
common_voice_ur_31918265.mp3	رکھتا پھروں ہوں خرقہ و سجادہ رہن مے	 رکھتا پھروں ہوں خرکہ و سجادہ رہن میں
common_voice_ur_31848863.mp3	آسانی سے خواہشات کو مغلوب کر لیتا ہوں	 آسانی سے خواہشات کو مغلوب کر لیتا ہوں
common_voice_ur_31848866.mp3	جس کلب یا سرائے میں قیام ہوتا ہے۔	 جس قلب یا سرائے میں قیام ہوتا ہے
common_voice_ur_31791864.mp3	کیا یہ صحافی اقدار کی خلاف ورزی نہیں۔	 کیا یہ صحافی اقدار کے خلاف ورزی نہیں؟
common_voice_ur_31950102.mp3	نہ ہی اس کا کوئی مؤثر علاج ہے	 نہ ہی اس کا کوئی موثر علاج ہے
common_voice_ur_31950164.mp3	عدالت نے فیصلہ دیا کہ وہ قصوروار ہے	 عدالت نے فیصلہ دیا کہ وہ قصور وار ہے
common_voice_ur_38494857.mp3	خدا کے پاک بندوں کو حکومت میں غلامی میں	 خدا کے پاک بندوں کو حبومت میں غلامی میں
common_voice_ur_38435466.mp3	خودکشی پر اکسانے کے مقدے میں ارنب گوسوامی کی عبوری ضمانت منظور	 خودکشی پر اکسانے کے مقدمے میں ارنب گوسوامی کی عبوری زمانت منظور
common_voice_ur_31998381.mp3	ابھی تو شروع کا سین مکمل ہوا ہے۔	 ابھی دہ شروع کا سین مکمل ہوا ہے
common_voice_ur_32020493.mp3	تھی کہ ان کمزوریوں کو ہم دور کرتے۔	 ٹھیک ہے ان کمزوریوں کو ہم دور کریں گے
common_voice_ur_32029626.mp3	نباتات اگانے ہی کیلئے تیار کی جاتی ہیں	 نباتات اگانے ہی کے لئے تیار کی جاتی ہیں۔
common_voice_ur_32003728.mp3	اس خواب کو ادھورا ہی رہنے دیا جائے۔	 اس خواب کو ادھورہ ہی رہنے دیا جائے
common_voice_ur_31792242.mp3	لیکن جیس جیس دوڑ گ ، چلتے گ ویس ویس ت دھ گئی	 لیکن جس جس دوڑ گئے چلتے گئے ویس ویس تہہ دہ گئے
common_voice_ur_31846930.mp3	بلکہ ان میں مزید گہرائی آ جائے گی۔	 بلکہ ان میں مزید گہرائی آ جائے گی
common_voice_ur_38454553.mp3	اس بستی میں کوئی ہوگا جو دوسرے کو پرسادے؟	 اس بستی میں کوئی ہوگا جو دوسرے کو پرسا دے
common_voice_ur_31841007.mp3	نیشا پور سے وزیر سلاجقہ نظام الملک طوسی کے دربار میں پہنچے	 نیشہ پور سے وزیر سلاج کا نظام الملک توسی کے دربار میں پہنچے
common_voice_ur_31962698.mp3	اب تو اس تاریک کمرے میں صرف میری ہڈیاں ہیں	 اب تو اس تحریک کمرے میں صرف میری ہڈیاں ہیں
common_voice_ur_31974724.mp3	مصر ڈکٹیٹرشپ کی لپیٹ میں پھر سے ہے۔	 مصر ڈپٹیٹرشپ کی لپیٹ میں پھر سے ہے
common_voice_ur_31989253.mp3	فتنے کا پہلا ہدف امن ہو تا ہے۔	 ستنے کا پہلا حدف امن ہوتا ہے
common_voice_ur_31846821.mp3	مسرت نذیر کا ویسے ہی نام لے لیا۔	 حسرت نظیر کا ویسے ہی نام لے لیا
common_voice_ur_31824300.mp3	آج کے سیاستدان تو مان لیا بڑے نکمّے اورکرپٹ ہیں	 آج کے سیاستدان تو مان لیا بڑے نکمے اور کرپٹ ہیں۔
common_voice_ur_38414740.mp3	میں ظلمت شب میں لے کے نکلوں گا اپنے درماندہ کارواں کو	 میں ظلمت شب میں لے کے نکلوں گا اپنے درماندہ کروان کو
common_voice_ur_31846716.mp3	جب انقلاب کا بھوت سر پہ سوار تھا۔	 جب انقلاب کا بھوت سہر پہ سوار تھا
common_voice_ur_41150118.mp3	"کیا تمھاری بیوی برطانوی ہے؟ ""وہ برطانوی نہیں، سکاٹش ہے۔"""	 کیا تمہاری بیوی برطانوی ہے؟ وہ برطانوی نہیں سکارٹش ہے
common_voice_ur_31944504.mp3	وہ سات سال تک ناقابلِ شکست رہا تھا۔	 وہ سات سال تک نغابل شکرز رہا تھا
common_voice_ur_32002528.mp3	کسی کو جلا کر مار دیا جاتا ہے	 کسی کو جلا کر مار دیا جاتا ہے
common_voice_ur_32002897.mp3	سابق کپتان مصباح الحق نے یوٹرن لے لیا	 سابق کپتان مس باول حق نے یوٹرن لے لیا
common_voice_ur_31823955.mp3	ڈانس کا عالمی دن اور پاکستان کے ثقافتی رقص	 دانس کا عالم دن اور پاکستان کے ثقافتی رقص
common_voice_ur_31840895.mp3	سابق اولمپئن منصوراحمد کا پاکستان میں مکینیکل ہارٹ لگوانے سے انکار	 سابق اولمپین منصور احمد کا پاکستان میں مکینیکل ہارٹ لگانے سے انکار
common_voice_ur_38423977.mp3	ہرن کی پیٹھ پر بیٹھے پرندے کی شرارت سی	 ہرن کی پیٹ پر بیٹھے پرندے کی شرارت سی
common_voice_ur_31986926.mp3	سڑک کے کنارے پتھروں کا ایک جھرمٹ تھا	 سڑک کے کنارے پتھروں کا ایک بھلمٹ تھا
common_voice_ur_31946492.mp3	ان کے بغیر ہمارے آسمان بہت ویران ہوجاتے	 ان کے بجائے ہمارے آسمان بہت میران ہو جاتے ہیں
common_voice_ur_31792616.mp3	اہلِ ایمان کو اللہ پر توکل کرنا چاہیے	 اہل ایمان کو اللہ پر توقل کرنا چاہیے
common_voice_ur_31792567.mp3	بغیر جمہوریت ادھوری ہے اگر حکمران اس کا	 بغیر جمہوریت ادھوری ہے اگر حکمران اس کا
common_voice_ur_31830057.mp3	ضیاء الحق دور میں قوم بٹی ہوئی تھی۔	 جاول حق طور میں قوم بٹی ہوئی تھی۔
common_voice_ur_31823703.mp3	ٹینس اسٹار ثانیہ مرزا راجیو گاندھی کھیل رتنا ایوارڈکیلئے نامزد	 ٹینس اسٹار سانیا مرزا راجیب گانڈی کھیل دپنا ایوارڈ کے لیے نامزد
common_voice_ur_32038566.mp3	حدیبیہ ملز کا کیس ختم نہ کیا جاتا۔	 اوڈیویا میلز کا کیس ختم نہ کیا جاتا
common_voice_ur_32001229.mp3	لہذا پروگرام ٹریڈنگ کے لیے آگے کِیا ہے	 لہٰذا پروگرام ٹریڈنگ کے لیے آگے کیا ہے
common_voice_ur_31829690.mp3	دوسری مثال دوبئی کی دی جا سکتی ہے۔	 دوسری مثال دبائی کی دی جا سکتی ہے
common_voice_ur_38499225.mp3	دل مرا سوز نہاں سے بے محابا جل گیا	 دل میرا سوزے نہاں سے بے محابہ جل گیا
common_voice_ur_38448274.mp3	شور رسوائی دل دیکھ کہ یک نالۂ شوق	 شور رسوائی دل دیکھ کے یک نالا شوق
common_voice_ur_32002342.mp3	نواز شریف کی حس مزاح بہت تیز ہے۔	 نواز شریف کی حصے مزاہ بہت تیز ہے۔
common_voice_ur_38476145.mp3	ہر پارہ سنگ لخت دل کوہ طور تھا	[ERROR]
common_voice_ur_31935145.mp3	تھانے کا ایس ایچ او بھی ملوث تھا۔	 آنے کا ایسے چوہ بھی ملوث تھا
common_voice_ur_38486063.mp3	ماہرہ خان قائداعظم زندہ باد میں فہد مصطفی کی ہیروئن	 مہرہ خان قائد عاظم زندہ باد میں فاہد مصطفیٰ کی ہیروین
common_voice_ur_38499026.mp3	وہ پیر ہیں، جاگیر دارہیں اور روایتی سیاست دان ہیں۔	 وہ پیر ہیں، جگیدار ہیں اور روایتی سیاستدار ہیں۔
common_voice_ur_38483866.mp3	جس کے زیادہ تر بال سیا ہ تھے	 جس کے زیادہ تربال سیاہ تھے
common_voice_ur_31984764.mp3	جنوبی کوریا میں چھٹے ورلڈ ملٹری گیمز کا اغاز	 جنوبی کوریا میں چھتے ورلڈ میلٹری گیمز کا آغاز
common_voice_ur_31885376.mp3	اقوام متحدہ کے فوڈ ایجنسی کا کہنا ہے	 اقوام متحدہ کے فوڈ ایجنسی کا کہنا ہے
common_voice_ur_31978830.mp3	جتنا ہماری قوم کی جہالت سے ہو گا	 جتنا ہماری قوم کی جہادت سے ہوگا
common_voice_ur_31980469.mp3	بازار سے ملتی تو ہم سب نپولین ہوتے۔	 بازار سے ملتی تو ہم سب نیپولین ہوتے
common_voice_ur_31792984.mp3	وہاں معاشرے میں ایک خلیج بہت عمیق ہے	 وہاں معاشرے میں ایک خلیج بہت امیک ہے
common_voice_ur_32031213.mp3	کی کپتانی بھی اظہر علی سے لے کر	 کی قبطانی بھی ازرحلی سے لے کر
common_voice_ur_31951072.mp3	کورونا کی وبا کی وجہ سے لاک ڈاؤن تھا	 کرونا کی وبا کی وجہ سے لاک ڈاؤن تھا
common_voice_ur_32009645.mp3	یوں مشروب محض دومنٹوں میں حاصل ہوجاتا ہے۔	 کیوں مشروب میز دو منٹوں میں حاصل ہوتا ہے؟
common_voice_ur_38474251.mp3	روئیں گے ہم ہزار بار‘ کوئی ہمیں ستائے کیوں؟	 روئیں گے ہم ہزار بار کوئی ہمیں ستائے کیوں؟
common_voice_ur_38478990.mp3	جب بھی حضرت واعظ بولے سب کا جی ہلکان ہوا	 جب بھی حضرت وائز بولے سب کا جی حلقان ہو
common_voice_ur_31978437.mp3	ڈبے یا بوتل کے نیچے دو بٹن لگے ہیں	 دبے یا بوتل کے نیچے دو بٹن لگے ہیں
common_voice_ur_31845836.mp3	ہمیں کوئی لی کوآن یو کب نصیب ہوگا؟	 ہمیں کوئی لکوان لیو کب نصیب ہوگا؟
common_voice_ur_31835069.mp3	تمہیں اسکی عمر کا لحاظ رکھنا چاہیۓ تھا	 تمہیں اس کی عمر کا لحاظ رکھنا چاہیے تھا
common_voice_ur_31930870.mp3	لیکن پھر وہی بات، کسی کو کیا پروا؟	 لیکن پھر وہی بات کسی کو کیا پرواہ
common_voice_ur_38478168.mp3	سرفہیم کی آواز پر جماعت میں سکوت چھاگیا	 سرخیم کی آواز پر جماعت میں سکوت چھا گیا
common_voice_ur_31813087.mp3	کے الیکٹرک بجلی کے نقصانات کا ہدف حاصل نہ کرسکی	 کہ الیکٹرک بجلی کے نقصانات کا حدف حاصل نہ کر سکی
common_voice_ur_38481993.mp3	رکھتا ہے‘ ضد سے‘ کھینچ کے باہر لگن کے پانو	 رکھتا ہے زد سے کھینچ کے باہر لگن کے پانوں
common_voice_ur_38503281.mp3	لاہور کی کوٹ لکھپت جیل میں ایام اسیری گزاررہے ہیں۔	 لاہور کی کوٹ لکپت چیل میں ایام اسیری گزار رہے ہیں
common_voice_ur_31926342.mp3	پچھلے اڑتالیس سالہ میں فوج بہت بدلہ چک ہے	 پچھلے اٹھالیس سالہ میں فوج بہت بدلہ چک ہے۔
common_voice_ur_32016976.mp3	ریڈیو شو نے ہمیں مشتعل کر دیا مسز وارد کہتی ہے	 ریڈیو شو نے ہمیں مشتعل کر دیا میسیس وارڈ کہتی ہے
common_voice_ur_31966061.mp3	نئے نرخ یکم جون سے نافذ ہوں گے	 نئے نرک یکم جون سے نافذ ہوں گے
common_voice_ur_38475275.mp3	سنی نہ مصر و فلسطیں میں وہ اذاں میں نے	 سنینا مصر و فلسطین میں وہ اعظام میں نے
common_voice_ur_38465529.mp3	امام خامنہ ای نے تہران میں سپاہ پسداران کے ہزاروں اہلکاروں کے	 امام خامنہ ای نے تہران میں سٹیپا پسداران کے ہزاروں اہلکاروں کے
common_voice_ur_31967303.mp3	یہ بساط جو ہمارے لیے بچھائی گئی ہے، یہ حقیقت ہے۔	 یہ مساج جو ہمارے لئے بچائی گئی ہے یہ حقیقت ہے
common_voice_ur_31834847.mp3	ہر ایک سے ان کے پرابلم کھڑے ہوگئے۔	 ہر ایک سے ان کے پرابلم کھڑے ہو گئے
common_voice_ur_41142740.mp3	تو یہ منزل کی طرف اگلا قدم ہے۔	 تو یہ منزل کی طرف اگلا قدم ہے
common_voice_ur_31917223.mp3	وہ اپنے بچوں کے کچھ زیادہ ہی لاڈ دیکھتی	 وہ اپنے بچوں کے کچھ زیادہ ہی لڑ دیکھتی
common_voice_ur_38427899.mp3	اس خاک کو اللہ نے بخشے ہیں وہ آنسو	 اس حق کو اللہ نے بخشے ہیں وہ آنسوں
common_voice_ur_32015429.mp3	ی بی سی اردو اور ڈاکٹروں کا شکری	 بی بی سی اوٹ دو ڈاکٹروں کا شکریہ
common_voice_ur_31944714.mp3	تھے خاک راہ بھی ہم لوگ قہر طوفاں بھی	 کہ خاک راہ بھی ہم لوگ کہہے توفاں بھی
common_voice_ur_38488011.mp3	اور گوگل پلے سٹور سے ڈاؤن لوڈ کیا جا سکتا ہے	 اور گوگل پلے سٹور سے ڈاؤنلوڈ کیا جا سکتا ہے
common_voice_ur_41133197.mp3	محبت کو ہمیشہ مجبوریاں ہی لے ڈوبتی ہیں غالب	 محبت کو ہمیشہ مجبوریاں ہی لے ٹوٹی ہیں غالب
common_voice_ur_31995569.mp3	نظر اتارنے کے لیے کالا ٹیکا لگاتی ہوں	 نظر اتانے کے لئے کالے ٹیکر لگاتی ہوں
common_voice_ur_38429083.mp3	اجلاس کے دوران وہ اس کا اینٹلیجنس افسر تھا	 اجلاس کے دوران وہ اس کا انٹیلیجنس آفیسر تھا
common_voice_ur_38483987.mp3	لڑتے ہیں اور ہاتھ میں تلوار بھی نہیں	 لڑکے ہیں اور ہاتھ میں تلوار بھی نہیں
common_voice_ur_38450042.mp3	سفرِ عشق میں کی ضعف نے راحت طلبی	 سفرِ عشق میں کی زوف نے راحت تلبی
common_voice_ur_31991013.mp3	بیوروکریسی کی مراعات پر زیادہ وسائل خرچ ہوتے ہیں۔	 ویورک ریسی کی مراحات پر زیادہ وسائل خرچ ہوتے ہیں
common_voice_ur_38431461.mp3	تکلف برطرف‘ تجھ سے تری تصویر بہتر ہے	 تکلف برطرف تجھ سے تیری تصویر بہتر ہے
common_voice_ur_31834776.mp3	چادر رحمت نے ان غلاموں کو ڈھانپ لیا اور ان کو	 چادر احمد نے ان غلاموں کو ڈھانپ لیا اور ان کو
common_voice_ur_31973727.mp3	اگر وہ حقانی نیٹ ورک کے نکلتے ہیں۔	 اگر وہ بانی نیٹ فورکیں نکلتے ہیں
common_voice_ur_31990400.mp3	ہسپتال میں جاکر ہی کرونا کیوں ہوتا ہے ۔	 ہسپتال میں جا کر ہی کرونا کیوں ہوتا ہے؟
common_voice_ur_38482779.mp3	واسطے جس شہہ کے غالبؔ گنبد بے در کھلا	 واسطے جی شہ کے غالب گمبت بے در کلا
common_voice_ur_38465585.mp3	ھے چشم تر میں حسرت دیدار سے نہاں	 ہے چشم تر میں حسد دیدار سے نہا
common_voice_ur_31950915.mp3	بجلی کی تقسیم کار کمپنیوں کے سربراہان عہدوں سے فارغ	 بجلی تقسیم کار کمپنیوں کے سربراہان عمدوں سے فارغ
common_voice_ur_31972862.mp3	اور تمام شعبہ پر گہر نظر رکھ چاہی	 اور تمام شبہ پر گہر نظر رکھ چاہیے
common_voice_ur_38444302.mp3	مت پوچھو اس کا کیا کیا روپ دیکھا ہے	 مت پوچھو اس کا کیا کیا روپ دیکھا ہے
common_voice_ur_31890564.mp3	دبنگ کا تیسرا حصہ بھی سوناکشی کے قبضے میں	 دبانگ کا تیسرا حصہ بھی سناچی کے قبضے میں
common_voice_ur_38433707.mp3	اس کو قبول کرنے ہی میں عافیت ہے۔	 اس کو قبول کرنے میں ہی آفیت ہے
common_voice_ur_41132845.mp3	آرمینیائی فوج کے کنٹرول میں آ چکا تھا	 آرمینیائی فوج کے کنٹرول میں آ جکا تھا
common_voice_ur_38445987.mp3	دسمبر گریگورین سال کا بارہواں اور آخری مہینہ ہے	 دسمبر گریگورین سال کا باروہ اور آخری مہینہ ہے
common_voice_ur_31946495.mp3	لیکن اب اخبارات سے چڑ ہونے لگی ہے۔	 لیکن اب برات سے چڑھ ہونے لگی ہے
common_voice_ur_38434479.mp3	دوسری جانب انتہا پسند گروہ جیش الاسلام نے	 دوسری جانب اتحا پسند گروہ جیشل سلام نے
common_voice_ur_31800013.mp3	سپوکن انکش کورس سے مراد ہے انگلش بولنے میں مہارت	 سپوکن انگلیش کورس سے مراد ہے انگلیش بولنے میں محارب
common_voice_ur_38416012.mp3	چپکے چپکے مجھ کو روتے دیکھ پاتا ہے اگر	 چھپکے چھپکے مجھ کو رو دے دیکھ پاتا ہے اگر
common_voice_ur_38424535.mp3	پلا دے اوک سے ساقی ، جو ہم سے نفرت ہے	 پلا دے اوکے سکاتی جو ہم سے نفرت ہے
common_voice_ur_38424136.mp3	منافقت کے شہر میں سزائیں حرف کو ملیں	 منافقت کے شاعر میں سزائے حرف کو ملی
common_voice_ur_38426175.mp3	یعنی ہماری جیب میں اک تار بھی نہیں	 یعنی ہماری جیب میں ایک تار بھی نہیں
common_voice_ur_32050751.mp3	عضلات کی کمزوری کی علامات اچانک ظاہر ہوتی ہیں	 عزلات کی کمزوری کی علامت اچانک ظاہر ہوتی ہے
common_voice_ur_38467381.mp3	مروت حسن عالم گیر ہے مردان غازی کا	 مروت حسن عالمگیر ہے مردان غازی کا
common_voice_ur_38443890.mp3	قدرتی وسائل کا استعمال بروئے کار لایا جاتاہے	 قدرتی وسائل کا استعمال بروے کار لائے جاتا ہے۔
common_voice_ur_31938243.mp3	چاہے کچھ بھی ہو میں چھوڑوں گا نہیں	 چاہے کچھ بھی ہو میں چھوڑوں گا نہیں
common_voice_ur_30393477.mp3	تین دہائیوں میں پاکستانی معیشت کا حجم کھرب ڈالرہوجائےگا	 تین دہائیوں میں پاکستانی معیشت کا حجم کرپ ڈالر ہو جائے گا
common_voice_ur_41138555.mp3	موجودہ حکومت تماشہ زیادہ اور حکومت کم لگتی ہے۔	 موجودہ حکومت تماشا زیادہ اور حکومت کم لگتی ہے
common_voice_ur_31949024.mp3	یہ شہر اداس اتنا زیادہ تو نہیں تھا	 یہ شہر اداس اتنا زیادہ تو نہیں تھا
common_voice_ur_38473139.mp3	غم اُس کو حسرتِ پروانہ کا ہے اے شعلہ	 غام اس کو حسرتِ پرواز کا ہے اے شولا
common_voice_ur_31812936.mp3	سے سرینگر ہائی وے کو راولپنڈی اور اسلام آباد	 سری نگر ہائیوے اور اول پنڈی اور اسلام آباد
common_voice_ur_38449944.mp3	کاوش کا، دل کرے ہے تقاضا کہ ہے ہنوز	 کاوش کا دل کرے ہے تقاضہ کے ہے ہنوز
common_voice_ur_31929217.mp3	پہلے دن سے حریف یہ ساس کون ہے؟	 پہلے دن سے حریف یہ ساس کون ہے؟
common_voice_ur_31951476.mp3	رونا ہے کہ کتنی شامیں ویران رہتی ہیں۔	 رونا ہے کہ کتنی شاموں ویران رہتی ہیں۔
common_voice_ur_31943649.mp3	قفس اداس ہے یارو صبا سے کچھ تو کہو	 قفص عدا سے یارو صحبہ کی کچھ تو کہو
common_voice_ur_38452447.mp3	وہ سجدہ روح زمیں جس سے کانپ جاتی تھی	 وہ سجدہِ روح زمین جس سے کانپ جاتی تھی
common_voice_ur_38452498.mp3	نئے مقدس مقامات بنا لینا بھی درست نہیں	 نئے مقدس مقامات بنا لینا بھی درست نہیں
common_voice_ur_31970847.mp3	اوریہ وہ جو اتا ترک ترکی میں لایا۔	 اور یہ وہ جو عطا ترک ترکی میں لایا
common_voice_ur_38440525.mp3	یہ لاش بے کفن اسدؔ خستہ جاں کی ہے	 یہ لاش بے کفن اصد خستہ جان کی ہے
common_voice_ur_41168170.mp3	انھیں ترکی کی جانب سے جنگی نوعیت کے اشارے	 انہیں ترکی کے جانب سے جنگی نوحیت کے اشارہ
common_voice_ur_30580656.mp3	افریدی کوبخار زیادہ نہیں خود ارام کا مشورہ دیا ہیڈکوچ	 آفریدی کو بخار زیادہ نہیں خود آرام کا مشورہ دیا ہیڈ کوچ
common_voice_ur_38495488.mp3	جلے ہے ، دیکھ کے بالینِ یار پر مجھ کو	 جلے ہیں دیکھ کے بالینے یار پر مجھ کو
common_voice_ur_32038077.mp3	چنانچہ ان میں صالحین بھی موجود ہیں	 چنانچہ ان میں سالہین بھی موجود ہیں
common_voice_ur_32029452.mp3	اپنے آپ کے ساتھ پرسکون رہتا ہوں	 اپنے آپ کے ساتھ پر سکین رہتا ہوں
common_voice_ur_32017657.mp3	ابھی تک یہ فارمولہ کارگر ثابت ہوا	 ابھی تک یہ فرمولہ کارگر ثابت ہوا
common_voice_ur_32008760.mp3	دل کو لہو کریں یا گریباں رفو کریں	 دل کو لہو کریں یا گربان رفو کریں
common_voice_ur_32006749.mp3	خاص طورپہ معاشی صورتحال کی وجہ سے۔	 خاص طور پر معاشی صورتحال کی وجہ سے
common_voice_ur_32006837.mp3	اللہ پاک آپ کے درجات بلند کرے	 اللہ فقہ آپ کے درجات پلان کرے
common_voice_ur_31814533.mp3	صدر مقام یروشلم کو کہا جاتا ہے	 صدر مقام یروشلم کو کہا جاتا ہے
common_voice_ur_31814146.mp3	ادھر آؤ، یہ صفیہ بنت حیی ہیں	 ادھر آؤ یہ صفیہ بنتے ہی ہیں
common_voice_ur_31814125.mp3	وہ بیچارے غریب اور کمزور آدمی تھے۔	 وہ بچارے گریب اور کمزور آدمی تھے
common_voice_ur_38484030.mp3	اس کی شکل پر بلا اطمینان تھا۔	 اس کی شکل پر بلا اتمنان تھا
common_voice_ur_38416238.mp3	دل سے تنگ آکے جگر یاد آیا	 دل سے تن آکر جگر یاد آیا
common_voice_ur_31809546.mp3	پہلا سبب ان کا ترقی کاماڈل ہے۔	 پہلا سبب ان کا ترقی کا موڈل ہے۔
common_voice_ur_31809675.mp3	یہ صحیح ہے کہ یہ شیطانی قوتوں کی شیطانی ہے	 یہ صحیح ہے کہ یہ شیطانی قوتوں کی شیطانی ہے
common_voice_ur_32055909.mp3	کاش تمام پاکستانی اس کو سیرس لیے	 کاش تمہاں پاکستانی اس کو سیریس لے
common_voice_ur_31971793.mp3	کوریا کے رہنما غربت میں نہیں رہتے۔	 پھر ایک ایران ماغور بات میں نے ہی رہا تھا
common_voice_ur_31968496.mp3	مجھے کچھ ایسی کشش محسوس نہیں ہوتی۔	 مجھے کچھ ایسی کشش محسوس نہیں ہوتی
common_voice_ur_31968526.mp3	بصری معذوریوں کا شکار صارفین کی مدد	 بسری معذوریوں کا شکار سارفین کی مدد
common_voice_ur_31971974.mp3	وہ اقتدار کی سیاست سے لاتعلق ہے۔	 وہ اقتدار کے سیاست سے لا تعلق ہے
common_voice_ur_32043758.mp3	ہاں عورتیں مردوں ہی کی طرح ہیں	 ہاں اور تم مردوں ہی کی طرح
common_voice_ur_31968682.mp3	بندوق کے زور پر میرا استعفیٰ لینے	 بندوق کے زور پر میرا استفادہ لینے
common_voice_ur_31929131.mp3	پیغمبر اسے عبادت کے آداب سکھاتے ہیں۔	 پیغمبر اسے عبادت کے عذاب سکھاتے ہیں
common_voice_ur_31928230.mp3	حافظے کی کمزوری ہمیشہ لاحق رہی ہے۔	 حابسے کی کمزوری ہمیشہ لاحق رہتی ہے۔
common_voice_ur_31928259.mp3	یہ مسئلہ بھی سپریم کورٹ نے کھنگالا۔	 یہ مسئلہ بھی سپریم کورٹ نے گنگالا
common_voice_ur_31809513.mp3	علامات کو نظرانداز کر کے چھٹائی کریں	 علامات کو نظر انداز کر کے چھٹائی کریں
common_voice_ur_31891165.mp3	ان کے بقول معمر رانا فلم انڈسٹری	 ان کے بقول مامر رانہ فلم انڈسٹری
common_voice_ur_31943626.mp3	پیالے میں ایک چمچ پانی کے ساتھ ایک لیموں کا رس نچوڑیں	 یالے میں ایک چمچ پانی کے ساتھ ایک لیمون کا رس نچوڑیں
common_voice_ur_38452364.mp3	پیدا نہیں ہے اصلِ تگ و تازِ جستجو	 پیدا نہیں ہے اصلِ تغتازِ جستجو
common_voice_ur_31892585.mp3	"مریض ڈاکٹر کے لیے ایک ""کلائنٹ"" ہے۔"	 مریض ڈاکٹر کے لیے ایک کلائنٹ ہے
common_voice_ur_31978941.mp3	یہ بہت سے اجزاء کا مجموعہ ہے۔	 یہ بہت سے اجراح کا مجموعہ ہے
common_voice_ur_31967081.mp3	، مزاج اور شوق بھی امیروں جیسے تھے۔	 مزاج اور شوق بھی امیروں جیسے تھے
common_voice_ur_31966361.mp3	شردہا کپور ولن بننے کی خواہش مند	 شردہ کپور ولین بننیکی خواہش مند
common_voice_ur_31833903.mp3	یعنی فوجی دباؤ کے نتیجے میں نہیں۔	 یعنی فوجی دباؤ کے نتیجے میں نہیں
common_voice_ur_31833906.mp3	نصیرالدین شاہ کو کامیاب لوگ پسند نہیں	 نصیر الدین شاہ کو کامیاب لوگ پسند نہیں
common_voice_ur_38446607.mp3	گو نہ سمجھوں اس کی باتیں گو نہ پاؤں اس کا بھید	 گونا سمجھوں اس کی باتیں گونا پاؤں اس کا دید
common_voice_ur_31927324.mp3	وہ سلمان ڈیمرل سے انٹرویو کرتے ہیں۔	 جو سلمان ڈی مان سے انٹرویو کرتے ہیں
common_voice_ur_31981496.mp3	جنہوں نے آگے آکریہ نیک کام نبھایا۔	 جنہوں نے آگے اگر یہ نیک کام نبھایا
common_voice_ur_31833945.mp3	بزرگ بچوں کو بربری وحشی کہتے ہیں	 بزرگ بچوں کو برپری وحشی کہتے ہیں
common_voice_ur_38442762.mp3	وہ بندے فقر تھا جن کا ہلاک قیصر و کسریٰ	 وہ بندے فقر تھا جن کا ہلاک کیسر او کسرا
common_voice_ur_31828088.mp3	پولیس نے چور کو رنگے ہاتھوں پکڑا	 پولیس نے چور کو رنگے ہاتھوں پکڑا
common_voice_ur_31902905.mp3	لیبیا میں انتشار پیدا کیا جاتا ہے۔	 نیویہ میں انتشار پیدا کیا جاتا ہے
common_voice_ur_31834096.mp3	تو ہمارے لئے یہ لمحہ فکریہ ہے۔	 تو ہمارے لئے یہ لمحہ فکریہ ہے۔
common_voice_ur_31833917.mp3	جنرل اشفاق ندیم ریٹائر ہو چکے ہیں۔	 جنرل اشواق ندیم ریٹائر ہو چکے ہیں
common_voice_ur_31833833.mp3	"مبنی کتاب ''ملاقاتیں کیا کیا"" پڑھ رہا ہوں۔"	 ممی کتاب ملاقاتیں کیا کیا پڑھ رہا ہوں
common_voice_ur_31828945.mp3	وہ شخصیات کو بھی اگر پرکھتے ہیں۔	 وہ شخصیات کو بھی اگر پرکتے ہیں
common_voice_ur_31833699.mp3	جسے ہمت اور استقامت میسر ہوتی ہے۔	 جیسے ہمت اور استقامت میسر ہوتی ہے
common_voice_ur_31964385.mp3	جنہوں نے اپنا سا بقہ پیشہ اختیارکیا	 جنہوں نے اپنا سب کا پیشہ اختیار کیا
common_voice_ur_31833737.mp3	آج کرکٹ کا ٹورنمنٹ ہو رہا ہے	 آج کرکٹ کا ٹورنمنٹ ہو رہا ہے
common_voice_ur_31833740.mp3	میں اپنی زندگی ایسے نہیں گزارنا چاہتا۔	 میں اپنی زندگی ایسے نہیں گزارنا چاہتا ہوں
common_voice_ur_31902473.mp3	تیموری سلطنت تب اپنے عروج کو پہنچی۔	 تیموری سلطنت تب اپنے روز کو جا پچی
common_voice_ur_31809189.mp3	وہ تو لگتاہے مکمل طورپہ ختم ہوچکی۔	 وہ تو لگتا ہے مکمل طور پر ختم ہو چکی
common_voice_ur_38420183.mp3	کس کو سناؤں حسرت اظہار کا گلہ	 کس کو سناوں حسرت ازار کا گلہ؟
common_voice_ur_38479799.mp3	ایگری آپ صحیح کہہ رہے ہو بھائی	 ایگری آپ صحیح کہہ رہے ہو بھائی
common_voice_ur_31962393.mp3	اللہ بڑا ہی بخشنے والا مہربان ہے	 اللہ بڑا ہی بخشنے والا مہربان ہے
common_voice_ur_31809350.mp3	تعمیرِ وطن کے لیے سر جوڑ کے بیٹھو	 تعمیر وطن کے لیے سر جوڑ کے بیٹھو
common_voice_ur_38428327.mp3	جب لوگ سچے اور مکان کچے تھے	 جب لوگ سچے اور مکان کچھے تھے
common_voice_ur_32038880.mp3	تاکہ گھوڑا صرف سامنے ہی دیکھ سکے۔	 تاکہ گھوڑا صرف سامنے ہی دیکھ سکے
common_voice_ur_38432691.mp3	ترا خرابہ فرشتے نہ کر سکے آباد	 تیرا خرابہ فرشتے نہ کر شکے آباد
common_voice_ur_31964182.mp3	وہ اسے سماجی رشتوں تک پھیلادیتا ہے۔	 وہ اسے سماجی رشتوں تک پھیلا دیتا ہے
common_voice_ur_31834294.mp3	اب تو ہم با قاعدہ سینئر سٹیزن ہیں۔	 اب تو ہم باقاعدہ سینئر سٹیزنز ہیں
common_voice_ur_31863681.mp3	اعصاب مجتمع رکھنا بہت دشوار ہو گا۔	 اصاب مجتمع رکھنا بہت دشوار ہو گیا
common_voice_ur_31863682.mp3	آسان راستے پکڑنا کوئی ہم سے سیکھے۔	 آسان راستہ پکڑنا کوئی ہم سے سیکھے
common_voice_ur_31978363.mp3	پرند کرنا ہَر جگہ موجودگی اور رنگنا رنگنا	 پرند کرنا ہر جگہ موجود کی اور رنگنا رنگنا
common_voice_ur_31878171.mp3	پتلی جیبوں والوں کے مسائل الگ ہیں۔	 پتلی جیبوں والوں کے مسائل الگ ہیں
common_voice_ur_31992469.mp3	انگریزوں کی اگر مخاصمت کسی سے تھی۔	 انگریزوں کی اگر محاصمت کسی سے پھر
common_voice_ur_31936750.mp3	وہ لاہور کا اورنج ٹرین منصوبہ ہے۔	 بولہور کا اورنج شن مصوبہ ہے
common_voice_ur_31982996.mp3	کچھ عرصے بعد ٹرانسفر بھی ہو گئی۔	 کچھ عرصے بعد ٹرانسفر بھی ہو گئی
common_voice_ur_31982602.mp3	مس یونیورس کا اعزاز فرانس کے نام	 مس یونیورس کا ازاد فرانس کے نام
common_voice_ur_31809186.mp3	اس نے دنیا کو متحد کیا ہے	 اس نے دنیا کا متحد کیا ہے
common_voice_ur_31998615.mp3	کالی کافی اور سگاروں پہ گزارا کرتے۔	 کالی کافی اور سگاراں پر گزاراں کرتے ہیں
common_voice_ur_31952539.mp3	گاڑیاں ختم ہونے کا نام نہیں لیتیں۔	 گاڑیاں ختم ہونے کا نام نہیں لیتی
common_voice_ur_38438187.mp3	کھلا‘ کہ فائدہ عرضِ ہنر میں خاک نہیں	 کھلا کے فائدے عرضِ ہنر میں حاک نہیں۔
common_voice_ur_31928686.mp3	گوادر کا علاقہ عمان سے خریدا گیا تھا۔	 جوادر کا علاقہ امان صحریدہ گئے ہیں
common_voice_ur_31933266.mp3	معاویہ ابوسفیان بن حرب کے بیٹے تھے	 مہاوی ابو خفیان بن حرب کے بیٹے تھے
common_voice_ur_31934326.mp3	بسری باتیں مجھے یاد آ رہی ہیں۔	 بسری باتیں مجھے یاد آ رہی ہیں
common_voice_ur_31928625.mp3	حیرانی صرف پٹواری صاحب کی نہ تھی۔	 حیرانی صرف پٹواری صاحب کی نہ تھی
common_voice_ur_31854966.mp3	قوائد کی پیروی کرنے کی کوشش کرتا ہوں	 قوائد کے پیروی کرنے کی کوشش کرتا ہوں
common_voice_ur_31941721.mp3	چلے بھی آؤ کہ گلشن کا کاروبار چلے	 چلے بھی آؤ کہ گلشن کا کاروبار چلے
common_voice_ur_38449655.mp3	بے نیازی حد سے گزری بندہ پرور، کب تلک	 بینی آج ہچھے گزری بندہ پرور کب تلت؟
common_voice_ur_32026599.mp3	لیکن فضول کی تمنائیں اب نہیں رہیں۔	 لیکن فضول کی زمانہیں اب نہیں رہی
common_voice_ur_31952564.mp3	یہ کسی خلا میں پیدا نہیں ہوئے۔	 یہ کسی خلا میں پیدا نہیں ہوئے
common_voice_ur_31953028.mp3	دنیا کے پستہ ترین قد کا ریکارڈ	 دنیا کے پستہ تنین قد کا ریکارڈ
common_voice_ur_31953060.mp3	میں برتن دھونے والی ٹیم میں شامل تھا ۔	 میں بدترین دونے والی پیم میں شامل تھا
common_voice_ur_31953137.mp3	کرپشن کے الزامات میں آپ گھرے ہوں۔	 کرپشن کی الزامات میں آپ گھرے ہوئے
common_voice_ur_31935707.mp3	اس کی بنیادیں یونان میں رکھی گئیں۔	 اس کی بنیاد دیس یونان میں رکھی گئی
common_voice_ur_31941446.mp3	بجلی کے تاروں میں پھنس گیا ہے	 رجلی کی تاروں نے پھنس گیا تھا
common_voice_ur_38442715.mp3	مدت سے ہے آوارۂ افلاک مرا فکر	 مدد سے ہے آوار افلاک میرا فکر
common_voice_ur_31847458.mp3	وہ بے بسی کی ایک تصویر ہیں۔	 وہ بے بسی کی ایک تصویر ہے
common_voice_ur_31847412.mp3	شاہد کپور فلم ’کبیر سنگھ‘ کی شوٹنگ	 شاہد کپل فلم کبیر سنگھ کی شوٹنگ
common_voice_ur_31980535.mp3	پیر صاحب نے دوگھر بنا رکھے ہیں۔	 پیر صاحب نے دو گھر بنا رکھے ہیں
common_voice_ur_31974640.mp3	جب تک ان کے ایکسپائر ہوجانے والے	 جب تک ان کی ایکسپائر ہو جانے والے ہیں
common_voice_ur_31995358.mp3	دیکھ آئیں چلو کوئے نگاراں کا خرابہ	 دیکھ آئیں چلو کوئی نگارہ کا خرابہ
common_voice_ur_31969173.mp3	میں تجسس بر قرار رکھنا چاہتا ہوں۔	 میں تو جسس برقرار رکھنا چاہتا ہوں
common_voice_ur_31955722.mp3	بس پانچھ سے دس منٹ لگئیں گے۔	 بس پانچ سے دس منٹ لگیں گے
common_voice_ur_31974392.mp3	اس بارے کوئی کسر نہ اٹھائی جاتی۔	 اس بارے کوئی قصر نہ اٹھائی جاتی
common_voice_ur_31971676.mp3	اورایک نئے دور کا آغاز ہو رہاہے۔	 اور ایک نئے دور کا آغاز ہو رہا ہے
common_voice_ur_31846812.mp3	سکھوں یا دیگر مذاہب کی شادیاں ہوں۔	 اسی کو یادیگر مذاہب کے شادیاں ہوں
common_voice_ur_31834682.mp3	جنرل ضیاء الحق کو سیاست کون سکھاتا۔	 جنرل ضیاء الحق و سیاست کون سکھاتا؟
common_voice_ur_31846537.mp3	یہ کتاب واقعی جھنجھوڑ دینے والی ہے۔	 یہ کتاب واقعی چنجوڑ دینے والی ہے
common_voice_ur_31989687.mp3	ہمارا جھکائو امریکہ کی طرف ہو گیا۔	 ہمارا جھکاؤ امریکہ کی طرف ہو گیا
common_voice_ur_38431313.mp3	اک گھر میں مختصر بیاباں ضرور تھا	 ایک گھر میں مختصر بیعبہ ضرور تھا
common_voice_ur_32019212.mp3	ہم کن اندھیروں میں پھنسے ہوئے ہیں۔	 ہم کن اندھیروں میں فسے ہوئے ہیں
common_voice_ur_31995788.mp3	ریمنڈ ڈیوس کا قصہ ہمیں یاد نہیں؟	 ریمن ڈیوز کا قصہ ہمیں یاد نہیں
common_voice_ur_31995644.mp3	اتنی اخلاقی جرات ہوتی تو یہ کہانیاں	 اتنی اخلاق جرت ہوتی تو یہ کہانیاں؟
common_voice_ur_38431527.mp3	عزت دل میں ہونی چاہئے لفظوں میں نہیں۔ ناراضگی لفظوں میں ہونی چاہئے دل میں نہیں	 عزت دل میں ہونی چاہیے لفظوں میں نہیں ناراضگی لفظوں میں ہونی چاہیے دل میں نہیں
common_voice_ur_31914920.mp3	ایمیزون کے جنگلات نذرِ آتش ہو رہے ہیں۔	 ایمازون کے جنگلات نظر آتیش ہوئے ہیں
common_voice_ur_38484608.mp3	نہ شعلہ میں یہ کرشمہ نہ برق میں یہ ادا	 نہ شولہ میں یہ کرشمہ نہ برک میں یہ ادا
common_voice_ur_31983397.mp3	ہمت ہے تو ایسا کر کے دکھاؤ	 حمد ہے تو ایسا کر کے دکھاؤ
common_voice_ur_31985354.mp3	مسلم سماج کی اساسی ترکیب روایتی ہے۔	 مسلم سماج کی اصاسی ترقیب روایتی ہے۔
common_voice_ur_38413917.mp3	دکھلا کے اس کو آئینہ توڑا کرے کوئی	 تکھلا کے اس کو آئینہ تھوڑا کرے کوئی
common_voice_ur_38410363.mp3	رقی پسند اور پرامید سوچ کی جھلک تھی	 روکی پسند اور پر امید سوچ کی جلگ تھی۔
common_voice_ur_38503262.mp3	کارگل کا محاذ تو اب کھلنا چاہیے۔	 کارکل کا محاص تو اب کھلنا چاہیے
common_voice_ur_38503091.mp3	امریکی مالز میں پاکستانی موجود گورے ڈرپوک نکلے حرا مانی	 امریکی مالز میں پاکستانی موجود گورے ڈرپوٹنے کے لئے حیرہ مانی
common_voice_ur_32033348.mp3	ان کی نااہلی کا ڈھنڈورا ظاہر ہے۔	 ان کے ناہلے کا دھندورہ ظاہر ہے
common_voice_ur_31793363.mp3	اور پورے کنبے کے لئے محفوظ تھی	 اور پورے کنبے کیلئے محفوظ تھی
common_voice_ur_38453124.mp3	جنبشِ موجِ صبا‘ ہے شوخیِ رفتارِ باغ	 جنبش موج سباہ شوخی رفتار با
common_voice_ur_31813549.mp3	عراق میں پر تشدد مظاہرے ہوئے ہیں۔	 عراق میں پہتر شدد مظاہرے ہوئے ہیں۔
common_voice_ur_38476777.mp3	کیا سینے میں جس نے خونچکاں‘ مژگانِ سوزن کو	 کیا سینے میں جس نے ہونک چا مصر گانے سوزن کو؟
common_voice_ur_31966959.mp3	کبھی کبھار ہی خیالی پلاو بناتا ہوں	 کبھی کبھار ہی خیالی پلاو بناتا ہوں
common_voice_ur_38422228.mp3	گرچہ ہوں دیوانہ پر کیوں دوست کا کھاؤں فریب	 اگر چاہوں دیوانا پر کیوں دوست کا کھاؤں فرید
common_voice_ur_38421202.mp3	اے جوشِ عشق! بادۂ مرد آزما مجھے	 اے جوشِ عشق، وعدہِ مرد، ازما مجھے
common_voice_ur_31793156.mp3	متعدی بیماری کی طرح پھیل گئی ہے	 متعدی بیماری کی طرح پھیل گئی ہے
common_voice_ur_32036959.mp3	آئیے ان پر ایک نگاہ ڈالتے ہیں۔	 آئیے ان پر ایک نگاہ ڈالتے ہیں
common_voice_ur_31845882.mp3	جب صحیح آدمیوں کو ذمہ داری سونپیں۔	 جب صحیح آدمیوں کو ذمہ داری سوپے
common_voice_ur_31845799.mp3	نوازشریف انسانی خرابیوں سے منزہ نہیں ہیں۔	 نواز شریف انسانی کو رابیوں سے منزا نہیں ہے۔
common_voice_ur_38473866.mp3	اس تمام تر سرگرمی میں ایک ربط ہے۔	 اس تمام ترسرگرمی میں ایک ربط ہے
common_voice_ur_31793225.mp3	اٹھانا چاہ رہے ہیں شاہد خان آفریدی	 اٹھانا چاہ رہے ہیں شاید خانہ فریدی
common_voice_ur_31792871.mp3	جاپانی صنعتی کمپنیوں کو بہتر سمجھنا چاہِیے	 جپانی سنتی کمپنیوں کو بہتر سمجھنا چاہیے
common_voice_ur_31980305.mp3	حروف کے تئیں حساس کی چھٹائی کریں	 حروف کہتے ہیں حساس کی چھٹائی کریں
common_voice_ur_38422442.mp3	کیا ہے اس نے فقیروں کو وارث پرویز	 کیا ہے اس نے فقیروں کو وارث پرویز
common_voice_ur_31828376.mp3	باتوں کا لیول کچھ اونچا ہونا چاہیے۔	 باتوں کا لیول کچھ انچہ ہونا چاہیے
common_voice_ur_38422462.mp3	ہوا ہے تارِ اشکِ یاس‘ رشتہ‘ چشمِ سوزن میں	 ہوا ہے تار عشقِ یاس رشتہ چشمِ سوزن میں
common_voice_ur_38499170.mp3	باقیات ملک کو بہ مطابق دستور چکناچور کردیا جائے	 باقیات ملک کو بے مطابق دستور شکنا چور کر دیا جائے
common_voice_ur_32007918.mp3	تو ان کا اپنا سیاسی ورثہ تھا۔	 تو ان کا اپنا سیاسی ورثہ تھا
common_voice_ur_31930815.mp3	خالی پیٹ میرے دماغ کی بتی نہیں جلتی	 خالی پیٹ میں ازمانٹی بکی نہیں چلتی
common_voice_ur_31829844.mp3	شخصیت یا پرسنیلٹی خدا داد چیز ہے۔	 شخصیت یا پرسنیلٹی خودعداد چیز ہے
common_voice_ur_31926603.mp3	اپنی قمیض پینٹ کے اندر کر لو	 اپنی کمیز پینٹ کے اندر کر لو
common_voice_ur_31978971.mp3	کاروباری لوگ بھی بڑے چالاک ہوتے ہیں۔	 کاروباری لوگ بھی بڑے چلاک ہوتے ہیں
common_voice_ur_31835442.mp3	چہرے چھوڑیں کوئی نئے افکار تو ہوں۔	 چہرے چھوڑیں کوئی نئی افکار تو ہوں
common_voice_ur_31835427.mp3	پڑوس میں افغانستان کو ہی دیکھ لیں۔	 پڑوس میں افغانستان کو ہی دیکھ لیں
common_voice_ur_41160780.mp3	اس ملک پہ کوئی آسمان نہیں ٹوٹا۔	 اس ملک کو یاد ماننے ہی پیدا
common_voice_ur_32001079.mp3	بھولے سے اس نے سیکڑوں وعدے وفا کیے	 بھولے سے اس نے سیکڑوں وعدے وفا کیے۔
common_voice_ur_31994110.mp3	کیونکہ اس کی بھی بڑھوتری زیادہ ہے۔	 وزیر قانون نے یہ خرارداد پیش کی
common_voice_ur_31911887.mp3	شامیں اسلام آباد میں گزارنا پڑتی ہیں۔	 شامِ اسلام آباد میں خدانہ پڑتی ہیں
common_voice_ur_38457200.mp3	کہیں اس مباحثے میں نہ ہو بندگی قضا	 کہیں اس مباحثے میں نہ ہو بندگی قضاء
common_voice_ur_38425802.mp3	آنکھوں میں نیند کا خمار جوں کا توں تھا	 آنکھوں میں نیند کخمار جنگ کا دو تھا
common_voice_ur_38425362.mp3	جانتا ہے کہ‘ ہمیں طاقتِ فریاد نہیں	 جانتا ہے کہ ہمیں طاقتِ فریاد نہیں
common_voice_ur_31835489.mp3	اس سے ماحولیاتی تحفظ میں مددملے گی ۔	 اس سے ماہولیاتی تحفظ میں مدد ملے گا
common_voice_ur_31974631.mp3	دل کھٹکا کہ پورے نہ آسکیں گے ۔	 دل کھٹکا کہ پورے نہ آ سکیں گے
common_voice_ur_31792166.mp3	ارے بھئی جب ہم سانس باہر نکالتے ہیں	 ارے بھائی جب ہم سانس باہر نکالتے ہیں
common_voice_ur_31892475.mp3	ہمسایوں سے پر امن زندگی بسر کریں	 ہمسائیوں سے پر امن دنگی برسر کریں
common_voice_ur_31892690.mp3	کیسی تاویلیں دینا شروع ہو گئے ہیں۔	 کیسے تولی دینا شروع ہو گئے ہیں؟
common_voice_ur_38476960.mp3	نہ آئی سطوت قاتل بھی مانع میرے نالوں کو	 نہ آئے ستوت قاتل بھی منا میرے نالوں کو
common_voice_ur_31968824.mp3	حماد، کدھر ہے اور کب تک آئے گا؟	 حماد کدھر ہے اور کب تک آئے گا؟
common_voice_ur_31841027.mp3	ٹیسٹ کیریئر میں ایک ٹرپل سنچری بھی	 ٹیسٹ کیریئر میں ایک ٹرپل سنچری بھی
common_voice_ur_38467107.mp3	خراج کی جو گدا ہو ، وہ قیصری کیا ہے!	 خراج کی جو گدا ہو وہ کیسری کیا ہے؟
common_voice_ur_38430770.mp3	ادب میں ایک سے زیادہ نظریات مروج ہیں۔	 عدب میں ایک سے زیادہ نظریات مروج ہیں
common_voice_ur_31935853.mp3	ہم نے اشعار کا دروازہ کھُلا رکھا ہے	 ہم نے اشار کا دروازہ کھلا رکھا ہے
common_voice_ur_31965202.mp3	اس سے ملنے میں کوئی مضائقہ نہیں	 اس سے ملنے میں کوئی مزائکہ نہیں
common_voice_ur_38467490.mp3	گدائے طاقتِ تقریر ہے زباں تجھ سے	 پیدایت آخطہ قریب سوا تُسے
common_voice_ur_31983970.mp3	انتظار نامی لڑکے کا قتل دیکھ لیجیے۔	 انتظار نامی لڑکے کا قتل دیکھ لیجئے
common_voice_ur_31981087.mp3	گاڑی میں بیٹھتے اور کہیں چل دیتے۔	 گاڑی میں بیٹھتے اور کہیں چل دیتے
common_voice_ur_31984723.mp3	روزگار کے نئے مواقع پیدا کرتی ہے۔	 روزگار کی نئے مواقع پیدا کرتی ہے۔
common_voice_ur_31836046.mp3	اوراگر اب ہوتے تو کچھ کر بیٹھتے۔	 اور اگر اب ہوتے تو کچھ کر بیٹھتے
common_voice_ur_31988332.mp3	نہ ہی ون ڈے کا اچھا پلئیر	 نہ ہی ونڈے کا اچھا پلئر
common_voice_ur_31999750.mp3	اصل ٹارگٹ پہ نظریں جمی ہوئی ہیں۔	 اصل ٹارگٹ پہ نظریں جمع ہوئی ہیں
common_voice_ur_31849591.mp3	توکل اللہ پر بھروسے کا نام ہے۔	 توقع اللہ پر بھروسے کا نام ہے
common_voice_ur_31835983.mp3	نو فلس کا اضافہ کیا گیا ہے	 نوفلس کا اضافہ کیا گیا ہے
common_voice_ur_38473076.mp3	پرانے ہیں یہ ستارے فلک بھی فرسودہ	 پرانے ہیں یہ ستارے فلک بھی فرس ہوتا
common_voice_ur_31976760.mp3	فوجی کمانڈر خود بھی یہ سمجھتے ہیں۔	 فوجی کمانڈر خود بھی یہ سمجھتی ہے
common_voice_ur_31916167.mp3	ان میں بوریت سے بڑا روگ کوئی نہیں۔	 ان میں بوریت سے بڑا روک کوئی دی
common_voice_ur_31916570.mp3	چند موقع پرستوں کا معاملہ دوسرا ہے۔	 چند موقع پرسلو کا معاملہ دوسرا ہے
common_voice_ur_31841262.mp3	آگے بڑھنے کے لیے دھوکا دیتا ہوں	 آگے بھرنے کے لیے دھوکہ دیتا ہوں
common_voice_ur_41130835.mp3	میرے دل کا حال تم کیا جانوں؟	 میرے دل کا حال تم کیا جانو
common_voice_ur_31897728.mp3	جرمنی کی کرنسی کی وقعت نہ رہی تھی۔	 جرمنی کی کرنسی کے وقت نہ رہی تھی
common_voice_ur_32029255.mp3	مینیجمنٹ کا خیال تھا کہ ہر فارمیٹ میں	 مینجمنٹ کا خیال تھا کہ ہر فارمیٹ میں
common_voice_ur_38417679.mp3	نہ رکھ اُمید وفا کسی پرندے سے وصی	 نارک امید وفا کس پرندے سے وسیح
common_voice_ur_31921499.mp3	ایک تھی مریم فلم کا ٹیزر جاری	 ایک تھی مریم فلم کا ٹیزر جاری
common_voice_ur_31916759.mp3	عسکری پارک اور اولڈ سٹی ایریا ہے	 اسکری پارک اور اول چیٹی ایریا ہے
common_voice_ur_31979921.mp3	پھر نظر آئے سلیقہ تری رعنائی کا	 پھر نظر آئے سلیکہ تیری رانائی کا
common_voice_ur_31841596.mp3	انسانوں کی بھلائی پر یقین رکھتا ہوں	 انسانوں کی بھلائی پر یقین رکھتا ہوں
common_voice_ur_31837432.mp3	وہ رسیوں کو سانپ سمجھنے لگتے ہیں۔	 وہ رسیوں کو سام سمجھنے لگتے ہیں
common_voice_ur_31930965.mp3	وہ عیاشیوں پہ برباد کر دئیے جائیں۔	 وہ عیاشوں پہ برباد کر دیے جائیں
common_voice_ur_31921805.mp3	سو جو کچھ ہورہاہے ہونا ہی تھا۔	 سو جو کچھ ہو رہا ہے ہونا ہی تھا
common_voice_ur_41117687.mp3	ریاست چین مذہب کو مانتی ہی نہیں۔	 ریاست چین مذہب کو مانتی ہی نہیں
common_voice_ur_31954731.mp3	ماہرہ کے اسٹائل کے بارے میں جاننا چاہتے ہیں	 ماہرہ کس ٹائر کے بارے میں جاننا چاہتے ہیں؟
common_voice_ur_38470742.mp3	مُجھ کو اپنے دلِ ناکام پہ رونا آیا	 مجھ کو اپنے دلیں ناکام پر ہونا آیا
common_voice_ur_31956014.mp3	نجات کی خوش خبری کس نے سنائی	 ججاد کے خوشخبری کس نے سنائی؟
common_voice_ur_31967997.mp3	نامزدگی بھرے، وہی عقل استعمال نہ کر سکا۔	 نہ مزدکی بھرے وہی عقل استعمال نہ کر سکا
common_voice_ur_31933828.mp3	ہم بہت بھگت چکے ایسی مداخلتوں کو۔	 ہم بہت بہت چکے ایسی مداخلی تنگوں
common_voice_ur_31837347.mp3	ان کہانیوں کو دہرانے کا کیا فائدہ۔	 پانیوں کو دھرانے کا کیا فائدہ؟
common_voice_ur_31957667.mp3	نظریاتی سیاست کی فضارومان پرور ہوتی ہے۔	 نظریاتی سیاست کی فضاء رومان پرور ہوتی ہے
common_voice_ur_31990088.mp3	یہ رنگ آپ پر خوب جچتا ہے	 یہ رنگ آپ پر خوب ججتا ہے۔
common_voice_ur_31827056.mp3	ڈریسنگ روم کا ڈسپلن برقرار رہے گا	 دریسنگ روم کا ڈسپلن برقرار رہے گا
common_voice_ur_32023426.mp3	، اسی طرح بائیں طرف بھی موجود ہیں۔	 اسی طرح بائیں طرف بھی موجود ہیں
common_voice_ur_31827293.mp3	اس واردات کی شروعات ہم سے ہوئیں۔	 اس وردات کی شروعات ہم سے ہوئیں
common_voice_ur_31837175.mp3	مجھے تم سے ئہ امید نہیں تھی	 مجھے تم سے یہ امید نہیں تھی
common_voice_ur_31957860.mp3	حافظ سعید ایک معقول عالم دین ہیں۔	 حافظ سعید ایک معقول عالم دین ہے
common_voice_ur_32031321.mp3	تاریخ آخرکار اس کے ساتھ نہیں ہے	 تاریخ آخرکار اس کے ساتھ نہیں ہے
common_voice_ur_41160806.mp3	میں آپ سے ڈرتا نہیں ہوں ـ	 میں آپ سے ڈڑتا نہیں ہوں
common_voice_ur_31830745.mp3	جہاں پودوں کی نشوونما کو بہتر بنانے	 جہاں پودوں کی نشنما کو بہتر بنانے
common_voice_ur_38483389.mp3	اسد مت رکھ تعجب خر دماغی ہائے منعم کا	 اصد مت رکھ تاجب خر دماغی ہے منم کا
common_voice_ur_38469624.mp3	میں ساحل سمندر جانے کا شوقین ہوں۔	 میں ساحل سمندر جانے کا شوقین ہوں۔
common_voice_ur_32006316.mp3	جسے عربی زبان میں اقامہ کہتے ہیں۔	 جسے عربی زبان میں اکامہ کہتے ہیں
common_voice_ur_31986322.mp3	تو لوگ میٹرو کو بھول جائیں گے۔	 تو لوگ میٹرو کو بھول جائیں گے
common_voice_ur_31842229.mp3	یہ سلسلہ تو بہت پہلے رکنا چاہیے۔	 یہ سلسلہ تو بہت پہلے رکنا چاہیے
common_voice_ur_31824360.mp3	سلیوٹ ڈاکٹرز آپ لوگ واقعی مسیحا ہو	 سلوٹ ڈاکٹرز آپ لوگ واقعی مسیحہ ہو
common_voice_ur_31824328.mp3	بہت بُرا ہُوں! کسی کا بُرا نہ کر پایا	 بہت برا ہوں کسی کا برا نہ کر پایا
common_voice_ur_31949144.mp3	لطافت کا حسین امتزاج دکھائی دیتا ہے	 لطافت کا حسین امتزاج دکھائی دیا ہے
common_voice_ur_31943098.mp3	انوکھا منظر کیمرے کی آنکھ میں محفوظ ہوگیا	 انوخہ منظر کامیرے کی آنکھ میں محفوظ ہو گیا
common_voice_ur_32006726.mp3	احباب توقعات کے ٹوٹے پیمانوں کا نوحہ لکھتے ہیں۔	 احباب تو قائد کے ٹوٹے پیمانوں کا نوحہ لکھتے ہیں
common_voice_ur_32030044.mp3	یہی معاملہ رشید احمد صدیقی کا ہے۔	 یہی معاملہ رشید احمد صدیقی کا ہے
common_voice_ur_41103365.mp3	برطانیہ میں ریفرنڈم کراچی اسٹاک ایکسچینج میں مندی	 برطانیہ میں ریفرنڈم کراچی سٹاک ایکسٹریم میں مندی
common_voice_ur_31823460.mp3	پاکستان آئینی طور پر 'اسلامی جمہوریہ پاکستان‘ ہے۔	 پاکستان آئینی طور پر اسلامی جمہوریہ پاکستان ہے
common_voice_ur_31954642.mp3	اس کے موتیوں جیسے دانت کھل گئے تھے۔	 اس کے موٹیوں جیسے دان کھل گئے تھے
common_voice_ur_32045112.mp3	منیجر نے اپنے ایک ملازم سے پوچھا	 مینجر نے اپنے ایک ملازم سے پوچھا
common_voice_ur_41104663.mp3	برصغیر میں اسلام کے پیروکار بہت سارے ہیں	 سنبر سغیر میں اسلام کے پیروپار بہت سارے ہیں
common_voice_ur_31950094.mp3	فرقت یار نے آباد کیا آخر شب	 فرقتِ یار نے عباد کیا آخر شب
common_voice_ur_41151207.mp3	کہ انداز بہ خوں غلتیدن بسمل پسند آیا	 کہ انداز بے خون التیدین ان بسم پسند آیا
common_voice_ur_32010431.mp3	میں مشکل حالات سے نہیں گھبراتا	 میں مشکل حالات سے نہیں گراتا ہوں
common_voice_ur_31945968.mp3	کوئی قصہ سناتی رہی رات بھر	 کوئی کے ساتھ سناتی رہی رہا ہے
common_voice_ur_31791128.mp3	لیکن ان کوموت نہیں آئے گی	 لیکن ان کو موت نہیں آئے گی
common_voice_ur_31790847.mp3	مجھے بھوک بہت کم لگتی ہے	 مجھے بھوک بہت کم لگتی ہے
common_voice_ur_32009965.mp3	کار فراٹے بھرتی ہوئے نکل گئی	 کار فراتے بھیتی ہوئیں گے
common_voice_ur_31965224.mp3	غنڈہ گردی سے بند کرنا دینا	 گھنڈا گردی سے بند کر نہ دینا
common_voice_ur_31790720.mp3	اسی طرح مصری ، رومن اور بابل	 اسی طرح ہم مصری، رومن اور بابل
common_voice_ur_31950583.mp3	آدم جی ایوارڈ سے نوازا گیا	 آدم جی ایوارڈ سے نواز آ گیا
common_voice_ur_31904277.mp3	دانت انگور کھانے سے ہلتے تھے	 بندان تنگو کھانے سے دیکھتے ہیں
common_voice_ur_31948116.mp3	ابھی بادبان کو تہ رکھو ابھی مضطرب ہے رخ ہوا	 ابھی بدبان کو تا رکھو ابھی مزدرب ہی ہے رکھ ہوا
common_voice_ur_31967862.mp3	مذہب طبیعیات اور مابعدالطبیعیات کو محیط ہے۔	 مذہب طبیعت اور معابد الطبیعت کو محیط ہے
common_voice_ur_31856441.mp3	ماڈل ٹاؤن کیس بھی پیچھے پیچھے ہے۔	 مارڈل ٹاؤن کیسے بھی پیچھے پیچھے ہے؟
common_voice_ur_31790468.mp3	آسان پر بادل چھاۓ ہوۓ ہیں	 آسمان پر بادل چھائے ہوئے ہیں
common_voice_ur_41144745.mp3	میں ناشتہ بنانے ہی والا ہوں	 میں ناشتہ بنانے ہی والا ہوں
common_voice_ur_31938332.mp3	میں اپنے دانت برش کر تاہوں	 میں اپنے دانت برش کرتا ہوں
common_voice_ur_32037523.mp3	اب کی بار معاملہ اورنازک ہوگیاہے۔	 اب کی بار معاملہ اور نازک ہویا ہے
common_voice_ur_31791865.mp3	یہ معاملہ حکومتوں سے متعلق ہے۔	 یہ معاملہ حکومتوں سے متعلق ہے
common_voice_ur_31981406.mp3	وہ مفتوحین کی دل جوئی کرتے تھے۔	 وہ مفتوحین کی دل جوئی کرتے تھے
common_voice_ur_31962235.mp3	شمشیر زن بھی بچ نہیں پائیں گے۔	 شمشیر زن بھی بیچ نہیں پائیں گے
common_voice_ur_31837344.mp3	یہی معاملہ مولانا سندھی کا ہے۔	 یہی معاملہ مولانا سندھی کا ہے
common_voice_ur_32046758.mp3	تمہاری شرٹ باہر نکلی ہوئی ہے	 تمہاری شرط باہر نکلی ہوئی ہے
common_voice_ur_31843117.mp3	کملااتھال کے بارے میں نہیں سنا	 کملہ آتھار کے بارے میں نہیں سنا
common_voice_ur_31864767.mp3	دیکھو اونٹ کس کروٹ بیٹھتا ہے ۔	 دیکھو اونٹ کس کروٹ بیٹھتا ہے
common_voice_ur_31985843.mp3	جنید جمشید کی موت حادثاتی تھی۔	 جنید جمشیت کی موت خادساتی تھی
common_voice_ur_31970956.mp3	پونے نے دھونی کو خرید لیا	 پونے نے دونی کو خرید لیا
common_voice_ur_38430561.mp3	جاں دادۂ ہوائے سر رہ گزار تھا	 جہاں تاتہ ہواہ سر رہ گزار تھا
common_voice_ur_31949774.mp3	مجھے بزم دہر سے لے چلے	 مجھے بزمیں دہر سے لے چلے
common_voice_ur_32007900.mp3	سخت سردی تھی اور اندھیرا بھی ۔	 سخت سردی تھی اور اندھیرہ بھی
common_voice_ur_32023820.mp3	آفیشل دورہ پر چترال گئے تھے	 اوفیشل دورے پر چترال گئے تھے
common_voice_ur_31792275.mp3	راتوں کو لاہور میں بلیک آؤٹ ہوتا۔	 راتوں کو لاہور میں بلیک آؤٹ ہوتا
common_voice_ur_31882797.mp3	آئرلینڈ کے خلاف صرف ایک میچ	 آئرلینڈ کے علاوہ صرف ایک میچ
common_voice_ur_32026503.mp3	پنکھے سے بہتر کام کرتی ہے	 پنکھے سے بہتر کام کرتی ہے
common_voice_ur_31792564.mp3	بیٹھا رہا اگرچہ اشارے ہوا کیے	 بیٹھا رہا اگرچہ اشارے ہوا کیے
common_voice_ur_31986261.mp3	بے ترتیبی سے پریشان نہیں ہوتا	 بے ترتیبی سے پریشان نہیں ہوتا
common_voice_ur_31933460.mp3	وہ بیساکھیوں کے سہارے چل رہی ہے۔	 وہ بیسا کیوں کہ سہارے چل رہی ہے
common_voice_ur_32035407.mp3	صحافت ایک غریب پروفیشن ہوا کرتاتھا۔	 صحافت ایک گریب پروفیشن ہوا کرتا تھا
common_voice_ur_31882321.mp3	دوسروں پر جوابی کروائئ کرتا ہوں	 دوسروں پر جوابی کاروائی کرتا ہو
common_voice_ur_31836843.mp3	آسٹریلین سنٹرل ویسٹرن ڈے لائٹ ٹائم	 آسٹریلین سنٹرل ویسٹرن ڈے لائٹ ٹائم
common_voice_ur_31836863.mp3	میں میٹرک یا گیارہویں جماعت میں تھا۔	 میں میٹرک یا گیارویں جماعت میں تھا
common_voice_ur_31343156.mp3	وہ اس وقت تک بینک اکائونٹ	 وہ اس وقت تک بینک اکاؤنٹ
common_voice_ur_31343220.mp3	میرے تو رونگٹے کھڑے ہو گئے	 میرے دو رونگٹے کھڑے ہو گئے
common_voice_ur_32001841.mp3	انگریس کے رکن بھی رہے تھے	 انگریز کے رکن بی رہی رجائے
common_voice_ur_32042906.mp3	یہ سوٹ کتنے کا خریدا ہے؟	 یہ سوٹ کتنے کا خرید ہے؟
common_voice_ur_32005999.mp3	آپ کو موٹر سائکل کب ملی؟	 آپ کو موٹر سائیکل کرنے لیے
common_voice_ur_31882049.mp3	اور انتظامیہ ان کی بات مانے؟	 اور انتظامیاں ان کی بات آنے
common_voice_ur_31792795.mp3	عرفان خان اور سونالی بیندر ے	 عرفان خان اور سنالی بیندرے
common_voice_ur_38499213.mp3	یہ نص عبرانی میں لکھے تھے، آشوری میں نہیں۔	 یہ نس ابرانی میں لکھے تھے اشوری میں نہیں
common_voice_ur_32001177.mp3	یہاں بھی معاملہ وزیرستان والا ہے۔	 یہاں بھی معاملہ وزیرستان والا ہے
common_voice_ur_31925993.mp3	اور جسم بھی تپ رہا ہے۔	 اور جسم بھی تپ رہا ہے
common_voice_ur_31824256.mp3	بڑے دل گردے کی بات ہے۔	 بڑے دل گردے کی بات ہے
common_voice_ur_31824274.mp3	پرسوں آخری فیصلہ نہیں ہونے جارہا۔	 پرسوں آخری فیصلہ نہیں ہونے جا رہا
common_voice_ur_32014674.mp3	اور اشرار بھی پائے جاتے ہیں	 اور اشرار بھی پائے جاتے ہیں
common_voice_ur_31792907.mp3	چھٹا مألہ یہ پیدا ہوتا ہے	 چھٹا مالہ یہ پیدا ہوتا ہے
common_voice_ur_31833619.mp3	مشاہد ہ کرنے کی عادی ہیں	 مشاہدہ کرنے کی عادی ہیں
common_voice_ur_31930427.mp3	وہ اب سب پہ عیاں ہے۔	 وہ اب سب پہ نیان ہے
common_voice_ur_31930254.mp3	مجھے فلسفیانہ مباحث پسند نہیں ہیں	 مجھے فلسفیانہ مباحث پسند نہیں ہے۔
common_voice_ur_31953158.mp3	کام کا نعرہ بہت مقبول ہوا	 کام کا نعرہ بہت مقبول ہوا
common_voice_ur_31823648.mp3	دوسری درسگاہوں سے فارغ التحصیل ہیں؟	 دوسری درسگاہوں سے فارغل تحصیل ہیں
common_voice_ur_31952683.mp3	ماضی کے تجربات سے سبق سیکھا ہے	 ماضی کے تجربان سے سبق سیکھا ہے
common_voice_ur_32003993.mp3	عبدالقادر نے گھبراتے ہوئے جواب دیا	 عبدالقادر نے گھبراتے ہوئے جواب دیا
common_voice_ur_38451623.mp3	تماشا کہ اے محوِ آئینہ داری!	 تماشاں کی اے محورِ آئینہ داری
common_voice_ur_32062848.mp3	جامنی رنگ استعمال کیا گیا ہے	 چامنی رنگ استعمال کیا گیا ہے
common_voice_ur_31943614.mp3	دل کا ہر تار لرزش پیہم	 دن کا ہر تار لرزش پہنم
common_voice_ur_31943810.mp3	آسمان پر پرندے اڑ رہے ہیں	 آسمان پر پرندے اوڑے ہوئی
common_voice_ur_38483050.mp3	میرے شاہِ سلیماں جاہ سے نسبت نہیں‘ غالبؔ!	 میری شاہی سلمان جہاں سے نزبت نہیں غالب
common_voice_ur_31823256.mp3	میں اس معاملے پر سوچوں گا	 میں اس معاملے پر سوچوں گا
common_voice_ur_31944072.mp3	چاندنی دل دکھاتی رہی رات بھر	 چاندے دکھاتی رہی رات پر
common_voice_ur_31793361.mp3	جسے سن کر عبدالقادر کی انکھیں	 جسے سن کر عبدالقادر کی آنکھیں ہیں
common_voice_ur_31793381.mp3	س کے حلق میں اٹک گئے۔	 اس کے خلق میں اٹک گئے
common_voice_ur_32062215.mp3	میں چاکلیٹ کی بڑی شوقین ہوں۔	 میرا چاپ لیٹ کی بڑی شوقی ہوا ہے
common_voice_ur_26756917.mp3	اور پھر برخورداران میاں شہباز شریف۔	 اور پھر بر خرداران میاں شہبا شریف
common_voice_ur_26704006.mp3	یہ تصوراتی ہے اور اکثر مزاحیہ	 یہ تصور آتی ہے اور اکثر مزاہیہ
common_voice_ur_38453144.mp3	تماشا کشور آئینہ میں آئینہ بند آیا	 تماشا کیشورِ آئینہ میں آئینہ بند آیا
common_voice_ur_31353483.mp3	کیونکہ جتنا ہمارا بازو مروڑنا تھا۔	 کیونکہ جتنا ہمارا بازو مروڑ نہ تھا
common_voice_ur_31819970.mp3	چاٹ مصالحہ بر آمد ہو گیا	 چاٹ مسالہ برامد ہو گیا
common_voice_ur_38436401.mp3	آج اسمان میں بہت بادل چھائے ہیں۔	 آج اسماں میں بہت بادل چھائے ہیں
common_voice_ur_38431351.mp3	غمِ عشق اگر نہ ہوتا غمِ روزگار ہوتا	 غمِ عشق اگر نہ ہوتا غمِ روزگار ہوتا
common_voice_ur_38482842.mp3	پیماں سے ہم گزر گئے‘ پیمانہ چاہیے	 پیمان سے ہم گزر گئے پیمانہ چاہیے
common_voice_ur_31958519.mp3	اسے بحفاظت زمین پر لایا جاسکے	 اسے باہر حفاظت زمین پر لائے جا سکے
common_voice_ur_38431446.mp3	بہترین علاج تفریح اور سیاحت ہے	 بہترین علاج تفریح اور سیاست ہے
common_voice_ur_38460130.mp3	دریا زمین کو عرق انفعال ھے	 بریہ زمین کو ارک انفال ہے
common_voice_ur_31831786.mp3	نہ دیوتا، خیر وشرکا مجموعہ ہوتا ہے۔	 نہ دے ہوتا ہے اور وہ شرکہ مجموعہ ہوتا ہے
common_voice_ur_31831787.mp3	ایک دوست دلچسپ پیرائے میں بتاتے	 ایک دوست دلچسپ پیرائے میں بتاتے
common_voice_ur_31971830.mp3	ہندوستان نے اپنی روش بدلنی ہے۔	 ہندوستان نے اپنی روش بدلنی ہے
common_voice_ur_31889101.mp3	تین روزقبل بے ہوش ہونےو الا بیلجیئن فٹبالر زندگی کی بازی ہارگیا	 تین روز قبل بے ہوش ہونے والا بیلجین فوٹبالر زندگی کی بازی ہار گیا۔
common_voice_ur_38437415.mp3	جسم و روح کو ستاتی ہوئی	 جسم و روح کو ستاتی ہوئی
common_voice_ur_31813817.mp3	میرا آدھا دھیان چہروں کی طرف تھا۔	 میرا آرہ دیان جہدوں کی طرف تھا
common_voice_ur_38443166.mp3	زندگی پہلے لگتی تھی کتنی حسیں	 زندگی پہلے لگتی تھی کتنی حسین
common_voice_ur_32022681.mp3	مجھے بہت پسینہ آ رہا ہے	 مجھے بہت پسینہ آ رہا تھا
common_voice_ur_32005469.mp3	فلم کی کاسٹ میں ورون دھون	 فلم کی کاس میں ورن دون
common_voice_ur_38424986.mp3	مجھ کو دیتا ہے پیامِ وعدۂ دیدارِ دوست	 مجھ کو دیتا ہے پیامیں وعدہ دیدارے دوست
common_voice_ur_31990176.mp3	وزیر اعظم خاندان شریفیہ سے نہیں۔	 وزیراعظم خاندان شریفیہ سے نہیں
common_voice_ur_31890509.mp3	جو فتنہ اورفسادوالوں نے کرنا تھا۔	 جو فتنہ اور فساد والوں نے کرنا تھا
common_voice_ur_31812905.mp3	جو کئی دھائیوں کو محیط ہے۔	 جو کئی دہائیوں کو محیط ہے
common_voice_ur_31970844.mp3	سندھپنجاب میں بلدیاتی انتخابات کاشیڈول اور ضابطہ اخلاق جاری	 سندھ پنجاب میں بلدیاتی انتخابات کا شیڈول اور ذابطہ اخلاق جاری
common_voice_ur_31990418.mp3	سلام میں عدنان آپ کا دوست، پہچانا؟	 سلام اے ادنان آپ کا دوست میں جانا
common_voice_ur_31915592.mp3	یہ کس قِسم کا پرندہ ہے؟	 یہ کس قسم کا پرندہ ہے؟
common_voice_ur_31929490.mp3	دوبارہ تشکیل شدہ چھٹنی کی ترتیب	 دوبارہ تشکیل شداد شٹنی کی ترتیب
common_voice_ur_31951186.mp3	سناہے احسن اقبال بھی اقامہ دارہیں۔	 سنا ہے احسن اقبال بھی اکامہ دار ہے
common_voice_ur_32027411.mp3	حضرت موسی نے جب بنی اسرائیل	 حضرت موسیٰ نے جب بنی اسرائیل
common_voice_ur_31809301.mp3	ایکسپو سینٹر لاہور میں پاک چائنہ زرعی الات کی نمائش	 ایکسپو سنٹر لاہور میں پاک چائنہ ذریعہ علاق کی نمائش
common_voice_ur_38467219.mp3	کئے ہیں فاش رموز قلندری میں نے	 کیا ہے فارش رموز کلندری میں نے؟
common_voice_ur_31885204.mp3	مغربی ارجنٹینا کا موسم گرما کا وقت	 مغربی ارجنٹینہ کا موسم گرما کا وقت
common_voice_ur_38441385.mp3	عاشق ہوں پہ معشوق فریبی ہے مرا کام	 عاشق ہوں پہ معشوق فریوی ہے میرا کام
common_voice_ur_31809449.mp3	قرار دے میںسوچتاہوں کہ ہماری ریاست	 قرار دے میں سوچتا ہوں کہ ہماری ریاست
common_voice_ur_31881472.mp3	نہ صرف یہ کہ جمود ہے۔	 نہ صرف یہ کے جمعود ہے
common_voice_ur_38444591.mp3	اب منزلِ گم گشتہ سےکچھ دور نہیں ھوں	 اب منزلِ گمگشتہ سے کچھ دور نہیں ہوں
common_voice_ur_31809544.mp3	پنکھا گرم ہوا دے رہا ہے	 پنکھا گرم ہوا دے رہا ہے
common_voice_ur_31936159.mp3	کھُلی ہوئی تھیں بدن پر رُواں رُواں آنکھیں	 کھلی ہوئی تھی بدن پر روہا روہا آنکھیں
common_voice_ur_31985433.mp3	صرف اپنی عوام کو کچلنے کیلیے	 صرف اپنی عوام کو کچلنے کے لیے
common_voice_ur_28332785.mp3	حیرت سے پھٹی کی پھٹی رہ گئیں	 حیرت سے پھٹی کی پھٹی رہ گئی
common_voice_ur_31948749.mp3	دامن نچوڑ دیں تو فرشتے وضو کریں''	 دامن نچور دین تو فرشتے وزو کریں
common_voice_ur_31962905.mp3	آذربائیجان اور آرمینیا میں جنگ کے	 ازربائیجان اور ارمینیہ میں جنگ کے
common_voice_ur_31980111.mp3	قیمتی ہینڈ بیگ رکھنے کا شوق تھا۔	 قیمتی ہینڈ بیک رکھنے کا شوق تھا۔
common_voice_ur_31889053.mp3	کیا اپ کو فرانسیسی آتی ہے؟	 کیا آپ کو فرانسیسی آتی ہے؟
common_voice_ur_31809709.mp3	یہاں طبی سہولیات بہت مہنگی ہیں	 یہاں ٹپی سہولیات بہت مہنگی ہیں
common_voice_ur_33605884.mp3	یہاں کے خوبصورت مقامات میں شنگریلا، سدپارہ جھیل	 یہاں کے خوبصورت مقامات میں شنگریلا، سدپارا، جھیل،
common_voice_ur_31964706.mp3	بازیچۂ اطفال ہے دنیا مرے آگے	 بازیجہ اطفال ہے دنیا مرے آگے
common_voice_ur_31932078.mp3	فروخت کی رسیدیں دی جاتی ہیں۔	 روک کی رسی دین دی جاتے ہیں
common_voice_ur_31957892.mp3	بڑے بڑے لیڈروں کے مخالف ہوتے ہیں۔	 بڑے بڑے لیٹروں کے مخالف ہوتے ہیں
common_voice_ur_31993745.mp3	دن حدیبیہ میں یہ سمجھانا مقصود تھا	 دن حدیبیہ میں یہ سمجھنا مقصود تھا
common_voice_ur_32037618.mp3	کی تردید کرتے ہوئے کہا ہے	 کی تردید کرتے ہوئے کہا ہے
common_voice_ur_31956838.mp3	دیگر لیگی چہرے بھی بجھے بجھے تھے۔	 لگرنے کی چہرے بھی بچے بچے تھے
common_voice_ur_31846527.mp3	جب دل چاھے گا ، ٹنٹوا دبا دے گا	 جب دل چاہے گا تن توا دبا دے گا
common_voice_ur_38432414.mp3	جہاں تمام ہے میراث مرد مومن کی	 جہاں تمام ہے مراز مرد مومن کی
common_voice_ur_38413713.mp3	یہ خرابیاں اگرچہ بہت سی ہیں	 یہ خرابیاں اگرچہ بہت سی ہیں
common_voice_ur_31841567.mp3	سر فہرست عبداللہ ابن ابی تھا	 سارے فہرست عبداللہ ابن ابی تھا
common_voice_ur_38470801.mp3	در حقیقت وہ دبلا پتلا آدمی تھا۔	 در حقیقت وہ دبلہ پتلا آدمی تھا
common_voice_ur_32039250.mp3	جنوبی جارجیا اور جنوبی سینڈوچ جزائر	 جنوبی جاریجا اور جنوبی سینڈوچ جزائر
common_voice_ur_31791273.mp3	معصوم جانوں کا یا پھرحرمت دین کا؟	 معصوم جانوں کا یا پھر حرمت دین کا
common_voice_ur_32009961.mp3	جا کر داد رسی چاہی	 جا کر داد رسی چائے
common_voice_ur_31934173.mp3	صرف اکڑ خان نہیں تھے۔	 صرف اکر خان نہیں تھے
common_voice_ur_31984994.mp3	مسلمانوں میں غم وغصہ ہے	 مسلمانوں میں غمو غصہ
common_voice_ur_31841443.mp3	گھبرائیے مت آرام سے بیٹھیئے	 گھبرائیے مت آرام سے بیٹھئے
common_voice_ur_31957411.mp3	پِیٹھ پیچھے بات مت کرو	 پیٹھ پیچھے بات مت کرو
common_voice_ur_31948770.mp3	احد چیمہ کو ہی لیجئیے۔	 آہا چیما کو ہی لے جائے
common_voice_ur_31928652.mp3	کیا بیکار کی بات ہے۔	 کیا بیکان کی بات ہے؟
common_voice_ur_31800844.mp3	شب بخیر. کل ملیں گے	 شب خیر کل ملیں گے
common_voice_ur_31951291.mp3	درخت مزے میں مست جھوم رہا ہے	 درخت مزے میں مست جھوم رہا ہے
common_voice_ur_31948181.mp3	بام مینا سے ماہتاب اترے	 بام مینہ سے محتاب اترے
common_voice_ur_32030173.mp3	انتہائی شاندار اوپننگ لی ہے۔	 انتہائی شاندار اوپننگ لی ہے
common_voice_ur_31841183.mp3	باقائدہ اجازت نہ لے لیں	 باقایدہ اجازت نہ لے لیں
common_voice_ur_31855968.mp3	اوران کی بے پناہ دولت۔	 اور ان کی بے پناہ دولت
common_voice_ur_32002819.mp3	میرے جوتے پالش کروا دیجئے	 میرے جوتے پارش کروا دیجئے
common_voice_ur_32053670.mp3	شعوری کوشش کااحساس نہیں ہوتا	 شعوری کوشش کا احساس نہیں ہوتا
common_voice_ur_31833705.mp3	الحمرا میں معروف سرائیکی صحافی	 الحمرہ میں معروف سرائی کی صحافی
common_voice_ur_38410276.mp3	سفینہ چاہیے اس بحر بیکراں کے لیے	 سفینہ چاہے اس بحر بے کران کے لیے
common_voice_ur_31841118.mp3	وولبر بچے کچھ بچے وولبر ہوتے ہیں۔	 والور بچے کچھ بچے والور ہوتے ہیں
common_voice_ur_31954125.mp3	اگر ساون آن پہنچا ہے۔	 اگر ساون آن پہنچا ہے
common_voice_ur_31833799.mp3	بس انہیں دبائے رکھو، ڈھانپے رکھو۔	 بس انہیں دبائے رکھو ڈھاں پہ رکھو
common_voice_ur_31829275.mp3	چولہے ایسے ہی ہوتے ہوں	 چولے ایسے ہی ہوتے ہیں
common_voice_ur_31904696.mp3	بویا جائے گا، وہاں کاٹا جائے گا۔	 گویا جائے گا وہاں کھا جائے گا
common_voice_ur_31995037.mp3	میں نے خالی جگہ کھینچی	 میں نے خالی جگہ کھیچی
common_voice_ur_31994872.mp3	کیا ہم یہ مانیں گے؟	 کیا ہم یہ مانیں گے؟
common_voice_ur_31941884.mp3	تو ترے حضور میں آرہوں	 تو تیرے حضور میں آ رہا ہوں
common_voice_ur_31942229.mp3	کوئی وعدہ کوئی اقرار مسیحائی کا	 کوئی وعدہ کوئی اقرار مسیحائی کا
common_voice_ur_31946577.mp3	میرے پاس ایک بلی ہے	 میرے پاس ایک بلی ہے
common_voice_ur_31915022.mp3	مضبوط اور پختہ ہوجاتا ہے	 مضبوط اور پختہ ہو جاتا ہے
common_voice_ur_31772328.mp3	ادھر پاکستان میں حالیہ برسوں میں	 ادھر پاکستان میں حالیہ برسوں میں
common_voice_ur_32000504.mp3	چس ہم خرید کر تھے	 جیسا ہم خرید کرتے ہیں
common_voice_ur_31987325.mp3	ان کا ہرگز نہ تھا۔	 ان کا ہرگز نہ تھا
common_voice_ur_31939157.mp3	میری خاموشیوں میں لرزاں ہے	 میری خاموشیوں میں لرزاں ہے
common_voice_ur_31999340.mp3	اس میں اپنا حصہ ڈالیں۔	 اس میں اپنا حصہ ڈالیں
common_voice_ur_31966948.mp3	کر کے دولتمند بن گئے	 کر کے دولت مند بن لے
common_voice_ur_31925633.mp3	اتنے طالب علم کھائیں گے۔	 اتنے طالب علم کھائیں گے
common_voice_ur_32017522.mp3	بس کا تیز ہارن بجا	 بس کتی ہے سون بجائے
common_voice_ur_32056533.mp3	چہر ہ مسخ ہونے میں۔	 جیرا موسک ہونے میں
common_voice_ur_32003056.mp3	سوئی ایک جگہ پھنسی ہے۔	 سوئی ایک جگہ پھنسی ہے
common_voice_ur_31889668.mp3	وہ بال سنوار رہی ہے	 وہ بال سوار رکھی ہے
common_voice_ur_32040407.mp3	کھانوں کے لیے مشہور ہیں	 کھانوں کے لیے مشہور ہیں
common_voice_ur_31882096.mp3	ایک مسلک کے علماء ہوں۔	 ایک مسئلہ کے علماء ہوں
common_voice_ur_32003431.mp3	ہہنیاں سرور سے جھومتی چلی جاتیں	 ہینیا شرور سے جھومتی چلی جاتے ہیں
common_voice_ur_32012361.mp3	دو مہینے پہلے راہداری میں	 دو مہینے پہلے راداری میں
common_voice_ur_32003321.mp3	جس کے آفیسر شرابی ہوں	 جس کی آپ سے شرابی ہوں
common_voice_ur_32000847.mp3	والی فلم ’سوئی دھاگہ‘ ہے۔	 والی فلم سوئی دھاگہ ہے
common_voice_ur_31978677.mp3	زمین پر بچھے ہوئے تھے۔	 زمین پر بچھے ہوئے تھے
common_voice_ur_31830159.mp3	عقلمند کو اشارہ ہی کافی	 اکلمن کو اشارہ ہی کافی
common_voice_ur_32000714.mp3	مہربانی کر کے پیسے گن لیجئے	 بربانی کر کے پیسے گن لیجئے
common_voice_ur_38480725.mp3	غبار راہ کو بخشا فروغ وادی سینا	 اُبار راہ کو بخشا پر اُبا دیے سینہ
common_voice_ur_32007340.mp3	اساسی-سٹروک کی چھٹنی کی ترتیب	 اساسی سٹروک کی چھٹنے کی ترتیب
common_voice_ur_31793207.mp3	اس سے چمٹے رہتا ہے۔	 اس سے چمٹے رہتا ہے
common_voice_ur_38428174.mp3	دو آنسو ٹوٹ گرتے ہیں	 دو آنسو ٹوٹ گرتے ہیں
common_voice_ur_32062444.mp3	مٹی کے تیل سے خش	 مٹی کے تیزے ہر
common_voice_ur_31849196.mp3	ٹام ناشتہ پکھا رہا ہے۔	 نام ناشتہ پکا رہا ہے
common_voice_ur_31917189.mp3	تولیگی حلقے شدید دباؤ کا شکارہیں۔	 تولیقی حق کے شدید دباؤ کا شکار ہے
common_voice_ur_31992841.mp3	پہلے جنون چڑ ھا تھا۔	 پہلے جنین چڑھا تھا
common_voice_ur_31834403.mp3	درستی کا یہ عالم ہے۔	 درستی کا یہ عالم ہے
common_voice_ur_31916579.mp3	اس ملک کے نارمل حالات۔	 اس ملک کے نارمل حالات
common_voice_ur_31969751.mp3	گلگت بلتستان الیکشن کون جیتےگا	 گلگت بلندستان الیکشن کو جیتے گا
common_voice_ur_31956939.mp3	نو نقد نہ تیرہ ادھار	 نو نکت نہ تیرا ادھار
common_voice_ur_31832495.mp3	ازوریس کا موسم گرما کا وقت	 ازارس کا موسم گرم کا وقت
common_voice_ur_31987278.mp3	یہ جم خانہ کلب تھا۔	 یہ جیم خانہ کلب تھا
common_voice_ur_38468763.mp3	ادھورے جسم لکھتی ہوں خمیدہ سر بناتی ہوں	 ادھور جسم لکھتی ہوں خمیدہ سر بناتی ہوں
common_voice_ur_31979976.mp3	میں کبھی خانیوال نہیں گیا	 میں کبھی کھانے وال نہیں گیا
common_voice_ur_31890145.mp3	شعیب منصور پاکستانی فلم انڈسٹری	 شویب منصور پاکستانی فلم انڈسٹری
common_voice_ur_31977475.mp3	مزید بتوں نے گرنا ہے۔	 مزید بتوں نے گرنا ہے
common_voice_ur_32006165.mp3	تو چہل پہل ہو۔	 تو چہل پہل ہو
common_voice_ur_32059449.mp3	والدین کو آگاہ کیا	 والدین کو اگاہ کیا
common_voice_ur_31970966.mp3	جو سائیکلوں پہ تھے۔	 جو سائیکلون پہ تھے
common_voice_ur_31854794.mp3	واٹس ایپ کا متعد	 موڈس ایپ کا مطابق
common_voice_ur_31863946.mp3	کافی مماثلت لگتی ہے۔	 کافی مماثلت لگتی ہے
common_voice_ur_31952060.mp3	لیکن اس کو چھوڑئیے۔	 لیکن اس کو چھوڑیے
common_voice_ur_31999703.mp3	تو سہگل صاحب کی۔	 تو سہگل صاحب کی
common_voice_ur_31893625.mp3	تو پھر کیابنے گا؟	 تو پھر کیا بنے گا؟
common_voice_ur_31988251.mp3	ریلیز نہیں ہوسکی ہیں۔	 ریلیز نئی ہو سکی ہے
common_voice_ur_31957374.mp3	یہ مقدر نہیں بدلتی	 یہ مقدر نہیں بدلتی
common_voice_ur_32012433.mp3	ریاضیاتی پیمانے سے ہی	 ریاضیاتی پیمانے سے ہی
common_voice_ur_41153962.mp3	مجهے مٹھائی پسند ہے	 مجھے مٹھائی پسند ہے
common_voice_ur_31890921.mp3	لاک ڈاؤن کے دورا	 لوگ ڈاؤن کے دورہ
common_voice_ur_32039036.mp3	ارشد نے لاک ڈاؤن	 ارشد نے لوگ ڈاؤن
common_voice_ur_31866754.mp3	ورلڈ کپ فکسڈ نہی	 ورلڈ کپ فٹس نہیں
common_voice_ur_32056642.mp3	راکٹ لیب کا نیوز	 راکٹ لیب کا نیوز
common_voice_ur_31931309.mp3	اٹلانٹک ڈے لائٹ ٹائم	 اٹلانٹک ڈیلائٹ ٹائم
common_voice_ur_31809334.mp3	ایک اور کھیپ سہی۔	 ایک اور کیپس ہی
common_voice_ur_31809363.mp3	نیب میں پیشیاں تھیں۔	 نیب میں پیشیاں تھی
common_voice_ur_31900949.mp3	تو اپنی بربادیوں سے۔	 اپنی بربادیوں سے
common_voice_ur_31917591.mp3	یہ بیک گراؤنڈ ہے۔	 یہ بیک گراؤنڈ ہے
common_voice_ur_31953890.mp3	سال میں پہلی دفع	 سال میں پہلی دفعہ
common_voice_ur_31989559.mp3	اورہم کہاں جارہے ہیں؟	 اور ہم کہاں جا رہے ہیں؟
common_voice_ur_32011724.mp3	میری بلی، مجھے میاؤں میاؤں۔۔	 میری بلی مجھے میاؤ میاؤ
common_voice_ur_31990475.mp3	روز اخبار کھولتا ہوں۔	 روز اخبار کھولتا ہوں
common_voice_ur_31976026.mp3	عام فوجی نمازی ہو	 عام فوجی نمازی ہو
common_voice_ur_31991083.mp3	مرغی اور انڈے کی	 مرگی اور انڈے کی
common_voice_ur_31825531.mp3	کیسے کما لیتے ہیں؟	 کیسے کام لیتے ہیں؟
common_voice_ur_31911689.mp3	یہ راستہ سنسان ہے	 یہ راستہ سنسان ہے
common_voice_ur_32040754.mp3	مساج پارلر ویران ہوں۔	 مساج پارلر ویران ہوں
common_voice_ur_31812752.mp3	سوچیں بہت محنت کی	 سوچیں بہت محنت کی
common_voice_ur_31957118.mp3	کچھ جامعات البتہ ہیں۔	 کچھ جماعت البتہ ہیں
common_voice_ur_32010954.mp3	لیکن ایساکچھ نہ ہوا۔	 لیکن ایسا کچھ نہ ہوا
common_voice_ur_31932041.mp3	اسلم کیا کرتا ہے	 اسلام کیا کرتا ہے؟
common_voice_ur_31955623.mp3	اورجو حکمران طبقہ ہے۔	 اور جو حکمران طبقہ ہے
common_voice_ur_31960330.mp3	اسے پرے کرنا چاہیے۔	 اسے پڑھے کرنا چاہیے
common_voice_ur_31833988.mp3	امریکہ نے ٹک ٹوک	 امریکن اے ٹک ٹاک
common_voice_ur_31832176.mp3	فیس بک فلم تھیٹر	 فیس بک فلم تھی ایٹر
common_voice_ur_31989768.mp3	یہاں عجیب مخمصہ ہے۔	 یہاں عجیم خمسہ ہے
common_voice_ur_31957897.mp3	گاہ جلتی ہوئی گاہ بجھتی ہوئی	 گاہد جلتی ہوئی گاہد بجتی ہوئی
common_voice_ur_31974434.mp3	وقت کا ضیاع ہوا۔	 وَقَّ ذِيَا هُوَا
common_voice_ur_31953798.mp3	آعوام کے لئے بڑی	 عوام کے لئے بڑی
common_voice_ur_31974061.mp3	شرٹ سیدھی طرح پہنو	 شرٹ سیدھی طرح پہنو
common_voice_ur_31916300.mp3	ممکنات کا ڈھیر ہے۔	 ممکنات کا ڈھیر ہے
common_voice_ur_38431334.mp3	ہاہاہاہا آپ اچھا ہے	 ہاں ہاں ہاں ہاں آپ اچھا ہے
common_voice_ur_31950852.mp3	میں صبح جلدی اٹھتاہوں	 میں صبح جلدی اٹھتا ہوں
common_voice_ur_32002954.mp3	یہ عجیب ماجرا ہے۔	 یہ عجیب معجرہ ہے
common_voice_ur_31814920.mp3	کمالہ خان عرف مس	 کمالا خان عرف نیس
common_voice_ur_32020548.mp3	سونم کپور نے اسل	 فنم قبور نے
common_voice_ur_31793509.mp3	رات وہاں گزاریں گے	 رات وہاں گزاریں گے
common_voice_ur_31849027.mp3	انی سے چلنے وال	 انی سے چلنے وال
common_voice_ur_32016432.mp3	تو پھرکیا گزرے گی؟	 پھر کیا گزرے گی
common_voice_ur_31902398.mp3	کالی مرچ کے نقصا	 تعلیم اس کے نقصہ
common_voice_ur_38438053.mp3	پیاسے سکونِ قلب کو میخانے نہ آئیں؟	 پیاسے سکونِ قلب کو مہانے نہ آئیں
common_voice_ur_31964209.mp3	جعلی ڈگری پر بھا	 جانے ڈگری پربھا
common_voice_ur_32067834.mp3	لمبی تان کر اُٹھی	 لمبی طان کر پٹھی
common_voice_ur_31823617.mp3	یہ گھاٹے کا سودا ہے۔	 یہ گھٹے کا سودا ہے
common_voice_ur_31967284.mp3	پاکستان میں اسما	 پاکستان میں اسماء
common_voice_ur_31985736.mp3	عداوت جو تھی۔	 عداوت جو تھی
common_voice_ur_31937988.mp3	فعالیت صفر ہے۔	 فعالیت سفر ہے
common_voice_ur_31802322.mp3	ریزگاری رکھ لیجئے	 ریزگاری رکھ لیجئے
common_voice_ur_31937986.mp3	پاکستانی ہیئر ای	 پاکستانی ہیر آئی
common_voice_ur_32058127.mp3	ایس فور جی لائسن	 ایس فور جی لائسن
common_voice_ur_31949884.mp3	!کیا مصیبت ہے	 کیا مصیبت ہے؟
common_voice_ur_31983064.mp3	میر ابستر لگادو	 میرا بستر لگا دو
common_voice_ur_31837115.mp3	چھلاوہ کی اداکار	 چلاوو کی اداکار
common_voice_ur_31837161.mp3	یہاں معیوب ہیں۔	 یہاں مایوب ہیں
common_voice_ur_32014429.mp3	پاکستانی ٹک ٹاکر	 پاکستانی ٹک ٹاکر
common_voice_ur_32027875.mp3	زلف ایاز میں۔	 زول فی جاوز میں
common_voice_ur_32030967.mp3	اسے سراہنا چاہیے۔	 اسے سرامنا جائیے
common_voice_ur_32037047.mp3	معمول کی چھانٹی	 معمول کی چھانٹی
common_voice_ur_31091819.mp3	سباب متنوع ہیں۔	 سباب متناوے ہے
common_voice_ur_31895936.mp3	لاطینی امریکی ہسپانوی	 لاتینی امریکی ہسپانوی
common_voice_ur_31792793.mp3	اورپھر وہ آگئے۔	 اور پھر وہ آ گئے
common_voice_ur_31953244.mp3	بے وقوف نہیں۔	 بے وکوف نہیں
common_voice_ur_32068036.mp3	لیڈران ملت تھے۔	 لیڈران میں لگتے ہیں
common_voice_ur_31923446.mp3	جائز ٹھہرایا جاسکتاہے؟‘	 جائز ٹھہرایا جا سکتا ہے
common_voice_ur_31823680.mp3	توچاردیواری کے اندر۔	 تو چار دیواری کے اندر
common_voice_ur_31929800.mp3	تو کیوبا کو۔	 تو کیوں باکو
common_voice_ur_31849193.mp3	پیسے آفر ہوئے۔	 بیٹھے آف ایڈ ویس
common_voice_ur_31848864.mp3	کشمش کے باقاعدہ	 کشمہ شکے باقایدہ
common_voice_ur_31823268.mp3	بس جالب تھے۔	 بس جادب تھے
common_voice_ur_27029000.mp3	دردانہ انصاری کا	 دردامہ اکسارکہ
common_voice_ur_26704003.mp3	‘نے دوچیزیں کیں۔	 نے دو چیزیں کی
common_voice_ur_31958428.mp3	لوگ چل کرگئےاورمرکرآئے	 لوگ چل کر گئے اور مر کر آئے
common_voice_ur_31832567.mp3	سٹاک مارکیٹ میں	 سٹاک مارکٹ میں
common_voice_ur_31353585.mp3	ابوظہبی کی مبادل	 ابو زیبے کی مبادل
common_voice_ur_31915914.mp3	کلاسیکی سکالر تھا۔	 پلاسکی سکالر تھا
common_voice_ur_31987605.mp3	میں ٹینشن میں ہوں	 میں ٹینشن میں ہوں
common_voice_ur_31813118.mp3	بہارتی وومن ٹیم	 باتی بیمنٹینگ
common_voice_ur_31975272.mp3	ملیریا کے اسباب	 ملیریا کے عزباب
common_voice_ur_31959720.mp3	اورغلطی پر ہیں۔	 اور گلتی پر ہے
common_voice_ur_32018216.mp3	نہ ملاح ہے۔	 نام ملا ہے
common_voice_ur_31973714.mp3	سخت کنفیوزڈ ہیں۔	 سخت کنفیوزڈ ہے
common_voice_ur_31973601.mp3	تھوڑا بولو سچ بولو۔	 تھوڑا بولو سچ بولو
common_voice_ur_31954362.mp3	کوٹ ڈی آئیوری	 او ڈی آئی او ڈی
common_voice_ur_31809473.mp3	اورکیا ہونی چاہیے۔	 اور کیا ہونی چاہیے
common_voice_ur_31934723.mp3	تصویر نہ کھنچوان	 دس ویڈ مکنج وان
common_voice_ur_32036735.mp3	ماری لمبی ہے۔	 ہاری لمبی ہے
common_voice_ur_31901353.mp3	پاکستان میں آن	 پاکستان میں آن
common_voice_ur_31927814.mp3	بھوٹان کا وقت	 بوٹان کا وقت ہے
common_voice_ur_31979675.mp3	ووڈا فون آئیڈیا	 اوڈا فون آئیڈیا
common_voice_ur_31921724.mp3	ریلائنس نے تاریخ	 ریلائنج نے تعریف
common_voice_ur_31981559.mp3	احمق مت بنو	 احمق مطبنو
common_voice_ur_32011051.mp3	طیارہ ساز کمپنی	 چارہ ساز کمپنی
common_voice_ur_31841070.mp3	مٹھائیاں غائب ہوئیں۔	 مٹھائیاں غائب ہوئیں
common_voice_ur_31933003.mp3	انسٹاگرام استعما	 انسٹرگرام استماع
common_voice_ur_31898743.mp3	مغربی بلوچی	 مغربی بلوچی
common_voice_ur_31792323.mp3	''انٹرنیشنل بریگیڈ‘‘۔	 انٹرنیشنل برکیڈ
common_voice_ur_32020371.mp3	فرینچ گیانا	 بھائیں چکی آنا
common_voice_ur_31863749.mp3	پردہ اٹھادو	 پردہ اٹھا دو
common_voice_ur_32067023.mp3	کوسٹا ریکا	 پوسٹا ریکہ
common_voice_ur_31823447.mp3	جاپانی سیلابریز	 جاپانی سیلا بریز
common_voice_ur_32007032.mp3	کراچے بالکر	 کراچے بالکر
common_voice_ur_31812773.mp3	جزائر فارو	 جزائر فائرو
common_voice_ur_31970558.mp3	ایکواڈور	 اے کیوں آدھر
common_voice_ur_31951475.mp3	بریٹن	 بریٹن
common_voice_ur_31951990.mp3	کیمین آئلینڈز	 کیمن آئی لینڈز
common_voice_ur_32055473.mp3	کمبوڈیا	 کمبورڈیا
common_voice_ur_32028762.mp3	چینّے	 چینل
common_voice_ur_31878381.mp3	لاؤس	 لاؤس
common_voice_ur_31863875.mp3	ہالیگینون	 علی گنون
common_voice_ur_31998482.mp3	اوادھی	 اوہ ادیر
common_voice_ur_32038451.mp3	بافيا	 بافیا
common_voice_ur_31928425.mp3	تیلگو	 تیل گو
common_voice_ur_31918054.mp3	چیچن	 چیچن
common_voice_ur_31901340.mp3	گجراتی	 گجراتی
common_voice_ur_31969648.mp3	گریناڈا	 کے لئے انڈاؤں
common_voice_ur_31901025.mp3	آسٹریا	 آسٹریا
common_voice_ur_31987331.mp3	کٹاکانا	 کٹا کانا
common_voice_ur_31809597.mp3	ہسپانیہ	 حسبانیہ
common_voice_ur_31846394.mp3	گیبون	 گے بون
common_voice_ur_32048475.mp3	بلغاریہ	 بلغاریہ
common_voice_ur_32053370.mp3	جرسی	 جیسی
common_voice_ur_31954258.mp3	ہونڈاروس	 ہونڈا روز
common_voice_ur_32012262.mp3	بیلجیم	 ایل جیم
common_voice_ur_31906194.mp3	ایتھوپیا	 ایتھیورپیا
common_voice_ur_32015924.mp3	ہیٹی	 ہیٹی
common_voice_ur_31946804.mp3	برونائی	 برونہ ہی
common_voice_ur_32003437.mp3	تائتا	 تا تا
common_voice_ur_31952708.mp3	کریبیائی	 قریبی آئی
common_voice_ur_31829870.mp3	تمل	 تمل
common_voice_ur_32008171.mp3	کنوری	 کہواری
common_voice_ur_32004244.mp3	گیمبیا	 یہیں بھی ہے
common_voice_ur_31976721.mp3	انڈونیثیائی	 انڈونیسیائی
common_voice_ur_31849114.mp3	گوئرنسی	 گورنسی
common_voice_ur_31935653.mp3	ہوسکتا ہے کہ آپ کو اپنے انسٹاگرام نیوزفیڈ پہلے سے بہتر لگ رہا ہو یا بہت جلد وہ کچھ بہتر نظر آنے لگے گا	 ہو سکتا ہے کہ آپ کو اپنے انسٹرگرام نیوز فیٹ پہلے سے بہتر لگ رہا ہو یا بہت جلد وہ کچھ بہتر نظر آنے لگے
common_voice_ur_31970803.mp3	ہوسکتا ہے کہ آپ کو اپنے انسٹاگرام نیوزفیڈ پہلے سے بہتر لگ رہا ہو یا بہت جلد وہ کچھ بہتر نظر آنے لگے گا	 ہو سکتا ہے کہ آپ کو اپنے انسٹرگرام نیوز فیڈ پہلے سے بہتر لگ رہا ہو یا بہت جلد وہ کچھ بہتر نظر آنے لگے گا
common_voice_ur_31916416.mp3	آنے والے عالمی کپ میں کپتان کی تبدیلی کے حوالے سے ایک سوال پر رمیز راجہ نے کہا کہ یہ ناگزیر معاملہ ہے	 آنے والے عالمی کپ میں کپتان کی تبدیلی کے حوالے سے ایک سوال پر رمیز راجہ نے کہا کہ یہ ناگزے معاملہ ہے۔
common_voice_ur_31834008.mp3	ان تمام اقدامات کا مقصد صارفین کو ونڈوز ایکس پی سے نئے آپریٹنگ سسٹم پر اپ گریڈ ہونے میں مدد فراہم کرنا ہے	 ان تمام اقتدامات کا مقصد صارفین کو ونڈوز ایکس پی سے نئے آپریٹنگ سسٹم پر اپگریٹ ہونے میں مدد فراہم کرنا ہے
common_voice_ur_31978020.mp3	ان تمام اقدامات کا مقصد صارفین کو ونڈوز ایکس پی سے نئے آپریٹنگ سسٹم پر اپ گریڈ ہونے میں مدد فراہم کرنا ہے	 ان تمام اقدامات کا مقصد صارفین کو ونڈو ایکس پی سے نئے آپریٹنگ سسٹم پر اپگریڈ ہونے میں مدد فرام کرنا ہے۔
common_voice_ur_38417090.mp3	جب تم دنیا کی مفلسی سے تنگ آجاﺅ اور رزق کا کوئی راستہ نہ نکلے تو صدقہ دے کر اللہ سے تجارت کیا کرو	 جب تم دنیا کی مفلسی سے تنگ آ جاؤ اور رزق کوئی راستہ نہ نکلے تو صدقہ دے کر اللہ سے تجارت کیا کرو
common_voice_ur_31951803.mp3	آنے والے عالمی کپ میں کپتان کی تبدیلی کے حوالے سے ایک سوال پر رمیز راجہ نے کہا کہ یہ ناگزیر معاملہ ہے	 آنے والے عالمی کپ میں کمتان کی تبدیلی کے حوالے سے ایک سوال پر رمیز راجہ نے کہا کہ یہ ناگزیر معاملہ ہے
common_voice_ur_31849543.mp3	ہوسکتا ہے کہ آپ کو اپنے انسٹاگرام نیوزفیڈ پہلے سے بہتر لگ رہا ہو یا بہت جلد وہ کچھ بہتر نظر آنے لگے گا	 ہو سکتا ہے کہ آپ کو اپنے انسٹاگرام نیوز پیٹ پہلے سے بہتر لگ رہا ہو یا بہت جلد وہ کچھ بہتر نظر آنے لگے گا
common_voice_ur_31951090.mp3	لیکن توانائی کے متبادل ذرائع ملنے اور انتھک محنت سے تلاش کرنے کی وجہ سے دن بدن تیل کی ضرورت کم ہوتی جارہی ھے	 لیکن تبانائی کے متبادل جرائے ملنے اور انترک محنت سے تلاش کرنے کی وجہ سے دنوں دن تیل کی ضرورت کم ہوتی جا رہی ہے۔
common_voice_ur_38459497.mp3	چلو کوئی بات نہیں کبھی وہ دن بھی اللہ لائے گا جب ہم رمضان اور عید دونوں وہیں کریں گے جلدی آئے	 چلو کوئی بات نہیں کبھی وہ دن بھی اللہ لائے گا جب ہم رمضان اور عید دونوں وہیں کریں گے جلدی آئے
common_voice_ur_31986431.mp3	اس کا نتیجہ یہ نکلا ہے کہ اس لفظ کا رائے یا نقطۂ نظر کے مفہوم میں استعمال کم و بیش متروک ہو گیا ہے	 اس کا نتیجہ یہ نکلا ہے کہ اس لفظ کا رائے یا نکتہ نظر کے مفہوم میں استعمال کم و بیش متروک ہو گیا ہے۔
common_voice_ur_38492516.mp3	چلو کوئی بات نہیں کبھی وہ دن بھی اللہ لائے گا جب ہم رمضان اور عید دونوں وہیں کریں گے جلدی آئے	 چلو کوئی بات نہیں کبھی وہ دن بھی اللہ آئے گا جب ہم رمضان اور عید دونوں وہیں کریں گے جلدی آئے
common_voice_ur_31823091.mp3	لیکن توانائی کے متبادل ذرائع ملنے اور انتھک محنت سے تلاش کرنے کی وجہ سے دن بدن تیل کی ضرورت کم ہوتی جارہی ھے	 لیکن توانائی کے متبادل ذرائع ملنے اور انتھک محنت سے تلاش کرنے کی وجہ سے دن پر دن تیل کی ضرورت کم ہوتی جا رہی ہے۔
common_voice_ur_38475648.mp3	چلو کوئی بات نہیں کبھی وہ دن بھی اللہ لائے گا جب ہم رمضان اور عید دونوں وہیں کریں گے جلدی آئے	 چلو کوئی بات نہیں کبھی وہ دن بھی اللہ لائے گا جب ہم رمضان اور عید دونوں وہیں کریں گے جلتی آئے
common_voice_ur_31866646.mp3	لیکن توانائی کے متبادل ذرائع ملنے اور انتھک محنت سے تلاش کرنے کی وجہ سے دن بدن تیل کی ضرورت کم ہوتی جارہی ھے	 لیکن توانائی کے متبادل ذرائع ملنے اور انتھک محنت سے تلاش کرنے کی وجہ سے دن بدن تیل کی ضرورت کم ہوتی جا رہی ہے
common_voice_ur_32000065.mp3	مگر ان جوانوں کی شہادت کو کسی نے یاد نہیں کیا جو پچھلے بارہ سال سے دہشت گردی کی جنگ میں شہید ہوئے	 مگر ان جوانوں کی شہادت کو کسی نے یاد نہیں کیا جو پچھلے بارہ سال سے تیشتگردی کی جنگ میں شہید ہوئے۔
common_voice_ur_31813939.mp3	اس کا نتیجہ یہ نکلا ہے کہ اس لفظ کا رائے یا نقطۂ نظر کے مفہوم میں استعمال کم و بیش متروک ہو گیا ہے	 اس کا نتیجہ یہ نکلا ہے کہ اس لپس کے رائے یا نکتہ نظر کے محفوظ میں استعمال کامو بیش متروک ہو گیا ہے
common_voice_ur_31837014.mp3	مائیکروسافٹ کارپوریشن نے کہنا ہونا کہ وُہ اپنا تازہ ترین کنسول کو نومبر میں کِسی وقت فروخت کا لینا پیش کرنا گانا	 میکروسوفٹ کورپوریشن نے کہنا ہونا کہ وہ اپنا تازہ ترین کنسول کو نومبر میں کسی وقت فروغ کا لینا پیش کرنا گانا۔
common_voice_ur_31916651.mp3	تاہم اس میں بہت سے نئے فیچرزاور ایپلی کیشنز کو شامل کرنے کے ساتھ ساتھ موجودہ ورژن کی خامیوں کو بھی دور کیا گیا ہے	 تاہم اس میں بہت سے نئے فیچرز اور اپلیکیشنز کو شامل کرنے کے ساتھ ساتھ موجودہ ورزن کی خامیوں کو بھی دور کیا گیا ہے
common_voice_ur_31793965.mp3	اس مدد کیلئے زلزلہ یا سیلاب کا متاثر ہونا ضروری نہیں ھے اور نہ ہی لائن میں لگ کر ڈانڈے کھانے کی ضرورت ھے	 اس مدد کے لیے زلزلہ یا سلاف کا متاثر ہونا ضروری نہیں ہے اور نہ ہی لائن میں لگ کر ڈانڈے کھانے کی ضرورت ہے
common_voice_ur_31967350.mp3	بنگلہ دیش کی عدالتِ عالیہ نے طلاق کے ایک مقدمے کا فیصلہ کرتے ہوئے علما کے فتووں کو غیر قانونی قرار دیا ہے	 بنگلہ دیش کی عدالت آلیا نے طلاق کے ایک مقدمے کا فیصلہ کرتے ہوئے آلمہ کی فتون کو غیر قانونی قرار دیا ہے۔
common_voice_ur_31809572.mp3	کہ اللہ تعالیٰ کی طرف سے سیدھی راہ پر لگانے کے ساتھ ساتھ گمراہ کرنے کا بندوبست بھی کیا گیا ہے	 کہ اللہ تعالیٰ کی طرف سے سیدھی راہ پر لگنے کے ساتھ ساتھ گمراہ کرنے کا بندوبست بھی کیا گیا ہے
common_voice_ur_31889833.mp3	ٹیکساس جولائی ایجنسی ماہرین نے انکشاف کیا ہے کہ آم کو جسمانی موٹاپے میں کمی کرنے والا بہترین پھل قرار دیا گیا ہے	 ٹیکساس چولائی ایجنسی ماہرین نے انکشاف کیا ہے کہ آم کو جسمانی مٹاپے میں کمی کرنے والا بہترین پھل قرار دیا گیا ہے۔
common_voice_ur_32026861.mp3	اچھے مستقبل کی خاطر ہم اور بہت سے لوگ محض اپنا وطن اپنی جان سے پیا را پاکستان چھوڑ آئے ہیں	 اچھے مستقبل کی خاطر ہم اور بہت سے لوگ میز اپنا وطن اپنی جان سے پیارا پاکستان چھوڑائے ہیں۔
common_voice_ur_31957529.mp3	ساتھ یہ جھوٹ بھی بولا ہے کہ فوج کا ایک بھی سپاہی بلوچستان میں نہیں لڑ رہا بلکہ فوجی بیرکوں میں بیٹھے ہیں	 ساتھ یہ چھوٹ بھی بولا ہے کہ فوج کا ایک بھی سپاہی بلوچستان میں نہیں لڑ رہا بلکہ فوج بیرکو میں بیٹھے ہیں
common_voice_ur_31916011.mp3	مائیکروسافٹ سکیوریٹی ایزنشل کی اپ ڈیٹس ونڈوز ایکس پی کی سپورٹ ختم ہونے کے ایک سال بعد تک ملتی رہیں گی	 میکروسوفٹ سیکیورٹی اس نشنل کی اپڈیٹس ونڈوز ایکس پی کی سپورٹ ختم ہونے کے لیے ایک سال بعد تک ملتی رہیں گی
common_voice_ur_31823588.mp3	مائیکروسافٹ سکیوریٹی ایزنشل کی اپ ڈیٹس ونڈوز ایکس پی کی سپورٹ ختم ہونے کے ایک سال بعد تک ملتی رہیں گی	 میکرسوفٹ سیکیورٹی ایسنشلز کی اپ ڈیٹس ونڈوز ایکس پی کی سپورٹ ختم ہونے کے ایک سال بعد تک ملتی رہیں گی
common_voice_ur_31793938.mp3	کسی عالمِ دین یا کسی اور غیر مجاز فرد کی طرف سے اس کام کو انجام دینے کی کوشش سراسر تجاوز ہے	 کسی عالم دین یا کسی اور غیر مجاز فرد کی طرف سے اس کام کو انجام دینے کی کوشش سرسر تجاوز ہے
common_voice_ur_31837145.mp3	مائیکروسافٹ کے مشہور زمانہ آپریٹنگ سسٹم ونڈوز کا نیا ورژن اب کمپنی ویب سائیٹ پر پری آرڈر کے لیے دستیاب ہے	 میکرسوفٹ کے مشہور زمانہ آپریٹنگ سسٹم ونڈوز کا نیا ورژن اب کمپنی ویب سائٹ پر پری آرڈر کے لیے دستیاب ہے۔
common_voice_ur_31916802.mp3	دوسرے اس موقع پر جب کوئی عالمِ دین کسی خاص واقعے کے حوالے سے اپنا قانونی فیصلہ صادر کرتا ہے	 دوسرے اس موقع پر جب کوئی عالم دین کسی خاص واقعے کے حوالے سے اپنا قانونی فیصلہ سادر کرتا ہے
common_voice_ur_31835459.mp3	تازہ ترین تحقیق کے مطابق اب ایک ایسا طریقہ ایجاد کر لیا گیا ہے جس سے قسمت کو بدلہ جاسکتا ہے	 تازہ ترین تحقیق کے مطابق اب تک ایسا طریقہ ایجاد کر لیا گیا ہے جس سے قسمت کو بدلا جا سکتا ہے
common_voice_ur_31961763.mp3	تازہ ترین تحقیق کے مطابق اب ایک ایسا طریقہ ایجاد کر لیا گیا ہے جس سے قسمت کو بدلہ جاسکتا ہے	 تازہ ترین تحقیق کے مطابق اب ایک ایسا طریقہ ایجاد کر لیا گیا ہے جس سے قسمت کو بدلہ جا سکتا ہے
common_voice_ur_31982137.mp3	قدرتی حسن کی دولت سے مالا مال ان علاقوں میں غر بت اور پس ماندگی سیاح کو غم زدہ کر دیتی ہے ۔	 قدرتی حسن کے دولت سے مالا مال ان علاقوں میں غربت اور پسماندگی سیاح کو غمزدہ کر دیتی ہے۔
common_voice_ur_31990492.mp3	چنانچہ فتویٰ اگر مخاطب کی پسند کے مطابق نہ ہو تو اکثر وہ اسے ماننے سے انکار کر دیتا ہے	 چنانچہ فتوہ اگر مخاطب کی پسند کی مطابق نہ ہو تو اکثر وہ اسے ماننے سے انکار کر دیتا ہے
common_voice_ur_31864820.mp3	اور ٹیم میں جگہ پکی ہونے کا خمار ان کھلاڑیوں کو اپنے اصل مقام سے دور لیے جا رہا ہے ۔	 اور ٹیم میں جگہ پکے ہونے کا کمار ان کھلائیوں کو اپنے اثر مقام سے دور لیے جا رہا ہے۔
common_voice_ur_31990580.mp3	سوال و جواب کی ویب سائٹ کورا نے اعلان کیا ہے کہ ان کے لاکھ رجسٹرڈ صارفین کا ڈیٹا کنفرم ہوگیا ہے	 سوال و جواب کی ویب سائٹ کورا نے اعلان کیا ہے کہ ان کے علاق ریجسٹرڈ سارفین کا ڈیٹا کنفرم ہو گیا ہے۔
common_voice_ur_31829279.mp3	اب میں ان بر گر اور پیپسی خوروں کو کیسے سمجھاتا کہ میٹھا آملیٹ ہونے کے لئے سننا کوئی ضروری تھوڑی ہے	 اب ان برگر اور پیپسی خوروں کو کیسے سمجھاتا کہ میٹھا آملیٹ ہونے کے لیے سننا کوئی ضروری تھوڑی ہے
common_voice_ur_32638192.mp3	مجھے تو یہی سمجھ نہیں آرہا کہ جب یہ اتنے پیسے والے ہیں تو ایک اپارٹمنٹ رینٹ کر کے قدسیہ کو کیوں نہیں دے دیتے	 مجھے تو یہی سمجھ نہیں آ رہا کہ جب یہ اتنے پیسے والے ہیں تو ایک اپارٹمنٹ رینڈ کر کے قدسیہ کو کیوں نہیں دے دیتے؟
common_voice_ur_32015561.mp3	مائیکروسافٹ سکیوریٹی ایزنشل کی اپ ڈیٹس ونڈوز ایکس پی کی سپورٹ ختم ہونے کے ایک سال بعد تک ملتی رہیں گی	 میکروسوفٹ سیکیورٹی ایسنشل کی اپ ڈیٹ سے ونڈوز ایکس پی کی سپورٹ ختم ہونے کے ایک سال بعد تک ملتی رہیں گی
common_voice_ur_31982672.mp3	کویتی پارلیمنٹ نے اسرائیل کے ساتھ تجارت کرنے والوں کو ایک سال سے تین سال تک سزاؤں کا قانون منظور کر لی	 کوئٹی پارلمنٹ نے اسرائیل کے ساتھ تجارت کرنے والوں کو ایک سال سے تین سال تک سزاؤں کا قانون ملزور کر لی۔
common_voice_ur_31834880.mp3	وقت گزرنے کے ساتھ ہر ہر کام میں نقص اور نکتہ چینی کرنا سسرال والوں کی عادت بن جاتی ہے	 وقت گزرنے کے ساتھ ہر ہر کام میں نقص اور نکتہ چینی کرنا سسرال والوں کی عادت بن جاتی ہے
common_voice_ur_31982486.mp3	ہم گاڑی سے اتر رہے تھے کہ گاڑی کے کلنڈر نے لسی سے بھری ہوئی تین بوتلیں ہمارے سپرد کر دیں ۔	 ہم گاڑی سے اتر رہے تھے کہ گاڑی کی کلینڈر میں لسی سے بھری ہوئی تین بوتلیں ہمارے سپورٹ کر دی۔
common_voice_ur_31992444.mp3	وقت گزرنے کے ساتھ ہر ہر کام میں نقص اور نکتہ چینی کرنا سسرال والوں کی عادت بن جاتی ہے	 بہت گزرنے کے ساتھ ہر ہر کام میں نقص اور نکتہ چینی کرنا سزرار والوں کی عادت بن جاتی ہے۔
common_voice_ur_31790637.mp3	ہم گاڑی سے اتر رہے تھے کہ گاڑی کے کلنڈر نے لسی سے بھری ہوئی تین بوتلیں ہمارے سپرد کر دیں ۔	 ہم گاڑی سے اتر رہے تھے کہ گاڑی کے کلنڈر نے لسی سے بھری ہوئی تین بوتلیں ہمارے سپورت کر دیں
common_voice_ur_31903049.mp3	ہم گاڑی سے اتر رہے تھے کہ گاڑی کے کلنڈر نے لسی سے بھری ہوئی تین بوتلیں ہمارے سپرد کر دیں ۔	 ہم گاڑی سے اتر رہے تھے کہ گاڑی کے کلینڈر نے لسیس سے بھری ہوئی تین بوتلیں ہمارے سپرد کر دیں۔
common_voice_ur_31919780.mp3	اگر اسے نفاذ سے محروم رکھا جائے تو اس کی حیثیت محض رائے اور نقطۂ نظر کی سی ہوتی ہے	 اگر اسے نفات سے محروم رکھا جائیں تو اس کی حصیت محض رائے اور نکتہ نظر کیسی ہوتی ہے
common_voice_ur_32021126.mp3	اس مرتبہ کرک نامہ سے غیر حاضری کچھ زیادہ ہی طویل ہوگئی ہے جس کا سبب ذاتی مصروفیت تھی	 اس مرتبہ کا کلام میں سے گیر حالی کچھ زیادہ ہی تعویل ہو گئی جس کا سوال بہت ہی مسئلہ تھا۔
common_voice_ur_31928315.mp3	اس مرتبہ کرک نامہ سے غیر حاضری کچھ زیادہ ہی طویل ہوگئی ہے جس کا سبب ذاتی مصروفیت تھی	 ایک مرتبہ کرکنامہ سے پیر حاضری کچھ زیادہ ہی طویل ہو گئی ہے جس کا سبب ذاتی مصروفیت تھی۔
common_voice_ur_38429784.mp3	لیکن اس صورتحال کے باوجود بہت سے ایسے موضوعات ہیں جن پہ خاطر خواہ اظہار خیال سراسر ناممکن ہے۔	 لیکن اس صورتحال کے باوجود بہت سے ایسے موضوعات ہیں جن پہ خاطر خواہ اظہار خیال سراسر ناممکن ہے
common_voice_ur_31846377.mp3	جبکہ اس میچ میں دیگر بیٹسمین اور خاص طور پر پاکستان کا ٹاپ آرڈر بری طرح ناکام ہوا تھا ۔	 جبکہ اس میچ میں دیگر بیسٹ منل خاص طور پر پاکستان کا ٹاپ آرڈر بری طرح ناکام ہوا تھا۔
common_voice_ur_31846592.mp3	مگر دوسرے میچ میں قومی ٹیم کی متواتر ناکام کارکردگی نے زمبابوے کو جشن منانے کا موقع فراہم کردیا	 مگر دوسرے میچ میں قومی ٹیم کی متواتے ناکام کا حرکت دیگی نظم بابے کو جشن مانانے کا موقع فرام کر دیا
common_voice_ur_31962833.mp3	ان کی کسی تحقیق یا اجتہاد کو جب عدلیہ یا پارلیمنٹ قبول کرے گی تو وہ قانون قرار پائے گا	 ان کی کسی تحقیق یا استحاد کو جب عدلیہ یا پارلمنٹ قبول کرے گی تو وہ قانون قرار پائے گا
common_voice_ur_31835231.mp3	جب گاڑی نے ہماری منزل پر آ کر بریک لگائی تو سب نے نیک خواہشات کے ساتھ ہمیں الوداع کیا	 جب گاڑی نے ہماری منزل پر آ کر بریک لگائی تو سب نے نیک خواہشات کے ساتھ ہمیں الودا کیا
common_voice_ur_38483818.mp3	ذرائع کے مطابق اجلاس میں سابق صدر آصف زرداری اور بلاول بھٹو سمیت پارٹی کی سینیئر قیادت بھی شریک رہی۔	 ذرائع کے مطابق اجلاس میں سابق صدر عاصف زرداری اور بلاول بھٹو سمیت پارٹی کی سینئر قیادت بھی شریک رہی
common_voice_ur_41168591.mp3	چند نظموں اور غزلوں کی اصلاح کے بعد داغ دہلوی نے یہ لکھ دیا کہ آپ کو مزید اصلاح کی ضرورت نہیں ہے	 چند نظموں اور غزلوں کی اصلاح کے بعد داغ دیلوی نے یہ لکھ دیا کہ آپ کو مزید اصلاح کے ضرورت نہیں ہے
common_voice_ur_31823901.mp3	جنہیں وینٹیلیٹر چلانا تو کیا نام بھی صحیح طرح لینا نہیں آتا وہاں پر بنائی گئی ویڈیو بھی موجود ہیں	 جنہیں وینٹلیٹر چلانا تو کیا نام بھی صحیح طرح لینا نہیں آتا وہاں پر بنائی گئی ویڈیو بھی موجود ہیں
common_voice_ur_31916624.mp3	مردم شماری کے نتائج کے مطابق چین میں عمر رسیدہ افراد کی آبادی میں تیزی سے اضافہ ہو رہا ہے	 مردم شماری کے نتائج کے مطابق چین میں عمر رسیدہ افراد کے آبادی میں تیزی سے اضافہ ہو رہا ہے۔
common_voice_ur_31915823.mp3	اس کا مطلب یہ ہوتا ہے کہ کوئی شہری عدلیہ کو چیلنج کرنے کے لیے کھڑا ہو گیا ہے	 اس کا مطلب یہ ہوتا ہے کہ کوئی شہری اگلیہ کو چیلنج کرنے کے لئے کھڑا ہو گیا ہے۔
common_voice_ur_31834997.mp3	جس کا بجٹ زیربحث نہ لایا جا سکے ، جس نے ملکی قیادت پر کئی بار شب خون مارا ہو	 جس کا بجٹ زیر پہس نہ لایا جا سکے جس نے من کی قیادت پر کئی بار شک خون مارا ہو
common_voice_ur_38254170.mp3	اس وقت حکمران طبقے کو حیرت ہے کہ آسودہ حال لوگ دھرنے کی بات کیوں کر رہے ہیں؟	 اس وقت حکمران طبقے کو حیرت ہے کہ آسودہ حال لوگ دھرنے کی بات کیوں کر رہے ہیں۔
common_voice_ur_31809172.mp3	اس جز کے اعتبار سے متون میں صرف ایک ہی فرق روایت ہوا ہے اور وہ یہ ہے کہ	 اس جس کے اعتبار سے مدون میں صرف ایک ہی فرق روایت ہوا ہے اور وہ یہ ہے کہ
common_voice_ur_31794345.mp3	لیکن جہاز سے چھلانگ ر اور شوٹ کھل کے وقفہ کے ان جسطرح زندہ کی فلم آپ کی آنکھوں کے سام چلتی ہے	 لیکن جہاز سے چلانگ گرے اور شوٹ کھل کے وقفے کہ ان جس طرح زندہ کی فلم آپ کی آنکھوں کے سام چلتی ہے
common_voice_ur_32040492.mp3	کیونکہ قومی ٹیم کی خامیاں جنوبی افریقہ اور سری لنکا کے خلاف مصیبتوں کا پھندہ بن سکتی ہیں ۔	 کیونکہ قومی ٹیم کی خامیہ دنوبی افریقہ اور سری لنکا کے خلاف مصیبتوں کا بندہ بن سکتی ہے
common_voice_ur_31823677.mp3	نئی دہلی دسمبر سیاست ڈاٹ کام بھارت نے پاکستان میں میچز کھیلنے کی دعوت قبول کر لی ہے	 بھارت نے پاکستان میں میچز کھیلنے کی دعوت قبول کر لی ہے
common_voice_ur_38439189.mp3	"نواز شریف صاحب اگر مسلم ہائے لیگ کو ایک مسلم لیگ نہیں بنا سکتے تو اس کی "" ہائے ہائے "" کو تو غیر موثر بناسکتے ہیں۔"	 نواز شریف صاحب اگر مسلم ہائے لیگ کو ایک مسلم لیگ نہیں بنا سکتے تو اس کی ہائے ہائے کو تم غیر محسر بنا سکتے ہیں
common_voice_ur_31969729.mp3	اس کا مطلب یہ ہوتا ہے کہ کوئی شہری عدلیہ کو چیلنج کرنے کے لیے کھڑا ہو گیا ہے	 اس کا مطلب یہ ہوتا ہے کہ کوئی شہری ادلیہ کو چیلنج دینے کے لئے کھڑا ہو گیا ہے۔
common_voice_ur_31837188.mp3	اگر آپ اس وقت ونڈوز استعمال کر رہے ہیں تو آپ کو یہ نیا ورژن خریدنے کی ضرورت نہیں	 اگر آپ اس وقت ونڈوز استعمال کر رہے ہیں تو آپ کو یہ نیا ورژن خریدنے کی ضرورت نہیں
common_voice_ur_31790491.mp3	کیونکہ قومی ٹیم کی خامیاں جنوبی افریقہ اور سری لنکا کے خلاف مصیبتوں کا پھندہ بن سکتی ہیں	 کیونکہ قومی ٹنگ کی خامیاں جنوبی افریقہ اور سری لنکا کے خلاف مسئیبتوں کا پندہ بن سکتی ہیں
common_voice_ur_31906250.mp3	میں خود ایک مہینے تک اس بیماری کا شکار رہا ہوں ۔سمجھ ہی نہیں آتی کیا ہو رہا ہے۔	 میں خود ایک مہینے تک اس بیماری کا شکا رہا ہوں سمجھ ہی نہیں آتی کیا ہو رہا ہے
common_voice_ur_31902115.mp3	اس جز کے اعتبار سے متون میں صرف ایک ہی فرق روایت ہوا ہے اور وہ یہ ہے کہ	 اس جیسکے کے اعتبار سے مہتون میں صرف ایک ہی سال کا آیت ہوا ہے اور وہ یہ ہے کہ
common_voice_ur_32019473.mp3	کہ نبی صلی اللہ علیہ وسلم کا یہ ارشاد اپنے ایک عمل کی دلیل کے طور پر تھا	 کہ نبی صلی اللہ علیہ وسلم کا یہ اشاد اپنے ایک عمل کی جلیل کے طور پر تھا
common_voice_ur_31961728.mp3	مائیکروسافٹ کا مؤقف ہے کہ صارفین کو جدید آپریٹنگ سسٹم پر منتقل ہونے میں دیر نہیں کرنی چاہیے	 میکروسوفٹ کا موقف ہے کہ صارفین کو جدید آپریٹنگ سسٹم پر منتقل ہونے میں دیر نہیں کرنی چاہیے۔
common_voice_ur_31930642.mp3	سامنے چیڑ کے نوکیلے پتوں والے دراز قد درخت اس نورانی منظر میں کسی سائے کی طرح معلوم ہوتے تھے	 سامنے چیڑ کے نوکیلے پتوں والے دراز کا درخت اس نورانی منظر میں کسی سائے کی طرح معلوم ہوتے تھے۔
common_voice_ur_31968860.mp3	امیر محترم نے فیصلہ کیا کہ پہلے ایک آملیٹ چاٹ مصالحہ ڈال کر بنایا جائے اور اسے چیک کیا جائے	 امیر محترم نے فیصلہ کیا کہ پہلی ایک اوملٹ چارڈ مسالہ ڈال کر بنایا جائے اور اسے چیک کیا جائے
common_voice_ur_31982343.mp3	امیر محترم نے فیصلہ کیا کہ پہلے ایک آملیٹ چاٹ مصالحہ ڈال کر بنایا جائے اور اسے چیک کیا جائے	 امید محترم نے فیصلہ کیا کہ پہلے ایک آملے چاٹ مسالہ ڈال کر بنایا جائے اور اسے چیک کیا جائے۔
common_voice_ur_31959201.mp3	ان کا پلان ھے کہ دو ہزار تیرہ تک روزانہ تیل کی تیرہ لاکھ بیرل تک کی پیداوار کم کر دی جائے	 ان کا پلان ہے کہ 2013 تک روانہ تیل کی 13 لاکھ بیرل تک کی پیداوار کم کر دی جائے
common_voice_ur_31813279.mp3	مردم شماری کے نتائج کے مطابق چین میں عمر رسیدہ افراد کی آبادی میں تیزی سے اضافہ ہو رہا ہے	 مردم چماری کے نتائج کے مطابق چین میں عمر رسیدہ افراد کی عبادی میں تیزی سے اضافہ ہو رہا ہے
common_voice_ur_31844782.mp3	اور جب ایک ہی جیسا مینہ آسماں سے برستا ہے تو کہیں رحمت بن جاتا ہے اور کہیں زحمت مگر کیوں	 اور جب ایک ہی جیسا مینہ اسماء سے برستا ہے تو کہیں رحمت بن جاتا ہے اور کہیں زحمت مگر کیوں؟
common_voice_ur_31791862.mp3	امیر محترم نے فیصلہ کیا کہ پہلے ایک آملیٹ چاٹ مصالحہ ڈال کر بنایا جائے اور اسے چیک کیا جائے	 امیر محترم نے فیصلہ کیا کہ پہلے ایک آملیٹ چاٹ مسالہ ڈال کر بنایا جائے اور اسے چیک کیا جائے
common_voice_ur_31834877.mp3	مائیکروسافٹ کا مؤقف ہے کہ صارفین کو جدید آپریٹنگ سسٹم پر منتقل ہونے میں دیر نہیں کرنی چاہیے	 میکروسوفٹ کا موقف ہے کہ سارفین کو جدید آپریٹنگ سسٹم پر منتقل ہونے میں دیر نہیں کرنی چاہیے۔
common_voice_ur_31877865.mp3	سی پیک کے تحت شراکت داری میں خدمات فراہم کرنے چینی لا فرم کا وفد پاکستان پہنچ گیا	 سی بیک کے تحت شراکتداری میں حدمات فراہم کرنے چینی لا فرم کے وف پاکستان پہنچ گیا۔
common_voice_ur_31848456.mp3	اس جز کے اعتبار سے متون میں صرف ایک ہی فرق روایت ہوا ہے اور وہ یہ ہے کہ	 اس جوز کے اعتبار سے مطمون میں صرف ایک ہی فرق روایت ہوا ہے اور وہ یہ ہے کہ
common_voice_ur_38444120.mp3	اس وقت ہمارے لبرل دوست تنقید کرتے تھے کہ دہشت گردوں سے مذاکرات کیوں کئے جا رہے ہیں؟	 اس وقت ہمارے لبرل دوست تنقید کرتے تھے کہ دیشت کردو سے مذاکرات کیوں کیا جا رہے ہیں۔
common_voice_ur_31975798.mp3	یہ نہیں کہا جائے گا کہ زید کی طرف سے دی گئی ایک وقت کی تین طلاقیں واقع ہو گئی ہیں	 یہ نہیں کہا جائے گا کہ زد کی طرف سے دی گئی ایک وقت میں تین طلاقیں واقع ہو گئی ہیں
common_voice_ur_31916504.mp3	ممبئی بالی ووڈ اداکار سنجے دت کی بیٹی تریشالا دت نے کہا ہے کہ ان کا بالی ووڈ میں کام کرنے کا ارادہ ہے	 ممبئی بولیوڈ اداکار سنجیدت کی بیٹی تریشہ لادت نے کہا ہے کہ ان کا بولیوڈ میں کام کرنے کا ارادہ ہے۔
common_voice_ur_31793531.mp3	بلکہ طالبِ علمانہ لب و لہجے میں محض علم و استدلال کی بنا پر اپنا نقطۂ نظر پیش کیا جائے گا	 بلکہ طالب علمانہ لبو لہجے میں محض علم و استدلال کی بنا پر اپنا نکتہ نظر پیش کیا جائے گا
common_voice_ur_38459740.mp3	مجھے اس کی اسٹوری کی کوئی سمجھ نہیں آ رہی پھر بھی میں سب سے زیادہ اس ڈرامے سے انٹرٹین ہوتی ہوں	 مجھے اس کی سٹوری کی کوئی سمجھ نہیں آ رہی پھر بھی میں سب سے زیادہ اس ڈرامے سے انٹرٹین ہوتی ہوں
common_voice_ur_31918528.mp3	نئی دہلی دسمبر سیاست ڈاٹ کام بھارت نے پاکستان میں میچز کھیلنے کی دعوت قبول کر لی ہے	 نئی دہلی دیسمبر سیاست ڈاٹ کام بھارت نے پاکستان میں میجرز کھیلنے کی دعوت قبول کر لی ہے
common_voice_ur_38426475.mp3	"سیکولرازم کو حال ہی میں پیارے ہونے والے ''نیو سیکولر دوست"" یہ سوال اٹھاتے ہیں کہ نظریہ پاکستان ہے۔"	 سیکلرزم کو حال ہی میں پیارے ہونے والے نیو سیکلر دوست یہ سوال اٹھاتے ہیں کہ نظریہ پاکستان ہے؟
common_voice_ur_38478645.mp3	اس لیے یہ بات میری سمجھ میں نہیں آ رہی کہ اسلام کو کس سے خطرہ ہے؟	 اس لئے یہ بات میری سمجھ میں نہیں آ رہی کہ اسلام کو کس سے خطرہ ہے۔
common_voice_ur_31982831.mp3	میں سوچ رہا تھا کہ اگر یہ جگہ اتنی خوب صورت ہے تو جنت کیسی ہو گی	 میں سوچ رہا تھا کہ اگر یہ جگہ اتنی خوبصورت ہے تو جنت کیسی ہوگی؟
common_voice_ur_31975653.mp3	دوسرے الفاظ میں، وہ ریاست کے اندر اپنی ایک الگ ریاست بنانے کا اعلان کر رہا ہوتا ہے	 دوسری الفاظ میں وہ ریاست کے اندر اپنی ایک الگ ریاست بنانے کا اعلان کر رہا ہوتا ہے
common_voice_ur_31990508.mp3	دوسرے الفاظ میں، وہ ریاست کے اندر اپنی ایک الگ ریاست بنانے کا اعلان کر رہا ہوتا ہے	 دوسرے الفاظ میں وہ ریاست کے اندر اپنی ایک الگ ریاست بنانے کا اعلان کر رہا ہوتا ہے
common_voice_ur_31848932.mp3	اگر اس مضمون کو آپ نے کچھ دیر قبل بنایا ہے اور ابھی ظاہر نہیں ہو رہا ہے	 اگر اس مذہبون کو آپ نے کچھ دیر قبل بنایا ہے اور ابھی ظاہر نہیں ہو رہا ہے
common_voice_ur_31837260.mp3	اس خاندان نے ملک کے لیے نہیں اقتدار کے لیے جان دی اس وقت پاکستان کا سب سے امیر خاندان ہے	 اس خاندان نے ملک کے لیے نہیں اقتدار کے لیے جان دی اس وقت پاکستان کا سب سے امیر خاندان ہے
common_voice_ur_38422463.mp3	اس کو اگر قبول کر لیا جائے تو دنیا میں کوئی سماجی نظم قائم ہو سکتا ہے۔	 اس کو اگر قبول کر لیا جائے تو دنیا میں کوئی سماجی نظم قائم ہو سکتا ہے
common_voice_ur_31835046.mp3	ممبئی پولیس نے درست درازی کے الزامات پر بالی وڈ کے ویٹرن اداکار الوک ناتھ کے خلاف مقدمہ خارج کردیا ہے	 ممبئی پولیس نے درست درازی کے الزامات پر پولیوڈ کی ویٹرن اداکارہ الوک نات کے خلاف مقدمہ خارج کر دیا ہے
common_voice_ur_38457560.mp3	اس کو یہ بات آسودہ کرتی ہے کہ اپنے مسائل کا سبب وہ خود نہیں کوئی اور ہے۔	 اس کو یہ بات اسودہ کرتی ہے کہ اپنے مسائل کا سبب وہ خود نہیں کوئی اور ہے
common_voice_ur_37109493.mp3	اس میں سیاسی جماعتوں، اہل دانش، پڑھے لکھے لوگوں کے ساتھ ہم میڈیا والے برابر کے شریک ہیں۔	 اس میں سیاسی جماعتوں اہلِ دانش پڑھے لکھے لوگوں کے ساتھ ہم میڈیا والے برابر کے شریک ہیں۔
common_voice_ur_31834349.mp3	برطانیہ امریکہ پاکستان سمیت دنیا کے کئی ممالک میں گیمنگ کو عالمی سطح پر پروموٹ کیا جا رہا ہے	 برطانیہ، امریکہ، پاکستان سمیت دنیا کے کئی ممالک میں گیمن کو علمی سطح پر پروموٹ کیا جا رہا ہے
common_voice_ur_32044530.mp3	دوسرے الفاظ میں، وہ ریاست کے اندر اپنی ایک الگ ریاست بنانے کا اعلان کر رہا ہوتا ہے	 دوسرے الفاظ میں وہ ریاست کے اندر اپنی ایک الگ ریاست بنانے کا اعلان کر رہا ہوتا ہے
common_voice_ur_32023829.mp3	کہ زمبابوے کے خلاف ناکام ہونے والے کھلاڑیوں کو صرف اس لیے تبدیل نہیں کیا جا سکتا	 کہ ذمبابے کے خلاف ناکام ہونے والے کھلاڑیوں کو صرف اس لئے تبدیل نہیں کیا جا سکتا
common_voice_ur_31916414.mp3	حکومت پاکستان کی بہترین حکمت عملی کی بنیاد پر ملکی خزانے میں ارب روپے کا اضافہ ہوگیا ہے	 حکومت پاکستان کی بہترین حکمت عملی کی بنیاد پر ملکی خزانے میں ارب روپے کا اضافہ ہو گیا ہے۔
common_voice_ur_31973123.mp3	دوسری اننگز میں بنگلہ دیشی بلے بازوں نے پاکستانی بالروں کو اڑھے ہاتھوں لے لیا پر کوئی بھی اوٹ نہیں	 دوسری نیمز میں بنگلہ دیشی بلے باتوں نے پاکستانی بولڈروں کو آرے ہاتھوں لے لیا پر کوئی بھی آؤٹ نہیں
common_voice_ur_31895663.mp3	"وہ دُمدار ستارے جو ہم ہر تھوڑے ہزار سالوں میں دیکھتے ہیں ""اوٗرٹ کے بادل"" سے آتے ہیں۔"	 وہ دمدار ستارے جو ہم ہر تھوڑے ہزار سالوں میں دیکھتے ہیں اورٹ کے بادل سے آتے ہیں۔
common_voice_ur_31794047.mp3	ممبئی بالی ووڈ کے شہنشاہ امیتابھبچن کی صاحبزادی شویتا بچن نے اپنی بھابھی ایشوریا کے بارے ایک راز اگل دیا ہے	 ممبئی پولیوٹ کے شہنشاہ امیتہ بچن کی صاحبزادی شویتہ بچن نے اپنی بھابی اشوریہ کے بارے میں ایک راز اگل دیا ہے۔
common_voice_ur_31932757.mp3	پھر آڈیو یعنی ص سفر اور بعد آز ویڈیو نے آکر ویب کی دنیا میں چارہ چاند لگا د	 اور آڈیو یعنی ساتھ سفر اور بعد آز ویڈیو نے آ کر ویڈ کی دنیا میں چارہ شاند لگا دال
common_voice_ur_38431539.mp3	اس سے پہلے جب تک آئین سازی کے مراحل درپیش رہے، تب ان کا ایک کردار تھا۔	 اس سے پہلے جب تک آئین سازی کے مراحل درپیش رہے تب ان کا ایک کردار تھا
common_voice_ur_31980484.mp3	حالانکہ وہ لڑکی وہی ہوتی ہے جسے کبھی ساس صاحبہ چندے آفتاب اور چندے ماہتاب کہا کرتی تھیں	 حالانکہ وہ لڑکی وہی ہوتی ہے جسے کبھی ساس صاحبہ چندہ آفتاب اور چندہ میتاب کہا پھرتی تھی۔
common_voice_ur_33605968.mp3	اس وقت ان فلیٹس کی ملکیت کے سوال پر کسی قطری کا دور دور تک ذکر نہ تھا۔	 اس وقت ان فلیٹس کے ملکیت کے سوال پر کسی قطری کا دور دور تک ذکر نہ تھا
common_voice_ur_38421362.mp3	اس کا ایک جواب طاہرالقادری تھے اگر عمران خان کے کارکن اس امتحان میں ناکام بھی ہوتے ہیں۔	 اس کا ایک جواب تحر القادری تھے اگر عمران خان کے کارکن اس امتحان میں ناکام بھی ہوتے ہیں
common_voice_ur_31837202.mp3	کہ زمبابوے کے خلاف ناکام ہونے والے کھلاڑیوں کو صرف اس لیے تبدیل نہیں کیا جا سکتا	 کہ زمبابے کے خلاف ناکام ہونے والے کھلاریوں کو صرف اس لئے تبدیل نہیں کیا جا سکتا
common_voice_ur_31834638.mp3	اور پوری روایت لینے کے بجائے باب کی مناسبت سے مکالمے کا ایک جز لے لیا ہے	 اور پوری روایت لینے کی بجائے باقی مناسبت سے مقالمے کا ایک جز لے لیا ہے
common_voice_ur_38432746.mp3	اس میں ان طبقات کی بھی نمائندگی ہو جنہیں نظر انداز کیے جا نے کا گلہ ہے۔	 اس میں ان طبقات کی بھی نمائندگی ہو جنہیں نظرانداز کیا جانے کا گلہ ہے
common_voice_ur_38434184.mp3	اس کا یقینا یہ مطلب نہیں لینا چاہیے کہ مسائل نہیں ہیں اور محروم طبقات کی کمی ہے۔	 اس کا یقیناً یہ مطلب نہیں لینا چاہیے کہ مسائل نہیں ہیں اور محروم طبقات کی کمی ہے۔
common_voice_ur_31847434.mp3	گر اس مضمون کو آپ نے کچھ دیر قبل بنایا ہے اور ابھی ظاہر نہیں ہو رہا ہے	 اگر اس مضمون کو آپ نے کچھ دیر قبل بنایا ہے اور اب بھی ظاہر نہیں ہو رہا ہے
common_voice_ur_31812868.mp3	واٹس ایپ نے صارفین کی لیے فری انٹرنیشنل کالز کرنے کا فیچر متعارف کروایا جا رہا ہے	 ویٹس ایپ نے سارفین کے لیے فری انٹرنیشنل کالز کرنے کا فیچر تعریف کروایا جا رہا ہے۔
common_voice_ur_31846529.mp3	اس بجلی کی گاڑی کو چارج کرنے کاطریقہ یہ ھےکہ جیسے آپ اپنے کمپیوٹر کی بیٹری چارج کرتے ہیں	 اس بجلی کی گاڑی کو چارج کرنے کا طریقہ یہ ہے کہ جیسے آپ اپنے کمپیٹر کی بیٹری چارج کرتے ہیں
common_voice_ur_38451999.mp3	سینیٹ کے انتخابات بتا رہے ہیں کہ ہماری سیاسی جماعتیں اس معاملے میں بحیثیت مجموعی ناکام ثابت ہوئی ہیں۔	 سینٹ کے انتخابات بتا رہے ہیں کہ ہماری سیاسی جماعتیں اس معاملے میں بحیثیت مجموعی نکام ثابت ہوئی ہیں
common_voice_ur_31951527.mp3	حکومت پاکستان کی بہترین حکمت عملی کی بنیاد پر ملکی خزانے میں ارب روپے کا اضافہ ہوگیا ہے	 حکومت پاکستان کی بہترین حکمت عملی کی بنیاد پر ملکی غزانے میں عرب روپے کا اضافہ ہو گیا ہے
common_voice_ur_32002277.mp3	میں سوچ رہا تھا کہ اگر یہ جگہ اتنی خوب صورت ہے تو جنت کیسی ہو گی	 میں سوچ رہا تھا کہ اگر یہ جگہ اتنی خوبصورت ہے تو جنت کیسی ہوگی؟
common_voice_ur_38485815.mp3	شروع دنوں سے ہی پاکستان کا بنیادی مسئلہ وسائل کی کمی کا نہیں‘ قیادت کے فقدان کا رہا ہے۔	 شروع دنوں سے ہی پاکستان کا بنیادی مستہ وسائل کی کمی کا نہیں قیادت کے فقدان کا رہا ہے
common_voice_ur_31791124.mp3	کہ زمبابوے کے خلاف ناکام ہونے والے کھلاڑیوں کو صرف اس لیے تبدیل نہیں کیا جا سکتا	 کہ زمباب پہ کی خلاف ناکام ہونے والے کھلاڑیوں کو صرف اس لئے تبدیل نہیں کیا جا سکتا
common_voice_ur_31980176.mp3	ویب ڈیسکگوگل کا استعمال کرنے والے صارفین محتاط رہیں ان پر سے زائد ادارے نظر رکھے ہوئے ہیں	 ویب ڈسک گوگل کا استعمال کرنے والے صرفین محتاط رہیں ان پر سے زائد ادارے نظر رکھے ہوئے ہیں
