path	ground_truth	prediction
common_voice_ur_32016523.mp3	چنانچہ اب فتوے کا مطلب ہی علما کی طرف سے کسی خاص مألے یا واقعے کے بارے میں حتمی فیصلے کا صدور سمجھا جاتا ہے	 چنہاچہ فتحے کا مطلب یہ علمہ کی طرف سے کسی خاص مالی یا واقع کے بارے میں حتمی فیصلے کا سدور سمجھ جاتا ہے
common_voice_ur_41150428.mp3	پوری قوم میں سے خوش نصیب ترین افراد چاہے فوجی ہو یا سویلین دشمن کا مقابلہ کریں گے۔۔۔اور وہی غزوہ ہند کے مجاہد ہوں گے۔۔	 پورے قوم میں سے خوش نسیب درین افراد جاہے فوجی ہو یا سویلین دشمن کا مقاولہ کریں گے اور وہی غزوہ ہند کے مجاہد ہوں گے
common_voice_ur_31919471.mp3	ہوسکتا ہے کہ آپ کو اپنے انسٹاگرام نیوزفیڈ پہلے سے بہتر لگ رہا ہو یا بہت جلد وہ کچھ بہتر نظر آنے لگے گا	 ہو سکتا ہے کہ آپ کو اپنے انسائگرام نیوز فیٹ پہلے سے بہتر لگ رہا ہو یا بہت جلد وہ کچھ بہتر نظر آنے لگے
common_voice_ur_38442764.mp3	جب تم دنیا کی مفلسی سے تنگ آجاﺅ اور رزق کا کوئی راستہ نہ نکلے تو صدقہ دے کر اللہ سے تجارت کیا کرو	 جب تم دنیا کی مفلسی سے تنگ آجائو اور رز کا کوئی راستہ نہ نکلے تو صدقہ دے کر اللہ سے تجارت کیا کرو۔
common_voice_ur_31889349.mp3	ان تمام اقدامات کا مقصد صارفین کو ونڈوز ایکس پی سے نئے آپریٹنگ سسٹم پر اپ گریڈ ہونے میں مدد فراہم کرنا ہے	 ان تمام اقتدامات کا مقصد سارفین کو Windows XP سے نئے آپریٹنگ سسٹم پر اپ گریٹ ہونے میں مدد فراہم کرنا ہے
common_voice_ur_31791056.mp3	راستے بھر میں میرے دوست خوبصورت مناظر کیمرے کی آنکھ میں محفوظ کرتے رہے اور میں اپنی یادداشت کے صفحوں پر نقش تحریر کرتاچلا گیا	 راستے بھر میں میرے دو سکوب سورت منان سرکیمری کی آنکھ میں محفوظ کرتے رہے اور میں اپنی یادش کے سفر پر نقش تحریر کردہ چلا کیا
common_voice_ur_32032204.mp3	آنے والے عالمی کپ میں کپتان کی تبدیلی کے حوالے سے ایک سوال پر رمیز راجہ نے کہا کہ یہ ناگزیر معاملہ ہے	 آنے والے عالمی قبطان کی تبدیلی کے حوالے سے ایک سوال پر رمیز راجہ نے کہا کہ یہ ناوزیر معاملہ ہے
common_voice_ur_31792537.mp3	کاربن ڈائی آکسائیڈ گیس اور آبی بخارات کے علاوہ ، دوسری گیسیں بھی فضا میں شامل ہوکر گرمی میں اضافے کا سبب بن سکتی ہیں	 کارپن ڈائوکسائڈ گیس اور ابھی بخارات کے علاوہ دوسری گیسیں بھی فضا میں شامل ہو کر کرمی میں اضافے کا سبب بن سکتی ہیں
common_voice_ur_31866551.mp3	اس کا نتیجہ یہ نکلا ہے کہ اس لفظ کا رائے یا نقطۂ نظر کے مفہوم میں استعمال کم و بیش متروک ہو گیا ہے	 اس کا نتیجہ یہ نکلا ہے کہ اس لغس کا رائی یا نقطہ نظر کا مفہوم میں استعمال کا مبیش متوق ہو گیا ہے۔
common_voice_ur_31916871.mp3	لیکن توانائی کے متبادل ذرائع ملنے اور انتھک محنت سے تلاش کرنے کی وجہ سے دن بدن تیل کی ضرورت کم ہوتی جارہی ھے	 لیکن دوانائی کے متبادل زرائے ملنے اور انتق مہنت سے تلاش کرنے کی وجہ سے دن با دن تیل کی ضرورت کام ہوتی جا رہی ہے
common_voice_ur_31793899.mp3	مگر ان جوانوں کی شہادت کو کسی نے یاد نہیں کیا جو پچھلے بارہ سال سے دہشت گردی کی جنگ میں شہید ہوئے	 مکر ان نوجوانوں کی شہادت کو کسی نے یاد نہیں کیا جو پچھلے بارہ سال سے دیشت کردی کی جنگ میں شہید ہوئے
common_voice_ur_38422310.mp3	چلو کوئی بات نہیں کبھی وہ دن بھی اللہ لائے گا جب ہم رمضان اور عید دونوں وہیں کریں گے جلدی آئے	 چلو کوئی بات نہیں کبھی وہ دن بھی اللہ لائے گا جب ہم رمزان اور ایب دونوں وہیں کریں گے جلدی آئے
common_voice_ur_38440462.mp3	میں نے زندگی کی سب سے بڑی سچائی قبرستان کے باہر لکھی دیکھی۔ منزل تو میری یہی تھی، بس زندگی گزر گئی یہاں آتے آتے	 میں نے زندگی کی سب سے بڑی سچائی قبرستان کے باہر لکھی دیکھی منظل تو میری یہی تھی بس زندگی گزر گئی یہاں آتے آتے
common_voice_ur_31886133.mp3	علما کی فتویٰ سازی کے نتیجے میںیہ امور گویا حکومت اورعدلیہ کے ہاتھ سے نکل کر غیر متعلق افراد کے ہاتھوں میں آجاتے ہیں	 علماء کی فتوہ سازی کے نتیجے میں یہ عمور گویا حکومت اور عدلیہ کے ہاتھ سے نکل کر غیر مطلق افراد کی ہاتھوں میں آجاتے ہیں۔
common_voice_ur_38417419.mp3	دوسری طرف اردو شاعری دونوں ممالک میں قابل احترام ہے۔ سرحد کے اس پار، مسلمان اور ہندو دونوں ہی اس رسم کو جاری رکھتے ہیں۔	 دوسری طرف اردو شاہری دونوں ممالک کے قابل احترام ہیں سرحت کے اس پار مسلمان اور ہندو دونوں ہی اس رسم کو جاری رکھتے ہیں
common_voice_ur_31866235.mp3	ممبئی موٹاپے میں مبتلا ہونے والے بالی ووڈ اداکار رشی کپور نے کہا ہے کہ اب ورزش کرنا انکے بس کی بات نہیں ہے	 ممبئی موٹاپے میں مبتلاہ ہونے والے بالیوڈ اداکار رشی قبول نے کہا ہے کہ اب ورزش کرنا ان کے بس کی بات نہیں ہے
common_voice_ur_31916945.mp3	اور شمسی توانائی کا پلانٹ لگا نے والے گھر کو حکومت جاپان وعدے وعید کرنے کے بجائے کچھ مالی مدد دیتی ہے	 اور شمسی توانائی کا پلان پڑھانے والے گھر کو حکومت جابان وادے وعید کرنے کے بجائے کچھ مانی مدد دیتی ہے
common_voice_ur_31828258.mp3	ممبی بالی ووڈ کی معروف اداکارہ شلپا شیٹھی اور اُن کی فیملی نے کسانوں کے لاکھوں روپے قرض ادا کرنے کا اعلان کیا ہے	 ممبئی بولیوڈ کی معروف ادھاکارہ شلپا شیٹی اور ان کی فیمیلی نے کسانوں کے لاکھوں روپے کرزداد کرنے کا اعلان کیا ہے
common_voice_ur_31842108.mp3	اس مدد کیلئے زلزلہ یا سیلاب کا متاثر ہونا ضروری نہیں ھے اور نہ ہی لائن میں لگ کر ڈانڈے کھانے کی ضرورت ھے	 اس مدد کے لیے ذلزلہ یا سلاب کا متاثر ہونے ضروری نہیں ہے اور نہ یہ لائنوں علاق کر ٹھنڈے کھانے کی ضرورت ہے
common_voice_ur_31927939.mp3	لیکن بہت جلد نسان اور میٹسوبشی وغیرہ کی گاڑیاں جو کہ بیٹری چارج کرنے کے بعد کافی لمبی ڈرائیو کے قابل ہوں گی مارکیٹ میں	 لیکن بہت جل نسان و مٹسابوشی وغیرہ کی گاریاں جو کہ بیٹری چارج کرنے کے بعد کافی لمبی ڈرائیو کے قابل ہوں گی مرکت میں
common_voice_ur_31894707.mp3	کہ اس عمل کی دوران میں جو زلزلی آئیں گی وہ مزید زلزلوں کو جنم دینی کا باعث بن سکتی ہیں	 کہ اس عمل کے دوران میں جو زلجلیں آئیں گی وہ مزید زلجلوں پہ جنب دینے کا باعث بن سکتی ہیں
common_voice_ur_31829414.mp3	نئی دہلی مانیٹرنگ ڈیسک اگر آپ سوشل میڈیا استعمال کرتے ہیں تو آپ یقینا سیکنڈ فیس ورزش کے متعلق سن رکھا ہو گا	 نئی دہلی مونٹرنگ ڈسک اگر آپ سوشن میڈیا استعمال کرتے ہیں تو آپ یقینن سیکنٹ فیس ورزش کے مطالق سن رکا ہوگا
common_voice_ur_31819943.mp3	تاہم اس میں بہت سے نئے فیچرزاور ایپلی کیشنز کو شامل کرنے کے ساتھ ساتھ موجودہ ورژن کی خامیوں کو بھی دور کیا گیا ہے	 تاہم اس میں بہت سے نئے فیچرز اور ایپلیکیشنز کو شامل کرنے کے ساتھ ساتھ موجودہ ویڈنڈ کی خامیوں کو بھی دور کیا گیا ہے
common_voice_ur_38471042.mp3	ایک بات ذہن میں بار بار آتی ہے کہ آج ہم لوگ اپنے دین سے اتنے دور کیوں ہوتے جا رہے ہیں؟	 ایک بات ذہن میں بار بار آتی ہے کہ آج ہم لوگ اپنے دین سے اتنے دور کیوں ہوتے جا رہے ہیں
common_voice_ur_31890388.mp3	مائیکروسافٹ کارپوریشن نے کہنا ہونا کہ وُہ اپنا تازہ ترین کنسول کو نومبر میں کِسی وقت فروخت کا لینا پیش کرنا گانا	 مائیکروسوٹ کارپوریشن نے کہنا ہونا کہ وہ اپنا دازہ ترین کنسول کو نوممبر میں کسی وقت فروض کر لینا پیش کرنا گانا
common_voice_ur_31792671.mp3	بنگلہ دیش کی عدالتِ عالیہ نے طلاق کے ایک مقدمے کا فیصلہ کرتے ہوئے علما کے فتووں کو غیر قانونی قرار دیا ہے	 بنگلہ دیش کی ادادتِ آلیہ نے تلاغ کے ایک مقانوے کا فیصلہ کرتے ہوئے علمہ کے فتحوں کو غیرقانونی قرار دیا ہے۔
common_voice_ur_31823728.mp3	ساتھ یہ جھوٹ بھی بولا ہے کہ فوج کا ایک بھی سپاہی بلوچستان میں نہیں لڑ رہا بلکہ فوجی بیرکوں میں بیٹھے ہیں	 ساتھ یہ جھوٹ بھی بولا ہے کہ فوج کا ایک بھی سپاہی بلوچستان میں نہیں لڑ رہا بلکہ فوجی ویرکوں میں بیٹھے ہیں
common_voice_ur_38449988.mp3	لیکن میں آپ کی بات پہ عمل کروں گا کل سے کیونکہ ابھی تو رات ہے مسجد نہیں جا سکتا	 لیکن میں آپ کی بات پہ امل کروں گا کل سے کیوں کہ ابھی تو رات ہے مسجد نہیں جا سکتا
common_voice_ur_38444224.mp3	میں جب یہ لگوانے گیا تھا تو مکینک نے پوری چھان بین کر کے مجھ سے پوچھا تھا کہ کتنے کا لیا ہے	 میں جب یہ لگوانہ گیا تھا تو میکینک نے پوری چھان بین کر کے مجھ سے پوچھا تھا کہ کتنے کا لیا ہے
common_voice_ur_31791550.mp3	اچھے مستقبل کی خاطر ہم اور بہت سے لوگ محض اپنا وطن اپنی جان سے پیا را پاکستان چھوڑ آئے ہیں	 اچھے مستقبل کی خاطر ہم اور بہت سے لوگ محس اپنا وطن اپنی جان سے پیارہ پاکستان چھوڑ آئے ہیں
common_voice_ur_31831737.mp3	ٹیکساس جولائی ایجنسی ماہرین نے انکشاف کیا ہے کہ آم کو جسمانی موٹاپے میں کمی کرنے والا بہترین پھل قرار دیا گیا ہے	 تکشیز جلائی جن سیمہ عرین نے انکشاف کیا ہے کہ آم کو جسمانی مطابع میں کمی کرنے والا بہترین فل کررداد دیا گیا ہے
common_voice_ur_31791242.mp3	پورا دن کاروبار زندگی میں مشغول اور محنت سے چور تھک کر شاید گاؤں کے تمام لوگ سو چکے تھے	 پورا دن کاروبار زندگی میں مشبول اور مہنے سے چور تھک کر شاید گاؤں کے تمام لوگ سو چکے تھے
common_voice_ur_31846082.mp3	کسی عالمِ دین یا کسی اور غیر مجاز فرد کی طرف سے اس کام کو انجام دینے کی کوشش سراسر تجاوز ہے	 کسی عالم میں دینی یا کسی اور گیر مجاد فرد کی طرف سے اس کام کو انجام دینے کی کوشش سرح سرتا جاہا اور حافظ ہے
common_voice_ur_32053081.mp3	مائیکروسافٹ سکیوریٹی ایزنشل کی اپ ڈیٹس ونڈوز ایکس پی کی سپورٹ ختم ہونے کے ایک سال بعد تک ملتی رہیں گی	 ایک سال بعد تک ملتی رہے گی
common_voice_ur_31975957.mp3	چاند اپنے جوبن پر تھا اور نورانی کرنیں ہر سو پھیل کر منظر کی لطافت کو مزید نکھار رہی تھیں	 چاند اپنے جوبن پر تھا اور نرانی کرنے ہرسو پھیل کر منظر کی لطافت کو مزید نکھار رہی تھی۔
common_voice_ur_31925744.mp3	اب میں ان بر گر اور پیپسی خوروں کو کیسے سمجھاتا کہ میٹھا آملیٹ ہونے کے لئے سننا کوئی ضروری تھوڑی ہے	 اب میں ان برگر اور پیپسی ہوروں کو کیسے سمجھاتا کہ مٹھا امریکھ ہونے کے لئے سننا کوئی ضروری تھوڑی ہے
common_voice_ur_32038546.mp3	ممبئی شوبزڈیسک بالی وڈ اداکار امیتابھ بچن اور شاہ رخ خان اب کسی بھی فلم میں ایک ساتھ نظر نہیں آئیں گے	 ممبائی شو بیدسک بالی وٹ الہ کار، مطاب بچن اور شاروک کان اب کسی بھی فلمیں ایک ساتھ نظر نہیں آئیں گے
common_voice_ur_32025867.mp3	سوال یہ ہےکہ قومی ادارے پر ایسےالزامات لگانے والوں کے خلاف ایکشن لینے کی بجائے وہ ہر ٹاپ سیکرٹ بریفنگ میں کیوں بلائےجاتے ہیں	 سوال یہ کہ پھومیداروں پر ایسے نواز لگانے ہاروں کے ڈلا فیٹشہ لے لے کی بجائے وہ آب سپریٹ پریچی بھولائے دیتے ہیں
common_voice_ur_31981684.mp3	مائیکروسافٹ کے مشہور زمانہ آپریٹنگ سسٹم ونڈوز کا نیا ورژن اب کمپنی ویب سائیٹ پر پری آرڈر کے لیے دستیاب ہے	 مائیکروسوف کے مشہورے زمانہ اپرائٹنگ سسٹم ونڈوز کنیہ ورژن اپ کمپنی ویپسائٹ پر پری اوڈر کے لئے دستے آپ
common_voice_ur_31793434.mp3	قدرتی حسن کی دولت سے مالا مال ان علاقوں میں غر بت اور پس ماندگی سیاح کو غم زدہ کر دیتی ہے ۔	 قدرتی حسن کی دولت سے معلومال ان علاقوں میں غربت اور پسمندگی سیاہ کو غم زدہ کر دیتی ہے۔
common_voice_ur_31848995.mp3	اور ٹیم میں جگہ پکی ہونے کا خمار ان کھلاڑیوں کو اپنے اصل مقام سے دور لیے جا رہا ہے	 اور ٹیم میں جگہ پکی ہونے کا خمار ان کلاڑیوں کو اپنی اصل مقام سے دور لے جا رہا ہے
common_voice_ur_31823107.mp3	خیر اپنے موقف کو ثابت کرنے کے لئے میں نے میٹھے آملیٹ کے خدوخال اور پکانے کی ترکیب پر روشنی ڈالی	 خیر اپنے موقف کو ثابت کرنے کے لیے میں نے میٹھے آملیٹ کے خدوخال اور کھکانے کی ترقیب پر روشنی ڈالی
common_voice_ur_27849083.mp3	تازہ ترین تحقیق کے مطابق اب ایک ایسا طریقہ ایجاد کر لیا گیا ہے جس سے قسمت کو بدلہ جاسکتا ہے	 خازہ ترین تحفیق کے مطابق اب ایک ایسا طریقہ اجازہ کر لیا گیا ہے جس سے قسمت کو بدلا جا سکتا ہے
common_voice_ur_31793548.mp3	اس موضوع پر کی جانی والی ایک تحقیق کی مطابق اس بات کا غالب گمان موجود ہی کہ اپریل میں آنی والا	 اس موضوع پر کی جانے والی ایک تحقیق کے مطابق اس بات کا غالب قمان موجود ہے کہ اپرل میں آنی والا
common_voice_ur_32017277.mp3	چنانچہ فتویٰ اگر مخاطب کی پسند کے مطابق نہ ہو تو اکثر وہ اسے ماننے سے انکار کر دیتا ہے	 چنانشاہ فتوہ اگر مخاطب کی پسند کی مطابق نہ ہو تو اکثر وہ اسے ماننے سے انکار کر دیتا ہے
common_voice_ur_32034448.mp3	جب میں پہلی جگہ یہاں آیا تھا تو مجھے بھی یقین نہیں آ رہا تھا کہ میں اسلام آباد ہی میں کھڑا ہوں ۔	 جب میں پہلی جگہ یہاں آیا تھا تو مجھے بھی یقین نہیں آ رہا تھا کہ میں اسلام بعد میں ہی کھڑا ہوں
common_voice_ur_31951734.mp3	دوسرے اس موقع پر جب کوئی عالمِ دین کسی خاص واقعے کے حوالے سے اپنا قانونی فیصلہ صادر کرتا ہے	 دوسرے اس وقت پر جب کوئی آنمے دین کی سی خاص وقت کے حوالے سے اپنا کارمونی فضلا صادر کرتا ہے
common_voice_ur_31902318.mp3	اٹھارہویں صدی میں قائم ہونے والے کوئٹہ کو آب و ہوا ماحول اور خوبصورتی کی وجہ سے انگریز لٹل لندن کہتے تھے	 18 سدی میں قائم ہونے والے کوئی تا کو آبوہواہ معاوی اور فضلتی کی وجہ سے انگریہ سلٹر لڈر کہتے تھے
common_voice_ur_31891800.mp3	سوال و جواب کی ویب سائٹ کورا نے اعلان کیا ہے کہ ان کے لاکھ رجسٹرڈ صارفین کا ڈیٹا کنفرم ہوگیا ہے	 سوال جواب کی ویپسائیٹ کورا نے اعلان کیا ہے کہ ان کے لاکھ ریجسٹر تصرفین کا ڈی نی کنفرم ہو گیا ہے
common_voice_ur_38466954.mp3	ویسے یار میں سعودی میں ہوں۔ آ تو نہیں سکتا ہاں لیکن بہت بہت شکریہ ہم سب ہی کو انوائٹ کرنے کے لئے	 ویسے یار میں سعودی میں ہوں آتھ تو نہیں سکتا ہاں لیکن بہت بہت شکریہ ہم سبھی کو انوائٹ کرنے کے لیے
common_voice_ur_31793495.mp3	آج جب اللہ پاک بزرگ و برتر کے فضل و کرم سے پاکستان میں کرونا وائرس کا زور ٹوٹ رہا ہے	 آج اب اللہ پاک، بزرگوں پہتر کے فضل و کرم سے پاکستان میں کرونا وائرس کا زور ٹوٹ رہا ہے
common_voice_ur_38429790.mp3	مجھے تو یہی سمجھ نہیں آرہا کہ جب یہ اتنے پیسے والے ہیں تو ایک اپارٹمنٹ رینٹ کر کے قدسیہ کو کیوں نہیں دے دیتے	 مجھے تو یہی سمجھ نہیں آ رہا کہ جب یہ اتنے پیسے والے ہیں تو ایک اپارٹمنٹ رینڈ کر کے کدسیا کو کیوں نہیں دے دیتے
common_voice_ur_32018789.mp3	اس ضمن میں جو بات میرے دل میں گھس گئی کہ قرآن مجید کو سب سے اوپر والی شیلف میں رکھا گیا تھا	 اس زمن میں جو بات میرے دن میں گھسکئی کہ قرآن مجید کو سب سے اپر والے شرف میں رکھا گیا تھا
common_voice_ur_38441723.mp3	ان کی خواہش تہی کہ اپنی زندگی میں اردو کالج کی بنیاد رکھ دیں مگر قدرت کو یہ منظور نہ تھا	 ان کی خواہش تھی کہ اپنی زندگی میں اردو کالج کی بنیاد رکھتے ہیں مگر قدرت کو یہ منظور نہ تھا
common_voice_ur_31960160.mp3	وقت گزرنے کے ساتھ ہر ہر کام میں نقص اور نکتہ چینی کرنا سسرال والوں کی عادت بن جاتی ہے	 وقت گزرنے کے ساتھ ہر ہر کام میں نقص اور نکتہ تینی کرنا سسرہ والوں کی عادت بن جاتی ہے
common_voice_ur_31998144.mp3	مگر دوسرے میچ میں قومی ٹیم کی متواتر ناکام کارکردگی نے زمبابوے کو جشن منانے کا موقع فراہم کردیا	 مگر دوسرے میج میں قومی ٹیم کے مطبخ ناکام کردی جی نے زمبابے کو جشن نانانے کا موقع فرام کر دیا
common_voice_ur_31841707.mp3	امريکا کی پہلی ڈیجیٹل کلاک کے بانی نے اسے اپنے کارخانے میں بنایا تھا اور اب اس کی فروخت کر دی گئی ہے	 امریکہ کی پہلے ڈیجیل چاک کے بانی نے اسے اپنے کرخانے میں بنائیتا اور اب اس کی فروض کر دی گئی ہے
common_voice_ur_38469846.mp3	ذرائع کے مطابق اجلاس میں سابق صدر آصف زرداری اور بلاول بھٹو سمیت پارٹی کی سینیئر قیادت بھی شریک رہی۔	 زرائے کے مطابق ہی چلاس میں سابق سے زراسف زرداری اور بلاگل بٹہ سمیت پارٹی کے سینیر کی عدد بھی شریف تھی
common_voice_ur_41109342.mp3	انہوں نے کہا کہ سفارت خانے کا عملہ اپنی مرضی سے کام کرتا ہے اور انھیں کوئی پوچھنے والا نہیں ہے ۔	 انہوں نے کہا کہ سفارت خانے کا املہ اپنی مرضی سے کام کرتا ہے اور ان کوئی پوچھنے والا نہیں ہے۔
common_voice_ur_32011828.mp3	ہم گاڑی سے اتر رہے تھے کہ گاڑی کے کلنڈر نے لسی سے بھری ہوئی تین بوتلیں ہمارے سپرد کر دیں ۔	 ہم گاڑی سے اترہے تھے کہ گاڑی کے کلینڈر نے لسی سے بڑی تین بوٹلیں ہمارے سپوٹ کر دی
common_voice_ur_31809353.mp3	اور سوچتا رہا کہ کتنے خوش نصیب ہیں وہ مقامات جن کو ابھی تک انسان کےپاؤں نے نہیں روندا	 اور سوچتا رہا کہ کتنے کچھ نصیب ہیں وہ مقامات جن کو ابھی تک انسان کے پاؤنے نہیں روندا
common_voice_ur_38463703.mp3	لیکن ان سب کو ایک خاص قسم کا ماحول میسر تھا جس میں وہ جو چاہیں کر سکتے تھے۔	 لیکن اس میں سب کو ایک خاص قسم کا محول میں حاصل تھا جس میں وہ جو چائیں کر سکتے تھے
common_voice_ur_32042622.mp3	اگر اسے نفاذ سے محروم رکھا جائے تو اس کی حیثیت محض رائے اور نقطۂ نظر کی سی ہوتی ہے	 اگر اسے نفاض سے محروم رکھا جائیں تو اس کی احسیت بیز رائے اور نوقتہ نظر کیسی ہوتی ہے
common_voice_ur_38440908.mp3	کابینہ کے وزیر تھریس کافی نے جمعرات کو سکائی نیوز کو بتایا کہ ’انخلا سے متعلق وزیراعظم بورس جانسن نے کوئی انفرادی فیصلہ نہیں کیا۔‘	 کابینہ کے وزیر تھیریس کافی نے جمعات کو سکائی نیوز کو بتایا کہ انخلا سے مطلق وزیر عظم بورس جونسن نے کوئی انفرادی فیصلہ نہیں کیا
common_voice_ur_31823088.mp3	اللہ کے لیے اگلی بار اس پارٹی کو ووٹ دو جس میں خاندانی سیاست کی بجائے میرٹ دیکھا جاتا ہے	 اللہ کے لئے اگلی بار اس پارٹی کو بور دو جس میں خاندانی سیاست کی بجائے میرک دیکھا جاتا ہے
common_voice_ur_26703815.mp3	اس مرتبہ کرک نامہ سے غیر حاضری کچھ زیادہ ہی طویل ہوگئی ہے جس کا سبب ذاتی مصروفیت تھی	 اس مرتبہ کرک نامہ سے غیر حاضری کچھ زیادہ ہی طویل ہو گئی ہے جس کا سبب ذاتی مسروفی تھی
common_voice_ur_31790550.mp3	جبکہ اس میچ میں دیگر بیٹسمین اور خاص طور پر پاکستان کا ٹاپ آرڈر بری طرح ناکام ہوا تھا	 جبکہ اس میچ میں دیگر بیٹسمن اور خاص طور پر پاکستان کا ٹوپ اوڈر بری طرح ناکام ہوا تھا
common_voice_ur_41126390.mp3	پانی جیسے ہی نل سے نکلتا تو یوں لگتا کہ اس میں سفید رنگ کی جھاگ ملی ہوئی ہے	 پانی جیسے ہی نل سے نکلتا تو یوں لگتا کہ اس میں سفید رنگ کی جھاگ ملی ہوئی ہے
common_voice_ur_31918705.mp3	اب پرانے وقتوں کی طرح نہ تو ایک دوسرے کا خیال رکھنے کی عادت رہی ہے اور نہ ہی دلوں میں گنجائش	 اپنوں نگوتوں کی طرح نا تو ایک دوسرے کا خیار رکھنے کی عادت رہی ہے اور ناہیں دلوں میں گنجائش
common_voice_ur_38469578.mp3	شاید کوئی روشن دانشور ایسا مکالمہ لکھے کہ پلاسٹک بیگ سے تباہی قومی سلامتی کا ایشو بن رہا ہے۔	 شاید کوئی روشن دانشور ایسا مقالما لکھے کہ پلسٹک بیگ سے تباہی قومی سلامتی کا اشو بند رہا ہے
common_voice_ur_31978407.mp3	ان کی کسی تحقیق یا اجتہاد کو جب عدلیہ یا پارلیمنٹ قبول کرے گی تو وہ قانون قرار پائے گا	 ان کی کسی تحقیق یا اجتہاد کو جب اطلیہ یا پارلیمنٹ قبول کرے گی تو وہ قانون قرار پائے گا
common_voice_ur_38431244.mp3	لیکن اس صورتحال کے باوجود بہت سے ایسے موضوعات ہیں جن پہ خاطر خواہ اظہار خیال سراسر ناممکن ہے۔	 لیکن اس صورتحال کے باوجود بہت سے ایسے موزوات ہیں جن پر خاطر ہوان اظہار خیال سراسر ناممکن ہے۔
common_voice_ur_31932725.mp3	ٹام میری کی پارٹی میں شامل تو ہونا چاہتا تھا مگر بدقسمتی سے اسے کچھ اور ضروری کام تھے۔	 ٹوم میری کی پارٹی میں شامل ہونا چاہتا تھا مگر بدقسمتی سے اسے کچھ اور ضروری کام تھے۔
common_voice_ur_28900844.mp3	وہ فوج جس کا کام سرحدوں کی حفاظت ہے اس نے ملک میں بڑے بڑے کاروبار شروع کر رکھے ہیں	 وہ فوج جس کا کام سرحدوں کی حفاظت ہے اس نے ملک میں بڑے بڑے کاربار شروع کر دی رکھے ہیں
common_voice_ur_38446811.mp3	سوال کیا کہ جی ٹی روڈ مارچ کی شکل میں نواز شریف کس کے خلاف احتجاج کرنا چاہتے ہیں۔	 سوال کیا کہ جٹی روڈ مارج کی شکل میں نواز شریف کس کے خلاف احتجاج کرنا چاہتے ہیں؟
common_voice_ur_41153051.mp3	صبح صادق سے فائرنگ کی آوازیں آتی ہیں ایسا محسوس ہوتا ہے جیسے کہ دو دشمنوں کے درمیان جنگ چھڑ گئی	 صبح سادق سے فائرنگ کی آوازیں آتی ہیں، ایسا محسوس ہوتا ہے جیسے کہ دو دشمنوں کے درمیان جنگ چھڑ گئی
common_voice_ur_31835527.mp3	جب گاڑی نے ہماری منزل پر آ کر بریک لگائی تو سب نے نیک خواہشات کے ساتھ ہمیں الوداع کیا	 جب گاری نے ہماری منزل پر آکر پریرک لگائی تو سب نے نیک وحشات کے ساتھ ہمیں الویداد کیا
common_voice_ur_38450056.mp3	سوشل میڈیا پر بحث کا بازار گرم ہے اور لوگ حسب توفیق اس میں اپنا حصہ ڈال رہے ہیں۔	 سوسل میڈیا پر بہت سکا بازار گرم ہے اور لوگ ہجبے توفیق اس میں اپنا حصہ ڈال رہے ہیں
common_voice_ur_32030072.mp3	اس دوران انھوں نے نہ صرف گلگت بلستان اور اسلام آباد کی سیاحت کی بلکہ انھوں نے لاک ڈاون میں وقت بھی گزرا۔	 اس دوران انہوں نے نا صرف کیوی بلطیسطن اور اسلام باد کی سیاہت کی بلکہ انہوں نے لاکڈاون میں وقت نہیں کھڑا رہا
common_voice_ur_38455999.mp3	چند نظموں اور غزلوں کی اصلاح کے بعد داغ دہلوی نے یہ لکھ دیا کہ آپ کو مزید اصلاح کی ضرورت نہیں ہے	 چند نظموں اور غزلوں کی اسطلاح کے بعد داگ تحلوی نے یہ لکھ دیا کہ آپ کو مجید اسطلاح کی ضرورت نہیں ہے۔
common_voice_ur_31976060.mp3	ذمرہ فوج چھ ستمبر کی جنگ میں شہید ہونے والوں کی قبروں پر آج بھی پھول چڑھائے جا رہے ہیں	 زمرا فوج 6 ستمبر کی جنگ میں شہید ہونے والے ہوں کے قبر پر آج بھی پھول چڑھائے جا رہے ہیں
common_voice_ur_31823022.mp3	ہر پارٹی کا کہنا ہے کے وہ ملک کی خدمت کرنا چاہتی ہے اور جتنی خدمات وہ کرر ہی ہیں سب جانتے ہیں	 اور پارٹی کا کہنا ہے کہ وہ ملک کی خدمت کرنا چاہتی ہے اور چتنی خدمات وہ کر رہی ہیں سب جانتے ہیں
common_voice_ur_38415524.mp3	میں نے اپنی لاسٹ پوسٹ میں کہا تھا، کہ ہماری ٹیم جیت تو رہی ہے مگر اس میں چمپینز بننے والی کوالٹی نہیں	 میں نے اپنی لیسٹ پوچھ میں کہا تھا کہ ہماری ٹینگ جیت تو رہی ہے مگر اس میں چیمپینز مننے والی کوالٹی نہیں
common_voice_ur_31975067.mp3	جب غیر مجازافراد سے صادر ہونے والے قانونی فیصلوں کو حکومتی سرپرستی کے بغیر نافذ کرنے کی کوشش کی جاتی ہے	 جب غیر مجاز افراد سے سادر ہونے والے قانونی فیصلوک کو حکومتی سرپرستی کے مغیر نافذ کرنے کی کوشش کی جاتی ہے
common_voice_ur_38479671.mp3	نہیں فخر کے الفاظ ملتے ہیں کہ انھوں نے کہا کہ ہمیں اپنے خاندان پر فخر ہے لیکن تکبر کبھی نہیں کیا	 نئی فغر کی الفاز ملتے ہیں کہ انہوں نے کہا کہ ہمیں اپنے ہندان پر فغر ہے لیکن تکبر کبھی نہیں کیا
common_voice_ur_31902844.mp3	لیکن جہاز سے چھلانگ ر اور شوٹ کھل کے وقفہ کے ان جسطرح زندہ کی فلم آپ کی آنکھوں کے سام چلتی ہے	 لیکن جہاں سے چھلاں وہ شوٹ کون کے وفکے کے اینجستہنا زندہ کے سلام آپ کے آنکھوں کے سام چلتی ہے
common_voice_ur_38444537.mp3	اس وقت ہمارے لبرل دوست تنقید کرتے تھے کہ دہشت گردوں سے مذاکرات کیوں کئے جا رہے ہیں؟	 اس وقت ہمارے لبرل دوست تنقید کر دیتے ہیں کہ دہشد گردوں سے مذاقرات کیوں کیا جا رہے ہیں؟
common_voice_ur_31834907.mp3	جس کے سبب لکھنے کو من نہ کیا کیونکہ پاکستان کی شکست تو صاف دکھائی دے رہی تھی ۔	 جس کے سبب لکھنے کو من نہ کیا کیوں کہ پاکستان کی شکست تو صاف دکھائی دے رہی تھی
common_voice_ur_31823190.mp3	یوں ہم پکے مسلمان ہوگئے بلکہ کچھ کچھ حافظ جی بھی کہ کچھ آیات زبانی یاد تھیں اور کئی کے ترجمے بھی	 یوں ہم پکے مسلمان ہو گئے بلکہ کچھ حافظ جی بھی کہ کچھ آیات زمانی یاد تھیں اور کئی کہ ترمے بھی
common_voice_ur_31967638.mp3	جس کا بجٹ زیربحث نہ لایا جا سکے ، جس نے ملکی قیادت پر کئی بار شب خون مارا ہو	 جس کا بجڈز دیرے بہت نہ لائے جا سکے جس کے موکی کی عادت پر کئی بار شب خون مرا ہو
common_voice_ur_31814073.mp3	سی پیک کے تحت شراکت داری میں خدمات فراہم کرنے چینی لا فرم کا وفد پاکستان پہنچ گیا	 سی پیک کے تہت شراکتاری میں خدمات اپرہام کرنے چینی لافہم کا وقت پاکستان پہنچ گیا
common_voice_ur_38462695.mp3	سیاست میں مذہب سے راہنمائی لینا اور سیاسی مفادات کے لیے مذہب کو استعمال کرنا دو الگ باتیں ہیں۔	 سہاست میں مذہب سے رہنمائی لینا اور سیاسی مفادات کے لیے مذہب کو استعمال کرنا دو الگ باتیں ہیں
common_voice_ur_38442703.mp3	اس وقت حکمران طبقے کو حیرت ہے کہ آسودہ حال لوگ دھرنے کی بات کیوں کر رہے ہیں؟	 اس وقت حکمران طبقے کو حیرت ہے کہ آسودہ حال لوگ ڈھرنے کی بات کیوں کر رہے ہیں؟
common_voice_ur_31813277.mp3	کیونکہ قومی ٹیم کی خامیاں جنوبی افریقہ اور سری لنکا کے خلاف مصیبتوں کا پھندہ بن سکتی ہیں ۔	 کیونکہ کومی ٹین کی خامیہ جنوبی افریقہ اور سیلے لنکہ کے خلاف مصیبتوں کا پھندہ بن سکتی ہے
common_voice_ur_31827187.mp3	ویب ڈیسک اسلام آباد پولیس نے تو مددگار روبوٹ تیار بھی کرلیا جو سب کی مدد کرے گا	 پیپ ڈسکس اسلامباد پلیس نے تو مددکار رو بورٹ تیار بھی کر لیا جو سب کی مدد کرے گا
common_voice_ur_38480432.mp3	"نواز شریف صاحب اگر مسلم ہائے لیگ کو ایک مسلم لیگ نہیں بنا سکتے تو اس کی "" ہائے ہائے "" کو تو غیر موثر بناسکتے ہیں۔"	 نواز شریف صاحب اگر مسلم ہائی لیگ کو ایک مسلم لیگ نہیں بنا سکتے تو اس کی ہائی ہائی کو تو غیر مؤثر بنا سکتے ہیں
common_voice_ur_41119179.mp3	اور کیا یہی مینہ کسی ہل چلا کر تیار کیئے گئے کھیت پر برسے گا تو رحمت نہیں بنے گا	 اور کیا یہی مینا کسی حل چلائے کر تیار کی گے کہ کھیٹ پر برسے گا تو رحمت نہیں بنے گا؟
common_voice_ur_31923454.mp3	جنہیں وینٹیلیٹر چلانا تو کیا نام بھی صحیح طرح لینا نہیں آتا وہاں پر بنائی گئی ویڈیو بھی موجود ہیں	 جنہیں وینٹیلیٹر چلانا تو کیا نام بھی صحیح طرح لینا نہیں آتا وہاں پر بنائی گئی ویڈیو بھی موجود ہے
common_voice_ur_28900839.mp3	مائیکروسافٹ کا مؤقف ہے کہ صارفین کو جدید آپریٹنگ سسٹم پر منتقل ہونے میں دیر نہیں کرنی چاہیے	 مائیکروسوفٹ کا موقف ہے کہ سارفین کو جدید اپرائیٹنگ سسٹم پر منتقل ہونے میں دیر نہیں کرنی چاہیے
common_voice_ur_31846782.mp3	امیر محترم نے فیصلہ کیا کہ پہلے ایک آملیٹ چاٹ مصالحہ ڈال کر بنایا جائے اور اسے چیک کیا جائے	 امیر مدرم نے فیصلہ کیا کہ پہلے ایک آملیٹ چاٹ مسالہ ڈال کر بنانا چاہیئے اور اسے چیک کیا جائے
common_voice_ur_31847379.mp3	بلکہ طالبِ علمانہ لب و لہجے میں محض علم و استدلال کی بنا پر اپنا نقطۂ نظر پیش کیا جائے گا	 بلکہ طالبی مانہ اللہ بولیجے میں مہر علم و استدال کی بنیاد پر اپنا نقطہ نظر تشکیہ جائے گا
common_voice_ur_31794071.mp3	سائنس دانوں کا کہنا ہے کہ خواتین اپنے ہم عمر مردوں کے مدمقابل تین سال زیادہ جوان رہتی ہے	 سائزدانوں کا کہنا ہے کہ ہوادین اپنے ہام عمر مردوں کے مطمقابل 3 سال زیادہ جوان رہتی ہے۔
common_voice_ur_31951710.mp3	مردم شماری کے نتائج کے مطابق چین میں عمر رسیدہ افراد کی آبادی میں تیزی سے اضافہ ہو رہا ہے	 مردم شماری کے نتائج کے مطابق چین میں عمر عسیدہ براکی عبادی میں تیزی سے اضافہ ہو رہا ہے
common_voice_ur_38465965.mp3	بہت زیادہ بلندی کی وجہ سے آکسیجن کی کمی ہو جاتی ہے۔ جو اوپر چڑھنے والوں کی مشکلات میں اضافہ کر دیتی ہے	 بہت زیادہ بلندے کی وجہ سے اکسجن کی کمی ہو جاتی ہے جو اپر چرنے والوں کی مشکلات میں اضافہ کر دیتی ہے
common_voice_ur_32014447.mp3	میں خود ایک مہینے تک اس بیماری کا شکار رہا ہوں ۔سمجھ ہی نہیں آتی کیا ہو رہا ہے۔	 میں خود ایک مہینی درگر بیماری کا شکار رہا ہوں سمجھی نہیں آپ کیا ہو رہا ہے
common_voice_ur_31834883.mp3	سامنے چیڑ کے نوکیلے پتوں والے دراز قد درخت اس نورانی منظر میں کسی سائے کی طرح معلوم ہوتے تھے	 سامنے چیڑ کے نو کیلے پتوں ویڈراست کا درخت اس نورانی منزل میں کسی سائی کی طرح معلوم ہوتے تھے
common_voice_ur_31824329.mp3	ایک جاپانی تھنک ٹینک نے واضح کیا ہے کہ جیسے جیسے امريکا مصنوعی ذہانت آرٹیفیشل انٹیلی جنس کے میدان میں مشہور ہو رہا ہے	 ایک جاپانی تنگ ٹینک ٹینک نے واضح کیا ہے کہ جیسے جیسے امریکہ مسئولی زہانت آٹیفشل انٹیلی جنس کے میدان میں مشہور ہو رہا ہے
common_voice_ur_31828785.mp3	ویس تو یہ کوئی عالم ریکارڈ نہیںلی بستر سے اٹھ کر اچانک میل بھاگ لی بھی کوئی اتنا آسان کام نہیں	 بس کوئی عالم ریکارڈ نہیں بھی بستر سے اٹھ کر اچانک میل بھاک بھی کوئی اتنا اسان کام نہیں
common_voice_ur_38506012.mp3	اسٹریلیا نے سری لنکا کے خلاف ٹی ٹوئنٹی کرکٹ میں سب سے زیادہ رنز بنانے کانیا ریکارڈ قائم کردیا	 اسٹرلڈیا نے سلونٹا فنیلار تی پنڈی کرکٹ میں سزا درمز بنانے کا رکارڈ پنک کیا
common_voice_ur_31972749.mp3	نئی دہلی دسمبر سیاست ڈاٹ کام بھارت نے پاکستان میں میچز کھیلنے کی دعوت قبول کر لی ہے	 نئی دلی، دسمبر، سیازہ، ڈارٹ، کام، بھارت نے پاکستان میں میچرز کھیلنے کی دعوت کوبول کر لی
common_voice_ur_30663299.mp3	اگر آپ اس وقت ونڈوز استعمال کر رہے ہیں تو آپ کو یہ نیا ورژن خریدنے کی ضرورت نہیں	 اگر آپ اس وقت وینڈوز استعمال کر رہے ہیں تو آپ کو یہ نیا ورژنگ خریدنے کی ضرورت نہیں ہے
common_voice_ur_38476449.mp3	مجھے اس کی اسٹوری کی کوئی سمجھ نہیں آ رہی پھر بھی میں سب سے زیادہ اس ڈرامے سے انٹرٹین ہوتی ہوں	 مجھے اس کی سٹوری کی کوئی سمجھ نہیں آ رہی پھر بھی میں سب سے زیادہ اس رامے میں انٹرٹین ہوتی ہوں
common_voice_ur_38443674.mp3	یار یہ بات غلط ہے۔۔۔ جیسے ہی پاکستان میچ ہارتا ہے سب لوگ میچ فکسنگ اور جانے کیسے کیسے الزام لگاتے ہیں	 یار یہ بات غلط ہے جیسے ہی پاکستان میچ ہارتا ہے سب لوگ میچ فکسنگ اور جانے کیسے کیسے الزام لگاتے ہیں
common_voice_ur_31793038.mp3	اور جب ایک ہی جیسا مینہ آسماں سے برستا ہے تو کہیں رحمت بن جاتا ہے اور کہیں زحمت مگر کیوں	 اور جب ایک ہی جیسا مینا آسمان سے برستا ہے تو کہیں رحمت بن جاتا ہے اور کہیں سحمت مگر کیوں؟
common_voice_ur_38432126.mp3	سیکولر لوگوں کا یہ نقطہ نظر خالصتا مذہبی ہے جو دین کو ظاہری حلیے کے حوالے سے دیکھتے ہیں۔	 سیکلر لوگوں کا یہ نقطہ نظر خالستن وذبی ہے جو دین کو ظاہری حولیہ کی حوالے سے دیکھتے ہیں۔
common_voice_ur_31973198.mp3	ممبئی بالی ووڈ اداکار سنجے دت کی بیٹی تریشالا دت نے کہا ہے کہ ان کا بالی ووڈ میں کام کرنے کا ارادہ ہے	 ممبائی بولیورڈ ازکار سنجدت کی بیٹی ترشالہ دت نے کہا ہے کہ ان کا بولیورڈ میں کام کرنے کا ارادہ ہے
common_voice_ur_38454748.mp3	سیاسی جدوجہد، مسلح اقدام اور سفارت کاری، کسی کا کوئی نتیجہ نہیں نکل سکا بے چینی بڑھ رہی ہے۔	 سعاستی جد و جہد مسلح اقدام اور سفارت کاری کسی کا کوئی نتیجہ نہیں نکل سکا بے چینی بڑھ رہی ہے
common_voice_ur_31834269.mp3	ان کا پلان ھے کہ دو ہزار تیرہ تک روزانہ تیل کی تیرہ لاکھ بیرل تک کی پیداوار کم کر دی جائے	 ان کا پلان ہے کہ 2013 تک روزانہ تیل کی 13 لاکھ بیرل تک کی بیدوار کم کر دی جائے
common_voice_ur_38458484.mp3	اگر کسی کو مسلسل برا بھلا کہا جائے تو یہ بھی اسی طرح ہے نتائج پیدا کرے گا	 اگر کسی کو مستلسل برا بلا کہا جائے تو یہ بھی اسی طرح ہے نتائج پیدا کرے گا
common_voice_ur_31975124.mp3	کہ نبی صلی اللہ علیہ وسلم کا یہ ارشاد اپنے ایک عمل کی دلیل کے طور پر تھا	 کہ نبیﷺ کا یہ ارشاد اپنے ایک عمل کی دلیل کے طور پر تھا
common_voice_ur_31961841.mp3	زندگی کی مصروفیات اور مختلف مسائل انسان کو نہ صرف جسمانی بلکہ ذہنی طور پر بھی تھکا دیتے ہیں	 زندگی کی مسروفیات اور مختلف مسائل انسان کو نا صرف جسمانی بلکہ ذہنی طور پر بھی تکا دیتے ہیں۔
common_voice_ur_32202123.mp3	سوچنے کی بات یہ ہے کہ ہم ریاست مدینہ جیسی اصطلاحوں کا استعمال اتنی آسانی سے کیسے کرتے ہیں؟	 سوچنے کی بات ہے کہ ہم ریاستے مدینہ جیسی استلاحوں کا استعمال اتنی اسانی سے کیسے کرتے ہیں؟
common_voice_ur_31814386.mp3	یِہ دوران یَہاں طرح طرح کا پرندہ دُوسْرا جگہ سے نقل مکانی کرکہ آنا ہونا جو یَہاں کا طبعی حسن کو دوبالا کرنا دینا ہونا	 یہ دلان یہاں طرح طرح کا پرندہ دوسرا جگہ سے نکل مکانی کر کے آنا ہونا جو یہاں کا طبعی حسن کو دوبالہ کرنا دینا ہونا
common_voice_ur_31828915.mp3	یہ نہیں کہا جائے گا کہ زید کی طرف سے دی گئی ایک وقت کی تین طلاقیں واقع ہو گئی ہیں	 یہ نہیں کھا جائے گا کہ زید کی طرف سے دی گئی ایک وقت کی تین طلاقے واقع ہو گئیں
common_voice_ur_38499164.mp3	"سیکولرازم کو حال ہی میں پیارے ہونے والے ''نیو سیکولر دوست"" یہ سوال اٹھاتے ہیں کہ نظریہ پاکستان ہے۔"	 سیکلوریزم کو حال ہی میں پیارے ہونے والے نیو سیکلور دوست یہ سوال اٹھاتے ہیں کہ نظریہ پاکستان ہے
common_voice_ur_38478707.mp3	سیدنا عمرؓ نے فرمایا: یا رسول اﷲﷺ کیا میں اسے قتل کر دوں ارشاد ہوا: اگر وہ دجال ہے۔	 سیدنا عمر رضی اللہ انہوں نے فرمایا یا رسول اللہ صلی اللہ علیہ و علیہ وسلم کیا میں اسے قتل کر دوں اشاد ہوا اگر وہ دجال ہے
common_voice_ur_38430550.mp3	لیکن اس تماشے سے اچھائی کا پہلو یہی نکلا ہے کہ آئندہ کیلئے یہ پیچیدہ مسئلہ تو حل ہوا۔	 لیکن اس تماشے سے اچھائی کا پہلو یہی نکلا ہے کہ آئندہ کے لیے پیچیدہ مسئلہ تو حل ہوا
common_voice_ur_32036437.mp3	جب دوستوں سے بات کی تو اچھا جواب ملا اور پروگرام طے ہو گیا کہ آدھےگھنٹے میں نکلنا ہے ۔	 جو دوسرے سے بات کی تو اچھا جواب ملا و پرگم تے ہو گیا کہ آدھے گھنٹے میں نکلنا ہے
common_voice_ur_31927164.mp3	زیورخ سائنس دان ایسے روبوٹ بنانے میں کامیاب ہوگئے ہیں جو انسانی آنکھ سے غائب ہونے کی صلاحیت رکھتے ہیں	 جیور سائزان ایسی روگوڈ بنانے میں کامیاب ہو گئے ہیں جو انسانی آت سے گائی ہونے کی صلایت رکھتے ہیں
common_voice_ur_31954030.mp3	اور حضرت صفیہ رضی اللہ عنہا رات کے وقت آپ صلی اللہ علیہ وسلم سے ملنے کے لیے آئی تھیں	 اور حضرت سفیر رضیلہ تعالیٰ رات کے وقت آپ صلی اللہ علیہ وسلم سے ملنے کے لئے آئی تھی
common_voice_ur_31903077.mp3	میں سوچ رہا تھا کہ اگر یہ جگہ اتنی خوب صورت ہے تو جنت کیسی ہو گی	 میں سوچ رہا تھا کہ اگر یہ جگہ ایک لیے پوچھ سورت ہے تو دن نک کیسے ہو گی
common_voice_ur_38458451.mp3	شروع دنوں سے ہی پاکستان کا بنیادی مسئلہ وسائل کی کمی کا نہیں‘ قیادت کے فقدان کا رہا ہے۔	 شروع دنوں سے ہی پاکستان کے بنیادی مسئلہ وسائل کی کمی کا نہیں قیادت کی فقدان کر رہا ہے
common_voice_ur_38467321.mp3	اس کو اگر قبول کر لیا جائے تو دنیا میں کوئی سماجی نظم قائم ہو سکتا ہے۔	 اس کو اگر قبول کر لیا جائے تو دنیا میں کوئی سماجی نظم قائم ہو سکتا ہے
common_voice_ur_38443648.mp3	اس میں یہ سمجھ نہیں آ رہا تھا کہ لوگ گفٹ دل سے دے رہے تھے یا رشوت دے رہے تھے	 اس میں یہ سمجھ نہیں آ رہا تھا کہ لوگ گفت دل سے دے رہے تھے یا رشوت دے رہے تھے
common_voice_ur_31978025.mp3	اور پوری روایت لینے کے بجائے باب کی مناسبت سے مکالمے کا ایک جز لے لیا ہے	 اور پوری روایت لینے کی وجہے باگ کی مناسبہ سے مقالمے کا ایک جزء لے لیا ہے
common_voice_ur_31961897.mp3	حالانکہ وہ لڑکی وہی ہوتی ہے جسے کبھی ساس صاحبہ چندے آفتاب اور چندے ماہتاب کہا کرتی تھیں	 حالانکہ وہ لڑکی وہی ہوتی ہے جسے کبھی ساہت صاحبہ چنے آفتاب اور چنے معاہداب کہا کرتی تھی
common_voice_ur_38458934.mp3	ان کی مجلس میں مسلسل بیٹھنے سے یہ معلوم ہوا کہ انسان اصلا ایک اخلاقی وجود ہے۔	 ان کی مجلس میں مسلسل بیٹھنے سے یہ معلوم ہوا کہ انسان اصلہ ایک اخلاقی وجود ہے۔
common_voice_ur_38471094.mp3	اس میں ان طبقات کی بھی نمائندگی ہو جنہیں نظر انداز کیے جا نے کا گلہ ہے۔	 اس میں ان تبکات کی بھی نمائندگی ہو جنہیں نظر انداز کیے جانے کا دلہ ہے۔
common_voice_ur_31798329.mp3	گر اس مضمون کو آپ نے کچھ دیر قبل بنایا ہے اور ابھی ظاہر نہیں ہو رہا ہے	 اگر اس مزمون کو آپ نے کچھ دیر قبل بنایا ہے اور ابھی ظاہر نہیں ہو رہا ہے
common_voice_ur_38458296.mp3	اس میں سیاسی جماعتوں، اہل دانش، پڑھے لکھے لوگوں کے ساتھ ہم میڈیا والے برابر کے شریک ہیں۔	 اس میں سیڈسی جماتوں اہل دانش پڑے لکھے لوگوں کے ساتھ ہمیڈیا والے برابر کی شریف ہیں
common_voice_ur_31975760.mp3	پھر آڈیو یعنی ص سفر اور بعد آز ویڈیو نے آکر ویب کی دنیا میں چارہ چاند لگا د	 پھر آڈیو یعنی سواد سفر اور بعد آز ویڈیو نے آکر ویب کی دنیا میں چارہ چاندھ لگا دھپ
common_voice_ur_38412029.mp3	اس سے بڑھ کر، عدالتوں کے فیصلوں پر بھی اجتماعی دانش اپنا فیصلہ سنانے میں آزاد ہے۔	 اس سے بڑھ کر ادالتوں کے فیصلوں پر بھی اجتبائی دانش اپنا فیصلہ سنانے میں ازاد ہے۔
common_voice_ur_38451578.mp3	سابق ٹیسٹ کرکٹر نے بھی کہا تھا کہ ڈپارٹمنٹ کرکٹ ختم کر کے کھلاڑیوں کو پارٹ ٹائم کرکٹر بنادیا ہے۔	 سابد تسک کرکٹر نے بھی کہا تھا کہ ڈپارٹمنٹ کرکٹر ختم کرکے کھلاڑیوں کو پارٹ ٹیم کرکٹر بنا دیا ہے
common_voice_ur_31823338.mp3	دوسری اننگز میں بنگلہ دیشی بلے بازوں نے پاکستانی بالروں کو اڑھے ہاتھوں لے لیا پر کوئی بھی اوٹ نہیں	 دوسری اننگز میں مغلدشی بلدبازوں نے پاکستانی بولدوں کو اڑے ہاتھوں لے لیا پر کوئی بھی آوٹ نہیں
common_voice_ur_31834248.mp3	زمبابوے کے خلاف پہلا ٹیسٹ پاکستانی ٹیم نے یونس خان کی غیر معمولی اننگز کی بدولت جیتا تھا ۔	 سنبواپے کے خلاف پہلے تسٹ پاکستانی ٹین نے یونس خان کی غیر معمول انکس کے بدونت جیتا تھا
common_voice_ur_31948516.mp3	بلکہ یہ کہا جائے گا کہ فلاں آدمی کا فلاں نقطۂ نظر اسلام کے دائرے میں نہیں آتا	 بلکہ یہ کہا جائے گا کہ فلان آدمی کے فلان نقص نظر اسلام کے دائرے میں نہیں آتا
common_voice_ur_32035180.mp3	برطانیہ امریکہ پاکستان سمیت دنیا کے کئی ممالک میں گیمنگ کو عالمی سطح پر پروموٹ کیا جا رہا ہے	 برطانیہ، امریکہ، پاکستانس میں دنیا کے کئی ممالک میں گیمنگ کو عالمی صدا پر پروموٹ کیا جا رہا ہے
common_voice_ur_38422567.mp3	اس پس منظرکو سامنے رکھتے ہوئے وہ عالم اسلام اور پاکستان کے باہمی تعلق کو بیان کرتے ہیں۔	 اس پنچ منظر کو سامنے رکھتی ہوئے وہ آرم اسلام اور پاتستان کے باہمی تعلق کو بیان کرتے ہیں۔
common_voice_ur_32008593.mp3	اور جنہیں متبادل قرار دیا جا رہا ان کے خود تبدیل ہونے کا وقت آ گیا ہے ۔	 اور جنہیں متبادل قرار دیا جا رہا ہے ان کے خود تبدیل ہونے کا وقت آگیا ہے
common_voice_ur_31829240.mp3	ممبئی سی این این سالہ ازدواجی زندگی کے بعد ارجن رامپال اور مہر جسیہ نے علیحدگی سے متعلق خبروں کع مسترد کردیا ہے	 پومائی سینین سالانہ از باجی سندگی کے بعد ارجن سرام پال اور مہد ستسلیہ کی علیہدگی سے مطالبک خبروں کو اس طرح پڑیا ہے
common_voice_ur_32009519.mp3	ممبئی پولیس نے درست درازی کے الزامات پر بالی وڈ کے ویٹرن اداکار الوک ناتھ کے خلاف مقدمہ خارج کردیا ہے	 ممبئی پولیس نے درست درازی کے الزامات پر بالیووٹ کے ویٹرن ندارکار لوگ ناؤٹ کے خلاف مقدمہ خارج کر دیا ہے
common_voice_ur_38457489.mp3	اسی طرح جدید قومی ریاست کے تقاضوں کو بھی بڑی حد تک پیش نظر رکھا گیا ہے۔	 اسی طرح جدید قومی ریاست کے تقاضوں کو بھی بڑی حد تک پیش نظر رکھا گیا ہے
common_voice_ur_37882163.mp3	اب کی بار نیب عدالت میں فرد جرم سننے کے لئے پیش ہوئے تو عجیب منظر تھا۔	 اب کی بار نئے بدالت میں فرد جرم سننے کے لئے پیش ہوئے تو اجیب منظر تھا
common_voice_ur_38472603.mp3	لیکن اس شام جہاں کہیں بھی بیٹھیں یہ یقین کیسے ہو گا کہ جو چیز استعمال ہو رہی ہے۔	 لیکن اس شام جہاں کہیں بھی بیٹھے یہ یقین کیسے ہوگا کہ جو چیز استعمال ہو رہی ہے
common_voice_ur_31846750.mp3	جیسا کہ دوسرے ممالک میں بھی ہے کہ ٹرین چلانے کیلئے تقریبا بجلی ہی استعمال کی جارہی ھے	 جیسا کہ دوسرے ممالک میں بھی ہے کہ ٹرین چلانے کے لیے تقریباً بجری ہی استعمال کی جا رہی ہے
common_voice_ur_32001561.mp3	حکومت پاکستان کی بہترین حکمت عملی کی بنیاد پر ملکی خزانے میں ارب روپے کا اضافہ ہوگیا ہے	 حکومت پاکستان کی بہترین حکمت عملی کی بنیاد پر ملکی خزانے میں عرب روپے کا اضافہ ہو گیا ہے
common_voice_ur_31830043.mp3	ايسے تمام لوگوں کو سلام ہے جو اپنی جان کو خطرے میں ڈال کر عوام کی حفاظت کر رہے ہیں۔	 ایسی تمام لوگوں کو سلام ہے جو اپنی جان کو خطرے میں ڈال کر عوام کی فازت کر رہے ہیں
common_voice_ur_31970405.mp3	ملتان شوبز ڈیسک امریکا کی مقبول ترین فیشن ماڈل جی جی حدید کا کہنا ہے کہ وہ جتنی ڈچ ہیں	 علطان شاوبسٹ اس امریکہ کی مطبول ترین فیشن موڈل جیجی حدید کا کہنا ہے کہ وہ جتنی ڈچ ہیں
common_voice_ur_38468017.mp3	اس سے پہلے جب تک آئین سازی کے مراحل درپیش رہے، تب ان کا ایک کردار تھا۔	 اس سے پہلے جب تک آینصازی کے مرحل دربیش رہے تب ان کا ایک گردار تھا۔
common_voice_ur_32011742.mp3	ممبئی بالی ووڈ کے شہنشاہ امیتابھبچن کی صاحبزادی شویتا بچن نے اپنی بھابھی ایشوریا کے بارے ایک راز اگل دیا ہے	 ممبائی بالیوٹ کے شہنچہ امیتہ بچن کی صاحبزادی شویتہ بچن نے اپنی بھابی اشوریہ کے بارے ایک راز اکل دیا ہے
common_voice_ur_31834996.mp3	مگر کھلاڑیوں نے زمبابوے کے ہاتھوں رسائی کی داستان تحریر کر کے واٹمور کو مشکل میں ڈال دیا ہے	 مگر کلانیوں نے زمباوروے کے ہاتھوں رسائی کی داستان تحریر کر کے وات مور کو مشکل میں ڈال دیا ہے
common_voice_ur_41157147.mp3	سینیٹ کے انتخابات بتا رہے ہیں کہ ہماری سیاسی جماعتیں اس معاملے میں بحیثیت مجموعی ناکام ثابت ہوئی ہیں۔	 سینٹ کے انتخابات بتا رہے ہیں کہ ہماری سیاسی جماعتیں اس معاملے میں بحیثیت مجموہی ناکام ثابت ہوئی ہیں
common_voice_ur_31832516.mp3	جن کی کارکردگی کا معیار گرگیا اور اس کے علاوہ اور بھی بہت کچھ ہمارے قارئین جان چکے ہیں	 جن کی کار کردگی کا میار گر گیا اور اس کے علاوہ اور بھی بہت کچھ مراکر آئن چاند چکے ہیں
common_voice_ur_38465302.mp3	اس کے بدلتے حالات میں دین آپ کو پوری طرح راہنمائی فراہم کر رہا ہے یا نہیں؟	 اس کے بدلتے حالات میں دین آپ کو پوری طرح رحممائی فراہم کر رہا ہے یا نہیں
common_voice_ur_31894356.mp3	ہر ادارے میں افسران ہوں یا چھوٹے ملازم وہ بھی انسان ہیں ان سے بھی غلطیاں ہو تی ہیں	 ہر ادارے میں افسران ہو یا چھوٹے مناظم وہ بھی انسان ہیں ان سے بھی غلطیاں ہوتی ہیں
common_voice_ur_31835436.mp3	جہاں میں زیرتعلیم ہوں یہ جگہ اسلام آباد کی حدود میں ہی ہے مگر اکثر اسلام آباد یئے نہیں جانتے ۔	 جہاں میں زیرِ تانی ہوں یہ جگہ اسلامہ باد کی حدود میں ہی ہے مگر اکثر اسلامہ باد یہ نہیں جانتے
common_voice_ur_38472782.mp3	اس حوالے سے لیکن شرائط نہیں رکھی جا سکتیں جو بھی ہاتھ آئے، اسے سزا دینی چاہیے۔	 اس خوادے سے لیکن شاید نہیں رکھی جا سکتی جو بھی ہاتھ تھا یا اس سے بھی نہیں چاہیے
common_voice_ur_38455871.mp3	لہذا جب یہ تحفہ ملا تو بہت خوشیاں منائی گئیں کہ پاکستان بھاری انڈسٹری کے سفر پہ چل نکلاہے۔	 لہٰذا جب یہ توفہ ملا تو بہت خوشیاں منائی گئیں کہ پاکستان بھاری اندسپری کے سفر پر چل لکھلا ہے
common_voice_ur_38459320.mp3	اس وقت ان فلیٹس کی ملکیت کے سوال پر کسی قطری کا دور دور تک ذکر نہ تھا۔	 اس وقت ان فرات کی ملکیت کے سوال پر کسی قطری کا دو دو تک ذکرنا تھا
common_voice_ur_38443497.mp3	اس کا ایک جواب طاہرالقادری تھے اگر عمران خان کے کارکن اس امتحان میں ناکام بھی ہوتے ہیں۔	 اس کا ایک جواب تاہرالکادری تھے اگر امران خان کے کارکن اس امتحان میں ناکام بھی ہوتے ہیں
common_voice_ur_31793410.mp3	"وہ دُمدار ستارے جو ہم ہر تھوڑے ہزار سالوں میں دیکھتے ہیں ""اوٗرٹ کے بادل"" سے آتے ہیں۔"	 اُدُمدار ستارے جو ہم ہر تھوڑے ہزار سالوں میں دیکھتے ہیں اورٹ کی بادل سے آتے ہیں
common_voice_ur_31970219.mp3	نجانے کیوں مجھے ان بچوں میں اپنا بچپن جو کہیں کھو گیا ہے نظر آ رہا تھا	 میں جانے کیوں میں اپنا بچوں میں بچپن جو کہیں کھو گیا ہے نظر آ رہا تھا
common_voice_ur_31951480.mp3	اس کا ایک ممکنہ اطلاق ایس نظام میں ہو سکتا ہے جو انس میں اضافہ کر کے قابل ہو	 اس کا ایک ممکنہ اطلاق ایسی نظام میں ہو سکتا ہے جو انس میں اضافہ کر کے قابل ہو
common_voice_ur_31794003.mp3	اس بجلی کی گاڑی کو چارج کرنے کاطریقہ یہ ھےکہ جیسے آپ اپنے کمپیوٹر کی بیٹری چارج کرتے ہیں	 اس بیجلی کی گارڈی کو چارج کرنے کا طریقہ یہ ہے کہ جیسے آپ اپنے کپیوٹر کی بیٹری چارج کرتے ہیں
common_voice_ur_38464647.mp3	لیکن میں ذرا دیر میں بات کرتا ہوں لیکن ایک سوال ہے کہ آپ ذرا وضاحت کرو کہ رائٹس کی کیا تعریف ہے؟	 لیکن میں دیر میں بات کرتا ہوں، لیکن ایک سوال ہے کہ آپ وضاحت کرو کہ رائٹس کی کیا تاریخ ہے؟
common_voice_ur_38459481.mp3	اب موقع کھل رہاہے، اور یہ آسمان سے آیا ہے، کہ پاکستان کچھ بہتری کی سمت چلے۔	 اب موقع کھل رہا ہے اور یہ اسمان سے آیا ہے کہ پاکستان کچھ بہتری کی سمجھ چلے
common_voice_ur_38431383.mp3	بیٹنگ میں کوئی اسٹار پلیئر بھی نہیں ہے اس لئے نوجوانوں کی توجہ کا مرکز بالنگ بنی ہوئی ہے	 بیٹنگ میں کوئی اسٹار پلیئر بھی نہیں ہے اس لئے نوجوانوں کی توجہ کا مرکز بولنگ بنی ہوئی ہے
common_voice_ur_31969171.mp3	ماہرین کا کہنا ہی کہ زمینی پرت کی اس نوعیت کی ٹوٹ پھوٹ کی ماضی میں کوئی مثال موجود نہیں ا	 مہرین کا کہنا ہے کہ زننی فرد کی اس نوعیت کی توڑ پوٹ کی ماضی میں کوئی مثال موجود نہیں
common_voice_ur_33605817.mp3	اس کیفیت کا لازمی نتیجہ یہ ہے کہ ہر اطراف کسی سے بنا کے نہ رکھی جائے۔	 اس قیفیت کا لازمی نتیجہ یہ ہے کہ ہر اطراف کسی سے بنائے کے نہ رکھی جائے
common_voice_ur_38432462.mp3	اللہ سب کے پیرینٹس کو تب تک زندگی دے جب تک کہ ان کی کوئی اولاد زندہ ہے امین	 اللہ سب کے پیرنٹس کو تک تک زندگی دے جب تک کہ ان کی کوئی اولاد زندہ ہے آمین
common_voice_ur_38440529.mp3	یونانی شہر ہ آفاق مصنف ہومر کی کتاب اوڈیسی میں ایک واقعہ درج ہے کہ اوڈیسو ز اوراس کے ساتھی ایک جزیرے سے گزرتے ہیں۔	 یونانی شورائے افاق مسنف ہومر کی کتاب اوڈیسی میں ایک واقعہ درج ہے کہ اوڈیسیس اور اس کے ساتھی ایک جزیری سے گزرگتے ہیں۔
common_voice_ur_32004022.mp3	آج مجھے اپنی انکھوں پر رشک ہو رہا تھا جن کی بدولت میں اس قدر خوبصورتی سے محظوظ ہو رہا تھا	 آج مجھے اپنی آنکھوں پر رشک ہو رہا تھا جن کی بدولت میں اس قدر خوبصورتی سے محضوظ ہو رہا تھا
common_voice_ur_38439869.mp3	اکثر میں ایسا نہیں کرتا۔ لیکن اگر حالات ہنگامی ہوں تو میں اس طرح کا خطرہ مول لیتا ہوں۔	 اکسر میں ایسا نہیں کرتا لیکن اگر حالات ہنگامی ہوں تو میں اس طرح کا خطرہ مول لیتا ہوں
common_voice_ur_38431829.mp3	سینیٹ کے چناؤ کے وقت بھی منصوبہ بندی اور حکمت عملی کی صلاحیت لیگی قیادت میں نظر نہیں آئی۔	 سینٹ کے چناؤ کے وقت بھی منصوبہ بندی اور حکمت عملی کی سلایت لیگی کی عادت میں نظر نہیں آئی
common_voice_ur_31918177.mp3	کویتی وزیراعظم اور وزیر داخلہ شیخ رشید احمد کے درمیان ملاقات میں اہم فیصلے کیے گئے ہیں	 کوئی تی وزیراعظم اور وزیر داخلہ شیخ رشید احمد کے درمیان ملاقات میں اہم فیصلے کیا گئے ہیں
common_voice_ur_31834611.mp3	مگر جب یہاں کے لوگوں سے ملاقات ہوئی تو انتظامیہ کی باتیں محض خام خیالی نظر آئیں ۔	 مگر جب یہاں کے لوگوں سے ملاقات ہوئی تو انتظامیہ کی باتیں محض ہم خیالی نظر آئیں
common_voice_ur_38436596.mp3	اس کا حاصل یہ ہے کہ ایک جمہوری حکومت کوکبھی اپنی ساکھ پر سمجھوتہ نہیں کر نا چاہیے۔	 اس کا حاصل یہ ہے کہ ایک جموری حکومت کو کبھی اپنی ساکھ پر سمجھوتا نہیں کرنا چاہیے
common_voice_ur_31984881.mp3	واٹس ایپ نے صارفین کی لیے فری انٹرنیشنل کالز کرنے کا فیچر متعارف کروایا جا رہا ہے	 ویٹس نیپ نیسار فین کیلئے فی انٹرنیشنل کالز کرنے کا فیچر متعریف کروائے جا رہا ہے
common_voice_ur_38422236.mp3	شخصی حیثیت میں، انہوں نے گزشتہ چند سالوں میں جو تحقیقی کام کیا ہے، وہ ایک ادارے جتنا ہے۔	 شقصی حیثیت میں انہوں نے گزجتہ چمسالوں میں جو تحکیقی کام کیا ہے وہ ایک ادارے جتنا ہے۔
common_voice_ur_38416842.mp3	اس وقت کون سوچ سکتا تھا کہ یہ مردہ کبھی قبر سے پھر اٹھ کھڑا ہو گا؟	 اس وقت کون سوچ سکتا تھا کہ یہ مردہ کبھی قبر سے پھر اٹھکڑا ہوگا؟
common_voice_ur_38428520.mp3	اس نے ایک ایسے طبقے کو جنم دیا ہے جو لوگوں کے مذہبی جذبات کا استحصال کرتا ہے۔	 اس نے ایک ایسے طبقے کو جنم دیا ہے جو لوگوں کے مذہبی جذبات کا استحصال کرتا ہے۔
common_voice_ur_38462681.mp3	تمہارے خیال میں وہ اتنا بے نیاز ہے کہ اسے تمہارے گھر والوں کی فکر نہیں ہو گئی	 تمہارے خیال میں وہ اتنا بے نیاز ہے کہ اسے تمہارے گھر والوں کی فکر نہیں ہوگی
common_voice_ur_32005515.mp3	باہر کے چینلز نے آئی سی یو کے اندر کے حالات بہت پہلے دکھا کر لوگوں کو عقل دلائی تھی	 باہر کے چینلز نے ڈکھا کر لوہوں کو اکل دے لائی تھی
common_voice_ur_38437328.mp3	اس صورت حال سے نواز شریف اور دیگر لیگی قیادت کو کچھ نتائج اخذ کرنے چاہئیں تھے۔	 اس صورت حال سے نواز شریف اور دیگر لیگی کی عادت کو کچھ نتائج اخذ کرنے چاہیے تھے
common_voice_ur_38466023.mp3	اللہ کی راہ میں مرنے والے شہید ہوتے ہیں اور شہد مر کر بھی زندہ رہتا ہے	 اللہ کی رام ہے مرنے والے شید اور تیار شید مارکرلیزی دارت
common_voice_ur_31809147.mp3	ایک نئی تحقیق کے مطابق اب چھوٹے بچوں کو چپ کر آنا کوئی مشکل کام نہیں ہے	 ایک نئی تحقیق کے مطابق اب چھوٹے بچوں کو چھپ کر آنا کوئی مشکل کام نہیں ہے
common_voice_ur_38441007.mp3	اچھا ویسے اس ڈرامے کو دیکھنے کے بعد سب اس لڑکے کے پیچھے پڑ گئے ہیں کہ وہ جوا کھیلتا ہے	 اچھا ویسے اس ڈرامے کو دیکھنے کے بعد سب اس لڑکے کے پیچھے پڑ گئے ہیں کہ وہ جوہ کھیلتا ہے
common_voice_ur_31828786.mp3	روئے زمین پر انسان نے جہاں جہاں ڈیرے ڈالے نام نہاد ترقی کی بنا پر فطری خوبصورتی کا گلا گھونٹتا گیا	 روز زمین پر انسان نے جہاں جہاں ڈیرے ڈالے نام نے ہاد ترقی کی بنا پر فطری خوبصورتی کا گلا گھوٹا گیا
common_voice_ur_32016660.mp3	اس کو چھوڑ کر، ہر کسی نے تنقید نگار سے سچی رائے دینے کے لئے شکریہ کر دیا۔	 اس کو چھوڑ کر ہر کسی نے تنقید نگار سے سچی رائے دینے کے لئے شکریہ کر دیا
common_voice_ur_31886911.mp3	ہالی وڈ کی نئی تھری ڈی اینیمیٹیڈ کامیڈی فلم دی سیکرٹ لائف آف پیٹس نے نئے ریکارڈز قائم کر دیے ہیں	 ہالی ووڈ کی نئی 3 ڈی انیمیٹڈ کامیڈی فلم ڈی سیکرٹ لائف آف پیٹس نے نئے ریکارڈز قائم کر دئیے ہیں
common_voice_ur_38466042.mp3	اس طنز میں وزن تھا یا نہیں لیکن وہی چیز آج پاکستان کے کام آ رہی ہے۔	 اس تنز میں وزن تھا یا نہیں لیکن وہی چیز آج پاکستان کے کام آ رہی ہے
common_voice_ur_31980255.mp3	چلنے کے قابل ہوئے تو انہوں نے ایک ہاتھ میں اپنی لاٹھی لی اور دوسرے میں میراہاتھ تھامے مسجد لےگئے	 چنے کے قابل ہوئے تو انہوں نے ایک ہاتھ میں اپنی لٹھی لی اور دوسرے میں میرا ہاتھ ہاں میں مسجد لے گئے
common_voice_ur_31845814.mp3	ایپل تک ہی آئی پوڈ متعارف کرائے گا لیکن بہت سی کمپنیاں میں ہی فلیگ شپ فون متعارف کرا دیں گی	 اپل تک ہی آئی پورٹ متعریف کرائے گا لیکن وہ سی کمپنیوں میں ہی فلیکشیف فون متعریف کر دیں گی
common_voice_ur_38488892.mp3	اس وقت صورت حال یہ ہے کہ تنہا شیخ رشید حکومت سے زیادہ وقت لے لیتے ہیں۔	 اس وقت صورتہ حال یہ ہے کہ تناشیق رشی کو مہسی زیادہ وقت لے لیتے ہیں
common_voice_ur_31956331.mp3	ٹھنڈی ٹھنڈی ہوا میرے پسینے سے بھیگے بدن سے ٹکراتی ہے تو عجب سا لطف و سرو ر اور سکون حاصل ہوتا ہے	 ٹھنڈی ٹھنڈی ہوا میرے پسینے سے بھیگے بدن سے ٹکراتی ہے تو اجب سا لطف و سرور اور سکون حاصل ہوتا ہے
common_voice_ur_38467970.mp3	اس کا جواب اثبات میں ہے لیکن سیاست کی حرکیات کو الگ سے سمجھنا بھی ضروری ہے۔	 اس کا جواب اسواد میں ہے لیکن سیاست کی حرکات کو الگ سے سمجھنا بھی ضروری ہے
common_voice_ur_31979377.mp3	آج کل لوگ فرش پر بیٹھنے کے بجائے کرسی یا سوفے پر بیٹھنا پسند نہیں کرتے ہیں	 آج کل لوگ فرے فرش پر بیٹھنے کے بجائے کرسیاں صوفے پر بیٹھنا پسند نہیں کرتے
common_voice_ur_38463721.mp3	سوال یہ ہے کہ ان کی طرح کا ایک پڑھا لکھا جدیدآدمی یہ سب کچھ کیسے مان لیتا ہے؟	 سوال یہ ہے کہ ان کی طرح کا ایک پڑھا لکھا جدید آدمی یہ سب کچھ کیسے مان لیتا ہے؟
common_voice_ur_32569971.mp3	سپریم کورٹ میں ڈپٹی سپیکر قومی اسمبلی کی رولنگ پر از خود نوٹس کیس کی سماعت جاری ہے	 سپریم کورٹ میں دپٹی سپیکر کومی سملی کی رولنگ پر از خود نوٹس کی سماعت جاری ہے
common_voice_ur_38457438.mp3	اب بھی یہ کہا جاتا ہے کہ نواز شریف صاحب کو تو شخصی کاروبار سے دلچسپی ہے۔	 اب بھی یہ کہا جاتا ہے کہ نواز شریف صاحب کو تو شخصی کاربار سے دلچسپی ہے
common_voice_ur_31955845.mp3	سائنس زدہ معاشروں میں جہاں انسان اپنے اوپر ایک خود ساختہ انا کا خول چڑھا لیتے ہیں	 سائنس ادام واشروں میں جوہاں انسان اپنے اوپر ایک خود سختہ انا کا خول چڑھا لیتے ہیں
common_voice_ur_38412470.mp3	اس کا مطلب یہ نہیں ہو تا کہ ریاست کا دفاع پس منظر میں چلا جا تا ہے۔	 اس کا مطلب یہ نہیں ہوتا کہ ریاست کا دفاع پاس مندر میں چلا جاتا ہے
common_voice_ur_31831819.mp3	جن لوگوں اور خاص طور پر جن خاتون نے گوادر کو پاکستان میں شامل کرنے کے لیے	 چن لوگوں اور خاص طور پر جن خاتون نے قوادر کو پاکستان میں شامل کرنے کے لئے
common_voice_ur_31792702.mp3	مائیکروسافٹ اپنے صارفین کو تلقین کرتا آیا ہے کہ جدید آپریٹنگ سسٹمز پر اپ گریڈ ہوجائیں	 مائیکروسوفٹ اپنے سارفین کو تلکین کرتا آیا ہے کہ جدید آورپریٹنگ سسٹم پر اپ گریٹ ہو جائیں
common_voice_ur_38469824.mp3	بے چارہ اچھی خاصی شکل صورت کا تھا اور سب اس کا اتنا مذاق بنا رہے تھے	 بیچارہ اچھی خاصی شکل صورت کا تھا اور سب اس کا اتنا مزاگ بنا رہے تھے
common_voice_ur_31831657.mp3	ہم آلودگی شور گنجان آبادی خود غرضی سے بہت دور تھے اور قدرت سے بہت قریب قدرت کتنی خوب صورت ہے	 ہمارو دیشور بن جان عبادی خود ارضی سے بہت دور تھے اور قدرت سے بہت قریب قدرت کتنی خوبصورت ہے
common_voice_ur_38442080.mp3	بارش کا قطرہ سیپی اور سانپ دونوں کے منہ میں گرتا ہے جب کہ سانپ اسے زہر بنا دیتا ہے اور سیپ اسے موتی	 بارش کا قطرہ سیپی اور سام دونوں کے مومن کٹا ہے جبکہ سام اسے زہر بنا دیتا ہے اور سیپ اسے موتی
common_voice_ur_38452164.mp3	اس کے بعد آخر کیا جواز ہے کہ آئے دن جلوس نکلیں اور سڑکیں بند کی جائیں؟	 اس کے بعد آخر کیا جواز ہے کہ آئے دن جلوس نکلے اور سڑکیں بند کی جائیں
common_voice_ur_31975855.mp3	ہاکی چیمپئنز ٹرافی بیلجیئم نے پاکستان کودو کے مقابلے میں چار گول سے شکست دے دی	 حاکی چیمپینز ٹرافی بلجیم نے پاکستان کو دو کے مقابل میں چار گول سے شکل دی
common_voice_ur_38455265.mp3	سوال یہ ہے کہ آئینی طور پر یہ کونسل کسی خاص فقہ کی نہیں، قرآن وسنت کی پابند ہے۔	 سوال یہ ہے کہ آینی طور پر یہ کونسل کسی خاص فقا کی نہیں قرآن و سنت کی پابند ہے
common_voice_ur_31927305.mp3	سعودی عرب میں اتوار تیس مئی کو کورونا کے نئے کیسز ایک ہزار سے کم ہوگئے	 سعودی عرب میں اتوار 23 مائی کو کرونا کے نئے کیسز 1000 سے کم ہو گئے
common_voice_ur_28900804.mp3	امریکا کے محکمہ خزانہ حکام نے ایران کے شہریوں کو سپیشل ویزا دینے کا اعلان کیا ہے	 امریکہ کے محکمہ خزانہ حکام نے ایران کے شہری کو سپیشل ویزہ دینے کا اعلان کیا ہے
common_voice_ur_28900842.mp3	ایس ای سی پی نے نئے کمپنیز ایکٹ کے تحت معلومات کی فراہمی کے فارمز جاری کردیئے	 SECP نے نئے کمپنیز ایکٹ کے تحت معلومات کی فرہمی کا فرامز جاری کر دئیے
common_voice_ur_41170612.mp3	اس پر حکومت کا کوئی قابل ذکر رد عمل سامنے نہیں آتا اب دو ہی صورتیں ہیں۔	 اس پر حکومت کا کوئی کابلہ ذکر ردی امل کا زندگی نہیں آتا اب دو ہی صورتیں ہیں
common_voice_ur_31888464.mp3	اس کے علاوہ شاید آزار بند کیلئے استعمال ہونے والا الاسٹک بھی تیل ہی سے بنتا ھے	 اس کے علاوہ شاید ازاد بند کے لئے استعمال ہونے والا الاستیک بھی تیل ہی سے بنتا ہے
common_voice_ur_31811965.mp3	غیر مجاز فرد سے صادر ہونے والا فتویٰ یا قانون حکومت کی قوتِ نافذہ سے محروم ہوتا ہے	 غیر مجاز فرد سے صادر ہونے والا فتوہ یا قانون حکومت کی کوئی تی نافزہ سے محروم ہوتا ہے۔
common_voice_ur_38425390.mp3	اب بھی لکھنا چاہتا ہوں، مگر بھارت کی جانب سے جارحیت کا معاملہ ابھی چل رہا ہے۔	 اب بھی لکھنا چاہتا ہوں مگر بھارت کی جانب سے جاریت کا معاملہ ابھی چاہ رہا ہے۔
common_voice_ur_38450041.mp3	ان کا کہنا تھا کہ مسلم دنیا کفر اور استکباری طاقتوں کا مقابلہ کرنے کی صلاحیت رکھتی ہے	 ان کا کہنا تھا کہ مسلم دنیا کفر اور استقباری طاقتوں کا مقابلہ کرنے کی صلاحیت رکھتی ہے۔
common_voice_ur_31899667.mp3	جناب جاوید احمد صاحب غامدی نے اسے بجا طور پر صدی کا بہترین فیصلہ قرار دیا ہے	 جناب جاوید احمد صاحب غامدی نے اسے بجا طور پر صدی کا بہترین فیصلہ قرار دیا ہے
common_voice_ur_31999927.mp3	"اور شائقین کو بھی ""نیا کپتان ، نیا جوش"" کے نعرے سے کچھ دنوں کے لیے بہلایا جاسکتا ہے"	 اور شائقین کو بھی نیا قبطان نیا جوش کے نارے سے کچھ دنوں کے لیے بھیلائے جا سکتا ہے
common_voice_ur_31823957.mp3	قرآن و سنت کی رو سے علما کی اصل ذمہ داری دعوت و تبلیغ، انذار و تبشیر اور تعلیم و تحقیق ہے	 قرآن و سنت کی روث علمہ کی اصل ذمہ داری، دعوت و تبلیغ، انظار و تبشیر اور تعلیم و تحقیق ہے۔
common_voice_ur_38443317.mp3	"اس کا فائدہ ان سے زیادہ دوسروں کو پہنچے گا"" جو اب ان کے بعد آئیں گے۔"	 اس کا فائدہ ان سے زیادہ دوسرے کو پوچھے گا جو آپ ان کے بعد آئیں گے
common_voice_ur_38452316.mp3	اس کے ساتھ وہ یہ تاثر بھی دیتا ہے کہ جیسے انہیں فوج کی تائید حاصل ہے۔	 اس کے ساتھ کوئی داظر بھی دیتا ہے کہ جیسے ان فوج کی طاید حاصل ہے
common_voice_ur_38442950.mp3	اب مجھے آج مارکیٹ جانا ہے چچا کے ساتھ اور مارکیٹ جانے کے لئے میرے پاس بائیک بھی نہیں ہے	 اب مجھے آج مارکیٹ جانا ہے چچہ کے ساتھ اور مارکیٹ جانے کے لیے میرے پاس بائیک بھی نہیں ہے
common_voice_ur_31933320.mp3	کام چل رہا ہے کے اصول پر وہ اس طریقِ قانون سازی سے سمجھوتاکیے رہتے ہیں	 کام چل رہا ہے کہ اصول پر وہ اس طریق قانون سازی سے سمجھوتا کیے رہتے ہیں
common_voice_ur_31975864.mp3	ادھر بت تو کم بنائےگئے مگر انہوں نے فوٹو بنا کر انکی پرستش البتہ خو ب کی	 ادھر بُدھ تو کم بنائے گئے مگر انہوں نے فوٹو بنا کر ان کی پرستش البتہ خوب کی
common_voice_ur_31964055.mp3	بے مثال حسن کو دیکھ کر آنے والے قدرت کی صناعی کی داد دئے بغیر نہیں رہ پاتے ۔	 بے مثال حسن کو دیکھ کر آنے والے قدرت کی سنای کی داد دیب غیر نہیں رہ پاتے
common_voice_ur_31863834.mp3	میں نے ان سے کچھ سوال کیے تو کسی بچے نے کوئی خاطر خواہ جواب نہیں دیا	 میں نے ان سے کچھ سوال کیا تو کسی بچے نے کوئی خاطر خاص جواب نہیں دیا
common_voice_ur_38429296.mp3	اس سے جہاں جمہوریت کو اسلام کے مخالف نظام کے طور پر پیش کیا جا رہا ہے۔	 اس سے جہاں جمہوریت کو اسلام کے مخالف نظام کے طور پر پیش کیا جا رہا ہے
common_voice_ur_32017151.mp3	بھائی دیکھ لو کیا کرنا ہے، زیادہ چھٹیاں کیں تو امتحان میں بیٹھنے نہیں دیں گے۔	 بھائی دیکھ لوگ کیا کرنا ہے! زیادہ چھوٹیاں کی تو امتحان میں بیٹھنے نہیں دیں گے!
common_voice_ur_38416670.mp3	اس وقت سب سے اہم سوال یہ ہے کہ کیا بگڑے ہوئے معاملات سنبھالے جا سکتے ہیں؟	 اس وقت سب سے اہم سوال یہ ہے کہ کیا بگڑے ہوئے معاولات سنبھالے جا سکتے ہیں
common_voice_ur_31863694.mp3	جس نے پاکستان دو لخت کیا ہو اسے یوم دفاع منانے کا کوئی حق نہیں ہے	 جس نے باکستان دولخت کیا وہ اسے یومیہ دفاع بنانے کا کوئی حق نہیں ہے
common_voice_ur_31929455.mp3	پی سی بی دفاتر کو پراپرٹی ٹیکس کی ادائیگی کی یقین دہانی کرانے پر ڈی سیل کر دیا گیا	 پیسی بھی دفاطر کو پروپریٹی ٹیکس کی اداگی کی اگین دہانی کرنے پر ڈی سل کر دیا گیا
common_voice_ur_31952022.mp3	لاہور قذافی اسٹیڈیم میں قومی کرکٹ ٹیم کے کھلاڑیوں کا تربیتی کیمپ تیسرے روز بھی جاری	 لاہور کا ذافی سٹیڈیم میں قومی ٹکرکی ٹیم کے کھلاڑیوں کا تربیتی کی کیم پر تیسرے روز بھی جاری
common_voice_ur_31997135.mp3	میں نے خود پر بہت جبر کیا لیکن جب ڈھول بجا تو پھر رہا نہیں گیا	 میں نے خود پر بہت جبل کیا لیکن جب دھول بجا تو پھر رہا نہیں جیا
common_voice_ur_32028984.mp3	اسی خوف و دہشت میں سارے ملک کو یرغمال بنا کے اپنا کنٹرول برقرار رکھا جائے	 اسی خوف اور دہشت میں سارے ملک کو یرگمال بنا کے اپنا کنٹرول بڑھ کر رہ رکھا جائے
common_voice_ur_31917133.mp3	اللہ تعالیٰ نے اس دنیا کو کچھ مادی قواعد و ضوابط کا پابند بنا رکھا ہے	 اللہ تعالیٰ نے اس دنیا کو کچھ مادی قواعد اور زوابد کا بابند بنا رکھا ہے
common_voice_ur_31958792.mp3	یہ اور اس نوعیت کے بہت سے دوسرے معاملات سر تا سر قانون اور عدالت سے متعلق ہوتے ہیں	 یہ اور اس نوعیت کے بہت سے دوسرے معاملات سرطہ، سرکالون اور ادالت سے مطالب ہوتے ہیں۔
common_voice_ur_38443005.mp3	اس میں انتخاب کا حق ہمارے پاس نہیں زبان سیکھنا اور زبان اپنانا دو مختلف باتیں ہیں۔	 اس میں انتخاب کا حق ہمارے پاس ہے جبان سیکھنا اور جبان اپنانا دو مختلف باتیں ہیں
common_voice_ur_38445568.mp3	ان کے بارے میں فہم دین کے حوالے سے درست بات اسی وقت کہی جا سکتی ہے۔	 ان کے بارے میں فیحم دین کے حوالے سے درست بات اسی وقت کہی جا سکتی ہے
common_voice_ur_38476343.mp3	اس وقت بھی سیاسی مقاصد کے لیے مذہب کو استعمال کیا گیا، آج بھی کیا جا ئے گا۔	 اس وقت بھی سیاستی مقاصد کے لئے مذہب کو استعمال کیا گیا آج بھی کیا جائے گا
common_voice_ur_38422263.mp3	اس سے ایک ایسا جذباتی ماحول پیدا ہوا جس نے ایوب خان حکومت کیلئے مشکلات پیدا کیں۔	 اس سے ایک ایسا جذباتی محول پیدا ہوا جس نے عیوغ خان حکومت کے لئے مشکلات پیدا کی
common_voice_ur_31854885.mp3	اس تنزل مسلسل کے نتیجے میں ہماری بطور قوم شناخت بھی ایک سوالیہ نشان بن گئی	 اس تنظر مسلسل کے نتیرے میں ہماری بات اور کون شناک بھی ایک سوالی نشان بن گئی
common_voice_ur_31834504.mp3	جس کا مطلب ہے اب کسی بھی خرابی کے لئے مائیکروسافٹ اپ ڈیٹ نہیں کرے گا	 جس کا مطلب ہے اب کسی بھی خرابی کے لیے مائیکروسوفٹ اپ ڈیٹ نہیں کرے گا
common_voice_ur_38442894.mp3	اس بات پر اتفاق پیدا ہو گیا ہے کہ ہتھیار اٹھانا ریاستی اداروں ہی کا کام ہے۔	 اس بات پر اتفاق پیدا ہو گیا ہے کہ ہتھیار اٹھانا ریاستی اداروں ہی کا کام ہے۔
common_voice_ur_31822961.mp3	اسلام آبادنیو زڈیسک مشہور ٹیکنالوجی گلیکسی سامسنگ نے نیند میں چلنے والے مریض کی نگرانی کیلئے والکنگ سسٹم رجسٹرڈ کرایا ہے	 اسلام پارد نیوز ایڈ اکس مشہور ٹکنالوجی گلیکسی سامسنگ نے نین میں چلنے والے مریض کی نکرانی کے لیے واکن سسٹم ریجسٹر کر آیا ہے
common_voice_ur_31967358.mp3	کہ خدا اپنی مخلوق کے کسی فرد اور اپنے گلے کی کسی بھیڑ سے غافل ہوتا ہے	 کہ خدا اپنی مخلوق کے کسی فرد اور اپنے گلے کی کسی بھیر سے غافل ہوتا ہے
common_voice_ur_31916800.mp3	بلکہ یوں کہنا چاہیے کہ ان ہی کہانیوں نے ہمارے معاشرے کا رنگ بدل دیا ہے	 بلکہ یہ کہنا چاہیے کہ ان کی کہانیوں نے ہمارے معاشر کا رنگ بدل دیا ہے
common_voice_ur_38500020.mp3	او سلی ون کہتے ہیں کہ ہمارے پیٹ اور آنتوں میں کروڑوں اقسام کے بیکٹیریا موجود ہوتے ہیں اور ہر شخص کے	 اصلی ورنگ کہتے ہیں کہ ہمارے پیٹ اور آدمے کرونا اقسام کے بیٹریہ موجود ہوتے ہیں
common_voice_ur_38417001.mp3	سچ تو یہ ہے کہ اگر سازش ہوئی تو شریفوں اور شریف زادوں نے اپنے خلاف ہی سازش کی۔	 سچ تو یہ ہے کہ اگر سازش ہوئی تو شریفوں اور شریف ذادوں نے اپنے خلاف ہی سازش کی
common_voice_ur_38416891.mp3	ابھی تک اس بات کے آثار دکھائی نہیں دیے کہ قادری صاحب ایک انتخابی طاقت بھی ہیں۔	 اب بھی تک اس بات کے اثار دکھائی نہیں دیئے کہ قادری صاحب ایک انتخابی طاقت بھی ہے
common_voice_ur_31956176.mp3	اور جیسے ہی انھیں موقع ملتا ہے وہ بے دریغ قانون کی خلاف ورزی کر ڈالتے ہیں	 اور جیسے ہی انہیں موقع ملتا ہے وہ بے دریف قانون کی خلاف برزی کر دو دی ہیں
common_voice_ur_38472998.mp3	لیکن ان کی مصیبتوں میں کوئی کمی نہ آئی اور احتساب کی جکڑ ان کے گرد سخت ہوتی گئی۔	 لیکن ان کی مسیبتوں میں کوئی کمی نہ آئی اور احتصاب کی چکڑ ان کی گھر سخت ہوتی گئی
common_voice_ur_31890342.mp3	کھانے کے بعد میرے دوست ان خوشگوار لمحات کو کیمرے میں محفوظ کرنے میں مشغول ہو گئے	 کھانے کے بعد میں نے دوستان خوشکوارنا محافظ کیمری میں محفوظ کرنے میں مشہول ہو گئے
common_voice_ur_38445065.mp3	اس کام کے لیے جس اخلاقی اثاثے کی ضرورت ہے، اللہ کا شکر ہے کہ وہ موجود ہے۔	 اس کام کے لئے جس اخلاقی اساسے کی ضرورت ہے اللہ کا شکر ہے کہ وہ موجود ہے
common_voice_ur_38433437.mp3	"اس ''ممتاز فہرست"" میں وزیر اعظم کے بچوں کے بھی نام تھے: دو بیٹے اور ایک بیٹی۔"	 اس منتال فیرات میں مزیدی آدم کے بچوں کے بھی نام تھے دو بیٹے اور ایک بیٹی
common_voice_ur_38431548.mp3	اس کے ساتھ ان طبقات کے خلاف بھی جن سے دین اور پاکستان کو خطرات درپیش ہیں۔	 اس کے ساتھ ان طبقات کے خلاف بھی جن سے دین اور پاکستان کو خطرات درپیش ہیں
common_voice_ur_31824230.mp3	انہوں نے اضافہ کرنا کہ چھٹی کا سیزن میں کنسول پوری دنیا کا ممالک میں دستیاب ہونا گانا	 انھوں نے اضافہ کرنا کہ چھٹی کا سیزن میں کنسول پوری دنیا کا ممالک میں دستیاب ہونا گانا
common_voice_ur_38431331.mp3	ان ہی کو ہم نے مردان یونیورسٹی میں دیکھا یہی ہمیں سوشل میڈیا میں نظر آتے ہیں۔	 انھی کو ہم نے مردان یونیورسٹی میں دیکھا یہ ہی ہمیں سوشل میڈیا میں نظر آتے ہیں
common_voice_ur_31837122.mp3	ان کے اظہارِ رائے پر پابندی عائدکرتی تو ہم اسے صدی کا بدترین فیصلہ قرار دیتے	 ان کے اظہارے رائے پر پبندی آیت کرتی تو ہم اسے صدی کا بہترین فیصلہ کرار دیتے
common_voice_ur_31985232.mp3	پاکستان گوادر کے مقام پر ایک بڑا ایئرپورٹ اور بحری اڈہ تعمیر کرنے کا ارادہ رکھتا ہے۔	 پاکستان گوادر کے مقام پر ایک بڑا ایر پورٹ اور بہری اڈہ تعمیر کرنے کا ارادہ رکھتا ہے
common_voice_ur_38445851.mp3	اتنی بھی یہ گئی گزری قوم نہیں کہ ایسے لیڈرملیں جو اس کی تقدیر میں آئے ہیں۔	 اتنی بھی یہ گئی گزری قوم نہیں کہ ایسے لیڈر ملیں جو اس کی تقدیر میں آئے ہیں
common_voice_ur_38468224.mp3	اس کے ساتھ یہ بھی واضح ہے کہ حکمرانوں کا طرز زندگی اوسط درجے کا ہونا چاہیے۔	 اس کے ساتھ یہ بھی واضح ہے کہ قرآن کا تجھے امن زندگی کی اوست تجھے گھوانے چلی ہے
common_voice_ur_38468039.mp3	ادب میں تو یہ رجحان نیا نہیں علامتی نظم اور افسانہ مدت سے لکھے جا رہے ہیں۔	 عدب میں تو یہ رجحان نیا نہیں علامتی نظم اور افسانہ مدد سے لکھے جا رہے ہیں
common_voice_ur_31966181.mp3	ویسے بھی بزرگوں سے یہی سنا کہ دین کے معاملات میں زیادہ غور نہیں کرنا چاہئے	 ویسے بھی وزورگوں سے یہی سُنا کے دین کے معاملات میں زیادہ غور نہیں کرنا چاہیئے۔
common_voice_ur_38452776.mp3	جیو ٹی وی کی طرف سے رمضان المبارک کے خصوصی پروگرام جیو کے ہر چینل سے پیش کیے گئے	 جیو ٹی بی کی طرف سے رمضان المباری کی خاصوسی پروگرام جیو کے ہر چینل سے پیچھ کیے گئے
common_voice_ur_31894338.mp3	پاکستان اور کویت کے درمیان فیملی اور بزنس ویزا فوری بحال کرنے کا فیصلہ کیا گیا ہے	 پاکستان اور قوید کے درمیان فیمبلی اور بزنس ویزہ فوری بحال کرنے کا فیصلہ کیا گیا ہے
common_voice_ur_31975128.mp3	پاکستان اور بھارتی فضائی حدود پر کشیدگی ہو وہاں لڑائی جاری ہوں یا رشتہ پیچیدگی کا شکار ہوں	 پاکستان اور بھارتی فضائی عدود پر کشیدگی ہو، وہاں لڑائی جاری ہو یا رشتہ پشیدگی کا شکار ہو
common_voice_ur_38476053.mp3	اس لئے ہم سب کو سمجھنا ہوگا کہ پاک بھارت کشیدگی کی اصل وجوہ کچھ اور ہیں۔	 اس لئے ہم سب کو سمجھنا ہوگا کہ پاک بھارت کے شریدگی کی اصل وجہ کچھ اور ہیں
common_voice_ur_31343498.mp3	اس علاقے میں گاڑیوں کے پیچھے لٹکنا خطرناک ضرور ہے ، مگر یہ لوگوں کے روزمرہ معمول کا حصہ ہے ۔	 اس علاقے میں گاڑیوں کے پیچھے لٹکنا خطرناک ضرور ہیں مگر یہ لوگوں کے روز مرہ معمول کا حصہ ہے
common_voice_ur_38470697.mp3	میں نے اس کا مطالعہ کرلیا ہے۔آپ آرام سے اسائنمنٹ بنا کر مجھے دے دیجئے گا۔	 میں نے اس کا متعلق کر لیا ہے آپ ارام سے اسائنمنٹ بنائے کر مجھے دے دیجئے گا
common_voice_ur_38412172.mp3	یا رب میرے سوئے ہوئے دوست کو جگا دے۔ بستر ہے اس کا نرم تو پتھر کا بنا دے	 یار اب میرے سوئے ہوئے دوست کو جگہ دے بسر ہے اس کا نرم دو پتھر کا پنا دے
common_voice_ur_38426832.mp3	اسی سے یہ طے ہو گا کہ ہم صدرٹرمپ کے مطالبات کہاں تک پورا کر سکیں گے۔	 اسی سے یہ تیہ ہوگا کہ ہم صدر ٹرمپ کے مطالبات کہاں تک پورا کر سکیں گے؟
common_voice_ur_38470645.mp3	اس میں بھٹو صاحب کے دور کے واقعات، حکومتی ظلم اور کرپشن کی داستانیں جمع کی گئی تھیں۔	 اس میں بھٹو صاحب کے دور کے واقعات حکومتی ظلم اور کرپشن کی داستانیں جما کی گئی تھیں
common_voice_ur_38470090.mp3	شاہ صاحب جملہ کہتے تو لوگ گردن گھما کر دیکھتے کہ خیال جیسے پیکر محسوس میں ڈھل گیا ہے۔	 شاہ صاحب جملہ کہتے تو لوگ گردن بھما کر دیکھتے کہ خیال جیسے پے کر محسوس میں ڈھل گیا ہے
common_voice_ur_38409451.mp3	اس کاروبار میں انسانوں کے ایمان، ناموس اور جان، وہ اجناس ہیں جو بطور کرنسی استعمال ہوتے ہیں۔	 اس کاروبار میں انسانوں کے ایمان ناموس اور جان وہ اجناس ہیں جو بطور کرنسی استعمال ہوتے ہیں۔
common_voice_ur_38444660.mp3	اس منفی سیاست کے باعث ان کی شخصیت کا مثبت پہلو ایک تخریبی قوت بن چکا ہے۔	 اس منفی سیاست کے باعث ان کی شخصیت کا مثبت تحلو ایک تقریقی قوت بن چکا ہے
common_voice_ur_38429131.mp3	اس روایت کی بنیاد پر ایک گروہ انہیں ایک روحانی اور مذہبی شخصیت ثابت کر رہا ہے۔	 اس روایت کی بنیاد پر ایک گروہ انہیں ایک روحانی اور مذہبی شخصیت ثابت کر رہا ہے۔
common_voice_ur_38461907.mp3	اس تقسیم کو بڑھانے میں ہمارے سیاستدانوں اور چھوٹے گروپوں نے بھی اپنا پورا حصہ ڈالا ہے۔	 اس تقسیم کو بڑھانے میں ہمارے سیاستدانوں اور چھوٹے گروپوں نے بھی اپنا پورا حصہ ڈالا ہے۔
common_voice_ur_38436309.mp3	متعدد روایات کے مطابق علی کے سر سے بہتا خون ان کی داڑھی کو رنگ رہا تھا	 متعدد روایات کے مطابق علی کے سر سے بہتا خون ان کی داری کو رنب رہا تھا۔
common_voice_ur_31986347.mp3	تاہم ونڈوز ، ایکس پی یا دیگر پرانے ورژن استعمال کرنے والے صارفین کو اسے خریدنا ہوگا	 تاہم وینڈوز اکس پی یا دیگر پرانے ورژن استعمال کرنے والے سارفین کو اسے خریدنا ہوگا
common_voice_ur_32005470.mp3	مغربی میڈیا میں فیشن بن چکا ہے کہ پاکستان میں ہونے والےہر واقعہ میں آئی ایس آئی کو ملوث کیا جاۓ	 مغربی میڈیا میں فیشن مان چکا ہے کہ پاکستان میں ہونے والے ہر واقعے میں آیا سائر کو ملوث کیا جائے
common_voice_ur_32020082.mp3	گائے بکرے اونٹ میمنےاور دودھ دینے والے دیگر جانوروں سے حاصل ہونے والے گوشت کو سرخ گوشت کہا جاتا ہے	 گائے بکرے اونٹ میںنے اور دو دینے والے دیگر جانوروں سے حاصل ہونے والے گوشت کو سرخ گوش کھا جاتا ہے
common_voice_ur_31791624.mp3	شناختی کارڈ کی تصدیق ہونے کی صورت میں سکرین پر ٹک کا نشان سامنے آ جائے گا	 شناہتی کارٹ کی تستیق ہونے کی صورت میں سکرین پر ٹک کا نشان سامنے آ جائے گا
common_voice_ur_38477293.mp3	اب یہ تیسرے مسیحا آئے ہیں جنہیں ملک کا ایک بہت بڑا طبقہ واقعی مسیحا سمجھتا تھا۔	 آپ یہ تیسرے مسیح آئے ہیں جنہیں ملک کا ایک بڑا طبقہ واقعے مسیح سمجھتے تھا
common_voice_ur_31353627.mp3	اس لئے دستیاب وسائل کے بہترین استعمال اور اجتماعی ذمہ داری کو نظم و ضبط سے نبھانے کے لئے	 اس لئے دستیا بسائل کے بہترین استعمال اور استعمائے ذمہ داری کو نظم اور زبط سے نباہنے کے لئے
common_voice_ur_33938217.mp3	"اس کے علاوہ بھی"" یہ ہمیں بعض قائم شدہ تصورات پر بھی نظرثانی کی دعوت دیتی ہے۔"	 اس کے علاوہ بھی یہ ہم میں باز قائم شدہ تصورات پر بھی نظر سانی کی دعوت دیتی ہے
common_voice_ur_38431943.mp3	اسی طرح انسانی زندگی کا سفر دائرے میں قید نہیں رہتا، خط مستقیم پر آگے بڑھتا ہے۔	 اسی طرح انسانی زندگی کا سفر دارے میں قید نہیں رہتا، خطے مستقیم پر آگے بڑھتا ہے۔
common_voice_ur_33854345.mp3	اب مل بیٹھ کے سوچنا چاہیے کہ تعلیم کے میدان میں کیا چیزیں کرنے کی ضرورت ہے۔	 اب مل بیٹھ کے سوچنا چاہیے کہ تعلیم کے میدان میں کیا چیزیں کرنے کی ضرورت ہے
common_voice_ur_38453130.mp3	اس کا سادہ سا جواب یہ ہے کہ شریف فیملی کوئی ٹھوس موقف نہیں پیش کر سکی۔	 اس کا سادہ سو جواب یہ ہے کہ شریف فیملی کو اتھوز موقف نہیں پیش کر سکی
common_voice_ur_31792036.mp3	کینیا کے دارلحکومت میں ربڑ اور پلاسٹک کے ڈھیر فوٹو گرافر ایڈورڈ برٹینسکی کی تصاویر پہلی بار دکھنے میں معمولی ضرور نظر آتی ہیں	 کینیا کے دارالحکومت میں راپر اور پلسٹک کی ڈھر فوٹوگرافر ایڈورٹ برٹنس کی کی تصویر پہلی بار دیکھنے میں معمولی ضرور نظر آتی ہیں
common_voice_ur_31955267.mp3	یہ نہیں کہا جائے گا کہ فلاں آدمی دائرۂ اسلام سے خارج ہو گیا ہے	 یہ نہیں کہا جائے گا کہ فلاہ آدمی دائرہ اسلام سے خارج ہو گیا ہے۔
common_voice_ur_31792188.mp3	وفاقی وزیر کی ہدایت پر بجلی تقسیم کار کمپنیوں کی جانب سےخصوصی ہنگامی رومز کا قیام	 وفاکی وزیر کی ہدایت اور بجلی تقسیم کار کمپنیوں کی چانب سے حصوسی ہنگامی رومز کا قیام
common_voice_ur_38452818.mp3	پی ٹی آئی تلہ گنگ میں ان کے خلاف کسی کو ٹکٹ نہیں دے رہی۔	 پٹ آی تلا کم میں ان کے خلاف کسی کو ٹکٹ نہیں دے رہی
common_voice_ur_37109469.mp3	اس میں مذہبی انتہا پسندی اتنی رچ بس گئی ہے کہ وہ اب اس کی فطرت ثانیہ ہے۔	 اس میں بس ایک نیرچ بسک ہوئی ہے کہ وہ اس کی فترت صانیہ ہے
common_voice_ur_32039647.mp3	لیکن غریب کہاں ہے وہ نہ توقائد اعظم کو جانتا ہوگا نا ہی پاکستان کے مطلب کو	 لیکن گریب کہاں ہے وہ نہ تو قائد عظم کو جانتا ہوگا نہ ہی پاکستان کے مطلب کو
common_voice_ur_31845986.mp3	سمندر ہونا یا جنگل پہاڑ ہونا یا ریگستان ہَر جگہ کِسی نہ کِسی قسم کا پرندہ پانا جانا ہونا	 سمندر ہونا یا جنگل پہاڑ ہونا یا ریگستان ہر جوہ کسی نہ کسی کسم کا پرندہ پانا چانا ہونا
common_voice_ur_32012367.mp3	اس کے برعکس اپنا فیصلہ صادر کریں تو اس سے عدالتوں کا وقار مجروح ہوتا ہے	 اس کے بارے سب نام فیصلہ سادر کریں تو اس سے اطالتوں کا وغاور مجروح ہوتا ہے
common_voice_ur_31836726.mp3	بیجنگ چین نے انگریزی زبان سکھانے والی موبائل ایپ اور ویب سایٹ کو متعارف کروا دیا ہے	 بیجنگ چین نے انگریزی دبان سکھانے والے موبائل ایپ اور ویب سائٹ کو متعریف کروایا ہے
common_voice_ur_31824446.mp3	جب کسی مسئلے میں عدالتیں اپنا فیصلہ سنائیں اور علما اسے باطل قرار دیتے ہوئے	 جب کسی مسئلے میں عدالتیں اپنا قیصلہ سنائے اور علمہ اسے باقی قرار دیتے ہوئے
common_voice_ur_31994979.mp3	اور چھ ماہ تک چترال کا رابطہ ملک کے دوسرے حصوں سے منقطع رہتا ہے ۔	 اور چھیں ماہ تک چطرال کا رابطہ ملکی دوسرے حصوں سے ملکتہ رہتا ہے۔
common_voice_ur_31959199.mp3	کسی شخص کے منہ سے اگر ایک موقع پر طلاق کے الفاظ تین بار نکلتے ہیں	 کسی شخص کے مو سے اگر ایک موقع پر طلاق کے الفاظ تین بار نکلتے ہیں
common_voice_ur_38467835.mp3	میں تو ان جماعتوں کی بات کر رہا ہوں جو سر تا پا سیاسی ہیں۔	 میں تو ان جماعتوں کی بات کر رہا ہوں جو سرتا پا سیاسی ہیں
common_voice_ur_31853652.mp3	اس سال بجٹ کے بارے میں شعبہ تعلیم سے وابستہ افراد ایک آواز اٹھا رہے ہیں	 اس سال بجٹ کے بارے میں شوبہ تعلیم سے باوجستہ افراد ایک آواز اٹھا رہے ہیں
common_voice_ur_32030984.mp3	موٹو جی پی کوالیفائینگ رانڈ جیک ملر نے سب سے پہلے فنش لائن عبور کی	 موٹو جی پی کالفائنگ راونڈ، جیک ملر نے سب سے پہلے فنیس لائن ابور کی
common_voice_ur_31841265.mp3	میری مجھے کبھی بھی یہ نہیں بتائے گی کے وہ کسے ڈیٹ کر رہی ہے۔	 میری مجھے کبھی بھی یہ نہیں بتائے گی کہ وہ کسے ڈیٹ کر ہی ہے
common_voice_ur_31863696.mp3	ظاہر ہے کہ اس کے لئے بٹ سے مطابقت رکھنے والے ہارڈویئر کی بھی ضرورت تھی	 زاہر ہے کہ اس کے لئے بٹ سے مطابق رکھنے والے ہارڈ ویر کی بھی ضرورت تھی
common_voice_ur_31887770.mp3	جو والدین بچوں کا برا بھلا کہتے ہیں اسکے اثرات کا انکو بخوبی اندازہ ہو گا	 جو والدین بچوں کا برا بھلا کہتے ہیں اس کے اثرات کا ان کو بہ خوبی اندازہ ہوگا
common_voice_ur_32598041.mp3	میں تبدیلی کے لیے انقلاب کا قائل نہیں، میرے نزدیک یہ گمراہ کن تصور ہے۔	 میں تبدیلے کے لئے انقلاب کے قائل نہیں میرے نزی کے گمراکون تصویر ہے
common_voice_ur_31813043.mp3	ان ماوں بہنوں بیٹیوں پہ کیا گزرتی ہو گی جب اسطرح کے کتے غدار ایسی بکواس کرتے ہیں	 ان معوں بہنوں بیٹیوں پہ کیا گزرتی ہوگی جب اس طرح کے گھٹے گھدار ایسی بکواز کرتے ہیں
common_voice_ur_31834853.mp3	ٹیسٹ میچ کا خری روز بنگلہ دیشی اوپنرز کی شاندار بیٹنگ کے بعد میچ ڈرا ہونے کا امکان	 تسٹ میج کا ہری روز بنگلہ دیشی اپنرز کی شاندار پیٹنگ کے بعد میج ڈراؤ ہونے کا امکان
common_voice_ur_38474753.mp3	نہ مستقبل سے یہ ماضی بتائے گا کہ حال کی تعمیر کیسے ہو نی ہے۔	 نامستقبیر سے یہ معظی بتائے گا کہ حال کی تعمیر کیسے ہونی ہے
common_voice_ur_31846393.mp3	کہہ دیا اس نے خود ہی کہ میں تمھاری شہہ رگ سے بھی زیادہ قریب	 کہہ دیا اس نے کوئی کہ میں تمہاری شہرگ سے بھی زیادہ قریب
common_voice_ur_38437612.mp3	اس دوران قوم مجموعی طور پر نیکی، پرہیز گاری اور نجات کی راہوں پر چل نکلی ہے۔	 اس دوران کو مجموعی طور پر نیکی پرہیز کاری اور نجات کی راہوں پر چل نکلی ہے۔
common_voice_ur_38461442.mp3	اس کھیل میں تو ہمارا ماضی کہیں تاب ناک اور ہماری فتوحات کرکٹ سے کہیں زیادہ ہیں۔	 اس کھیل میں تو ہمارا ماضی کہیں تاوناک اور ہماری فتوحات کرکٹ سے کہیں زادہ ہیں۔
common_voice_ur_38440663.mp3	ان کے بارے میں وزیر اعظم صاحب کو اور ان کی جماعت کو بہت سی شکایات تھیں۔	 ان کے بارے میں وزیر عظم صاحب کو اور ان کی جماعت کو بہت سی شکایات تھیں۔
common_voice_ur_31932181.mp3	لیکن ایسا کرنا قومی ٹیم کو لاحق بیماری کا مستقل اور کارآمد علاج نہیں ہے	 لجین ایسا کرنا پومی دین کا لاحق بیماری کا مطابق اور نامت علاج نہیں ہے
common_voice_ur_38464729.mp3	ووٹ بینک کے ساتھ انتخابی عمل کی تفہیم میں بھی وہ دوسروں سے بہتر ہیں۔	 ووٹ بینک کے ساتھ انتخابی عمل کی تفہیم میں بھی وہ دوسروں سے بہتر ہیں۔
common_voice_ur_38437484.mp3	اللہ تعالیٰ جانے کیوں ایسے لوگوں کو اولاد دے دیتا ہے شریف اور تابعدار اولاد نعمت ہوتی ہے	 اللہ تعالیٰ جانے کیوں ایسے لوگوں کو اولاد دے دیتا ہے شریف اور تابدار اولاد نمت ہوتی ہے
common_voice_ur_31858155.mp3	وہی تو مسلہ ہے نا۔۔۔میرے بھائی کی شادی ہے اور مجھے تین ہفتے کی چھٹی چاہیئے۔	 وہی تو مسئلہ ہے نا میرے بھائی کی شادی ہے اور مجھے تین ہفتے کی چھٹی چاہیے
common_voice_ur_38430586.mp3	اس کا راستہ روکنے کا ہمہ جہتی منصوبہ سامنے آ چکا نوازشریف شدید مشکلات کا شکار ہیں۔	 اس کے راستہ روکنے کا ہماجہتی منصوبہ سامنے آجکا ہے نعوذ شریف شدید مشکلات کا شکار رہے
common_voice_ur_31970657.mp3	خلیجی ممالک میں رہنے والے پاکستانی آن لائن ویزا لے کر اب کویت جا سکیں گے	 خلیجی ممالک میں رہنے والے پاکستانی آن لائن ویزا لے کر آپ کو یہ جا سکیں گے
common_voice_ur_38453089.mp3	دلکش حرکت دلکش شخصیت اور خوبصورت چہرے کی ملک بشریٰ انصاری ہر عمر کی نظر میں مقبول ہیں	 دلکش حکت، دلکش سخصیت اور خوبصورت چہرے کی ملک بشرا انساری ہر عمر کی نظر میں مقبول ہے۔
common_voice_ur_31791946.mp3	برطانیہ میں خود ٹھنڈا ہونے والا مشروب اسی سال فروخت کے لئے پیش کیاجائے گا۔	 بیتانیہ میں خود تھنڈا ہونے والا مشروب اسی سال فرفت کے لیے پیش کیا جائے گا
common_voice_ur_38430604.mp3	میں اسے تاریخ کے جبر سے تعبیر کرتا ہوں اگر یہ کوئی شعوری تبدیلی ہے۔	 میں اسے تاریخ کے جبر سے تعبیر کرتا ہوں اگر یہ کوئی شعوری تبدیلی ہے
common_voice_ur_38447694.mp3	اسی طرح حکومت قوت نافذہ سے محروم ہو جائے تو اسے حکومت ماننا مشکل ہو تا ہے۔	 اس طرح حکومت قوتِ نافضہ سے محروم ہو جائے تو اسے حکومت مانا مشکل ہوتا ہے۔
common_voice_ur_31978601.mp3	جون میں پالیسی کی کابینہ کی منظوری کے بعد وزارت کی جانب سے جاری اعلامیے میں کہا گیا تھا	 جون میں پالیسی کی کابینہ کی منظوری کے بعد وزارت کی جانب سے جاری علامیہ میں کہا گیا تھا
common_voice_ur_31967658.mp3	سو اللہ اللہ کر کے آملیٹ تیار ہوئے روٹیوں کو گرم کیا گیااور دستر خوان سج گیا	 اللہ اللہ کر کے آمنتہ تیار ہوئے روٹھوں کو گرم کیا گیا اور دستہان سجدیا
common_voice_ur_31950130.mp3	افسوس کہ کسی وقت ہم بی بی سی سے اپنا اردو کا تلفظ صحیح کرتے تھے	 ہم بی بی سے اپنا اڈو کا تلفز سے ہی کرتے ہیں
common_voice_ur_31841030.mp3	تم اپنے آپ کو ان چیزوں کے بارے میں بہت پریشان نہیں کرنا چاہتے ہو	 تم اپنے آپ کو این چیزوں کے بارے میں بہت پریشان نہیں کرنا چاہتے ہو
common_voice_ur_31901576.mp3	جو ہماری قومی زبان نہیں بول سکتے وہ ہماری قوم کی نمائندگی کا ٹھیکا لیے پھرتے ہیں۔۔	 اگر آپ کو اپنے بارے میں بھی بھی بھی بھی بھی بھی بھی بھی بھی بھی بھی بھی بھی بھی بھی بھی بھی بھی بھی بھی بھی بھی بھی بھی بھی بھی بھی بھی بھی بھی بھی بھی بھی بھی بھی بھی بھی بھی بھی بھی بھی بھی بھی بھی بھی بھی بھی بھی بھی بھی بھی بھی بھی بھی بھی بھی بھی بھی بھی بھی بھی بھی بھی بھی بھی بھی بھی بھی بھی بھی بھی بھی بھی بھی بھی بھی بھی بھی بھی بھی بھی بھی بھی بھی بھی بھی بھی بھی بھی بھی بھی بھی بھی بھی بھی بھی بھی بھی بھی بھی بھی بھی بھی بھی بھی بھی بھی بھی بھی بھی بھی بھی بھی بھی بھی بھی بھی بھی بھی بھی بھی بھی بھی بھی بھی بھی بھی بھی بھی بھی بھی بھی بھی بھی بھی بھی بھی بھی بھی بھی بھی بھی بھی بھی بھی بھی بھی بھی بھی بھی بھی بھی بھی بھی بھی بھی بھی بھی بھی بھی بھی بھی بھی بھی بھی بھی بھی بھی بھی بھی بھی بھی بھی بھی بھی بھی بھی بھی بھی بھی بھی بھی بھی بھی بھی بھی بھی بھی بھی بھی بھی بھی بھی بھی بھی بھی بھی بھی بھی بھی بھی بھی بھی بھی بھی بھی بھی بھی بھی بھی بھی بھی بھی بھی بھی ب
common_voice_ur_31837283.mp3	سامنے پہاڑوں کی مٹی سورج کی روشنی سے چمک رہی تھی سبزہ دھلا ہوا معلوم ہوتا تھا	 سامنے پہاڑوں کی مٹی سوڑچ کی روشنی سے چمک رہی تھی سبزاہ دھولا ہوا معلوم ہوتا تھا
common_voice_ur_41174049.mp3	اس معاملے میں ہندوستانی کھلاڑیوں سے آگے نکلےعمران خان، لوگوں نے کہا ملک کا ’’حقیقی کپتان‘‘	 اس معاملے میں ہندوستانی کھیلاریوں سے آگے نکلے۔ عمران خان لوگوں نے کہا ملک کا حقیق قپتان
common_voice_ur_31837267.mp3	لہذا انکی معاملات پر گرفت اور کامیابی کا گراف ہمیشہ آسمان کی بلندیوں پر رہتا ہے	 لہٰذا ان کی معاملات پر گریفٹ اور کامیابی کا گراف امیشہ اسمان کی بلندیوں پر رہتا ہے۔
common_voice_ur_31957603.mp3	میں اس وقت ایک پتھر پر بیٹھا ہوں جو میرے حجم سے تقریبا گنا بڑ اہو گا	 میں اس وقت ایک پتھر کو بیٹھا ہوں جو میرے حجم سے تقریبا گنا برا ہوگا
common_voice_ur_31996228.mp3	احمد پور سیال شوگر ملزکی گنے کے وزن میں کٹوتی اور کم نرخ پر کسانوں کا دھرنا	 احمد پور سیاہل شوگر ملچ کے ایک گنے کے وزن میں کٹوٹی اور کم نرخ پر کسانوں کا دھرنا
common_voice_ur_31948557.mp3	جبکہ دکان اٹالین ہے اور اس حصہ میں بائبل سے لیکر عیسائیت پر بیسیوں کتب پڑی تھیں	 جبکہ دکان ایٹالین ہے اور اس حصے میں بائبل سے لے کر عیسیت پر بیسیوں کا تو پڑی تھی
common_voice_ur_38411387.mp3	اس تجربے سے مجھ پر واضح ہوا کہ میڈیا مذہبی پروگراموں کو کس زاویے سے دیکھتا ہے۔	 اس تجربے سے مجھ پر واضح ہوا کہ میڈیا مذہبی پرگراموں کو کس لابیے سے دیکھتا ہے؟
common_voice_ur_31921723.mp3	سعودی وزارت تجارت نے کہا ہے کہ جن دکانوں اور مارکیٹوں کے خلاف کارروائی کی گئی ہے	 شوہدی مزارت تجارت نے کہا ہے کہ جن دکانوں اور مارکیٹوں کے خلاف کھروای کی گئی ہے
common_voice_ur_38470581.mp3	سید نا نوح ؑکا بیٹا اس کا ادراک نہیں کر سکا کہا میں جودی پہاڑ پہ چڑھ جاؤں گا۔	 سیدنا نو علیہ السلام کا بیٹا اس کا ادارک نہیں کر سکا کہا میں جو دی پہار پہ چر جاؤں گا
common_voice_ur_31979925.mp3	اور انھی صفحات میں بے خوفِ لومۃ و لائم اس پر نقد کر رہے ہوتے	 اور انہی صفات میں بے خوفے لمولائم اس پر نقد کر رہے ہوتے ہیں۔
common_voice_ur_38411272.mp3	سکیورٹی رسک کی وجہ سے نہ کھلاڑی کہیں باہر جا سکتے ہیں‘ نہ کچھ موج مستی کر سکتے ہیں۔	 سیکیورٹی ریس کی وجہ سے نہ کھلاڑی کہیں باہر جا سکتے ہیں نہ کچھ موج مستی کر سکتے ہیں
common_voice_ur_38441322.mp3	اب عمران خان نے بھی ثابت کردیا ہے کہ وہ اقتدارکے متلاشی ایک روایتی سیاست دان ہیں۔	 اب امران خان نے بھی ثابت کر دیا ہے کہ وہ اقتدار کی مطلعشی ایک روایتی سیاست دان ہیں
common_voice_ur_38484064.mp3	اس کے پیش نظر خاص نقطۂ نظر یا نظام فکر کے حامل افراد تیار کرنا نہیں تھا۔	 اس کے پیش نظر خاص نقطہ نظر یا نظام فکر کے ہامیل افراد تیار کرنا نہیں تھا
common_voice_ur_38441327.mp3	اس لحاظ سے ساری انگلیاں گھی میں ہیں، اقتدار کا مزہ اور اپوزیشن لیڈر کا بھی تڑکا۔	 اس لحاظ سے ساری انگلیاں گھی میں ہیں اقتدار کا مزہ اور اپوزیشن لیڈر کا بھی تڑکہ
common_voice_ur_31834083.mp3	اس کی بیوی بھِی اخبار کے لیے کام کرتی ہے جیسے اس کا باپ کرتا تھا	 اس کی بیوی بھی اخوار کیلئے کام کرتی ہے جیسے اس کا باپ کرتا تھا
common_voice_ur_31902509.mp3	براہ راست پروازوں سے سعودی عرب اور مصر کے درمیان سیاحت کو فروغ ملے گا	 برعالیہ سورفادوں سے تا سودی عرب اور مصری کے دنیا سیہاں کو فلوگ ملے گا
common_voice_ur_38412130.mp3	اب یہ فضول کی باتیں نہیں ہونی چاہئیں کہ ہم ہندوستان کو امن کی پیشکشیں کرتے رہیں۔	 اب یہ فضول کی باتیں نہیں ہونی چاہیں کہ ہم ہندوستان کو امن کی پیش کشے کرتے رہیں
common_voice_ur_38427276.mp3	ان کے آنکھ کے تارے تو تعلیم انگریزی یا بیرون ملک درس گاہوں میں حاصل کرتے ہیں۔	 ان کی آنگ کے تارے تو تعلیم انگریزی یا بیرونے ملک درس گاہوں میں حاصل کرتے ہیں۔
common_voice_ur_38412608.mp3	اس بات کا پورا امکان ہے کہ اگلے انتخابات کے بعد شہبازشریف صاحب ملک کے وزیراعظم ہوں۔	 اس بات کا پورا امکان ہے کہ اگلے انتخابات کے باشے بار شریف صاحب ملک وزیراعظم ہوں
common_voice_ur_38428398.mp3	اخلاق پیغمبر سے نسبت تو دور کی بات، عام اخلاق سے بھی کوئی تعلق ثابت ہوتا ہے؟	 اخلاق پہ گمر سے نزبت تو دور کی بات عام اخلاق سے بھی کوئی تعلق ثابت ہوتا ہے؟
common_voice_ur_38427903.mp3	"لوگوں کو نیکی کی طرف مائل کرنے اور برائی سے روکنے کے لیے فضائل اعمال"""" کی روایات گھڑی گئیں۔"	 لوگوں کو نیکی کی طرف مائل کرنے اور برائی سے رکھنے کے لیے فضائلے امال کی روایات گڑی گئیں۔
common_voice_ur_38427259.mp3	آپ کی سادگی اور آپ کا آپ کے والدین کے ساتھ حسن سلوک دیکھ کر اتنا متاثر ہوا	 آپ کی سادگی اور آپ کا آپ کے والدین کے ساتھ ہسن سلوک دے کر اتنا متاثر ہوا
common_voice_ur_31834168.mp3	تو وہ اس صورتِ حال میں شریعت کی روشنی میں قانون سازی کی طرف متوجہ نہیں ہوتے	 تو اس صورت حال میں شریعت کی روشنی میں قانون سازی کی طرف متوجہ نہیں ہوتے
common_voice_ur_38428770.mp3	اس میں طعنے یا شرمندہ ہونے والی کوئی بات نہیں اس حقیقت کا البتہ ادراک ضروری ہے۔	 اس میں تانے یا شرمندہ ہونے والی کوئی بات نہیں ہے اس حقیقت کا علبتہ ادراخ ضروری ہے
common_voice_ur_31919546.mp3	شکستوں کا تدارک کرنے اور کارکردگی میں تسلسل لانے کے لیے نظام کی تبدیلی ناگزیر ہے	 شکستوں کا تدارک کرنے اور کارکادگی میں تصویل آنے کے لیے نظام کی تبدیلی ناغزیر ہے
common_voice_ur_38439764.mp3	نواز شریف کو تیار اس لئے کیا گیا کہ پیپلز پارٹی کا توڑ مطلوب تھا۔	 نواز شریف کو تیار اس لئے کیا گیا کہ پیپلز پارٹی کا تون مطلوب تھا
common_voice_ur_38476684.mp3	میرا کام نکل گیا لیکن یہ تجربہ میرے لیے ایک حادثے سے کم نہیں تھا۔	 میرا کام نکل گیا لیکن یہ تجربہ میری لیے ایک حادثہ سے کم نہیں تھا
common_voice_ur_38454477.mp3	جھوٹ ایک ایسا جوتا ہے جو ہر بار جھوٹ بولنے والے کے سر پر ہی پڑتا ہے	 جھوٹ ایک ایسا جھوٹا ہے جو ہر بار جھوٹ بولنے والے کے سر پر ہی پڑتا ہے
common_voice_ur_31919951.mp3	چیئرمین ایف بے ار کا ٹیکس گزاروں کی تفصیلات فراہم کرنے سے ایک بارانکار کردیا	 چیرمن ڈیر پرکرٹیکز گزاروں کی تفصیلات فرم کرنے سے ایک حال انکار کر دیا
common_voice_ur_38467755.mp3	اس بار صورت حال کچھ ایسی ہے کہ کم از کم تین اتحاد تشکیلی مراحل میں ہیں۔	 اس بار صورت حال کچھ ایسی ہے کہ کمست کم تین اتحاد تشکیلی مراحل میں ہیں
common_voice_ur_31973995.mp3	اور اکثریت کا ماننا ہے کہ ناکامی کی اصل وجہ مصباح الحق کی دفاعی حکمت عملی ہے ۔	 اور اکسریت کا معنی ہے کہ نکامی کی اثر ہو جائے مزبوغاگ کی اتفائی حکمتہ عملی ہے
common_voice_ur_38434487.mp3	نواز شریف کی باری آئی تو پہلے دن سے ہی عجیب لڑائیوں میں پڑ گئے۔	 نواز شریف کی باری آئی تو پہلے دن سے ہی عجیب لڑائیوں میں پڑ گئے
common_voice_ur_38462596.mp3	ابھی مجھے بس ایک آنسر یاد آ رہا ہے۔ نیوزی لینڈ میں سانپ نہیں پائے جاتے	 ابھی مجھے بس ایک انسر یاد آ رہا ہے، نیوزلینڈ میں سامپ نہیں پائے جاتے
common_voice_ur_31793980.mp3	یہاں تک کہہ ہم دو جواںمرد اوسط عمر کے حساب سے پہل لے لوگ تک پہنچ گئے	 یہاں تک کہ ہم دو جوام مرد اُست عمر کی حساب سے پہلے لوگ تک پہنچ گئے
common_voice_ur_31956516.mp3	اسلام آباد مانیٹرنگ ڈیسک انٹل گلوبل نے ایک اور ونڈو نوکیا فون نئی ٹيکنالوجی میں ايجاد کیا ہے	 اسلام پہلے ملٹن تیس انٹل کلوبل نے ایک اور ونڈو موکیہ فون نے ٹکنالوجی میں اجاد کیا ہے
common_voice_ur_31837109.mp3	چاہے وہ یوسف ؑ کو کنویں میں ڈالنا یا نکالنا ہوا یا ابراھیمؑ کی آگ کا واقعہ یا پھر موسیؑ کا اور فرعون کا قصہ	 چاہے وہ یوسف علیہ السلام کو کوئے میں ڈالنا یا نکالنا ہو یا عبراہیم علیہ السلام کی آگ کا واقعہ یا پھر موسیٰ علیہ السلام کا اور فرعون کا قصہ
common_voice_ur_31918398.mp3	پاکستان ویب ڈیسک نئے تحقیق نے پلاسٹک کی دنیا میں نئی ہلچل مچا دی ہے	 پاکستان برڈ ڈیسک نئے تحقیق نے پلاستک کی دنیا میں نئی ہوجل مچا دی
common_voice_ur_31918849.mp3	اسی طرح جنات کے مسلط ہونے کا مضمون بھی قرآنِ مجید میں بیان ہوا ہے	 اسی طرح جرنات کے مسلطہ ہونے کا مزبون بھی قرآن مجید میں بیان ہوا ہے
common_voice_ur_31929484.mp3	چیمپینز ٹرافی میں قومی ہاکی ٹیم کی مایوس کن کارکردگی نگران حکومت نے نوٹس لے لیا	 چیمپینز ٹروپی میں کام ہاکی ٹیم کی مایوس کن کارکردگی نگران حکومت نے روٹس لے لیا
common_voice_ur_31977987.mp3	کامن ویلتھ گیمز میں پاکستان اور بھارت کی ہاکی ٹیموں کے درمیان جنگ اج چھڑے گی	 سامن ویلس گیمز میں پاکستان اور بھارت کی حاکی ٹیموں کے درمیان جنگ آج چڑے گی
common_voice_ur_31823124.mp3	ہمارے ملک میں جتنی مسلم لیگ پارٹیاں وجود میں آرہی ہیں کیا انکا بھی قائد والا مقصد ہے	 ہمارے ملگ میں جتنی مسلم لیگ پارٹیاں وجود میں آ رہی ہیں کیا ان کا بھی قائد والا مقصد ہے؟
common_voice_ur_38480956.mp3	اسلام کا معاملہ تویہ ہے کہ انسانی جان کے بارے میں، اس کی حساسیت غیر معمولی ہے۔	 اسلام کا معاملہ تو یہ ہے کہ انسانی جان کے بارے میں اس کی حساسیت گیرمامولی ہے۔
common_voice_ur_32051418.mp3	مگر اب گوادر پر اجارہ داری اور اس پر قبضہ ہندوستان کا خواب بن کے رہ گیا۔	 مگر اب گوادر پر اجارہ داری اور اس پر قبضہ ہندوستان کا خواب بن کے رہکے ہیں
common_voice_ur_31826923.mp3	حکومت کو سخت ایکشن لینا چایئے جو بھی کتا بلا پاک فوج کے خلاف بکواس کرے	 حکومت کو سخت ایکشن لینا چاہیے جو بھی کتابیلا پاک فوج کے خلاف بکواز کرے
common_voice_ur_38416944.mp3	للہ کیلئے مجھے چھوڑو اور اگر نہیں چھوڑو گے تو گاڑی کو میں دیوار پر مار دو گا۔	 اللہ کیلئے مجھے چھوڑو اور اگر نہیں چھوڑو گے تو گاڑی کو میں دیوار پر مار دوں گا
common_voice_ur_38416890.mp3	"اسی سے مذہبی عدم برداشت اور فرقہ واریت"" پیدا ہوتے ہیں"" جن کا لازمی نتیجہ تشدد ہے۔"	 اس سے مذہبی ادم برداشت اور فرکہ واریت پیدا ہوتے ہیں جن کا لازمی نتیجہ تشدود ہے
common_voice_ur_38416912.mp3	اسی طرح ایرانی حکومت دنیا بھر کے اہل تشیع کی سرپرستی کو اپنا مذہبی وظیفہ سمجھتی ہے۔	 اس طرح ارانی حکومت دنیا برکے اہل تشیی کی سرپرستی کو اپنا مذہبی وزیفہ سمجھتی ہے۔
common_voice_ur_31828233.mp3	خاص طور پر یہ بیماری نوجوانوں میں سب سے عام اعصابی عوارض کے طور پر جانی جاتی ہے	 خاص طور پر یہ بیماری نوجوانوں میں سب سے عام اصابی اوارس کے طور پر جانی جاتی ہے
common_voice_ur_38428145.mp3	اس وقت قوم کو معرکہ درپیش ہے، اس میں ذوالفقار چیمہ جیسے لوگوں ہی کی ضرورت ہے۔	 اس وقت قوم کو مارکہ درپیش ہے اس میں ذلتکار چیمہ جیسے لوگوں کو یہی ضرورت ہے
common_voice_ur_26756785.mp3	خوبصورت انداز میں ہم ان کو دانہ چنتے ہوئے دیکھ کر خود کو محظوظ کرتے ہیں	 خوبصورت انداز میں ہم ان کو دانہ چنتے ہوئے دیکھ کر خود کو محفوظ کرتے ہیں
common_voice_ur_33635983.mp3	اس پہ آپ لندن گئے، سیر سپاٹا کیا، رات گئے بس میں بیٹھے اور آکسفورڈ واپس پہنچ گئے۔	 اس پہ آپ لندن گئے، سیر سپاٹا کیا، رات گئے بس میں بیٹھے اور ہاکسفورٹ واپس پہنچ گئے
common_voice_ur_31848209.mp3	یقین رکھتا ہوں کے ہم جرائم پیشہ لوگوں کا ضرورت سے زیادہ لحاظ کرتے ہیں	 جاکین رکھتا ہوں کہ ہم جرائم پیشہ لوگوں کا ضرورت سے زیادہ حصلحات کرتے ہیں
common_voice_ur_33605775.mp3	اس بات پہ بھی زور ہوتا ہے کہ خاتون کیلئے مرد اچھا ہو اور مرد کیلئے بیوی۔	 اس بات پہ بھی زور ہوتا ہے کہ خاتون کے لئے مرد اچھا ہو اور مرد کے لئے بیوی
common_voice_ur_33605734.mp3	شرمندگی کے آثار نہ شریفوں کے چہروں پہ آئے نہ ان کے انتہائی قابل وکلا کو ندامت محسوس ہوئی۔	 شرمندگی کے آسار نہ شریفوں کے چہروں پہ آئے نہ ان کے انتہائی قابل وقلا کو ندامت محسوس ہوئی
common_voice_ur_38422123.mp3	میرے خیال میں اصل دلچسپی تحریک انصاف اور جماعت اسلامی کے مابین مقابلے کی ہے۔	 میرے خیال میں اصل درچسپی تحریک انصاف اور جماعتِ اسلامی کی ممبین مقابلہ کی ہے۔
common_voice_ur_38442751.mp3	اس کے ساتھ یہ بھی حقیقت ہے کہ سرمایہ دارانہ نظام کے خمیر میں استحصال شامل ہے۔	 اس کے ساتھ یہ بھی حقیقت ہے کہ سمائیت رانا لظام کے خمیر میں استحصال شامل ہوئے
common_voice_ur_38442976.mp3	نہ پڑھنے والوں کا ابھی سارا زور قلم جمہوریت کے مقدمات پر صرف کرنا چاہیے۔	 میں پڑھنے والوں کے ابھی سارا زور کلم جہوریت کے مقدمات پر صرف کرنا چاہیئے
common_voice_ur_38446774.mp3	اس کے بعد غزنوی خاندان کے بارہویں تاجدار خسرو کے دور میں لاہور ایک دفعہ پھر پایہِ تخت بنا دیا گیا	 اس کے بعد غزنوی خاندان کے بارویں تاجدار خسراؤ کے دور میں لہور ایک دفعہ پر پائیے تخت بنا دیا گیا
common_voice_ur_31794222.mp3	جاپان کی جے ایکس ہولڈ ینگس کمپنی جس میں جاپان کی چیدہ چیدہ پٹرولیم کی صنعت کی کمپنیز شامل ہیں	 جبان کی جی اکس ہول ینگس کمپنی جس میں جبان کی چیدہ چیدہ پیٹرولیم کی سنت کی کمپنیز شامل ہیں
common_voice_ur_31887665.mp3	مگر ہم اس میں سے خود ہی لاجک تلاش کرلیتےہیں اور اپنے آپ کو حقدار ثواب قرار دے لیتےہیں	 مگر ہم اس میں سے خود ہی لوجک تلاش کر لیتے ہیں اور اپنے آپ کو حقدار صواب کرار دے لیتے ہیں
common_voice_ur_31794108.mp3	سندھ حکومت گنے کی مقررہ قیمت نہ دیکر کاشتکاروں سے زیادتی کر رہی ہے سکندر بوسن	 سندھ حکومت گنے کی مقردہ قیمت نہ دے کر کاشتکاروں سے زیادہ کر رہی ہے سکندر بوسن
common_voice_ur_38451267.mp3	میرے نزدیک اس وقت ملک میں ترقی کا کوئی وژن اگر کسی کے پاس ہے۔	 میرے نزدیک اس وقت ملک میں ترقی کا کوئی ویژن اگر کسی کے پاس ہے
common_voice_ur_38463953.mp3	ماں کو اپنے کاندھے سے لگا کر اس نے اس کی کمر میں بازو ڈال دیا تھا	 مہا کو اپنے کندھے سے لگا کر اس نے اس کی کمر میں بازو ڈال دیا تھا
common_voice_ur_31878251.mp3	"اور اسی لیے میں نے لکھا تھا کہ ""کیا جیت نے خامیوں کو چھپا دیا ہے ۔"	 اور اس لئے میں نے لکھا تھا کہ کیا جیت نے خامیوں کو چھپا دیا ہے؟
common_voice_ur_38482079.mp3	اس لڑائی میں شکست فریق ثانی کے لیے مقدر ہے کہ فطرت کے قوانین غیر متبدل ہیں۔	 اس وقت
common_voice_ur_31889163.mp3	پی ایس ایل تھری دلکش نظر نے والی ٹرافی کی مالیت لاکھ روپے سے زائد	 پی ایسل تری دلکش نظر نے والی ٹرافی کی مالیت لاکھ روپے سے زائد
common_voice_ur_31812685.mp3	کہ حکومتی ادارے ضروری قانون سازی کے بارے میں بے پروائی کا رویہ اختیار کرتے ہیں	 کہ حکومتی ادارِ ضروری قانون سازی کے بارے میں بے پروائی کا روحیہ اختیار کرتے ہیں
common_voice_ur_31791547.mp3	مارچ سے شروع ہوکر جون تک چترال کی خوبصورتی اپنے عروج پر پہنچ جاتی ہے	 مارچ سے شروع ہو کر جون تک چطرال کی خوبصورتی اپنے اروج پر پہنچ جاتی ہے۔
common_voice_ur_31976374.mp3	ونڈوز ایکس پی کی سپورٹ ختم ہونے کی بعد اس پر وائرسز کے حملے عام ہوسکتے ہیں	 ونڈوز ایکس پی کی سپورٹ ختم ہونے کے بعد اس پر وائی جسس کے حملے عام ہو سکتے ہیں
common_voice_ur_38471902.mp3	اس کے خلاف اٹھ کھڑے ہونے کے سوا اپوزیشن کے پاس شاید اب کوئی راستہ نہیں ہے۔	 اس کے خلاف اٹھ کھڑے ہونے کے سوا opposition کے پاس شاید اب کوئی راستہ نہیں ہے
common_voice_ur_38499039.mp3	پوسٹ بجٹ کانفرنسہمیں اپنے خاندان کے کاروبار نہیں چلانے عوام کو معیشت کا محور سمجھتے ہیں	 پوست بجٹ کونفرنس میں اپنے خاندان کے کاروبر نہیں چلانے، عوام کو معشیت کا محبور سمجھتے ہیں۔
common_voice_ur_38441186.mp3	پاکستان میں کوئی سیاسی جماعت ایسی نہیں جو ختم نبوت کا انکار کرنے والی ہے۔	 پاکستان میں کوئی سیاستی جماعت ایسی نہیں جو ختم نبوت کا انکار کرنے والی ہے
common_voice_ur_38436680.mp3	میں نے لکھا کہ اگر بلاول کے لیے کوئی سیاسی لائحہ عمل ہو سکتا ہے۔	 میں نے لکھا کہ اگر بلاول کے لئے کوئی سیاسی لا ایمل ہو سکتا ہے
common_voice_ur_31845811.mp3	ایف پی سی سی ائی نے تھائی لینڈ اور ترکی کیساتھ ازاد تجارتی معاہدوں کی مخالفت کردی	 FCC آئی نے تھائیلینڈ اور ترکی کے ساتھ آزات اجارتی مہایدوں کی مقالفت کر دی
common_voice_ur_38463548.mp3	اس لیے سوچا شاید آپ دے دیں اور اس کی یہ مشکل آسان ہو جائے	 اس لئے سوچا شاید آپ دے دیں اور اس کی یہ مشکل آسان ہوجائے
common_voice_ur_31835005.mp3	پی اس ال کا فائنل کھلنے کلئے پشاور زلمی کی ٹم کراچی پہنچ گئی	 PSL کا فائنل کھیلنے کے لیے پشاور زلمی کی ٹم کراجی پہنچ گئی
common_voice_ur_31814410.mp3	انسان جب اپنی اصل کو بھول کر کسی نئی خو د ساختہ روش پرچلتا ہے	 انسان جب اپنی اصل کو بھول کر کسی نئے خود ساختہ روش پر چلتا ہے
common_voice_ur_31956578.mp3	مزدور طبقے کے علاوہ سرکاری اور کاروباری لوگ نو دس بجے کام شروع کرتے	 مستور طبق کے علاوہ سرکاری اور کاروباری لوگ 9-10 بچے کام شروع کرتے ہیں
common_voice_ur_31846206.mp3	کسی میاں بیوی کے مابین طلاق کے مألے میں کیا طلاق واقع ہوئی ہے یا نہیں ہوئی؟	 کیا میہ بی بی کے معبن تلاج کے معاملے میں کیا تلاج واقع ہوئی ہے یا نہیں ہوئی؟
common_voice_ur_31958349.mp3	پہلے باہر جا تے ہیں پھر بچے واپس نہیں آتے اور وہیں رہ جاتے ہیں	 پہلے بایر جاتے ہیں پھر بچے واپس نہیں آتے اور وہی رہ جاتے ہیں
common_voice_ur_41152995.mp3	اس کے باوجودحزب اختلاف کے سب راہنما، انہیں الوداع کہنے کے لیے ایئر پورٹ پر جمع تھے۔	 اس کے باوجود ہی سابے اختلاف کے سب رہنما انہیں الویدہ کہنے کے لیے ایرپورٹ پر موجود تھے۔
common_voice_ur_27950361.mp3	سوارج نکلنے کا اتنا صاف شفاف اور دل آویز نظارہ میں نے کبھی نہ دیکھا تھا	 سورت نکلنے کا اتنا ساف شرفاف اور دل عویز نظارہ میں نے کبھی دا دیکھا تھا
common_voice_ur_38465595.mp3	عدالت نے علی ظفر کو میشا شفیع کیخلاف ہتک عزت کیس میں جرح کیلئے کل دوبارہ طلب کرلیا	 عدالت نے علی زفر کو میشہ شفیق کے خلاف حتق عزت کیس میں جراح کے لئے کل دوبارہ تلب کر لیا
common_voice_ur_31846382.mp3	اگر حکومت تعلیم پرخرچ کرے یہ ہر طالب علم کے لیے بہتر ہو گا	 اگر حکومت تعلیم پر کھرچ کرے یہ ہر تعلیم علم کے لئے بہتر ہوگا
common_voice_ur_31813280.mp3	فیفا ورلڈ کپ بڑی ٹیموں کے بعد بڑے پلیئرز بھی ایونٹ سے باہر ہو گئے	 فیفہ ورلکپ بڑی ٹیموں کے بعد بڑے پلیرز بھی ایونٹ سے باہر ہو گئے
common_voice_ur_32023114.mp3	سعودی وزیر مملکت سے اتوار کو متحدہ عرب امارات سفیر نے ملاقات کی ہے	 سوڈی مزیر مملكت سے اطوار کو مطہدر عرب امارات صفیر نے ملکات کی ہے
common_voice_ur_28900818.mp3	صحت و تندرستی کیلئے چند ایک قدیم مگر انتہائی اعلی عادات حاضر خدمت ہیں	 صحت وطن نرستی کے لئے چند ایک قدیم مگر انتہائی اعلی آدات حاضر خدمت ہیں۔
common_voice_ur_28900783.mp3	نئی دہلی جون ایجنسی وٹامن ڈی صحت مند ہڈیوں دانتوں اور پٹھوں کے لئے بہت ضروری ہے	 نئی دہلی جون ایجنسی ویٹمین ڈی سہت منھ ہڈیوں دانتوں اور پتھوں کے لیے بہت ضروری ہے
common_voice_ur_41163958.mp3	نماز پانچ وقت کی فرض ہے اور مسلمان اسے پوری وجدان سے ادا کرتے ہیں۔	 نماز پانچ وقت کے فرص ہے اور مسلمان اسے پوری بجدان سے ادا کرتے ہیں۔
common_voice_ur_31950731.mp3	اگر یہ لوگ دین کی طرف رجوع کیا کریں تو زندگی بہت اچھی لگے	 اگر یہ لوگ دین کی طرف رجوع کیا کریں تو زندگی بہت اچھی لگے
common_voice_ur_32015871.mp3	امریکا نے روس پرایکسپورٹ سیکٹر اور سیکورٹی آلات سے متعلق پابندیاں ختم کردی ہیں	 امریکہ نے روس پر ایکسپورٹ سیکٹر اور سیکورٹی علاوہ سے متعلق پابندیاں ختم کر دی ہیں
common_voice_ur_31829358.mp3	اب صورتحال یہ ہے کہ نواز شریف گئے تو ایک اور سٹیٹس کو کا	 اب صورتہ حال یہ ہے کہ نواز شریف گئے تو ایک اور سٹیٹرس کو گا
common_voice_ur_31792322.mp3	کیربئین پریمئیر لیگ گیل کی عمدہ بیٹنگ کے باوجود ٹیم فتح سے ہمکنار نہ ہو پائی	 کریبین پریمئر لیگ گیل کی امدہ بیٹنگ کے باوجود تین پتہ کے ہم کنار نہ ہوپائی
common_voice_ur_31831785.mp3	امریکی صدربننے کےبعد میرے والد کوکاروبار میں کروڑوں ڈالر کا نقصان ہوا ٹرمپ جونیئر	 امریکی صدر بننے کے بعد میرے والد کو کاروبار میں کڑوڑوں ڈالر کا نقصان ہوا ٹرمز جونئر
common_voice_ur_31960620.mp3	ضمنی انتخابات کا معرکہ اختتام پذیر ہوا اور ایک بھونچال تھا جو تھم گیا۔	 زمینی انتخابات کا مرحلہ اختتام پزید ہوا اور ایک بھونجل تھا جو تم گیا
common_voice_ur_31830095.mp3	موسم کی خراب صورتحال کی وجہ سے نومبر میں غذائی اجناس کی عالمی قیمتوں میں تیزی سے اضافہ ہوا	 موسم کی خراب صورتحال کے وجہ سے رمبور میں غزائی اجناس کی عالمی قیمتوں میں تیزی سے اضافہ ہوا
common_voice_ur_31792404.mp3	سندھ کے نواجوانوں کے لئے دس ارب وفاقی حکومت کی جانب سے دئے گئے ہیں	 سندھ کے نوجوانوں کے لئے دس ارب وفاقی حکومت کی جانب سے دیئے گئے ہیں
common_voice_ur_31983342.mp3	پہلے اللہ سے اپنے گناہوں کی معافی مانگو پھر کسی اور کو تلقین کرنا	 پہلے اللہ سے اپنے گناہوں کی معافی مانگو پھر کسی اور کو تلکیم کرنا
common_voice_ur_31832404.mp3	کیا بی بی سی انگلش یو کے اسپتال میں اس طرح وڈیو بنا سکتا ہے	 کیا بی بی سی انگلشیوں کے اسپتال میں اس طرح ویڈیو بنا سکتا ہے
common_voice_ur_38439020.mp3	ابھی میں نے فقط کتاب کا مطالعہ کیا ہے لکھنے والا کام نہیں شروع کیا ۔	 ابھی میں نے فقط کتاب کا مطالعہ کیا ہے لکھنے والا کام نہیں شروع کیا
common_voice_ur_31812872.mp3	متحدہ عرب امارات نے جون کے لیے پٹرول کے نئے نرخوں کا اعلان کیا ہے	 مطہدہ عرب امارات نے جون کے لئے پٹول کے نئے نرخو کا اعلان دیا
common_voice_ur_31915082.mp3	جبری یوں کہ ، پیدا ہوئے اور دادا جی نے کان میں اذان انڈیل دی	 جب ری یوں کے پیدا ہوئے اور دادا جی میں کان میں اذان اندیل دی
common_voice_ur_31834778.mp3	بلکہ انھی کا ایک فرد ابلیس انسانوں کو گمراہ کرنے کا مشن اختیار کیے ہوئے ہے	 بلکہ انھی کا ایک فرد عبدلیس انسانوں کو گمراہ کرنے کا مشن اختیار کیے ہوئے ہیں۔
common_voice_ur_31834738.mp3	نیپرا نے گزشتہ سال کی مالی اور اسٹیٹ اف دی انڈسٹری رپورٹ جاری کر دی	 نیپرہ نے گسشتہ سال کی مالی اور اسٹیٹ آف تھی انڈسٹی رپورٹ چاری کر دی
common_voice_ur_31846481.mp3	مثلا ایس لوگ جو کم نظریہ کے حاملہ ہوں یا رنگ کور کا شکار ہوں	 مثلا ایس لوگ جو کم نظری ہے کہ ہملا ہوں یا رنگ کور کا شکار ہوں
common_voice_ur_38461653.mp3	لباریٹریاں صرف منفی اور مثبت نتائج دینے کی بجائے یہ بھی لازماً درج کریں	 لبارٹریہاں صرف منفی اور مسبت نتائج دینے کے فجہ یہ بھی لازمان دج کریں
common_voice_ur_38447317.mp3	پاکستانی طالبان کے حوالے سے تولیبل لگانے کی شدت پسندی عروج پر پہنچ چکی تھی۔	 پاکستانی تالبان کے حوالے سے تو لوبر لگانے کی شدر پسندی ارش پر پہنچ چکی تھی۔
common_voice_ur_38437392.mp3	وطن اور مذہب کا باہمی تعلق بھی اسی حوالے سے ہماری توجہ کا مستحق ہے۔	 وطن اور مذرب کا باہمی تعلق بھی اسی حوالے سے ہماری توجہ کا مستحق ہے۔
common_voice_ur_31835342.mp3	تھائی لینڈ کی غار میں لاپتہ ہونیوالے فٹبال ٹیم کے کھلاڑیوں کو زندہ بچا لیا گیا	 تھائلینٹ کی غار میں لاپتہ ہونے والے فٹپال ٹین کے کھناڑیوں کو زندہ بچا لیا گیا
common_voice_ur_38499181.mp3	"ایک تو ابتداء میں ان کی بیماری کے حوالے سے دورے"" کا لفظ سامنے آیا"""	 اب تو اتدام میں ان کی بیماری کے حوالے سے دورے کا لفظ سامنے آیا
common_voice_ur_31970510.mp3	روڈ میپ پر دستخط پی سی بی نےمحمد اصف اور سلمان بٹ کو طلب کر لیا	 روڈ میپ پر دستخط پیسی بی نے محمد عصف اور سلمان برٹ کو تلب کر لیا
common_voice_ur_38430608.mp3	اس بارے میں کوئی دوسری رائے نہیں مذہب بھی بزدلی کو اخلاقی رذائل میں شمار کرتا ہے۔	 اس بارے میں کوئی دوسری رائے نہیں مذہب بھی بسطری کو اخلاقی رزائل میں شمار کرتا ہے
common_voice_ur_38452494.mp3	خوش آئند بات ہے کہ اب دوسری ٹیمیں بھی پاکستان آئیں گی: بابر اعظم	 خوش آئیں بات ہے کہ اب دوسری ٹیم میں بھی پاکستان آئیں گی بابا راظم
common_voice_ur_31980173.mp3	سلمان اور اصف کے معاملے پر سوچ سمجھ کر فیصلہ کرنا ہو گا افریدی	 سلمان اور عصف کے مابلے پر سوچ سمجھ کر فیصلہ کرنا ہوگا فیدی
common_voice_ur_31955797.mp3	اور ہمارا ایمان ہے کہ چاہے کوئی بھی مسئلہ ہو اسکا حل ادھر موجود ہے	 اور ہمارا امان ہے کہ چاہے کوئی بھی مسئلہ کوئی اس کا حل ادھر موجود ہے
common_voice_ur_26756813.mp3	روپے کی قدر میں کمی ائی ایم ایف کے دبائو پر ہوئی مشن سربراہ کا اعتراف	 روپے کی قدر میں کمی ایم ایف کے دباؤ پر ہوئی مشن سربراہ کا اطراف
common_voice_ur_38412857.mp3	پیغام پاکستان کو ایک قومی اور اجتماعی دستاویز کی حیثیت اسی وقت حاصل ہو گی۔	 پیغام پاکستان کو ایک قومی اور اجتماعی دستویز کی حیثیت اسی وقت حاصل ہوگی
common_voice_ur_31854908.mp3	اس کے باوجود میک کے مقابلے میں اسی کو زیادہ تیزی سے مقبولیت حاصل ہوئی	 اس کے باوجود میں کے مقابلے میں اسی کو زیادہ تیزی سے مک بولی تھا سیلوی
common_voice_ur_31835429.mp3	تقریبا ایک گھنٹے کے اس سفر میں ہمیں اجنبیت کا بالکل احساس نہ ہوا ۔	 تقریباً ایک ہنتے کے اس سفر میں ہمیں اجنبیت کا بلکل احساس نہ ہوا
common_voice_ur_41163453.mp3	اخبارات کے صفحات ہم نے سیاہ کر دیے، جو کچھ ہم نے لکھا، وہی نوشتۂ دیوار تھا۔	 احبار کے صفحے ہم نے سیاہ کر دئیے جو کچھ ہم نے لکھا وہی نوشتہ دیوار تھا
common_voice_ur_31957328.mp3	آدمی اس کی ذمہ داری اٹھاتا ہے کہ وہ پیدا ہی نہیں کرے گا	 پاک میں اس کی زمانباری اٹھاتا ہے کہ وہ پیدا ہی نہیں کرے گا
common_voice_ur_38462439.mp3	اتنے میں دور سے لگا کہ کوئی گرد وغبار میں اٹا ہوا پیدل چلا آ رہا ہے۔	 اتنے موڈ دور سے لکا کہ کوئی گردو گوبار میں اٹھا ہوا پیدل چلا آ رہا ہے
common_voice_ur_31977167.mp3	امن و امان کی صورتِ حال کا معاشی ترقی سے براہ راست تعلق ہے	 امن و امان کی صورت حال کا معاشی ترقی سے براہراست تعلق ہے
common_voice_ur_31855058.mp3	اس ان بیٹری کے گز بیک گراؤنڈ میں چلتے ر گے اور ضروری ڈیٹا اکھٹا کر ر گے	 اس ان بیٹری کے گز پہ گراؤن میں چلتے رکھے اور ضروری ڈیٹا اکٹا کر رکھے
common_voice_ur_38478956.mp3	پھر ڈان میں لکھنا شروع کیا اور وہ پیسے بھی بس خرچے کیلئے کافی تھے۔	 پھر ڈون میں لکھنا شروع کیا اور وہ پیسے بھی بس کھرچے کے لیے کافی تھے
common_voice_ur_38479258.mp3	پی ٹی آئی کی حالت اچھی نہیں لیکن نون لیگ کے حالات بھی پتلے ہیں۔	 پیک آئی کی حالت اچھی نہیں لیکن نورلیک کے حالات بھی پتلے ہیں
common_voice_ur_41127487.mp3	تو اس کے لیے ضروری ہے کہ ہم پاکستان میں موافق حالات پیدا کریں ۔	 تو اس کے لئے ضروری ہے کہ ہم پچھ ساتھ ممواز پیدا کریں
common_voice_ur_31992480.mp3	تمام پالیسیوں کا محور معاشی نشوونما ہونا چاہیے قائم مقام صدر ایل سی سی ائی	 تمام پولیسیوں کا محبت معاشی نشنما ہونا چاہیے کائن مکان صدر LCCI
common_voice_ur_31992915.mp3	پاکستان میں ہمارا کل اسلام نماز جمعہ اور مولبی کی تقریر کے علاوہ کچھ نہ تھا	 اکستان میں ہمارا کل اسلام نماز جمع اور مولبی کی تقریر کے علاوہ کچھ نہ تھا
common_voice_ur_31834316.mp3	ہر سال لاکھوں بچے کم آمدن کی وجہ سے سکول جانے سے محروم ہو جاتے ہیں	 ہر سال لاکھوں بچے کم آمدن کی وجہ سے سکول جانے سے محروم ہوجاتے ہیں۔
common_voice_ur_31823271.mp3	گزشتہ برس کے مقابلے میں دودھ گوشت سمیت کھانے پینے کی چیزوں کے دام بڑھے	 گزشتہ برش کے مقابلے میں دھوٹ کھوچ سمیت کھانے پینے کی چیزوں کے دام بڑھے
common_voice_ur_38476296.mp3	جی آج نہیں تھا ارادہ مگر باہر دوستوں ک ساتھ ٹہلنے نکلا سو ارادہ بن گیا	 جی آج نہیں تھا ارادہ مگر باہر دوستوں کے ساتھ ٹینے نکلا سو ارادہ بن گیا
common_voice_ur_38451592.mp3	میں نے جب یہ سمجھنا چاہا کہ وہ این آر او کیسے دے سکتے ہیں۔	 میں نے جب یہ سمجھنا چاہا کہ وہ نروں کیسے دی سکتے ہیں
common_voice_ur_31950753.mp3	ٹیلی گرام واٹس ایپ کے مانند تیزی سے ابھرتی ہوئی ایک ایپلی کیشن ہے	 تیلی گرام وات سائپ کے معنی دیزی سے اپرکی ہوئی ایک اپلکیشن ہے
common_voice_ur_31981270.mp3	اس دوران یہاں طرح طرح کے پرندے دوسری جگہوں سے نقل مکانی کرکے آتے ہیں	 اس دران یہاں طرح طرح کے پریندے دوسری جگہوں سے نکل مکانی کرکے آتے ہیں۔
common_voice_ur_41138361.mp3	لیکن یہ کہ صرف طالبان کی حکمرانی ہو‘ وہ ہمارے کسی مفاد میں نہیں۔	 لیکن یہ کہ صرف تالبان کی حکمرانی ہو وہ ہمارے کسی مفاد میں نہیں
common_voice_ur_31343188.mp3	اس میں کی بورڈ نہیں ہوتا بلکہ اس کا کام ٹچ اسکرین کی مدد سے کیا جاتا ہے	 اس میں کیبورٹ نہیں ہوتا بلکہ اس کا کام ٹیکسکرین کے مدد سے کیا جاتا ہے
common_voice_ur_31906274.mp3	کراچی پاکستان نے ویسٹ انڈیز کو شکست دیکر ٹی سیریز اپنے نام کر لی	 کرچی پاکستان ویسٹ انڈیا کو شکر دے کر ڈی سیڈیس اپنے نام کر لیں
common_voice_ur_38458712.mp3	میرا خیال ہے کہ فوج کو اس مقدمے سے اعلانیہ اظہار برأت کر نا چاہیے۔	 میرا خیال ہے کہ فوج کو اس مقدمے سے علانیہ اظار براعت کرنا چاہیئے۔
common_voice_ur_38422204.mp3	اس وقت تو یہ تینوں مسائل ہی اہم ہیں اور ایک سے بڑھ کر ایک ہیں	 اس وقت تو یہ تینوں مسائل ہی اہم ہیں اور ایک سے بڑھ کر ایک ہیں
common_voice_ur_31828397.mp3	معلوم ہوتا ہے کہ ہر انسان کے ساتھ کچھ غیر مادی طاقتیں وابستہ ہیں	 معلوم ہوتا ہے کہ ہر انسان کے ساتھ کچھ غیر مادی طاقتیں وابستہ ہیں۔
common_voice_ur_31989601.mp3	اب تو دو ٹکے کے لوگ بھی اٹھ کر بغیر ثبوت الزام لگا دیتے	 اب تو 2 تک کے لوگ بھی اٹھ کر بغیر سبود اظہار لگا دیتے ہیں
common_voice_ur_31849640.mp3	وہاں میرے ایک دوست وسیم کا گھر ہے جو کئی سالوں سے بند پڑا ہے ۔	 وہاں میری ایک دوست پسین کا گھر ہے جو کئی سال سے بند پڑا ہے
common_voice_ur_41126262.mp3	سندھ اور کے پی میں گندم کا بحران سر اٹھانے لگا پنجاب دبا کا شکار	 سندھ اور کپک گندوں کا بوران سر اٹھانے لگا پنجاب تو باک کا شکار
common_voice_ur_31870021.mp3	اور بھی ہیں جو مل کر بھی پاکستانی ٹیم کو مشکلات سے نہیں نکال پاتے ۔	 اور بھی یہ جو مل کر بھی پاکستانی ٹیم کو مشکلات سے نہیں نکال پاتے
common_voice_ur_31902736.mp3	کامن ویلتھ گیمز میں انگلینڈ کا چھ گولڈ میڈلز کیساتھ پہلی پوزیشن پر قبضہ برقرار	 اگلیندگیمز کامن ویلٹ کامن ویلٹ گیمز اگلیندگیمز کامن ویلٹ گیمز اگلیندگیمز کامن ویلٹ گیمز اگلیندگیمز کامن ویلٹ گیمز اگلیندگیمز کامن ویلٹ گیمز اگلیندگیمز کامن ویلٹ گیمز اگلیندگیمز کامن ویلٹ گیمز اگلیندگیمز کامن ویلٹ گیمز اگلیندگیمز اگلیندگیمز اگلیندگیمز اگلیندگیمز اگلیندگیمز اگلیندگیمز اگلیندگیمز اگلیندگیمز اگلیندگیمز اگلیندگیمز اگلیندگیمز اگلیندگیمز اگلیندگیمز اگلیندگیمز اگلیندگیمز اگلیندگیمز اگلیندگیمز اگلیندگیمز اگلیندگیمز اگلیندگیمز اگلیندگیمز اگلیندگیمز اگلیندگیمز اگلیندگیمز اگلیندگیمز اگلیندگیمز اگلیندگیمز اگلیندگیمز اگلیندگیمز اگلیندگیمز اگلیندگی
common_voice_ur_31902494.mp3	ایک تازہ ترین خبر کے مطابق ايشيا کے تیز ترین سپر کمپیوٹرز میں سے جاپان میں موجود ہیں	 ایک طالت ترین خبر کے مطابق اسشیہ کے تیس ترین سوپر کھبیٹر میں سے جاپان میں موجود ہے
common_voice_ur_31823412.mp3	اسکے علاوہ اس میں انٹرنیٹ ایکسپلورر ، بنگ سرچ اور سکائی ڈرائیو کلاؤڈ کنکٹویٹی کے نئے فیچرز بھی شامل کیے گئے ہیں	 اس کے علاوہ اس میں ڈرنٹ ایکسپلورر، ڈلنگ سرچ اور سکائی ڈرائی پلاؤڈ کنیکٹیوٹی کے نئے فیچرز بھی شامل کیے گئے ہیں
common_voice_ur_32018712.mp3	جاپانی جواب دیتے ہیں کہ رعایتیں دینے کے لیے پہلا مرحلہ بہت جلدی تھا	 جبانی جواب دیتے ہیں کہ رائٹے دینے کے لیے پہلے مرلہ بہت جلدی تھا
common_voice_ur_32018795.mp3	سعودی عرب کی گولڈ مارکیٹ میں اتوار کو سونے کے نرخوں میں استحکام آیا ہے	 سوڈی ارپی گوڑ مارکیٹ میں اتوار کو سونے کے نرکھوں میں ایسٹر کام آیا ہے
common_voice_ur_38412591.mp3	چند ایک بنیادی باتیں سمجھ لینی چاہئیں، پھر ذہن کے سب جالے صاف ہوجائیں گے۔	 چند ایک بنیادی باتیں سمجھ لینی چاہیئے پھر زہن کے سک جالیں ساف ہو جائیں گے
common_voice_ur_32018659.mp3	قبل از اسلام دور جب اہل عرب شرک اور بت پرستی میں مبتلا تھے	 قبل از اسلام دور جب اہل عرب شرک اور بود پرستی میں مبتلا تھے
common_voice_ur_31834107.mp3	دیگر علامات میں تھکاوٹ دھندلاہٹ چھا جانا یادداشت کی پریشانی اور فیصلہ سازی میں دشواری شامل ہیں	 دیکھر علمات میں تھکاورت، دندلاہٹ، چاہ جانا یا داشت کی پرشانی اور فیصلہ سازی میں دشواری شامل ہیں۔
common_voice_ur_31916743.mp3	ایک ٹیم کے ذمہ بستر تیار کرنا اور دوسری کے ذمہ برتن دھونا اور کھانا پکانا تھا ۔	 ایک ٹین کے زمین پستے تھیار کرنا اور دوسری کے زمین بردن دھونا اور کھانا کھانا تھا
common_voice_ur_31793240.mp3	جب اسلام مخالف مغربی قوتیں لاک ڈاون پر حد درجہ زور دے رہی تھیں	 جب اسلام مخالف مغربی قواتیں لاکٹاون پر حد درجہ زور دے رہی تھی
common_voice_ur_31917207.mp3	تو ملک میں بد نظمی اور انارکی کا شدید اندیشہ پیدا ہو جاتا ہے	 ملک میں بدنزمی اور انارکی کا شدید اندشاہ پیدا ہو جاتا ہے
common_voice_ur_31916963.mp3	ایک ساتھ پانچ ہزار ایک سو سینما گھروں میں نمائش کے لیے پیش کی گئی	 175100 سینمانٹھوروں میں رمائش کے لئے پیش کی گئی
common_voice_ur_33605833.mp3	نہ مغفرت کی اللہ تعالی کبھی لوگوں کے دلوں کو بھی مزار بنا دیتا ہے۔	 نام اغفرت کی اللہ تعالیٰ کبھی لوگوں کے دلوں کو بھی مزار بنا دیتا ہے
common_voice_ur_41169044.mp3	ہمارے جوہری منصوبہ ساز ایک نہ ختم ہونے والی دوڑ میں لگے ہوئے ہیں۔	 ہمارے جہوری منصوبہ سال ایک نا ختم ہونے والے دور میں لگے ہوئے ہیں
common_voice_ur_38416827.mp3	چھ سالہ ڈیلن نے عہد کیا کہ وہ اس مقصد کے لئے فائٹ کرے گا۔	 6 سالہ دیلن نے اہد کیا کہ وہ اس مقصد کیلئے فائیٹ کرے گا
common_voice_ur_38417232.mp3	اب پاناما کیس کی سماعت نے ہر کسی کو معاشرے کی اصل حقیقت سے آگاہ کردیا ہے۔	 اب پنامہ کیس کی سماتھ میں ہر کسی کو معاشری کی اصلی حقیقت سے اگاف کر دیا ہے
common_voice_ur_32026757.mp3	مہنگائی سے رات کو نیند نہیں آتی قیمتیں کنٹرول کرنے کے لیے کوشاں ہیں	 میں آئی سے رات کو نیم نہیں آتی، چیمتے کھٹوٹ کرنے کے لئے بہشاہ ہیں
common_voice_ur_38461295.mp3	سماجی کارکن اور مرحوم عبدالستار ایدھی کی زوجہ بلقیس ایدھی کراچی کے نجی اسپتال میں انتقال کرگئیں۔	 سماجی قائقون اور مرہوم عبد السطر عیدی کی زوجہ بلکیز عیدی کراتچی کے نجی اسپتال میں انتقال گئی۔
common_voice_ur_38466375.mp3	تب ہی وہ ایسے ڈسیشنز لیتے ہیں جن کے رزلٹ ہار کی صورت میں سامنے آتے ہیں	 تب ہی وہ ایسے دیسئنز لیتے ہیں جن کے رزلٹ ہار کی صورت میں سامنے آتے ہیں
common_voice_ur_31917729.mp3	رنگ کور یا رنگ میں تمیز نہ کر سکہ مرد کی ایک عام پیدائش بیماری ہے	 رنگ کوئی رنگ میں تنیز نہ کر سکا مرد کی ایک عام بدائش بیماری ہے
common_voice_ur_31983821.mp3	ایک شخصیت کو سمجھنے کے لیے سیاسی و سماجی تناظر کی کیا اہمیت ہے؟	 ایک شخصیت کو سمجھنے کے لئے سیاسی اور سمادی تناظر کی کیا اہمیت ہے؟
common_voice_ur_32050688.mp3	جس نے ساڑھے تین سو ایکڑبحریہ کی زمین خریدی اور سولہ ھزار ایکڑ پر جبری قبضہ کیا	 جس نے سارے تین سو اکڑ بہریا کی زمین خریدی اور سوالہ ہزار اکڑ پر جبری قبضہ کیا
common_voice_ur_38451833.mp3	شہر دریائے سندھ کے مغرب میں بحیرہ عرب کی شمالی ساحل پر واقع ہے	 شہر دریائے سندھ کے مغرب میں بہرہ عرب کی شمالی ساحل پر واقعہ ہے۔
common_voice_ur_32007951.mp3	اس میں کوئ شک نہیں کہ چھوٹو گینگ جیسے بدنام زمانہ گروپس کو سرکاری سرپرستی حاصل ہے	 اس میں کوئی شک نہیں کہ چھوٹو گینگ جیسے بگرام زمانہ گروپس کو سرکاری سرپرنستی حاصل ہیں
common_voice_ur_31986157.mp3	امیر ترین افراد کی دولت میں اضافہ ٹیکس چوری سے ہوتا ہےاکسفیم کی عدم مساوات پر رپورٹ	 امید تین نفرات کی دورت میں ازافہ ٹیکس سواری سے ہوتا ہے اور سفیم کی عدم مساورات پر رپورٹ
common_voice_ur_31841062.mp3	خوشی ہوئی سن کہ اس تیندوے کی حفاظت کے لیے اقدامات کئے جائیں گے	 کوشی ہوئی سن کے اس تیندوے کی حفاظت کیلئے اقدامات کی جائیں گے
common_voice_ur_31833829.mp3	ویب ڈیسکبرطانیہ امریکہ چین روس پرتگال اور اٹلی سمیت کئی دوسرے ملکوں پر اٹامک حملے ہوئے ہیں	 ویپ ڈیسک، برطانیہ، امریکہ، چین، روس، پرتگال اور اٹلی سمیت کئی دوسرے ملکوں پر پٹومک ہملے ہوئے ہیں۔
common_voice_ur_31833878.mp3	اس سے قبل کسی مشین کو کبھی بھی بزنس مشین کی حیثیت حاصل نہیں تھی	 اس سے قبل کسی مشین کو کبھی بھی بسنس مشین کی حصیت حاصل نہیں تھی
common_voice_ur_32024566.mp3	مگر پاکستان جائیں تو پھر جیب سے ادھر کا پرس نکال کر دوسرا ڈال لیا	 پاکستان جائے تو پھر جیب سے یہ دھر کا پرس نکال کر دوسرا ڈال لیا
common_voice_ur_32017755.mp3	جنگل سے قریب ہونے کی وجہ سے خشک لکڑیاں ڈھونڈنے میں زیادہ دقت نہ ہوئی	 جنگل سے قریب ہونے کی بغیر سے ہوش لکڑیاں گھنٹنے میں زیادہ لکھت نہیں ہوئی
common_voice_ur_38463474.mp3	یار۔۔۔۔۔۔۔!!!! آخر کیوں وقت ہم دنوں میں رقیب کا کردار ادا کر رہا ہے	 یار! آخر کیوں وقت ہم جنوں میں رقیب کا کردار ادا کر رہا ہے؟
common_voice_ur_31793345.mp3	کل کلاں کو لوگ صرف ویب پر تحریر پڑھا اور پھر لکھا کر تھے	 کل کلا کو لوگ صرف ویب پر تخریر پڑھا اور پھر لکھا کرتے
common_voice_ur_31793329.mp3	شریانوں کے مرض کا عالمی دن ہر سال تیس مئی کو منایا جاتا ہے	 شریعانوں کے مرس کا عالمی دن ہر سال تیس مای کو منایا جاتا ہے
common_voice_ur_38441643.mp3	اسلام آباد میں حکومت ان کی ہو گی اور پنجاب بھی ان کے قبضے میں ہو گا۔	 اسلام عباد میں حکومت ان کی ہوگی اور پنجاب بھی ان کی قبضے میں ہوگا
common_voice_ur_38469364.mp3	وزارت خارجہ میں یکدم متحرک ہو جائیں‘ ایسے حالات پیدا ہونے میں وقت لگے گا۔	 وزارت حرجہ میں یکتام متحرق ہو جائیں ایسے حالات پیدا ہونے میں وقت لگے گا
common_voice_ur_38417049.mp3	نواز شریف کے استعفے کا مطالبہ کسی صورت بھی تسلیم نہیں کیا جا سکتا تھا۔	 نوازشریق پی استیفے کا مطالبہ کسی صورت بھی تسلیم نہیں کیا دا سکتا تھا
common_voice_ur_38416918.mp3	نام پانامہ پیپرز میں آئیں، بیرون ملک جائیدادوں کا کوئی جواز پیش نہ کر سکیں۔	 نام پنامہ پیپرز میں آئیں برونی ملک جائیدادوں کا کوئی جواز پیش نہ کر سکیں
common_voice_ur_38436139.mp3	تمہیں اس دن پر رونا چاہئے جو تم نے نیکی کے بغیر گزار دیا	 تمہیں اس دکھ پر رونا چاہیے جو تم نے نیکی کے بغیر گزار دیا
common_voice_ur_38425738.mp3	نہ کھڑکی کا پنجابی میں اس صورت حال کے بیان کے لیے ایک لفظ ہے۔	 نا خرکی کے پنجابی میں اس سورتحال کے بیان کے لئے ایک لوث ہے
common_voice_ur_38426539.mp3	میرا اپنا خیال ہے کہ شہباز شریف کو انتخابی مہم خود ہی چلانی پڑے گی۔	 میرا اپنا خیال ہے کہ شہباز شریف کو انتخابی مہم خود ہی چلانی پڑے گی
common_voice_ur_31824302.mp3	کامن ویلتھ گیمز پاکستان اور ملائیشیا ہاکی ٹیم کا میچ ایک ایک گول سے برابر	 کامن ویلف گیمز پاکستان اور ملیشہ ہاکی ٹیم کا میچ ایک ایک گول سے برابر
common_voice_ur_31959366.mp3	آخر نتیجہ یہ نکالا کہ سفید جھاگ یقینا کچھ نمکیات کی وجہ سے ہوگی	 آخر نتیجہ یہ نکلا کہ سفید جھاگ یقینن کچھ نمکیات کی وجہ سے ہوں گی
common_voice_ur_31823979.mp3	جو چراغ لے کر بھی ڈھونڈو تو شاید ہی پورے اسلام آباد میں ملے ۔	 جو چراغ لے کر بھی ڈھونڈو تو شاید ہی پورے سلام بعد میں ملے
common_voice_ur_31824308.mp3	دن میں جذب کی گئی کاربن ڈائی آکسائیڈ کے مقابلے میں بہت کم ہوتا ہے	 دل میں جذب کی گئی کاربن ڈائی اکسائٹ کے مقابلے میں بہت کم ہوتا ہے
common_voice_ur_31979877.mp3	پھر دادا جی نے جھاڑا کہ اتنی مسلمانی بھی اچھی نہیں ابھی میں ہوں ناں باریش گھر میں	 پھر دادا جی نے جھاڑا کہ اتنی مسلمانی بھی اچھی نہیں ہے ابھی میں ہوں نا بارش گھر میں
common_voice_ur_38441994.mp3	اس کے بعد وہ اس سوال پر غورکرتا ہے کہ یہاں مذہب اسے کیا رہنمائی دیتا ہے۔	 اس کے بعد وہ سوال پر غور کرتا ہے کہ یہاں مذہب اسے کیا رہنمائی دیتا ہے؟
common_voice_ur_38459290.mp3	اس کا سادہ مطلب یہ ہے کہ پاکستان کے مادی اور دنیادی مفادات کا تقاضا کیا ہے؟	 اس کا سادہ مطلب یہ ہے کہ پاگرستان کی معادی اور دنیاوی مفادات کا تقاضیہ کیا ہے؟
common_voice_ur_38442796.mp3	اسی خاندان کا ایک اور نوجوان اس حوالے سے زیادہ تیز اور جارحانہ خیالات کا حامل ہے۔	 اسی خنزان کا ایک اور نجوان اس صورے سے زیادہ تیز اور جارہانا خیالات کا حامل ہے
common_voice_ur_31987801.mp3	بلکہ سائنس دانوں کو ایک طویل ارضیاتی عمل کی ڈرامائی مشاہدی کا موقع میسر آرہا ہی۔	 بلکہ سائنزدانوں کو ایک طویل عرضیاتی عمل کی ڈرمائی مشاہدی کا موقع محصر آ رہا ہے
common_voice_ur_38466999.mp3	نوازشریف صاحب کے بر خلاف، ان کا ہدف سیاست اور حکومت نہیں، صرف حکومت ہے۔	 نوازی صاحب کی پرخلاف کا حدث سیاست اور حکومت نہیں سرکرکومت ہے
common_voice_ur_31809522.mp3	کچھ اورشواہد کے مطابق ڈپریشن اور دل کی بیماریوں ممکن تعلق پایا جاتا ہے	 کچھ اور شواہد کے مطابق دپریشن اور دل کی بیمانی اممکن تعلق پایا جاتا ہے
common_voice_ur_32005456.mp3	کہ رائج الوقت قانون اور عدالتوں کی توہین کے امکانات پیدا ہو جاتے ہیں	 قرائج الوقت قانون اور ردالتوں کی تحین کی مقارنات پیدا ہوجاتے ہیں
common_voice_ur_31836682.mp3	اور ہمارا ایمان ہے کہہ چاہ کوئی بھی مسئلہ ہو اس حل ر موجود ہے	 اور ہمارا ایمان ہے کہ چاہ کوئی بھی مسئلہ ہو اس حل رے مجود ہے
common_voice_ur_38412139.mp3	اس کی ابتدا میں پاکستان کے آئین کی بنیاد، قرارداد مقاصد کی صدائے بازگشت سنائی دیتی ہے۔	 اس کی ابتدا میں پاکستان کی آئن کی بنیاد قرار داد مقاصد کی صدای بزگشت سنای دیتی ہے
common_voice_ur_31824479.mp3	فیملی پلاننگ پالیسی میں تبدیلی کے بعد بھی چین میں شرح آبادی مسلسل کم ہو رہی ہے	 فیملی پلاننگ پولیسی میں تبدیلی کے بعد بھی چین میں شرائے بعدی مسلسل کم ہو رہی ہے
common_voice_ur_33913257.mp3	نہ ہماری سیاسی کلاس‘ نہ کوئی اور اس بارے میں سوچنے کی زحمت کرتا ہے۔	 نا ہماری سیاسی کلاس نا کوئی اور اس بارے میں سوچنے کی زحمت کرتا ہے
common_voice_ur_31324375.mp3	ریٹائرمنٹ کے بعد اکثر لوگ اپنے وقت کا زیادہ تر حصہ گھر پر گذارتے ہیں	 دیٹائرمنٹ کے بعد اکثر لوگ اپنے وقت کا زیادہ تر حصہ گھر پر گزارتے ہیں
common_voice_ur_31996214.mp3	یورپا فٹبال لیگ کوارٹر فائنل میں رسنل اور ماسکو کی ٹیموں کا پلڑا برابر	 یورپا فڈوال لی پورٹر فائنل میں رسمان اور موسکو کی ٹیمو کا پل رہ براہ بھر
common_voice_ur_35150423.mp3	پیارے، تجھے دیکھے اک زمانہ دیکھو کہ سب عزیز و اقارب خاک میں چلے گئے۔	 پیارے تجھے دیکھے ایک زمانہ دیکھو کہ سب عزیز و آکارِب خاک میں چلے گئے
common_voice_ur_31793839.mp3	ڈاکٹر صاحب صاحبہ نے ماسک نھے لگائے کیا انکو کرونا کچھ نھی کھتا باقی سن نے ماسک لگایا ھے	 دکٹر صاحب صاحبہ نے ماسک نہیں لگایا کیا ان کو کرونا کچھ نہیں کہتا پاکستن نے ماسک لگایا ہے
common_voice_ur_38468343.mp3	میرا خیال ہے کہ آنے والے ماہ و سال میں، اگر یہ تاثر بدلتا ہے۔	 میرا خیال ہے کہ آنے والے ماہو سال میں اگر یہ تاثر بدلتا ہے
common_voice_ur_38411583.mp3	اس لئے اس سال کی بارشیں آسمانوں کی طرف سے نعمت کے طور پہ برس رہی ہیں۔	 اس لئے سال کی بارچے آسمانوں کی طرف سے نعمت کے طور پر برس رہی ہے
common_voice_ur_31837367.mp3	جیسے جنگلات اور باغات کے حسن کا فرق جو انسان خود ترتیب دیتا ہے	 جیسے جنگلات اور باغات کے حضن کا فرق جو انسان خود ترطیب دیتا ہے
common_voice_ur_38468466.mp3	نااہلی کا ایک وقت ہوتا ہے لیکن یہاں تو مستقل کیفیت بنتی جا رہی ہے۔	 نا اہلی کا ایک وقت ہوتا ہے لیکن جہاں تو مستقل کہکیت بنتی جا رہی ہے
common_voice_ur_31998322.mp3	پولیس کو ناکام بھی اس لیئے کیا جاتا ہے تاکہ پولیس کی جگہ انہیں اختیارات ملیں	 پلیس کو ناکام دھی اسی لئے کیا جاتا ہے تاکہ پلیس ہی جگہ اُنہیں اختیارات ملے
common_voice_ur_31984781.mp3	شہر سے دور ہونے کے باعث یہاں گاڑیوں کی آمدورفت بہت کم ہوتی ہے ۔	 شہر سے دور ہونے کے بعد جہاں گاریوں کی امدورہ بہت کم ہوتی ہے
common_voice_ur_38429772.mp3	پاکستان کو دیکھنا ہے کہ اس نے اپنے مفاد کا تحفظ کیسے کر نا ہے۔	 پاکستان کو دیکھنا ہے کہ اس نے اپنے مفاد کا تحفظ کیسے کرنا ہے۔
common_voice_ur_31793978.mp3	کرس میک ریلی ارجنٹائن کے فاتح تیرہ برس بعد ورلڈ ریلی چیمپئن جیتنے والے پہلے برطانوی	 قریس میک ریلی ارجن پینگ کے فاتہ 13 برس بعد ورلڈ ریلی چیمپین جیتنے والے پہلے بردان بھی
common_voice_ur_31958338.mp3	جیمی کہتی ہیں اس بات کی واضح شواہد موجود ہیں پلیٹ دو حصوں میں ٹوٹ رہی ہی۔	 جیمی کہتی ہے اس بات ہی وضاہ شواہد موجود ہیں پلیٹ دو حصوں میں ٹوٹ رہی ہے
common_voice_ur_31954191.mp3	تو پھر کپتان کوئی بھی ہو ، مثبت نتائج کی فراوانی نہیں رک سکے گی	 تو پھر کپٹان کوئی بھی ہو مذبط نتائج کی فرعوانی نہیں رک سکے گی
common_voice_ur_38429382.mp3	پارلیمان کی منظوری سے یہ صحیح معنوں میں ایک قومی بیانیہ بن پا ئے گا۔	 پارلیمان کی منظوری سے یہ صحیح معنوں میں ایک قومی بیانیاں بن پائے گا
common_voice_ur_31980021.mp3	اس تبدیلی کی تعریف نہیں کر سکا وہ یہ بتانے میں بھی ناکام ہے	 اس تبدیلی کی تاریخ میں نہیں کر سکا وہ یہ بتانے میں ہی ناکام ہے
common_voice_ur_38446912.mp3	اس بنیاد کا اثر زائل ہونے کی بجائے چھاپ کی مانند آئندہ نسلوں پہ ثبت ہوتا گیا۔	 اس بنیاد کا اثر زائل ہونے کی بجائے چھاپ کی مانند آیندہ نسلوں پہ سبت ہوتا گیا
common_voice_ur_31982209.mp3	گندم کی برمدی قیمتیں بھی بڑھ گئیں جس کی وجہ سے ارجنٹائن میں پیداواری کمی ہے	 گندم کی برمدی کمتیں بھی بڑھ گئی جس کی وجہ سے آرجنٹائن میں پیداواری کمی ہے
common_voice_ur_41153804.mp3	انتخاب کی رات دھرنے میں غلام سرور خان ان کے دائیں کندھے سے کندھا ملائے کھڑے تھے۔	 انتخاب کے رات دھنے میں خولان سرور خان ان کی دائیں کندے سے کندہ ملایے کھڑے تھے
common_voice_ur_41103280.mp3	میں سوچنے پہ مجبور ہوا کہ یہ ادارہ نہ ہوتا تو مریض کہاں جاتے؟	 میں سوچنے پر مجبور ہوا کہ یہ ارادہ نہ ہوتا تو مریض کہاں جاتے
common_voice_ur_38461728.mp3	شیطان کا رویہ اختیار کرنے والے انسانوں سے اللہ تعالیٰ ناراض ہو جاتے ہیں	 شیطان کا رویہ اختیار کرنے والے انسانوں سے اللہ تعالیٰ نراز ہو جاتے ہیں
common_voice_ur_41108530.mp3	حساس علاقوں میں تیل گیس کے ذخائر کی تلاش کیلئے سیکیورٹی اہلکار بڑھانے کا منصوبہ	 حساس علاقوں میں تیل گیس کے زخائر کی تلاش کے لئے سیکیوٹی ایرکار بڑھانے کا منصوبہ
common_voice_ur_41108730.mp3	بیرونی ممالک میں پناہ لینے والے صحافیوں پہ ایک نئے حملے کا آغاز کیا گیا	 پیرونی ممالک میں پنا لینے والے صاحبیوں پر ایک نئے حملے کا آغاز کیا گیا
common_voice_ur_38409889.mp3	اس مدرسے کے مشاہدات لوگ اگر سنیں توحیران ہوں کہ ایک مدرسہ ایسا بھی ہو تا ہے۔	 اس مدریسے کے مشاہدات لوگوں اگر سنے تو ہیران ہو کہ ایک مدریسہ ایسا بھی ہوتا ہے
common_voice_ur_31841558.mp3	لیکن اللہ تعالیٰ کی یہ دنیا صرف ان مادی احوال تک محدود نہیں ہے	 لیکن اللہ تعالیٰ کی یہ دنیا صرف ان مادی احوال تک محدود نہیں ہے
common_voice_ur_38465700.mp3	ان کے چھ سات کے جوہری ذخیرے کے مقابلے میں ہمارے پاس کہیں زیادہ ایٹمی قوت ہے۔	 ان کے چھے ساتھ کے جوری زخیرے کے مقابلہ میں ہمارے پاس کہیں زیادہ ایٹمی قوت ہے
common_voice_ur_38415641.mp3	بائیک واش کرتے وقت کوشش کرکے میٹر یا ہیڈ لایٹ کی جو وائیرنگ ہے اس پر کم واٹر یوز کرو	 بائیک واش کرتے وقت کوشش کر کے میٹر یا ہیڈ لائٹ کی جو وائرنگ ہے اس پر کم ووٹر یسکرو
common_voice_ur_31813874.mp3	تو اب آ پ کو اس بارے میں پریشان ہونے کی ضرورت نہیں ہے	 تو اب آپ کو اس بارے میں پریشان ہونے کی ضرورت نہیں ہے
common_voice_ur_31813875.mp3	ماہرین کا خیال ہے کہ پھل اور سبزیاں انسانی خوراک کا لازمی جز ہونی چاہئیں	 معہرین کا خیال ہے کہ پھل اور سبسیاں انسانی خوراک کا لازمی جوز ہونی چاہیے
common_voice_ur_38504470.mp3	شردھا کپور نے بوائے فرینڈ کو فرحان اختر کے ساتھ کام کرنے سے روک دیا	 شردہ کپور نے بوائی فرنڈ کو فرحان اختر کے ساتھ کام کرنے سے روک دیا
common_voice_ur_32008935.mp3	ان کا کام سیاست نہیں، بلکہ سیاست دانوں کو دین کی رہنمائی سے آگاہی ہے	 ان کا کام سیاست نہیں بلکہ سیاست دانوں کو دین کی رہنمائی سے آگائی ہے
common_voice_ur_31946187.mp3	درد کی شدت اب سہی نہیں جاتی اس لیے آرام کرنا چاہتا ہوں۔	 دلت کی شدر اب سہنہی جاتی ہے اس لئے ارام کرنا چاہتا ہوں
common_voice_ur_31814061.mp3	مسلمان ممالک مل کر بھی شام کو خود سے سبق نہیں سکھا سکتے	 مسلمان ممالک مل کر بھی شام کو خود سے سبک نہیں سکھات سکتے
common_voice_ur_31984278.mp3	درد کی شدت اب سہی نہیں جاتی اس لیے آرام کرنا چاہتا ہوں	 درد کی شدت اب سہی نہیں جاتی اس لئے ارام کرنا چاہتا ہوں
common_voice_ur_38484846.mp3	دوسرے سے مختلف، انہیں کچھ زیادہ توجہ، دیکھ بھال کی ضرورت رہتی ہے۔	 دوسرے سے مختلف انہیں کچھ زیادہ توجہ دیکھ وال کی ضرورت رہتی ہے
common_voice_ur_31967596.mp3	ایس ای سی پی نے پبلک فرنگ ریگولیشن میں ترامیم متعارف کروا دیں	 SICP نے پبلک فرنگ رگولیشن میں احترامی متعریف کروائی دی ہے
common_voice_ur_31845898.mp3	درمدات کے باوجود ٹماٹر پیاز کی قیمتیں بلند ترین سطح پر پہنچ گئیں	 درامداد کے باوجود ٹھماتر و پیس کی کمتیں ستا پر فوچ گئی
common_voice_ur_31978440.mp3	گلاب اور چنبیلی کے پھولوں کا نام ہم بچپن سے سنتے آ رہے ہیں	 گلاب اور چنبیلی کے پھولوں کا نام ہم بچپن سے سلتے آ رہے ہیں
common_voice_ur_31971394.mp3	پی ایس ایل تھری کے کامیاب انعقاد پر پوری قوم خوشی سے نہال	 پی ایسل تھریع کے کامیاب انعقاد پر پوری قوم خوشی سے نحال
common_voice_ur_32598173.mp3	یہ عمل اس کے پچھلے گناہوں کی معافی کا ذریعہ بن جائے گا	 یہ امل اس کے پچھلے گناہوں کی معافی کا ذریعہ بن جائے گا
common_voice_ur_38411458.mp3	پاکستان کا صرف سات ارب سعودی عرب لیکن پاکستان کی مدد کا طلب گار ہے۔	 پاکستان کا صرف ساتھ طرف سعودی عرب لیکن پاکستان کی مدد کا طرف دار ہے
common_voice_ur_32598311.mp3	دوسرا دور جسے میں لبرل ازم کا عہد کہتا ہوں، اب جاری ہے۔	 دوسرا دور جسے میں لبرلزم کا اہد کہتا ہوں اب جاری ہے
common_voice_ur_41023814.mp3	یو ایس ایڈ پاکستانی ام برامد کنندگان کی مدد کررہا ہے ڈاکٹر یوسف ظفر	 یو ایٹ پاکسانی ام برامت کنندگان کی مدد کر رہا ہے ڈاکٹر یوسف زفر
common_voice_ur_41023846.mp3	سعید اجمل ایک بار پھر قومی ٹیم میں شامل ہونے کے لئے پرعزم	 سعید اجمل ایک بار پھر قومی ٹی میں شامل ہونے کے لئے پر عظم
common_voice_ur_31887530.mp3	سیاح کو ہندودش کے بلند و بالا پہاڑی سلسوں کا بھی نظارہ کر سکتے ہیں ۔	 سیا کو ہندو دیش کے بولند و بولا پہاڑی سے اوپسلو کا بھی نظارہ کر سکتے ہیں
common_voice_ur_31951657.mp3	میں جانتا ہوں وہ منڈیوں میں واپس آنے کے لیے نہیں جا رہے ہیں	 میں جانتا ہوں وہ مندیوں میں واپس آنے کے لئے نہیں جا رہے ہیں
common_voice_ur_31822783.mp3	وسٹا پہلا اوپریٹنگ سسٹم ہے جو مکمل طور پر بٹ کو سپورٹ کرتا ہے	 بھیسٹا پہلا اپرٹنگ سسٹم ہے جو مکمل طور پر بٹ کو سپورٹ کرتا ہے
common_voice_ur_31968152.mp3	اب چونکہ رکازی ایندھن کا استعمال دنیا بھر میں بہت زیادہ ہورہا ہے	 اب چونکہ رکاضی اندھن کا استعمال دنیا بھر میں بہت زیادہ ہو رہا ہے
common_voice_ur_31829630.mp3	شاہد فریدی نے ٹیبل ٹینس کھلاڑی مہک انور کے علاج کا اعلان کردیا	 شاہد فریضی نے ٹیبل دینش کھیلاری مہے کنور کے علاج کا اعلان کر دیا
common_voice_ur_31829463.mp3	پی سی بی نے قومی کھلاڑیوں کیلئے اپنے خزانے کا منہ کھول دیا	 پیسی بھی نے قومی کھلاڑیوں کیلئے اپنے خزانے کا مون کھول دیا
common_voice_ur_31829350.mp3	اس کہانی کو انصاف کرنے کے لئے اتنا وقت نہیں دیا جاتا ہے	 اس کہانی کو انصاف کرنے کے لیے اتنا وقت نہیں دیا جاتا ہے
common_voice_ur_32015984.mp3	جو آہستہ آہستہ پاکستان کرکٹ کو صلاحیت کے حوالے سے بنجر کرتا جا رہا ہے ۔	 جو آہستہ آہستہ پاکستان کلکیٹ کو سلائحیت کے حوالے سے بنجر کرتا جا رہا ہے
common_voice_ur_31791782.mp3	ایل پی جی درامد کنندگان کا حکومت سے انکم ٹیکس ختم کرنے کا مطالبہ	 L P G رامند کنند گان کا حکومت سے انکم ٹیکس ہتم کرنے کا مطالبہ
common_voice_ur_31792295.mp3	ان کی زندگی ڈرامائی پیچ و خم سے بھری ہوئی دکھائی دیتی ہے۔	 ان کی زندگی ڈرامائی پیچھا خم سے بھری ہوئی دکھائی دیتی ہے
common_voice_ur_31974381.mp3	سنیل گواسکر کی عمران خان کو فون پر مبارکبادتقریب میں شرکت سے معذرت	 سنیل کاواز کر کی امران خان کو فون پر مبارک بات تقریب میں چرکت سے معظرت
common_voice_ur_31974411.mp3	رسول جب آ جائے تو پھر اس کو ہر صورت غالب رہنا ہے۔	 رسول جب آ جائے تو پھر اس کو ہر صورت غالب رہنا ہے۔
common_voice_ur_38438312.mp3	سماج کو اپنی مضبوطی کے لیے ایک نظام اقدار کی ضرورت ہوتی ہے۔	 سماج کو اپنی مزبوطی کے لیے ایک نظام اقتار کی ضرورت ہوتی ہے
common_voice_ur_31976865.mp3	بالكل ايسا هي هے تم سب اس پولٹکس کا حصه هو كورونا سب بكواس هے	 بالکل ایسا ہی ہے تم سب اس پلیوٹیس کا حصہ ہو کرونا سب بکواز ہے
common_voice_ur_32056173.mp3	زیادہ سے زیادہ دو برس کے اندر اس منصوبے کو تکمیل تک پہنچانا چاہیے۔	 زیادہ سے زیادہ دو برس کے اندر اس منصوبے کو تکمیل تک پہنچانا چاہیئے
common_voice_ur_31891833.mp3	مصر دسمبرایجنسی ایک اداکارہ کے بوائے فرینڈ کو لیکر تنازعہ کھڑا ہو گیا ہے	 نیسرد دسمبر جنسی ایک ادھا گارہ کے بوائی فرنٹ کو لے کر تناظر کھڑا ہو گیا ہے
common_voice_ur_31832260.mp3	کیا تم وہ دن بھول گئے جب میں نے تمہاری دھلائی کی تھی	 کیا تم وہ دن پھول گئے جب میں نے تمہاری تھلائی کی تھی
common_voice_ur_31832285.mp3	اسے یہ شخص یا کیفیت حیران کن اور مزا دینے والی لگتی ہے	 اسے یہ شخصیہ تحفیت حیران کن اور مزا دینے والی لگتی ہے
common_voice_ur_38427367.mp3	اس صورت حال میں اپنا ذہنی اور جذباتی توازن قائم رکھنا ضروری ہے۔	 اس وقت حال میں اپنا زینی اور جذباتی توازن قائم رکھنا ضروری ہے
common_voice_ur_38472618.mp3	ان کے طرز سیاست، منشور اور عرصہ حکومت کو زیر بحث لانا چاہیے۔	 ان کے طرز سیاست منشور اور عرصہ حکومت کو زیرے بحث لانا چاہیئے
common_voice_ur_31832517.mp3	میں نے انسانیت کا وہ روپ دیکھا جو چراغ لے کر بھی ڈھونڈو	 میں نے انسانیت کا وہ روط دیکھا جو چراہ لے کر بھی ٹھونڈو
common_voice_ur_31927345.mp3	سلام ہے ان تمام سپاہیوں کو جو وبا کے اس محاذ پر ڈٹے رہے	 سلام ان تمام سباہیوں کو جو بوبا کے اس محاضر پر ٹٹے رہے
common_voice_ur_31834785.mp3	او جی ڈی سی ایل اور گیزپرام کے مابین مشترکہ منصوبوں کے ایم او یوز پر دستخط	 او جی ڈی سی ڈل اور گیس پرام کے مہاون مشترکہ منصوبوں کے ام او یوز پر دستخد
common_voice_ur_31812811.mp3	وہ تو مسجد پر حملہ نہیں کریں گے نہ ہی انہوں نے کیا	 وہ تو مسجد پر حملہ نہیں کریں گے نہہیں انہوں نے کیا
common_voice_ur_31812744.mp3	ویسٹ انڈیز کا دورہ پاکستانپی سی بی نے رکنی ٹیم کا اعلان کر دیا	 ویسٹن ڈیز کا دورہ پاکستان پی سی بی نے رکنی ٹیم کا اعلان کر دیا
common_voice_ur_32035134.mp3	کیا یہ نظم ریاست ان کی حدود کا بھی تعین کر تا ہے؟	 کیا یہ نظم ریاست ان کی حدود کا بھی تائین کرتا ہے؟
common_voice_ur_31888925.mp3	فرانس کروشیا کو ہرا کر دوسری مرتبہ فیفاورلڈ کپ کا چیمپئن بن گیا	 فرانس کروشیا کو ہر آگر دوسری مرتبہ فیفہ ویلک اپ کا چیمپین بن گیا
common_voice_ur_31887698.mp3	ان کے لیے ہمدردی رکھتا ہوں جو مچھ سے زیادہ برے حال میں ہیں	 ان کے لیے ہمدردی رکھتا ہوں جو مجھ سے زیادہ برے حال میں ہیں
common_voice_ur_31837038.mp3	بکی سے رابطوں کا الزام بھارتی بورڈ سری نواسن سے ناخوش ئی سی سی چیئرمین کا عہدہ خطرے میں	 بھرتی بورٹ سری نوانسن سے ناکوش آئی سی سی چیرمنٹ کا اوضا خطرے میں
common_voice_ur_31981849.mp3	اسٹاک مارکیٹ کے نیچے جانے کی وجہ جے ائی ٹی ہے گورنر سندھ	 سٹاک مارکیٹ کے نیچے جانے کی وجہ جائی ٹ ہے گورنر سل
common_voice_ur_38453920.mp3	علم و عقل کی ان بلندیوں کی طرف پرواز کے قابل ہو جاتی ہے	 علم و آقل کی ان بلندیوں کی طرف پرواز کے قابل ہو جاتی ہے
common_voice_ur_31837167.mp3	بی بی سی اردو معافی مانگے کہ اس نے مریضوں کی شکل بلیرڈ نہیں کی۔	 بی بی سی اردو مافی مانگے کہ اس نے مریضوں کی شکل بلڑ نہیں کی
common_voice_ur_31994091.mp3	وجود رنگ کے مجموعہ گڈ مڈ کر د والے ہی کیوں نہ ہوں	 وجود رنگ کے بنگ موہا گھوٹ میٹ کرد والے ہی کیوں نہ ہو
common_voice_ur_31772102.mp3	ہر سال کی طرح اس سال بھی ح بجٹ موضوع بحث بنا ہوا ہے	 ہر سال کی طرح اس سال کی بھی بجیٹ موازوں بحث بنا ہوا ہے
common_voice_ur_31793987.mp3	ہمارے نزدیک، ملائکہ کی ذمہ داریوں اور ابلیس اور اس کے لشکر کی چالبازیوں کے نتیجے میں وہ صورتِ	 ہمارے نستیک ملاقہ کی زمیداریوں اور عبلیس اور اس کے لشکر کی چالبازیوں کے نتیجے میں وہ صورت
common_voice_ur_38460928.mp3	ان کی مایوسی حکومت کے خلاف اٹھنے والی آوازوں کو توانا کرے گی۔	 ان کی مایوسی حکومت کے خلاف اٹنے والی آوازوں کو توانا کرے گی
common_voice_ur_31976958.mp3	آپ ایسا کریں کے شام کی ٹرین میں پانچھ سیٹیں بک کر دیں۔	 آپ ایسا کریں کہ شام کی پرین میں پانچ سیٹے بھوک کر دیں
common_voice_ur_31887970.mp3	فی زمانہ اگر دیکھا جائے تو پاکستان کی فوج اسلامی فوج ہے ہی نہیں	 فی سمانہ اگر دیکھا جائے تو پاکستان کی فوج اسلامی فوج ہے ہی نہیں
common_voice_ur_31957834.mp3	ریلوے کی تمام مسافر کوچز اگلے دو برسوں میں اپ گریڈ کر دیں گے سعد رفیق	 ریلوے کی تمام مصافر کوچز اقل دو برشہ میں اپکریٹ کر دیں گے ساد رفیق
common_voice_ur_31885249.mp3	اگر حقیقتا ہمارا ایک برا دن ہو پروگرام کہے گا خریدو وہ وضاحت کرتا ہے	 اگر حقیقتا ہمارا ایک برا دن ہو پروگرام کہے گا خریدو وہ وزاحت کرتا ہے
common_voice_ur_41168335.mp3	سب سے پہلے تو اسے خود خیر کا پیام بر بننا ہو گا۔	 سب سے پہلے تو اسے خود خیر کا پیام بر بننا ہوگا
common_voice_ur_31992910.mp3	طبی عملے کے مطابق ملک میں کورونا وائرس کی علامات کو چھپایا جاتا ہے	 تبی عملے کے مطابق ملک میں کرونا وائرس کے علامات کو چپایا جاتا ہے
common_voice_ur_31837179.mp3	ونڈو فون میں کافی عرصے سے مختلف ملکوں کی قومی زبان آپشن ہے	 وینڈو فون میں کافی عرصے سے مختلف ملکوں کی قومی زبان اپچن ہے
common_voice_ur_41120665.mp3	یہاں تو مسلک ہی اتنے ہیں کہ آسانی سے گنے نہ جا سکیں۔	 یہاں تو مسئلے کی تنی ہے کہ اسانی سے گرے نہ جا سکیں
common_voice_ur_38460668.mp3	ان کے خلاف ریاستی قوت کو پوری طرح سے بروئے کار آنا چاہیے۔	 ان کے خلاف ریاستی قوت کو پوری طرح سے بروئیکار آنا چاہیے
common_voice_ur_32057190.mp3	ائی سی سی نے علیم ڈار کو بھارت میں میچ امپائرنگ سے ہٹا دیا	 ICC نے علیم ڈار کو بھارت میں میچ امپائرنگ سے ہٹا دیا
common_voice_ur_31952135.mp3	پی اس ال کا فائنل دوسری فائنلسٹ ٹیم اسلام باد یونائیٹڈ کراچی پہنچ گئی	 TSL کا فرنل دوسری فونلسٹیم اسلامواد یونائیٹی کراتی پہنچ گئی
common_voice_ur_31980691.mp3	انگلینڈ کیخلاف پہلا ٹیسٹ یاسر شاہ ان فٹ ظفر گوہر کو کھیلانے کا فیصلہ	 ہمیں اپنے ساتھ بہترے بارے میں بہترے بارے میں بہترے بارے میں بہترے بارے میں بہترے بارے میں بہترے بہترے بہترے بہترے بہترے بہترے بہترے بہترے بہترے بہترے بہترے بہترے بہترے بہترے بہترے بہترے بہترے بہترے بہترے بہترے بہترے بہترے بہترے بہترے بہترے بہترے بہترے بہترے بہترے بہترے بہترے بہترے بہترے بہترے بہترے بہترے بہترے بہترے بہترے بہترے بہترے بہترے بہترے بہترے بہترے بہترے بہترے بہترے بہترے بہترے بہترے بہترے بہترے بہترے بہترے بہترے بہترے بہترے بہترے بہترے بہترے بہترے بہترے بہترے بہترے بہترے بہترے بہترے بہترے بہترے بہترے بہترے بہترے بہترے بہترے بہترے بہترے بہتر
common_voice_ur_31980043.mp3	سڑکوں کی بندش سے تیل کی سپلائی میں تعطل ملک میں تیل کے بحران کا خدشہ	 سرکوں کی بندے سے تیل کی سپلائی میں تاطل مرک میں تیل کے بوہران کا حدشہ
common_voice_ur_31952387.mp3	میں ایک ٹورسٹ ہوں اور میں نے کئی جگہ ہرن چیتے دیکھے ہے پاکستان میں	 میں ایک طورسٹ ہوں اور میں نے کئی جگہ ہرن چیتے دیکھے ہیں پاکستان میں
common_voice_ur_38481242.mp3	چنانچہ ضروری ہے کہ ریاست مسخ شدہ جہادی عقائد سے برتر تصورات کی آبیاری کرے۔	 اگر آپ کو پہلے پر ایسا کرتے ہیں تو اس کے لئے بات کریں
common_voice_ur_38492962.mp3	پی ٹی آئی نے ضرور ان کی مخالفت کی اور ان کا جینا حرام کیا۔	 پٹئی آئی نے ضرور ان کی مخالفت کی اور ان کا جینا حرام کیا
common_voice_ur_31924296.mp3	ہوشیاری اور یِہ کرنا شوخی انداز مَیں سَب کا اندر یِہ کرنا مقبولیت کا لئے کافی ہونا	 اوہ شیاری اور یہ کرنا شوکی انداز میں سب کا اندر یہ کرنا محبور ہے، یہ کل ہے، یہ کافی کمہ ہے
common_voice_ur_31989207.mp3	لوگ بے صبری سے شاہد آفریدی کی بیٹنگ کا انتظار کیا کرتے تھے	 لوگ بے سبری سے شاہد فریدی کی بیٹنگ کا انتظار کیا کرتے تھے۔
common_voice_ur_31989649.mp3	کے سرکاری اسپتال پمز کے کورونا آئی سی یو میں خصوصی رسائی دی گئی۔	 کہ سرکاری اسپرٹال پنز کے کرونا آئی سی او میں خصوصی رسائی دی گئی
common_voice_ur_31841520.mp3	ٹی ٹوئنٹی ٹرائی سیریز زمبابوے کی ٹیم سٹریلیا کے مد مقابل ہو گی	 ٹی ٹویں ٹی ٹری سیز انبابے کی ٹیم اسٹرلیا کے متمہل ہوگی
common_voice_ur_31841375.mp3	میں روتا ہوں چیختا چلاتا ہوں مجھے چھوڑ دو مجھے کچھ یاد نہیں میرے ٹکٹرے جواب دیتے ہیں	 میں روتا ہوں چیختہ جلاتا ہوں مجھے چھوڑ دو مجھے کچھ یاد نہیں میرے ڈکٹرے جواب دیتے ہیں
common_voice_ur_32011884.mp3	لہذا مصنوعی طور پر گرم علاقوں جیسا ماحول پیدا کرنے کی غرض سے	 لہٰذا مسنوی طور پر گرم علاقوں جیسا ماحول پیدا کرنے کی غرسے
common_voice_ur_31918898.mp3	کل شام کو ایک کتابوں کی دکان میں بہت عرصے بعد گھس گیا	 کل چان کو ایک کتابوں کی دکان میں بہت عرصے بعد بھوچ گیا ہے
common_voice_ur_38504390.mp3	کراچی میں بھی کہتے ہیں کہ اسی فی صد جرائم ختم ہو گئے؟	 کراتچی میں بھی کہتے ہیں کہ اس سے پیسر جرائم ہتم ہوگئے
common_voice_ur_38504639.mp3	لاک ڈان اسپنرز کی تکنیک پر کام کرنے کیلئے بہترین وقت ہے مشتاق احمد	 لگ ڈان اسپیز کی تکنیک پر کام کرنے کے لیے بہترین وقت ہے مجتاک احمد
common_voice_ur_32047710.mp3	ہاشم املہ نے ون ڈے کرکٹ میں رچی رچرڈسن کا ریکارڈ توڑ ڈالا	 آشے ماملا نے ونڈے کرکٹ میں رچی ریجردسن کا ریکارٹ توڑ ڈالا
common_voice_ur_31980792.mp3	بنو امیہ کی تاریخ کے رخ کو تباہی اور زوال کی طرف موڑ دیا	 بنو امیہ کی تاریخ کے روح کو تباہی اور زوال کی طرف مور دیا
common_voice_ur_38419103.mp3	افواج پاکستان کا شمار دنیا کی چند بڑی عسکری قوتوں میں ہوتا ہے۔	 افاج پاکستان کا شمار دنیا کی چند بڑی اسکری قوتوں میں ہوتا ہے
common_voice_ur_31893545.mp3	دل نے تو یہ چاہا تھا کہ آپ کو عید مبارک کہوں گا۔	 دن میں تو یہ چاہا تھا کہ اب تو ایت مبارکہ اللہ
common_voice_ur_31993512.mp3	نیّرندیم صاحب کا آبائی تعلق منقسم ہندوستان کے علاقہ برن بلند شہر سے ہے	 نیر ندین صاحب کا ابائی تعلق منگسم ہندوستان کے علاقہ بن بلن شہ سے ہے
common_voice_ur_41137452.mp3	کورونا وائرس کے باعث لاک ڈان ئل گیس کی ترسیل ضروری خدمات قرار	 کرونا ویرس کے بارس لوک ڈاون آئل گیس کی تفصیل ضروری خدمات قرار
common_voice_ur_31860916.mp3	پاکستان جیتی بازی ہار گیا سٹریلیا پہلا ٹیسٹ میچ ڈرا کرنے میں کامیاب	 پاکستان جیتی بازی ہار گیا، اوسترلیا پہلا ٹیسٹ مچ ڈراؤ کرنے میں کام ہے آپ
common_voice_ur_31833951.mp3	محسوس کرتا ہوں کہ میں چیزوں سے نبرد آزما ہونے کے قابل نہیں	 میں حساس کرتا ہوں کہ میں چیزوں سے نمیڈ آزمہ ہونے کے قابل نہیں
common_voice_ur_31828942.mp3	ٹیکس دہندگان کی مشکلات کم کرنے کا ایک اور وعدہ پورا کردیا اسحاق ڈار	 ایک بادہ پورا کر دیا گیا اساکھ ڈار
common_voice_ur_32051612.mp3	ممبئی ائی پی ایل کے میچز چنائی سے باہر منتقل کر دیئے گئے	 ممبئی ڈرائی پل کے مجھے چنائی سے باہر منتقل کر دیا گئے
common_voice_ur_31965055.mp3	کل اہم میچ پاکستان اور بھارت کی ٹیموں کے درمیان کھیلا جائے گا	 کل اہم میچ پاکستان اور بھارت کی ٹیموں کے درمیان کھیلا جائے گا
common_voice_ur_31836931.mp3	یہ مقدمات کمپنیوں کے سماجی اور بینالاقوامی اعتماد کو ٹھیس پہنچانے میں رہنمائی کرتے ہیں	 یہ مقدمات کمپنیوں کے سماجی اور بینلقوامی اعتماد کو ٹھیس پنجانے میں رہنمائی کرتے ہیں۔
common_voice_ur_31836934.mp3	فخرزمان اور امام الحق نے پہلی وکٹ کی شراکت کا عالمی ریکارڈ قائم کردیا	 فقر زمان اور عمام الحق نے پہلی وکٹ کی شراکت کا عالمی ریکارٹ قائم کر دیا
common_voice_ur_32004239.mp3	پاکستان اور انگلینڈ کے درمیان دوسرا ٹیسٹ کل سے دبئی میں شروع ہوگا	 ہاگسان اور انگلین کے درمیان دوکہ تیس کال سے دوئی میں شروع ہوگا
common_voice_ur_31990814.mp3	سپر بائیک ورلڈ چیمپئن شپ چاز ڈیوس نے سب کو پیچھے چھوڑ دیا	 سپر بائیک ورلڈ چیمپیونشپ چارز ڈیویس نے سب کو پیچھے چھوڑ دیا
common_voice_ur_41131070.mp3	وہی پرانا مسئلہ جو نون لیگ کی اعلی قیادت کو لاحق رہا ہے۔	 وہی پرانا مسئلہ جنون لیک کے عالا قدرت کو لائک رہا ہے
common_voice_ur_38446450.mp3	جب تک ہمت رہی وہ ویل چیئر پر بھی اپنی سرگرمیوں میں لگے رہے	 جب تک ہمت رہی وہ ویلچئر پر بھی اپنی سرگرمیوں میں لگے رہے
common_voice_ur_31984910.mp3	پاک ارمی اور پی سی بی الیون کا میچ جنرل راحیل نے افتتاح کیا	 پارک آرمی اور پی سی پی ایلیون کا مینچ جنرل رہیل نے افتتا کیا
common_voice_ur_38437094.mp3	ڈپٹی سپیکر کی رولنگ میں بظاہر الزامات ہیں کوئی فائنڈنگ نہیں: چیف جسٹس	 دپٹی سپیکر کی رولنگ میں بزاہی رلزہ مارک میں کوئی فائنڈنگ نہیں، چیف جسٹس
common_voice_ur_38437106.mp3	تو آپ نے فرمایا: سونے میں اگر دراڑ آ جائے تو اس کو پگھلا کر	 تو آپ نے فرمایا سونے میں اگر دراد آ جائے تو اس کو پیگلا کر
common_voice_ur_32004982.mp3	لیکن ہماری تحقیق کے مطابق ابھی یہ پلانٹ جاپان میں مہنگا پڑتا ھے	 لیکن ہماری تحقیق کے مطابق ابھی یہ پلان جبان میں مہنگہ پڑتا ہے
common_voice_ur_32000966.mp3	وہ دوسرے مفادات کو جاری رکھنے جا رہے ہیں مِسٹر جان نے کہا	 وہ دوسرے مفادات کو جاری لکھنے جا رہی ہے، مستر چون نے کہا
common_voice_ur_31974053.mp3	اس میں کیمرہ کی کچھ اچھی پوزیشن اور ترمیم کا استعمال کیا گیا ہے	 اس میں کیمرا کی کچھ اچھی پوزیشن اور تمیم کا استعمال کیا گیا ہے
common_voice_ur_31999514.mp3	پاک بھارت کرکٹ تنازع ائی سی سی نے پی سی بی کی درخواست خارج کردی	 بعد بھارت کرکٹ تنازے ڈرکوشی نے پیسی بی کی درخواست خارج کر دی
common_voice_ur_31921739.mp3	پہلا ون ڈے پاکستان ویمن ٹیم نے بنگلہ دیش کو شکست دے دی	 پہلا ونڈے پاکستان ویمن ٹیم نے بنگلہ دیش کو سکرچ دے دئی
common_voice_ur_38470255.mp3	ان کی نظروں میں عادل ڈار‘ جس نے پلوامہ فدائی حملہ کیا‘ دہشت گرد نہیں ہیرو ہے۔	 ان کی نظروں میں آدل دار جس نے پلوامہ فضائی حملہ کیا دہشتگرد نہیں ہیرو ہے
common_voice_ur_31921617.mp3	شکست کو فتح میں بدلنے کا ہنر انہیں دوسرے باکسروں سے منفرد بناتا ہے۔	 شکست کو فتح میں بدلنے کا اہنر انہیں دوسرے باکسنوں سے منفرد بناتا ہے
common_voice_ur_41169962.mp3	اداکارہ سجل علی اور احد رضا میر حقیقی زندگی کے ہم سفر بن گئے	 ادھا گارہ سجل علی و اہد رضا میر حقیقی زندگی کے ہم سفر بن گئے
common_voice_ur_31836617.mp3	کہ جس کے بعد فتویٰ بازی قابلِ دست اندازیِ پولیس جرم بن جائے	 کہ جس کے بعد فتوا بازی قابل درست اندازی پولیس جرم بن جائے
common_voice_ur_32000024.mp3	بی بی سی اردو کی اس پوڈ کاسٹ میں یہی جاننے کی کوشش کی گئی ہے	 بی بی سی اردو کی اس پارٹکیسٹ میں یہی جانے کی کوشش کی گئی ہے
common_voice_ur_41159182.mp3	نئے راستوں پہ اپنی قوموں کو ڈالا اورفرسودہ روایات سے اپنے لوگوں کو آزاد کرایا۔	 نئے راستوں پہ اپنی قوم کو ڈالا اور فرصودہ روایات سے اپنے لوگوں کو ازاد کر رہا ہوا
common_voice_ur_38443748.mp3	سب متفق تھے کہ ملک کو سیاسی نہیں، سماجی تبدیلی کی ضرورت ہے۔	 سب مطفق تھے کہ ملک کو سیاسی نہیں سماجی تبدیلی کی ضرورت ہے
common_voice_ur_31889191.mp3	اب چین پہ ہم نے تکیہ کیا ہواہے کہ سی پیک کے ذریعے	 اب چین پہ ہم نے تکھیہ کیا ہوا ہے کہ سی پیک کے ذریعے
common_voice_ur_31975535.mp3	گزشتہ سال اسی دن اور تاریخ کو ایک نا قابل فراموش واقعہ رونما ھوا	 گزشتہ سال اسی دن اور تاریخ کو ایک نا قابل فراموش واقعہ رونما ہوا
common_voice_ur_31959446.mp3	سوچتا ہوں کے ٹیکس کا بہت زیادہ حصہ فنکاروں کی بہبود میں جاتا ہے	 چھوچتا ہوں کہ ٹیکس کا بہت زیادہ حصہ فنکاروں کی بہبود میں جاتا ہے
common_voice_ur_31933988.mp3	ہر مشہور ادیب کے ناول میں شناخت اور ہجرت اہم موضوع رہا ہے	 ہر مشہور عدیب کے نور میں شناخ اور حیررت اہم موزورہ رہا ہے
common_voice_ur_38472055.mp3	تو مسافروں نے بتایا بھائی یہ تیزگام ہے ۔دینہ سے گزرے گی مگر رکے گی نہیں	 تو مسافروں نے بتایا بھائی یہ تیز گام ہے دینہ سے گزرے گی مگر رکے گی نہیں
common_voice_ur_38471148.mp3	اس کی سیاسی تجسیم ہوئی تو ہندوتوا جیسی تعبیرات سامنے آئیں اس کی بنیاد ہندو عصبیت ہے۔	 اس کی سیاستجسیم ہوئی تو ہندوطویی جس طابیرات سمجھ آئی اس کی بنیاد ہندو اصبیت ہے
common_voice_ur_31998888.mp3	اردو کی معروف ڈرامہ نگار مصنفہ اور شاعرہ الطاف فاطمہ برس کی عمر میں انتقال کر گئیں	 اردو کی معروف ڈرامہ نکار مسنفہ اور شہرہ الطا فاطنہ برز کی عمر میں انتقال کر گئی
common_voice_ur_32060165.mp3	اعصابی نظام کی دائمی بیماری بنیادی طور پر مرکزی اعصابی نظام کو متاثر کرتی ہے	 اعصابی نظام کی دائمی بیماری بنیادی طور پر مرکزی اعصابی نظام کو متاثر کر دیا ہے
common_voice_ur_31828678.mp3	اسکول ہو کہ بازار ہسپتال یا پھر پولیس اسٹیشن پار کر جاتے ہیں	 اسکول ہو کے بزار، اسپتال یا پھر پولیس ٹیشن بار کر جاتی ہے
common_voice_ur_31974623.mp3	زار بند کیلئے استعمال ہونے والا الاسٹک بھی تیل ہی سے بنتا ھے	 ساربند کے لیے استعمال ہونے والا الاسٹک بھی تیل ہی سے بنتا ہے
common_voice_ur_31917210.mp3	کسی بھی قسم کی تکرار یا بار بار ترغیب غنودگی جیسی کیفیت پیدا کرتی ہے	 کسی بھی قسم کی تقرر یا بار بار ترغیب بنود کی جیسی کہکے پڑھا کرتی ہے
common_voice_ur_31917252.mp3	ان کی بقول سمارا میں آنی والازلزلہ دراصل اس طویل عمل کی ایک یاد دہانی تھا	 ان کی بکول سمارہ میں آنے والا سلسلہ دراست اِس طبیر عمل کی احیاد دہانی تھا
common_voice_ur_38463032.mp3	اوروہ ہر کسی کے لیے قومی مفاد اور سماجی امن پر مقدم ہیں۔	 اور وہ ہر کسی کے لئے قومی مفاد اور سماجی امن پر مقدم ہیں۔
common_voice_ur_31828566.mp3	مشرف نے بتا دیا تھا کے بینظیر کا قاتل اصف علی زرداری ھے۔	 مشرف نے بتا دیا تھا کہ وے نزیر کا قاتل آسف اللی زرداری ہے
common_voice_ur_38442967.mp3	دونوں فرائض میں شامل ہیں اور جب ایک مسلمان مکلف ہو جاتا ہے۔	 دونوں پرائیز میں شامل ہیں اور جب ایک اسمان مکلف ہو جاتا ہے
common_voice_ur_32020378.mp3	نان کے ساتھ اچھے لگے مگر میری بیٹی نے انہیں ابلے ہو چاولوں کے ساتھ پسند کیا	 نان کے ساتھ اچھی لگے مگر میری بیٹی نے انہیں اپنے ہوئے چاونوں کے ساتھ پسند کیا
common_voice_ur_38459164.mp3	چپ کبھی سب سوالوں کا جواب ہوتی ہے مگر کبھی خود سوال بن جاتی ہے۔	 چپ کبھی سب سوادوں کا جواب ہوتی ہے، مگر کبھی خود سواد بن جاتی ہے
common_voice_ur_32034647.mp3	ہم شیشے کی منڈی کو اندر سے دیکھنا چاہتے ہیں نہ کہ باہر سے	 ہم شیشے کی منڈی کو اندر سے دیکھنا چاہتے ہیں نہ کہ باہر سے ہوں
common_voice_ur_38478042.mp3	اسلامی تہذيب کا حصہ ہونے کی وجہ سے اس ميں کافی تہذيبی ہم آہنگی موجود ہے	 اسلام تذیب کا حیثہ ہونے کی وجہ ہے اس میں کافی تذیب ہم آنگی موجود ہے
common_voice_ur_38472644.mp3	چلو اسی کرونا کے بہانے پیسے ہی کماؤ یعنی رو دھو کر سپورٹ لو	 چلو اسی قرانوں کے محانے پیسے ہی کھوائے یعنی ایرادو کے سپورٹ لو
common_voice_ur_31793277.mp3	وزارت صحت کا مقصد اس بیماری کے بارے میں شعور اجاگر کرنا ہے	 وزارت سیحت کا مقصد اس بیماری کے بارے میں شعور اجاگر کرنا ہے۔
common_voice_ur_31999105.mp3	جو ایک پل کے لیے بھی ان کی نگرانی سے غافل نہیں ہوتے	 جو ایک پل کے لیے بھی ان کی نگرانی سے غافل نہیں ہوتے
common_voice_ur_32004330.mp3	پاکستان کی برمدات بہت کم ہیں ایسے ملک نہیں چلتا گورنر اسٹیٹ بینک	 پاکستان کی برمداد بہت کم ہے ایسے ملک نہیں چلتا گورنر شٹیٹ بینک
common_voice_ur_38417096.mp3	اور ان میں جو عجز تھا وہ کائنات کے کسی اور جیو یا جاندار میں نہیں	 اور ان میں جو اچھ تھا وہ کائنات کے کسی اور جیو یا جاندار میں نہیں
common_voice_ur_38417199.mp3	نتیجتا شناخت بھی مطالعے کے دوران میں ایک سوال باربار سامنے آ کھڑا ہوتا ہے۔	 نتیجت ان شناخت بھی متعلق کے دوران میں ایک سوال بار بار سامنیاں کھڑا ہوتا ہے
common_voice_ur_38416936.mp3	اس پس منظر میں ڈاکٹر خلیل احمد کی کتاب بہت اہمیت رکھتی ہے۔	 اس پسے منظر میں ڈاکٹر خلیل احمد کی کتاب بہت اہمیت رکھتی ہے
common_voice_ur_31815636.mp3	صبح کے وقت کھلی فضا میں تازہ آکسیجن وافر مقدار میں میسر ہوتی ہے	 صبح کے وقت خودی فضا میں تازہ آکسیجن وافر مدار میں مؤسسر ہوتی ہے
common_voice_ur_41156545.mp3	دوسرا خانہ ان کاموں کا ہے، جو ہنگامی نہیں، مگر وہ اہم ہیں۔	 دوسرا خانہ ان کاموں کا ہے جو ہنگامی نہیں مگر وہ اہم ہے
common_voice_ur_41156645.mp3	اہل علم اِس معاملے میں بھی اپنی تعبیرات اِسی طرح پیش کرتے رہتے ہیں	 اہلِ علم اس معاملے میں بھی اپنی تابیرات اسی طرح پیش کرتے رہتے ہیں۔
common_voice_ur_41156809.mp3	اس پر مسلم لیگ ن کے حامی حلقے شدید تنقید کر رہے ہیں۔	 اس پر مسلم لیگ نون کے ہامی خلقے شدید تنقیط کر رہے ہیں
common_voice_ur_32003671.mp3	حکومت نے نئے سال کی خوشیوں سے پہلے عوام پر پیٹرول بم گرا دیا	 حکومت نے نئے سال کی خوشیوں سے پہلے عوام پر پیٹرول باؤں گرا دیا
common_voice_ur_31903099.mp3	محسوس کرتا ہوں کہ میں چیزوں سے نبرد آزما ہونے کے قابل نہی	 میں حسنی محسوس کرتا ہوں کہ میں چیزوں سے نبیر آدمہ ہونے کے قابل نہیں
common_voice_ur_31823459.mp3	کے الیکٹرک کی جانب سے کراچی والوں کو مہنگی بجلی دینے کا انکشاف	 کہ ایلیکٹریک کی جانب سے کراتھی والوں کو مہنگی بیٹلی دینے کا انکشاف
common_voice_ur_31929370.mp3	میں ابھی صرف ایک چیٹ بوٹ ہوں،لیکن میں مستقبل قریب میں پہلا اردو اسسٹنٹ ہوں گا۔	 میں ابھی صرف ایک چیٹ بوٹ ہوں لیکن میں مستقبل قریب میں پہلا اردو اسسٹنٹ ہوگا
common_voice_ur_32023484.mp3	انسان پر لازم ہے کہ وہ اللہ تعالی کی وحدانیت کا اقرار کرے	 انسان پر لازم ہے کہ اللہ تعالیٰ کی حضور کیا کرے
common_voice_ur_38463563.mp3	ان میں سب سے نمایاں مسلمان ہیں جن کی تعداد بیس کروڑ ہے۔	 ان میں سب سے نمایا مسلمان ہیں جن کی تعداد 20 کروڑ ہیں
common_voice_ur_31935983.mp3	فیفا ورلڈ کپ فرانس اور بیلجیئم اب تک ایونٹ میں ناقابل شکست ہیں	 فیفہ ورلکپ فرانس اور بلجیم اب تک ایونٹ میں نکارولے شکست ہیں
common_voice_ur_31943575.mp3	ماہرین کے مطابق انسانی صحت کا براہ راست تعلق غذا سے ہوتا ہے	 معیرین کے مطابق انسانی سیادھ کا براہیراس تعلو گیزہ سے ہوتا ہے
common_voice_ur_41156385.mp3	میں اسے تب سے جانتا ہوں جب وہ چھوٹی سی بچی ہوتی تھی	 میں اسے تب سے جانتا ہوں جب وہ چھوٹی سی بچی ہوتی تھی
common_voice_ur_31996878.mp3	جب ہمارے ہمراہیوں کو پتہ چلا کہ ہم بطور مہمان یہاں تشریف لائے ہیں	 جب ہمارے پیانیوں کو پتہ چلا کہ ہم بطور مہمان یہاں تشریف لائے ہیں
common_voice_ur_31824225.mp3	آپ کے خیال میں شعور پھیلانے کا سب سے موثر طریقہ کیا ہے	 آپ کے خیال میں شعور پھیلانے کا سب سے موثت طریقہ کیا ہے؟
common_voice_ur_31809697.mp3	اور وقت تھما ہوا دکھائی د لگ ہے اور چندہ ثانیہ گھنٹہ پر بھار پڑ ج ہیں	 وقت تھمہ ہوا دکھائی دلک ہے اور چندہ سانیا گھنٹہ پر بھار پڑھ جہے ہیں
common_voice_ur_38443712.mp3	ان کے دور میں لوگوں کو کم ہی شریک مشاورت کیا جاتا تھا۔	 ان کے دور میں لوگوں کو کم ہی شہرکے مشاورت کیا جاتا تھا
common_voice_ur_31823399.mp3	موسم گرما کے آغاز پر ہی بجلی کا شارٹ فال دیکھنے کو مل رہا ہے	 موسم گرمہ کے آغاز پر ہی بیزلی کا شارٹ فول دیکھنے کو مل دہا ہے
common_voice_ur_38412770.mp3	اردو شاعری ایک شاعری کی روایت ہے جس میں بہت سے مختلف اسلوب ہیں۔	 اردو شعیری ایک شعیری کی روایت ہے جس میں بہت سے مختلف اسلوم ہیں
common_voice_ur_38501720.mp3	وہ کھیلنے کے لئے پارک میں جاتے ہیں اور دوستوں کے ساتھ مزیدار وقت گزارتے ہیں۔	 وہ کھیلنے کے لئے پاک میں جاتے ہیں اور دوستوں کے ساتھ مزیدار وقت دو دارتے ہیں
common_voice_ur_31823414.mp3	بلکہ اس کا استعمال صرف تحقیقی اور سائنسی اعداد و شمار تک محدود تھا	 بلکہ اس کا استعمال صرف تحقیقی اور سائنسی اداد و شمار تک محدود تھا۔
common_voice_ur_31840965.mp3	اور چترال دنیا کے چند اہم سیاحتی مقامات میں سے ایک مانا جاتا ہے ۔	 اور چطرال دنیا کے چند اہم سیاہتی مکامات میں سے ایک مانا جاتا ہے
common_voice_ur_32015850.mp3	کراچی نیب کی سابق ڈی جی ریلوے جی ایم قریشی کے خلاف تحقیقات مکمل	 کراتچی نیب کے سابق ڈی جی ریلوے ڈی ایم کو ریشی کے خلاف تحقیقات مکمل
common_voice_ur_41106798.mp3	ان میں بہت سے ایسے ہیں جن کی لالچ پوری ہی نہیں ہوتی۔	 ان میں بہت سے ایسے ہیں جن کی لالچ پوری ہی نہیں ہوتی
common_voice_ur_31841012.mp3	پاک سری لنکا سیریز کا دوسرا ون ڈے اج پالی کیلے میں ہوگا	 پاک سری لنکہ سیڈیز کا دوسرا ونڈے آج پالی کےلے میں ہوگا
common_voice_ur_38410337.mp3	اس کا آغاز سیاسی جماعتوں کی تنظیم کو بہتر بنانے سے ہو گا۔	 اس کا آغاز سیاستی جماتوں کی تنظیم کو بہتر بنانے سے ہوگا
common_voice_ur_32018999.mp3	ابھی کامیاب جوان لون پروگرام کی ویب سائیٹ کھولیں اور آن لائین بلا سود قرضے کا فارم بھریں	 ابھی کامیاب جوان لون پرگرام کی ویپسائٹ کھولے اور آن لائن بلا سوٹ کرزے کا فارم بھریں
common_voice_ur_31916505.mp3	گھومنے پھرنے کا ارادہ ہے تو ہماری خوب آؤ بھگت شروع ہو گئی	 گھومنے پھینے کا ارادہ ہے تو ہماری خوب آبھگے چروع ہو گئی
common_voice_ur_33605894.mp3	دنیا میں ایسے خواتین و حضرات کم پائے جاتی ہے جو مثالی ہوں۔	 دنیا میں ایسے خواتینوں حزرات کم پائے جاتے ہیں جو مسئلی ہو
common_voice_ur_38457742.mp3	ثانیہ مرزا اور مارٹینا ہنگس ڈبلیو ٹی اے کا فائنل جیتنے میں کامیاب ہو گئیں	 سانیا مرزا اور مارٹن ہنگز و تی ایکہ فائنل جیتنے میں کامیاب ہو گئی
common_voice_ur_31840977.mp3	یہ ایک بہت آسان طریقہ ہے مگر اس میں تھوڑا وقت کار ہوگا	 یہ ایک بہت اسان طریقہ ہے مگر اس میں تھوڑا وقت کار ہوگا
common_voice_ur_38422403.mp3	اپنی غلطی کا احساس ہو جاتا ہے تو اس کے بعد اس کی ڈیتھ ہو جاتی ہے	 اپنی غلطی کا احساس ہو جاتا ہے تو اس کے بعد اس کی ڈیت ہو جاتی ہے
common_voice_ur_38422405.mp3	پاکستان کے مذہبی طبقات کا متفقہ فیصلہ ہے کہ بھٹو صاحب ایک سیکولرآ دمی تھے۔	 پاکستان کی مذہبی طبقات کا متفقہ فیصلہ ہے کہ برٹو صاحب ایک سیکلر آدمی تھے
common_voice_ur_31828314.mp3	مجھے لگتا ہے کہ یہ چپ کا روزہ اسی وقت ختم ہو گا۔	 میں ہوں کہ یہ جبکہ روزہ اسی وقت فتم ہوگا
common_voice_ur_38499044.mp3	اس کے بعد ہی بادل چھٹیں گے اور آگے کے منظرنامے کے خدوخال نظر آنے لگیں گے۔	 اس کے بعد ہی بادل چھٹیں گے اور آگے کی منظر نامی کی خدوخال نظر آنے لگے
common_voice_ur_41165234.mp3	انہیں دہشت گردی سے متعلق قوانین کے تحت کیوں پکڑا جا رہا ہے؟	 یہاں تشکرتی کے مطالب قوانین کے تحت کیوں پکڑا جا رہا ہے
common_voice_ur_31972312.mp3	سابق وزیراعظم کی مشیر خزانہ کو انفرادی انکم ٹیکس میں فوری کمی کی ہدایت	 سابق وزیراعظم کی مشیر خزانہ کو انفرادی انکم ٹیکس میں فوری کمی کی حدائت
common_voice_ur_38432959.mp3	ان شہروں پر مقامی آبادی کے ساتھ پورے ملک کا حق ہوتا ہے۔	 ان شہروں پر مقامی عبادی کے ساتھ پورے ملک کا حق ہوتا ہے۔
common_voice_ur_31973968.mp3	جبکہ یونیورسٹی کینٹین کے کنارے لگا چیڑ کا درخت خاموش ہےاور ٹھنڈی ہوا کے جھونکوں کا منتظر ہے	 جبکہ یونیورسٹی کینٹین کے کنارے لگا چھمڑ کا طرح خاموش ہے اور ٹنڈی ہوا کے چونکے کا ملتظر ہے
common_voice_ur_31849562.mp3	گرمیوں کے آنے کے ساتھ ہی مختلف بیماریوں کا سلسلہ بھی شروع ہوجاتا ہے	 گرمیوں کے آنے کے ساتھ ہی مختلف بیمانیوں کا سلسلہ بھی شروع ہو جاتا ہے
common_voice_ur_38460440.mp3	نہ سائنس میں آگے نہ کسی کلچر نام کی چیز کو ہم پنپنے دیتے ہیں۔	 نا سائنس میں آگے نا کسی کلچر نام کی چیز کو ہم پنپنے دیتے ہیں
common_voice_ur_38461537.mp3	"اب کہاں سے آئے صدائے لا الہ الااللہ"" تو کیا اس بے حسی کو دوام حاصل ہے؟"	 اب کہاں سے آیا صدا لا الہ الا اللہ تو کیا اس بے ہیسی کو دعام حاصل ہے؟
common_voice_ur_38443635.mp3	پلاسٹک میں غرق قوم‘ اور بچانے والا کوئی نہیں ہندوستان اور امریکہ سے خطرہ نہیں۔	 پلسٹک میں گرکے کوم اور بچانے والا کوئی نہیں اندستان اور امریکہ سے خطرہ نہیں
common_voice_ur_31823112.mp3	نیپرا کا لائسنس شرائط پوری نہ کرنے پر نیشنل ٹرانسمیشن اینڈ ڈسپیچ کمپنی پر جرمانہ	 نیپرا کا لائسنش شرائط بوری نہ کرنے پر نیچنل ٹرانسمیشن اور ڈسپیچ کمپنی پر جرمانا
common_voice_ur_31823231.mp3	مجھے تو یہ بھی قرآن کا ایک معجزہ لگا اور ایمان تازہ ہوگیا	 مجھے تو یہ بھی قرآن کا ایک مدسا لگا اور امان تازہ ہو گیا
common_voice_ur_31823132.mp3	میں ان کو دیکھتا اور کچھ سوچے بغیر ہی یہاں سے گزر جاتا	 میں ان کو دیکھتا اور کچھ سوچے بغیر تھی یہاں سے گزر جاتا
common_voice_ur_31974656.mp3	آج شام کے وقت سے ہی میرے سر میں شدد درد شروع ہو گیا	 آج شام کے وقت سے ہی میرے سر میں شدد در چڑھ ہو گیا
common_voice_ur_31834217.mp3	انکشاف ہوا کہ نمک مرچ تو راستے سے خریدنا ہی بھول گئے ہیں	 انگشاف ہوا کہ نمک مشتو راستے سے خریدنا ہی بھول گئے ہیں
common_voice_ur_38478349.mp3	آدھے سے زیادہ دن سو کر گزارا مس کرنے کا ٹائم ہی نہیں ملا	 آدھی سے زیادہ دن سو کر گزارہ، میز کرنے کا ٹائم ہی نہیں ملا
common_voice_ur_31990374.mp3	کولاراڈو دنیا کا سب سے چھوٹا ٹرانسفارمر ايجاد کرلیا گیا ہے جس کے اونچائی صرف ملی ميٹر ہے	 کولرادو دنیا کا سب سے چھوٹا ٹرانسفارمر اجاد کر لیا گیا ہے جس کی ہوجائی صرف ملی میٹر ہے
common_voice_ur_38434056.mp3	رکشے کے بے ہنگم شور میں کچھ بھی سنائی نہیں دے رہا تھا۔	 رکشے کے بے ہنگم چھوڑ میں کچھ بھی سنائی نہیں دے رہا تھا
common_voice_ur_38439209.mp3	ان کے ایک حکم کی دیرہے لیکن وہ حکم بادلوں یا پہاڑوں کے پیچھے کہیں گم ہے۔	 ان کے ایک حکم کی دیر ہے لیکن وہ حکم بادلوں یا پہاڑوں کے پیچھے کہیں گم ہے
common_voice_ur_41136088.mp3	ہمیں تو اندازہ بھی نہیں کہ افراط زر کہاں تک جا سکتی ہے۔	 ہمیں تو اندازہ بھی نہیں کہ افرادتزر کہاں تک جا سکتی ہے
common_voice_ur_41141479.mp3	قطری شہزادے سے کسی معاہدے کے بارے میں بھی زیادہ نہیں جانتے تھے۔	 کتری شہزا سے تک کسی معاہدے کے بارے میں بھی زیادہ نہیں جانتے تھے
common_voice_ur_38432295.mp3	جو لوگ درد کو سمجھتے ہیں وہ کبھی بھی درد کی وجہ نہیں بنتے	 جو لوگ درد کو سمجھتے ہیں وہ کبھی بھی درد کی وجہ نہیں بنتے
common_voice_ur_38438960.mp3	انسان سلطنتوں کے دور سے نکلا اور اب قومی ریاستوں کے دور میں داخل ہو چکا ہے۔	 انسان سلطنتوں کے دور سے نکلا اور اب قومی ریاستوں کے دور میں داخل ہو چکا ہے
common_voice_ur_38412994.mp3	اقبال جیسا آدمی بھی اپنی صفوں میں کسی غزنوی کو تلاش کرتا ہے۔	 اکبار جیسا آرمی بھی اپنی صفوہ میں کسی گزنوی کو تلاش کرتا ہے
common_voice_ur_31958382.mp3	چناچہ ریس کا دن آپہنچا اور ریس کے لیے خرید گ خصوصی ج کا ٹیکہ تک نا اکھاڑا گیا	 جنازہ ریس کا دن آہ پہنچا اور ریس کے لئے کھرید گاف خصوصی جیم کا ٹیکہ تک نہ اکھاڑا گیا
common_voice_ur_38505969.mp3	یقین رکھیں اصل زندگی موت کے بعد شروع ہوتی ہے حمزہ علی عباسی	 ایکیں رکھیں سر جنگی موت کے بعد شروع ہوگی ہے
common_voice_ur_38476639.mp3	اس عرصے میں انہیں ترقیاتی کاموں سے کیسے منع کیا جا سکتا ہے؟	 اس عرصے میں انہیں ترقیاتی کاموں سے کیسے منع کیا جا سکتا ہے؟
common_voice_ur_31847575.mp3	گوارا کیا اس لیے کہ اگر ان کے فوری خاتمے کا اعلان ہوتا	 گوارہ کیا اس لئے کہ اگر ان کی فوری قاتم کا اعلان ہوتا
common_voice_ur_31834547.mp3	لیکن پوری دنیا میں لوگ بہت سست رفتاری سے ونڈوزایٹ اور سیون پر اپ گریڈ ہوہے ہیں	 لیکن پوری دنیا میں لوگ بہت سست رفتاری سے Windows 8 اور 7 پر اپگریڈ ہوئے ہیں
common_voice_ur_38443469.mp3	پجاری سہم گیا اور اس نے وعدہ کر لیا کہ وہ بھائی کو سمجھائے گا۔	 پجاری سحم گیا اور اس نے وادہ کر لیا کہ وہ بھائی کو سمجھائے گا
common_voice_ur_31792990.mp3	آج ان کی بیٹی کو بھٹو کا نام لیتے ہوئے تکلف نہیں ہوتا	 آج ان کی بیٹے کو بوٹوں کا نام لیتے ہوئے تکلف نہیں ہوتا
common_voice_ur_31829128.mp3	ان کی صلاحیت میں کوئی اضافہ نہیں ہوتا اور وہ موت کےقریب ہوجاتے ہیں	 ان کی شلایت میں کوئی زافہ نہیں ہوتا اور وہ موت کے قریب ہو جاتے ہیں
common_voice_ur_31829152.mp3	پاکستان کی ون ڈے رینکنگ میں تنزلی چیمپئنز ٹرافی میں شرکت بھی خطرے میں پڑگئی	 پاکستان کی ونڈے رینکنگ میں تنزیلی چیمپینز ٹروپی میں شرکت بھی خطرہ پڑ گئی
common_voice_ur_38499116.mp3	سینیٹ کے جن ممبران نے اس بات کو مسئلہ بنانے کی کوشش کی ہے۔	 سینٹ کے جن ممبران نے اس بات کو مسئلہ بنانے کی کوشش کی ہے
common_voice_ur_38422592.mp3	ان کو ڈھونڈھ کر بتانے اور لانے میں تقریباً ایک گھنٹہ لگ گیا تھا۔	 ان کو دونڈ کر بتانے اور لانے میں تقریباً ایک گھنٹا لگ گیا تھا
common_voice_ur_32017555.mp3	سچ کو سب پسند کرتے ہیں اور سچے آدمی کی قدر کی جاتی ہے	 سچ کو سب پسند کرتے ہیں اور سچے آدمی کی قدر کی جاتی ہے
common_voice_ur_38468780.mp3	اللہ کے نبی نے رمضان میں اس عمل کی بڑی فضیلت بیان کی ہے	 ایرانی رمزان میں اس عمل کی بڑی فضیلت بیان کی ہے
common_voice_ur_31980106.mp3	ان کا کام جہاد و قتال نہیں، بلکہ جہادکی تعلیم اور جذبۂ جہاد کی بیداری ہے	 ان کا کام جہاد و قطار نہیں ہے بلکہ جہاد کی تانی اور جذبہ جہاد کی بیداری ہے
common_voice_ur_31957256.mp3	پہاڑ پر سے برف پگھلتے ہی پرند کا ساتھ ساتھ یَہاں جنگلی بکری بھی نمودار ہونا ہونا	 پہار پر سے برف پر گلتے ہی پرند کا ساتھ ساتھ یہاں جنگلی بکری بھی نمودار ہونا ہونا
common_voice_ur_38412510.mp3	جس کو ہو دین و دل عزیز‘ اس کی گلی میں جائے کیوں؟	 جس کوہو دینوں دن عزیز اس کی گڑی میں جائے گے
common_voice_ur_31834820.mp3	راہل اور پانٹ کی سنچریاں رائیگاں بھارت کو خری ٹیسٹ میں بھی شکست	 راہل اور پانٹ کی سنجریاں رائے گا، بارت کو ہری تیسٹ میں بھی شکست۔
common_voice_ur_38443123.mp3	چھ سات ماہ وہ ڈیوٹی سے غیر حاضر رہا، پھر منتیں ترلے کرکے سمجھوتہ ہوا۔	 6-7 ماہ وہ ڈیوٹی سے غیر حاضر رہا پھر منتے تڑھے کر کے سمجھ ہوتا ہوا
common_voice_ur_38407778.mp3	میرا ارادہ تھا کہ میں کالم میں اس دم توڑتی روایت کی بات کروں گا۔	 میرا ارادہ تھا کہ میں کولوم میں اس دم توڑتی روایت کی بات کروں گا
common_voice_ur_38450903.mp3	نہ پیغمبروں کی یہ کام تو وہ بھی کرلیتے ہیں جو خدا سے واقف ہیں۔	 نا پیغمبروں کی یہ کام تو وہ بھی کر لیتے ہیں جو خدا سے واقف ہے
common_voice_ur_38435078.mp3	اسلام اباد یونائیٹڈ سے وابستہ جنوبی افریقا کے پیسر ڈیل اسٹین پاکستان پہنچ گئے	 اسلاموباد یونائیٹڈ سے وابستہ جنوبی افریقی کے پیسر ڈیل سٹین پاکستان پہنچ گئے
common_voice_ur_30663258.mp3	کرنسی کی قدر کم کرنے اور درامدات بڑھنے سے پاکستان کی مالی مشکلات میں اضافہ	 کرنچے کی قدر کم کرنے اور درامدات بڑھنے سے پاکستان کی مالی مشکلات میں ازافہ
common_voice_ur_31814814.mp3	ممبئی ڈسمبرایجنسی بالی ووڈ کی دھک دھک گرل مادھوری نے انڈین نیشنل کانگرس کو جائن کرنے کا فیصلہ کیا ہے	 ممبائی دسمبر ایجنسی بالیووڈ کی تک تک گل مادوری نے ڈنیر نیشنل کنگریس کو ڈر جوائنگ کرنے کا فیصلہ کیا ہے
common_voice_ur_38412877.mp3	اقتدار کے بے رحم کھیل نے نواز شریف کو مظلوم بنا دیا ہے۔	 اقتدار کے بے رہم کے قبل نالاشرد کو مضنون بنا دیا ہے
common_voice_ur_31917241.mp3	خون کی شریانوں میں سختی کے باعث ریڑھ کی ہڈی کو متاثر کرتا ہے	 خون کی شریعوں میں سختی کے باعث ویڑ کی ہڑی کو متاثر کرتا ہے
common_voice_ur_38487608.mp3	ہمارے ہاں جنون کی کمی نہیں لیکن وہ فضولیات سے جڑا ہوا ہے۔	 ہمارے ہاں جنون کی کمی نہیں لیکن وہ فضولی آت سے چوڑا ہوا ہے
common_voice_ur_38431354.mp3	سسٹم ٹھیک کرنے کی نیت جب ہو، تب ہی کچھ ہو پاتا ہے۔	 سسٹم ٹھیک کرنے کی نیت جب ہو تب ہی کچھ ہو باتا ہے
common_voice_ur_38460572.mp3	پی پی پی کا کوئی وزیر اعظم اصغر خان کیس سے نہیں بچ سکتا تھا۔	 پی پی پی کا کوئی وزیراعظم ازغر خان کے سینہیں بچ سکتا تھا
common_voice_ur_38460064.mp3	اس وقت جہاد کے لیے قائم تنظیمیں یہ فریضہ ادا کر رہی ہیں۔	 اس وقت جہاد کے لئے قائم تنظیمیں یہ فریضہ ادا کر رہی ہے
common_voice_ur_31967961.mp3	محمود نظامی منظر سے متاثر ہو کر تاریخ بیان کرنے لگتے ہیں	 محمود نظامی منظر سے متاثر ہو کر تاریخ بیان کرنے لگتے ہیں
common_voice_ur_32035568.mp3	کون ہے جو ان میں کسی کو اسلام کا نمائندہ کہہ سکے؟	 کون ہے جو ان میں سے کسی کو اسلام کا نمائندہ کہن سکے؟
common_voice_ur_31985636.mp3	چترال کا یہ بے مثال حسن دیکھنے والوں پر سحر طاری کردیتا ہے	 چطرال کا یہ بے مثال حسن دیکھنے والوں پر سہر تاریخ کر دیتا ہے
common_voice_ur_32056343.mp3	ائی سی سی چیف ایگزیکٹو شوسینا کے حملے کو مذاق میں ٹال گئے	 آئی شیسی چیف ایگزکتر سوشینہ کے حملے کو مضاق میں تال گئے
common_voice_ur_32056342.mp3	پنجاب میں صنعتوں اور سی این جی سیکٹرز کو گیس کی فراہمی معطل	 سنجاب میں سنتوں اور سنجی سکٹرز کو گیس کی فرامیں معطل
common_voice_ur_31823614.mp3	سید نور اپنی فلم چین ائے نہ سے کیا سکھانا چاہتے ہیں	 سید نور اپنی فلم چین آئے نہ سے کیا سکھانا چاہتے ہیں؟
common_voice_ur_31874144.mp3	جہاں بحرینی چیف آف سٹاف فیلڈ مارشل شیخ خلیفہ بن احمد سے ملاقات کی	 جہاں بہنینی چیف آف سٹاپ فگلڈ مارشل شیخ خلیفہ بن احمد سے ملکات کی
common_voice_ur_32058658.mp3	حکومت ملکی پیداوار کی شرح بڑھانے کیلئے اقدامات کر رہی ہےہارون اختر	 حکومت ملکی پیداوار کی شہرہ بڑھانے کیلئے اقدامات کر رہی ہے حارون اختر
common_voice_ur_31951455.mp3	ایسے کثیر قلمی مواد کی شاید تجارتی اطلاق کے لیے ضرورت ہو گی	 ایسے کسی کلمی مواد کے شاہی تجارتی اطلاق کیلئے ضرورت ہوگی
common_voice_ur_31951249.mp3	سابق فیلڈنگ کوچ کی پی سی بی اور کھلاڑیوں پر الزامات کی بوچھاڑ	 سابق فیلڈنگ کوچ کے پیسی بھی اور کھلاڑیوں پر الزامات کی بوٹھار
common_voice_ur_41133327.mp3	اس بارے میں پی ٹی آئی کی لیڈرشپ کو بتا دیا ہے	 اس بارے میں پی ٹیایی کی لیڈرشپ کو بتا دیا ہے
common_voice_ur_31983368.mp3	پاکستان اور کینٹ کے مابین پریکٹس میچ اج بھی تاخیر کا شکار	 پاکستان اور کنٹ کے معاملہ پریکٹس میںج آج بھی تاخیر کا شکار
common_voice_ur_31793550.mp3	کیا آپ چاہتے ہیں کہ میں آپ کو اس کے گھر لے جاؤں؟	 کیا آپ چاہتے ہیں کہ میں آپ کو اس کے گھر لے جاؤں؟
common_voice_ur_31793876.mp3	ساف فٹبال ٹورنامنٹ سیمی فائنل میں پاکستان کو بھارت کے ہاتھوں شکست	 ساہ فون بول ٹورنومنٹ سیمی فائنل میں پاکستان کو بھارت کے ہاتھوں شکست
common_voice_ur_31793866.mp3	حالات میں واضح طور پر بہتری آ چلی تھی کہ لگتا ہے۔	 حالات میں واضح طور پر بہتری آچلی تھی کہ لگتا ہے
common_voice_ur_30644987.mp3	سوال اگر یہ ہو کہ ان میں سے کون محب وطن ہے	 سوال اگر یہ ہو کہ ان میں سے کون مہبو وطن ہے؟
common_voice_ur_31997115.mp3	دنیا کا ایک بڑا نہری نظام بھی پاکستان کے پاس موجود ہے	 دنیا کے ایک بڑا نہری نظام بھی پاکستان کے پاس موجود ہے
common_voice_ur_31994390.mp3	انسانیت کی نہج میں تغیر و تبدل کا عمل ہمیشہ رہتا ہے	 انسانیت کی نحض میں تغیر و تبدل کا عمل ہمیشہ رہتا ہے
common_voice_ur_31982044.mp3	جولائی ء کو نیا اوپریٹنگ سسٹم ونڈوز وسٹا کے نام سے آیا	 بھائی
common_voice_ur_38492849.mp3	پاکستان کو سی پیک کی وجہ سے بیرونی دباو کا سامنا ہے موڈیز	 پاکستان کو سی پیک کی وجہ سے بہرونی دباؤ کا سامنا ہے موڈیز
common_voice_ur_31989830.mp3	سی پیک منصوبے سے کاروبار کی نئی راہیں ہموار ہوں گی لاہور چیمبر اف کامرس	 سیپینگ منصوبے سے کاروبار کی نئی راہیں ہموار ہوں گی۔
common_voice_ur_31994984.mp3	محمد علی کا باکسنگ سٹائل عام باکسروں سے مختلف اور دلکش تھا	 محمد دلی کا باکسنگ سٹائل ہے
common_voice_ur_31895937.mp3	اس طرح کسی بھی مشق سے ایک کیفیت پیدا کی جاسکتی ہے	 اس طرح کسی بھی مشک سے ایک کافیت پیدا کی جا سکتی ہے
common_voice_ur_32005158.mp3	کامیاب دورہ زمبابوے کے بعد شاہینوں نے وطن واپسی کی تیاریاں شروع کردیں	 کامیاب دورہ زمبابوے کے بعد شہینوں نے وطن وابسی کی تھیاریاں شروع کر دیں
common_voice_ur_31914727.mp3	یورپین انویسٹمنٹ بینک پاکستان کے توانائی کے شعبے میں سرمایہ کاری کرے گا	 یورپین انویسمنٹ بینک پاکستان کی طوانائی کے شوپے میں سرمایا کاری کرے گا
common_voice_ur_30724455.mp3	بلکہ ماضی میں وہ اس کے عملی مظاہر پیش کر چکی ہے۔	 بلکہ ماضی میں وہ اس کے عملی مظاہر پیش کر چکی ہے۔
common_voice_ur_31970099.mp3	جبکہ میرے ساتھ پورے کا پور ڈیلیگیشن دوگھنٹے تکے میرا انتطار کرتا	 جبکہ میرا ساتھ پورے کا پور دلگیشن دو گھنٹے تک میرا انتظار کرتا
common_voice_ur_31952100.mp3	آپ مانتے ہیں کہ سیمور اُسے دوبارہ کر سکتا ہے یا آپ نہیں مانتے	 آپ مانتے ہیں کہ سیمور اسے دوبارہ کر سکتا ہے یا آپ نہیں مانتے ہیں
common_voice_ur_31929458.mp3	کسان کارڈ کے آنے سے کرپشن کا عنصر ختم ہو جائے گا	 کسان کا آرٹ کے آنے سے کرپشن کا آنہاں سے ہتم ہو جائے گا
common_voice_ur_38444889.mp3	جب بیمار ہوں تو یہی رشتے سب سے زیادہ پریشان ہوتے ہیں	 جب بیمار ہوں تو یہی رشتے سب سے زیادہ پریشان ہوتے ہیں
common_voice_ur_31954261.mp3	کیونکہ وہ اپنے علم و فضل کے لحاظ سے اس لائق ہیں۔	 کیونکہ وہ اپنے علم و فضل کے لحاظ سے اس لائیک ہیں
common_voice_ur_31972238.mp3	حکومت نے استعمال شدہ گاڑیوں کی غیر رسمی کمرشل درامد ختم کردی	 گومت نے استعمال چدہ گارڑوں کی غیر رسمی کمیرشل درامت ختم کر دی
common_voice_ur_31823564.mp3	وہ ایک نئے جہان فکر و عمل کی تلاش میں ہوتے ہیں۔	 وہ ایک نئے جہاں فکر و عمل کی تلاش میں ہوتے ہیں
common_voice_ur_31972567.mp3	آج ان کی معنویت واضح ہے مگر اس وقت کتنے لوگ تھے	 آج ان کے معنویت واضح ہے مگر اس وقت کتنے لوگ تھے
common_voice_ur_38453967.mp3	اس کا وجود کیسے زبان حال سے اپنی بندگی کا اعلان کرتا ہے؟	 اس کا وجود کیسے زمانے حال سے اپنی بندگی کا اعلان کرتا ہے
common_voice_ur_38443400.mp3	برائی کی ہر ترغیب کے سامنے یہ ڈھال اس طرح استعمال کرے	 برائی کی ہر تلگیر کے سامنے یہ ڈھال اس طرح استعمال کریں
common_voice_ur_38445651.mp3	انسان اپنے خیالات موجود لغت اور اصطلاحوں ہی میں بیان کر تا ہے۔	 انسان اقتنی خیالات موجود لوطع اور استلاح وحی میں بیان کرتا ہے
common_voice_ur_31971069.mp3	اس لئے اس عرصے میں پرسنل کمپیوٹر کا استعمال محدود پیمانے پر رہا	 اس لئے سرسی میں پرسنل کمپیٹر کا اسمان میں انوار پہنے پر ہوں
common_voice_ur_30724453.mp3	شاہ رخ نے کئی ہولی وڈ فلموں سے انکار کیا فرح خان	 شارخ نے کئی ہالیوڈ فلموں سے انکار کیا فرح خان
common_voice_ur_31917394.mp3	پاکستان کا ہر شعبہ دن دگنی رات چگنی ترقی کر رہا ہے	 پاکستان کا ہر شوابہ دن دُبنی راک چُبنی ترقی کر رہا ہے
common_voice_ur_30643866.mp3	ایشائی ترقیاتی بینک کی پاکستان کو مختلف شعبوں میں اصلاحات کیلئے امداد کی پیشکش	 ایشی ترکیاتی بینک کی پاکستان کی مختلف شوبوں میں اسلحات کے لیے امداد کی پیشکش
common_voice_ur_31984767.mp3	ایشیا کپ کا فائنل کون کھیلے گا پاکستان اور بنگلہ دیش مدمقابل	 ایشیا کپ کا فائنل کون کھیلے گا پاکستان اور بنگلہ دیش مدہ مقابل
common_voice_ur_32026637.mp3	زندگی بھر مشقت قربانی اور آخر میں تنہائی اور دنیا سے جانے کا انتظار	 زندگی بر مشکد قربانی اور آخر میں تنہائی اور دنیا سے جانے کا انتظار
common_voice_ur_38438052.mp3	بلکل ٹھیک فرمایا آپنے جناب ہم لوگوں کو بہت کچھ سیکھنے کی ضرورت ہے	 بلکل ٹھیک فرمایا آپ نے جناب ہم لوگوں کو بہت کچھ سکھنے کی ضرورت ہے
common_voice_ur_32020036.mp3	یہاں تک کہ انہوں نے کراچی کو استنبول بنانے کا وعدہ کیا	 یہاں تک کہ انہوں نے کراجی کو اسٹمپول بنانے کا وادہ کیا
common_voice_ur_32028084.mp3	بارسلونا اوپن ٹینس اسٹار کھلاڑی نے کوارٹر فائنل میں جگہ بنا لی	 برسلونو اپنٹینستار کھلاڑی نے کورٹر فائنل میں جگہ بنا لی
common_voice_ur_31793301.mp3	اس لیے سب کو مل کر اپنے اس مسئلے سے نمٹنا ہو گا۔	 اس لئے سب کو مل کر اپنے اس مسئلے سے نمٹنا ہوگا
common_voice_ur_32008038.mp3	لیکن زلزلی سی متاثر ہونی والی جزیری سماٹرا اور انڈونیشیا میں کئی لوگوں کویقین ہی	 لیکن ذلزلی سے متاثر ہونے والی جزیری، سماترا اور انڈونیشیا میں کئی لوگوں کو یقین ہی
common_voice_ur_31975044.mp3	اب بھی ہو رہاہے کیا ہم تحفظ حرمین کے عنوان سے ہونے	 ابھی ہو رہا ہے کہ ہم تحفظ ہر مین کے انوان سے ہونے
common_voice_ur_41133053.mp3	حوالہ ہنڈی کرنسی کاروبار کے دو مگر مچھ کل رات سے غائب ہیں	 حوالہ ہنڈی کرنسی کاروبار کے دو مغر مشکلات سے گائیں ہیں
common_voice_ur_31999903.mp3	کہ اس سے فرانس ا ور جرمنی کے انتخابات پر بھی اثر	 کہ ان سے فرانس اور جرمنی کے انتخابات پر بھی اثر
common_voice_ur_31968019.mp3	آج حالت یہ ہے کہ پاکستانی حصول ملازمت کیلئے ملائشیا جاتے ہیں۔	 آج حالت یہ ہے کہ پاکستانی حصول ملازمت کے لئے ملیشیا جاتے ہیں۔
common_voice_ur_31793439.mp3	اگر ان سے ملاقات ہو تو میری طرف سے سلام عرض کیجیے گا۔	 اگر ان سے ملکات ہو تو میری طرف سے سلام ارس کیجئے گا
common_voice_ur_31982178.mp3	سب پھول جب اکٹھے ہوتے ہیں پھر جا کے بنتا ہے پاکستان	 سب پھول جب اکٹے ہوتے ہیں پھر جا کے بنتا ہے پاکستان
common_voice_ur_31826912.mp3	اپنی ذات اور زندگی کو پرکھنے میں لطف اندوز ہوتا رہتا ہوں	 اپنی ذات اور زندگی کو پرکنے میں لطفا دوز ہوتا رہتا ہوں
common_voice_ur_31888642.mp3	فرائض منصبی کے سلسلے میں ملک سے باہر جانے کا موقع ملا	 فرائز منصبی کے سلسلے میں ملک سے باہر جانے کا موقع ملا
common_voice_ur_32044220.mp3	کروناء ٹائم میں اپنی جان کی پرواہ کیے بنا کام کر رہے ہیں۔	 کرونا ٹائم میں اپنی جان کی پرباک کیے بناک کام کر رہے ہیں
common_voice_ur_38478799.mp3	روایات میں نورہ کا ذکر ایک بہترین دوا کے طورپر کیا گیا ہے	 روایت میں نورا کا ذکر ایک بہترین دوا کے طور پر کیا گیا ہے
common_voice_ur_31999052.mp3	وہ بتوں نے ڈالے ہیں وسوسے کہ دلوں سے خوف خدا گیا	 وہ بوطوں نے ڈالے ہیں بس بسے کی دلوں سے خوف و خدا گیا
common_voice_ur_31901420.mp3	احتجاج کے لیے جلسہ کیا جا سکتا کم و بیش ہر شہر	 اعتراض کیلئے دلسک کیا جا سکتا کم و بیش ہر شہر
common_voice_ur_31793266.mp3	دین جاننے کے لیے اب انہی کی طرف رجوع کیا جائے گا۔	 دین جاننے کے لئے اب انہیں کی طرف رجو کیا جائے گا
common_voice_ur_31793343.mp3	اب ہم احتجاج کر رہے ہیں کہ کشمیر کے سپیشل سٹیٹس کو	 اب ہم احتجاج کر رہے ہیں کہ کشمیر کے سپیشل سٹیٹس کو
common_voice_ur_32059688.mp3	جنہیں دوسرے ٹیسٹ کی شکست نے برہنہ کر کے رکھ دیا ہے	 جنھیں دوسرے ٹیسٹ کی شکرس نے بھرانہ کرکے رکھ دیا
common_voice_ur_32046292.mp3	یوں کہیے کہ شرق و غرب کی تاریخ کو سمیٹ دیتے ہیں۔	 شرک و غرب کی تاریخ کو سمیت دیتے ہیں
common_voice_ur_38461972.mp3	بولی وڈ فلم سڑک کا گانا عشق کمال پاکستانی گانے کی کاپی نکلا	 بولیوڈ فلم سڑک کا گانا عشق کمال پاکستانی گانے کی کوپی نکلا
common_voice_ur_35150972.mp3	پہلے دو جج صاحبان نے تو وزیراعظم کو دروغ گوئی کی بنا پہ نااہل ٹھہرایا۔	 پہلے دو جج شاہبان نے تو وزیر عظم کو دروق گوئی کی بنائی پر ناہل تھی رہایا
common_voice_ur_31946736.mp3	فیفا ورلڈ کپ انگلینڈ کی ٹیم سویڈن کیخلاف میدان میں اترے گی	 فیفہ ورلڈ کپ انگلنٹ کی ٹیم سویڈن کے خلاف میدان میں اتریں گے
common_voice_ur_31899741.mp3	عالمی بینک کی پاکستان میں ارب ڈالر کی سرمایہ کاری کی حکمت عملی مرتب	 عالمی بینک کی پاکستان میں عرب ڈالر کی سرمایاکاری کی حکمت اے املی مرتب
common_voice_ur_31934410.mp3	بوندا باندی ہو یا بارش کا طوفان، دونوں کیفیت بدل دیتے ہیں	 بونہ باندی ہو یا بارش کا توفان دونوں کیفیت بدل دیتے ہیں
common_voice_ur_31915888.mp3	مشرق وسطی میں جنگ کی آگ کسی وقت بھی بھڑک سکتی ہے۔	 مشرق اوستہ میں جنگ کی آگ کسی وقت بھی بڑھ سکتی ہے
common_voice_ur_31915767.mp3	پاکستانی اوپنر فخر زمان نے ڈبل سنچری داغ کر تاریخ رقم کر دی	 پاکستانی آپنر فخر زمانے ڈبل سینچری ڈاگ کر تاریخ رکم کر دی
common_voice_ur_31986986.mp3	سلیکشن کمیٹی اراکین کو پی ایس ایل سے الگ کرنے کا مطالبہ	 سیلکشن کمیٹی اراکین کو پیسل سے علاق کرنے کا مطالبہ
common_voice_ur_31793922.mp3	ایسا معاشرہ تشکیل دیا جائےجو ایسے مریضوں کی مدد اور دیکھ بھال کرے	 ایسا معشرة تشکیل کیا جائے جو ایسا مریسوں کی مدد اور دیکھپال کریں
common_voice_ur_31793949.mp3	پی ایس ایل تھری میں لیوک رونکی ٹورنامنٹ کے بہترین کھلاڑی قرار	 پیسل 3 میں لیوکرونگ کی ٹوہنومنٹ کے بہترین کھیلاڑی کراہر
common_voice_ur_31793904.mp3	اب اسے کسی آئینی طریقے ہی سے ختم کیا جا سکتا ہے۔	 اب اسے کسی آینی طریقے ہی ہتم کیا جا سکتا ہے
common_voice_ur_38478824.mp3	اس میں فیصلہ سازی کا اختیار چند افراد کے ہاتھوں میں مرتکز ہے۔	 اس میں فیصلہ سازی کا اختیار چند افراد کے ہاتھوں میں مرتقیز ہے
common_voice_ur_41133338.mp3	یہ اسلامی دنیا کی واحد اور جنوبی ایشیا کی دوسری ایٹمی طاقت ہے	 یہ اسلامی دنیا کے وائد اور جنوبی ایشیا کے دوسری اٹھ میں داقت ہے
common_voice_ur_31928311.mp3	ریلوے ملازمین کو اگست کی تنخواہ عیدالضحی سے قبل دینے کا فیصلہ	 ریلوے ملازمین رو اگست کی تنخواہ عید العزحہ سے قبل دینے کا فیصلہ
common_voice_ur_31793440.mp3	اس انتشار فکر کے مظاہر جس طرح دائیں طرف پائے جاتے ہیں	 اس انتشار فکر کے مظاہر جس طرح دائے طرف پائے جاتے ہیں
common_voice_ur_31824379.mp3	ابو ظہبی ٹیسٹ پاکستان کو سنسنی خیزمقابلے کے بعد رنز سے شکست	 ابوزابی تیس پاکستان کو سنسنی کے اس مقابلے کے بعد رنس سے شکست
common_voice_ur_31971884.mp3	ترقیٔ معکوس کا یہ عمل ایک بار پھر شروع ہو گیا ہے۔	 ترقی مکوس کا یہ عمل ایک بار پھر شروع ہو گیا ہے
common_voice_ur_31959738.mp3	موقف کی صحت کے بارے میں البتہ دو آرا ہو سکتی ہیں۔	 موقف کی سیحت کے بارے میں البتہ دو آرہ ہو سکتی ہیں
common_voice_ur_32018636.mp3	تھے کتنے اچھے لوگ کہ جن کو اپنے غم سے فرصت تھی	 ایک اتنے اچھے لوگ کے جن کو اپنے غم سے پرسر دھی
common_voice_ur_38410220.mp3	اس میں شبہ نہیں کہ پاکستان کی جمہوریت ارتقا ئی مراحل میں ہے۔	 اس میں شبہ نہیں کہ پاکستان کی جمہوریت ارتقائی مراہل میں ہے۔
common_voice_ur_38411773.mp3	انسانی معاشرے کا عمومی سفر انفرادی دانش سے اجتماعی دانش کی طرف ہے۔	 انسانی معشرے کا عمومی سفر انفرادی دانش سے اجتماعی دانش کی طرف ہے۔
common_voice_ur_31981708.mp3	اتنی بے ہنگم ہو گئی ہے اور کئی سیکٹرز اتنے برے لگنے	 اتنی بہنگم ہو گئی ہے اور کئی سیکٹرز اتنے برے لگے
common_voice_ur_31965443.mp3	تو اس کی نشان دہی کرے اگر کوئی بات قابل گرفت ہے۔	 تو اس کی نشان دہی کرے اگر کوئی بات قابل گرفت ہے
common_voice_ur_31809352.mp3	قومی فٹبال ٹیم کے سابق کپتان کلیم اللہ کو شوکاز نوٹس جاری	 قومی فٹپال ٹیم کے سابق قطان کلی ملا کو شوکاز لوٹیش جاری ہے
common_voice_ur_31823388.mp3	اور انھیں خیروشر کے ترک و اختیار کی پوری آزادی حاصل ہے	 اور انہیں خیر و شک کے طرف و افتیار کی پوری آزادی حاصل ہے
common_voice_ur_38429418.mp3	انہوں نے کوشش کی کہ نواز شریف زمینی حقائق سے متصادم نہ ہوں۔	 انہوں نے کوشش کی کہ نواز شریف زمینی حقائق سے متصادم نہ ہوں
common_voice_ur_31923549.mp3	اور ہماری عقل سے بڑھنا کرنا اور حسن و جمال کو پسند فرمانا ہونا	 اور ہماری اقل سے بڑھنا کرنا اور حسن و جمال کو پسند فرمانا ہونا
common_voice_ur_31991077.mp3	وہ مل کر بعض مظلوموں کے حق میں آواز اٹھا رہے تھے۔	 وہ مل کر بہت مضلوموں کے حق میں آواز اٹھا رہے تھے
common_voice_ur_32010745.mp3	چونکہ ہم مسلمانوں کے گھر پیدا ہوئے ، لہذا جبری مسلمان قرار پائے	 چونکہ ہم مسلمانوں کے گھر پیدا ہوئے لہٰذا جبری مسلمان کرار پائے
common_voice_ur_31990978.mp3	پاکستانی شہریوں کے لیے کویتی ویزے کی بحالی پر بڑی پیش رفت ہوئی ہےا	 اگستانی شوریوں کے لیے کوئی تھی ویسے کی بہالی پر بڑی پیشرفت ہوئی ہے
common_voice_ur_31828197.mp3	انہوں نے اسے ترک کردیا اور کسی دوسرےملک کی شہریت اختیار کرلی	 انہوں نے اسے ترک کر دیا اور کسی دوسرے ملک کی شہریت اختیار کر لی
common_voice_ur_38467136.mp3	انہیں لندن کا پہلا مسلمان میئر کہا گیا اور کہا جاتا رہے گا۔	 ہم نے لندن کا پہلے مسلمان میرے کہا کیا اور کہا جاتا ہے کہ
common_voice_ur_31987611.mp3	آپ ان کو یہ سہولت دیں، کون آپ کا ہاتھ پکڑ رہا ہے؟	 آپ ان کو یہ سہولت دیں کون آپ کا ہاتھ پکڑ رہا ہے
common_voice_ur_31954025.mp3	مذہب کی تعبیر پر اس نے اپنا تسلط قائم کر رکھا ہے۔	 مرزت کی تابیر پر اس نے اپنا تصلید قائم کر رکا ہے
common_voice_ur_32022582.mp3	ٹام اور میری نے کہا کے وہ حسد محسوس کر رہے ہیں۔	 ٹام اور میری نے کہا کہ وہ حسن رسوث کر رہے ہیں
common_voice_ur_32019439.mp3	اب اس تصویر پر لے دے ہو رہی ہے اور متعلقہ ایڈ ا	 اب اسے تصویر پر لے دے ہو رہی ہے اور متعلق آئیڈیا
common_voice_ur_38434427.mp3	اس صائب مشورے کی روشنی میں بھارتی جاسوس اورفساد گر کلبھوشن یادیو کو بھی چھوڑ دینا چاہیے۔	 اس سائت مشورے کی روشٹی میں بھارتی جہسوس اور فساد کرنے کا پوشن جاتے ایک موکل چھوڑ دینا چاہیئے
common_voice_ur_32028854.mp3	گندم کے بعد اب چینی کی درامد پر بھی ریگولیٹری ڈیوٹی ختم	 گنم کے بعد اب جینی کی درامت پر بھی ریگلیٹری ڈیوٹی ختم
common_voice_ur_32017420.mp3	سرفراز نے بلے بازوں کو شکست کا ذمہ دار قرار دے دیا	 سر فراز نے بلے بازوں کو شکست کا ذمہ دار قرار دے دیا
common_voice_ur_38433782.mp3	پھر یہ خطہ عالمگیر انقلاب کے لیے جدو جہد کی بنیاد بن جا ئے گا۔	 پھلی یہ خطاہ علمدھیر انکر آپ کے لئے جد و جہت کی گنیاد بن جائے گا
common_voice_ur_38458174.mp3	انہی دنوں ملالہ کو دھڑادھڑ مختلف ایوارڈز اور انعامات دیے جا رہے تھے۔	 انھی دنوں ملالہ کو دھڑا تھر مختلف اوورٹز اور انعمات دیئے جا رہے تھے
common_voice_ur_38447541.mp3	پیٹرول کی قیمت روپے ڈیزل پیسے فی لیٹر کم کرنے کا اعلان	 پیچرال کی قیمت روپے ڈیزل پی سے فی لٹر کم کرنے کا اعلان
common_voice_ur_41142168.mp3	اکثریت پاکستانی لوگوں کے معاشرتی ، سیاسی اور معاشی نظریا ت کی عکاسی کرتا ہے	 اکسریت پاکستانی لوگوں کے معاشرتی، سیاستی اور معاشی نظریات کے اکاسی کرتا ہے۔
common_voice_ur_41156515.mp3	بھارت ٹیسٹ میچز کی پانچ سنچریز مکمل کرنے والا چوتھا ملک بن گیا	 بھارت تسٹ میچز کے پانچ سنچریز مکمل کرنے والا چوٹھا ملک بن گیا
common_voice_ur_31968678.mp3	کن کھلاڑی نے اچھ کارکردگی پیشہ کی اور وہ کونہ سے کھلاڑی تھے	 ان خلادی نے اچھ کار کردگی، پیشہ کی اور وہ کونیں سے خلادی تھے
common_voice_ur_31878964.mp3	اللہ کے نام سے شروع جو بڑا مہربان نہایت رحم والا ہے	 اللہ کا نام سے شروع جو بڑا محبان ہے، اترحم اللہ ہے
common_voice_ur_32043852.mp3	مجھے پتا کرنا تھا کے کراچی کےلیے ٹرین کب روانہ ہو گی۔	 مجھے پتا کرنا تھا کہ کراچی کے لئے ٹرین کب روحانہ ہوگی
common_voice_ur_32047220.mp3	غصہ ، ہوس اور لالچ انسان کی روح کو مردہ کر دیتے ہیں	 گسا ہوس اور لالت انسان کی روح کو مرد تا کر دیتا ہے
common_voice_ur_26701477.mp3	قومی تاریخ کے ہر موڑ پر یہ اختلاف مو جود رہا ہے۔	 قومی تاریخ کے ہر مور پر یہ اختلاف موجود رہا ہے۔
common_voice_ur_31950754.mp3	ماحولیاتی تبدیلیوں سے نمٹنے کے لیے ماحولیات کو نصاب کا حصہ بنایا جائے۔	 معہوریاتی تبدیلیوں سے نمٹنے کے لیے معہوریات کو نصاب کا حصہ بنائے جائے
common_voice_ur_41036618.mp3	چیئرمین ایف بی ار شبر زیدی کو تبدیل نہیں کیا جارہا نعیم الحق	 چرمین اف بی آر شبر زیادہ کو تبدل نہیں کیا جا رہا نئمال حال
common_voice_ur_31091818.mp3	کرا چی کو قومی دھارے میں لانا آج ملک کی ضرورت ہے۔	 کراشی کے قومدارے میں لانا آج ملک کی ضرورت ہے
common_voice_ur_32031094.mp3	سعودی مسلح افواج کے سربراہ جنرل فیاض بن حامد الرویلی نے بحرین کا دورہ کیا	 سوڑی مو صلی اللہ صلی اللہ صلی اللہ صلی اللہ صلی اللہ صلی اللہ صلی اللہ صلی اللہ صلی اللہ صلی اللہ صلی اللہ صلی اللہ صلی اللہ صلی اللہ صلی اللہ صلی اللہ صلی اللہ صلی اللہ صلی اللہ صلی اللہ صلی اللہ صلی اللہ صلی اللہ صلی اللہ صلی اللہ صلی اللہ صلی اللہ صلی اللہ صلی اللہ صلی اللہ صلی اللہ صلی اللہ صلی اللہ صلی اللہ صلی اللہ صلی اللہ صلی اللہ صلی اللہ صلی اللہ صلی اللہ صلی اللہ صلی اللہ صلی اللہ صلی اللہ صلی اللہ صلی اللہ صلی اللہ صلی اللہ صلی اللہ صلی اللہ صلی اللہ صلی اللہ صلی اللہ صلی اللہ صلی اللہ صلی اللہ صلی اللہ صلی اللہ صلی اللہ صلی اللہ صلی اللہ صلی اللہ صلی اللہ صلی اللہ صلی اللہ صلی اللہ صلی اللہ صلی اللہ صلی اللہ صلی اللہ صلی اللہ صلی اللہ صلی اللہ صلی اللہ صلی اللہ صلی اللہ صلی اللہ صلی اللہ صلی اللہ صلی اللہ صلی اللہ صلی اللہ صلی اللہ صلی اللہ صلی اللہ صلی اللہ صلی اللہ صل
common_voice_ur_31988164.mp3	مثال کے طور پر اگر آپ کسی نوکری کے انٹرویو کے لیے جاتے ہیں	 مثال کے طور پر اگر آپ کسی نوکری کے انٹریو کے لئے جاتے ہیں
common_voice_ur_32056074.mp3	وہ چھلانگ لگا کر کار میں گھسا اور پچھلی سیٹ پر لیٹ گیا۔	 وہ چلانگ لگا کر کار میں گھسا اور پچھلی سیٹ پر لیٹ گیا
common_voice_ur_32050274.mp3	زمبابوے میں جاری سہ ملکی سیریز کا فائنل کل کھیلا جائے گا	 زنوابی مجاری سے مولکی سیریز کا فائنل کل کھیلا جائے گا
common_voice_ur_31979612.mp3	اس پورے خطے میں وہ امن اور انصاف کا ذمہ دار تھا۔	 اس پورے خطے میں وہ امن اور انصاف کا ذمہ دار تھا
common_voice_ur_31809519.mp3	ان سب خوش رنگینیوں کے ساتھ چترال کے سادہ لوح اور شرافت کی نعمت سے	 ان سب خوش رنگینیوں کے ساتھ چطرال کے سادہ لوح اور شرافت کی نعمت سے
common_voice_ur_32060437.mp3	میں پُریقین ہوں وہ ایک مکمل بولی کے لیے جا رہے ہوں گے	 میں پوری اکیونوں وہ ایک مکمل بولی کے لیے جا رہی ہوں گے
common_voice_ur_32059162.mp3	دورہ ائرلینڈ اور انگلینڈ کی تیاریاںقومی کھلاڑیوں کا تربیتی کیمپ لاہور میں جاری	 دور آیلینڈ اور انگلینڈ کی تحییریاں کو ہمیں کھلاریوں کی تربیتی کی املہ اور مجاری
common_voice_ur_31990498.mp3	تیندوے کی تصدیق مختلف شکاریوں کو یہاں کھینچ سکتی ہے شکار کے لیے	 تہنوے کی تصدیب مختلف شکاریوں کو یہاں کھینچ سکتی ہے شکار کے لیے
common_voice_ur_31930488.mp3	وہ مذہب کے نام پر تشدد کی ہر صورت نفی کرتے ہیں۔	 وہ مذہب کے نام پر تشہدت کی ہر صورت نفی کرتے ہیں
common_voice_ur_32019931.mp3	درحقیقت ہر رشتہ ہی مطلبی اور خودغرض بن کر رہ چکا ہے	 بھرکی کا تھاریشتہ ہی مطلبی اور ہم گرز ورنگر رہ چکا ہے
common_voice_ur_31929789.mp3	اور ایک فرشتے کے مسلط کیے جانے کی تعبیر اختیار کی گئی ہے	 اور ایک فرشتے کی مسلط کیا جانے کی تابیر اختیار کی گئی ہے
common_voice_ur_31794344.mp3	یا رسول اللہ، کیا آپ کے ساتھ بھی یہی معا ملہ ہے؟	 یا رسول اللہ کیا آپ کے ساتھ بھی یہی مابلا ہے؟
common_voice_ur_32023672.mp3	میرا کہنا یہ تھا کہ ٹاک شو میں اصلا دو فریق ہیں۔	 میرا کہنا یہ تھا کہ ٹاک شو میں اسلاد و فریق ہیں
common_voice_ur_31967941.mp3	دونوں ملکوں کی مسلح افواج کے سربراہوں نے تبادلہ خیال کیا ہے	 دونوں ملکوں کی مسئلہ فواج کے اثر براہوں نے تبادلہ حیال کی ہے
common_voice_ur_31823474.mp3	پریمییر لیگ فٹبال مانچسٹر یونائیٹڈ نے ٹاپ ٹیم مانچسٹر سٹی سے فتح چھین لی	 پریمئر لیگ فٹبال منچسٹر یونائیٹڈ نیٹ top team منچسٹر سٹی سے فتح چھین لی
common_voice_ur_32006135.mp3	کیا آج کا ادیب ا ور شاعر اس روایت سے وابستہ ہے؟	 کیا آج کا عدیب و شاہر اس روایے سے و بستا ہے؟
common_voice_ur_32004940.mp3	ہمارا سلام ہے آپ سب ڈاکٹرس اور ہسپتال کے تمام سٹاف کو	 ہمارا سلام ہے آپ سب دکٹرز اور اسپتال کی تمام سٹاپ کو
common_voice_ur_31980533.mp3	میں نے مشورہ دیا کہ ہماری پاس چینی وافر مقدار میں موجود ہے	 مجھے مجھے مجھے مجھے مجھے مجھے مجھے مجھے مجھے مجھے مجھے مجھے مجھے مجھے مجھے مجھے مجھے مجھے مجھے مجھے مجھے مجھے مجھے مجھے مجھے مجھے مجھے مجھے مجھے مجھے مجھے مجھے مجھے مجھے مجھے مجھے مجھے مجھے مجھے مجھے مجھے مجھے مجھے مجھے مجھے مجھے مجھے مجھے مجھے مجھے مجھے مجھے مجھے مجھے مجھے مجھے مجھے مجھے مجھے مجھے مجھے مجھے مجھے مجھے مجھے مجھے مجھے مجھے مجھے مجھے مجھے مجھے مجھے مجھے مجھے مجھے مجھے مجھے مجھے مجھے مجھے مجھے مجھے مجھے مجھے مجھے مجھے مجھے مجھے مجھے مجھے مجھے مجھے مجھے مجھے مجھے مجھے مجھے مجھے مجھے مجھے مجھے مجھے مجھے مجھے مجھے مجھے مجھے مجھے مجھے مجھے
common_voice_ur_31929471.mp3	پاکستان اور ائی ایم ایف کے درمیان پوسٹ پروگرام مذاکرات کا اغاز	 پاکستان اور آئی ایم ایف کے درمیان پوسٹ پرگرام مذاقرات کا آغاز
common_voice_ur_31952360.mp3	"ایک فون میں ""ای سگریٹ"" کا اضافہ بھی کر دیا گیا ہے"	 ایک فون میں ای سکرٹ کا اضافہ بھی کر دیا گیا ہے
common_voice_ur_31952568.mp3	یہ ناکامی اس بیانیے کے فروغ کا کس حد تک باعث ہے؟	 یہ نقامی اس بیانیے کے فروقہ تس حد تک بائیس ہے
common_voice_ur_31952032.mp3	دیگر عبادت گاہوں میں بھی دعائیہ تقریبات کا اہتمام کیا گیا تھا	 دیگر عبادہ کا ہوں میں بھی دعایہ تکریبہ کا اتمام چاہ دیا تھا
common_voice_ur_32037140.mp3	خوشونت سنگھ نے علامہ اقبال کے کلام کا انگریزی ترجمہ کیا ہے	 خشنت سنگھ نے اللامہ اقبال کے کلام کا انگریزی ترجمہ کیا ہے
common_voice_ur_31929778.mp3	نوٹ بک کے بعد ان سے بھی مختصر کمپیوٹرز پام ٹوپ کے نام سے متعارف ہوئے	 نوٹ بوک کے بعد ان سے بھی مختصر کمپیوٹرز پاوم ٹوپ کے نام سے مدارف ہوئے
common_voice_ur_31917360.mp3	پبلک اکانٹس کمیٹیوزارت اطلاعات کو بجٹ سے زائد ثانوی گرانٹ جاری ہونے کا انکشاف	 پبلک اکونٹس، کومیٹی وزارت اطلاعات کو بجٹ سے زائد سانمی گرانٹ جاری ہونے کے انکشاف
common_voice_ur_31930226.mp3	اقبال کی شاعری نے دنیائے اسلام میں ایک انقلاب پیدا کر دیا۔	 اقبال کی شہری نے دنیا اسلام میں ایک انتلاب پیدا کر دیا
common_voice_ur_38502257.mp3	مک جائے نام تیرا سیاست کے فسانے سے تیرا رونا ہی بنتا ہے زمانے میں	 مقجعِ نام تیرا سیاست کے فسانے سے تیرا رونا ہی بنتا ہے زمانے میں
common_voice_ur_31853649.mp3	انفیکشن ایک شخص سے دوسرے میں سانس کے ذریعے منتقل ہوتا ہے	 انفیکشن ایک شخص سے دوسرے میں سانس کے ذریعے منتقل ہوتا ہے
common_voice_ur_31853684.mp3	لندن قومی ٹیم کا ٹاس جیت کر انگلش کانٹی کلب کیخلاف بیٹنگ کا فیصلہ	 لندن کومنی ٹیم کا ٹوز جیت کر انگلش کونٹی کلاب کے خلاف بیٹنگ کا فضلہ
common_voice_ur_38446812.mp3	میں کسی جلسے میں جاتا تو ہاتھ ملانے سے پہلے لوگوں سے بغل گیر ہوتا۔	 میں کسی چلسے میں جاتا تو ہاتھ ملانے سے پہلے لوگوں سے بگل گیر ہوتا
common_voice_ur_38437398.mp3	یہ سارے کا سارا مکینک کا فالٹ ہے کمپنی سے بائیک بیسٹ سیٹنگ سے سیٹ ہو کر نکلتی ہے	 یہ سارے کا سارا میکینک کا فالٹ ہے کمپنی سے بائیگ بیسٹ سیٹنگ سے سیٹ ہو کر نکل دی ہے
common_voice_ur_31951967.mp3	وہ عزم و ہمت کا ایک ایسا استعارہ ہے، جو ہمیشہ چمکتا رہے گا۔	 وہ ازم و حمد کا ایسا استحارہ ہے جو ہمیشہ چمکتا رہے گا
common_voice_ur_31953574.mp3	آئندہ کا نقشہ محکمہ زراعت اورمنصفین کو مل بیٹھ کر بنانا چاہیے	 آئندہ کا نقشہ محكمہ زراعت اور منصفین کو بلی بیٹ کر بنانا چاہتے ہیں
common_voice_ur_38444948.mp3	اسلامی سکالر کے طور پر مولانا طارق جمیل کو پسندیدہ قرار دیا	 اسلامی سکالر کے طور پر مولانا تارک جمیل کو پسندیدہ قرار دیا
common_voice_ur_31879400.mp3	میں لیوائز کے ساتھ اپنی میوزک ویڈیو کی ریلیز پر بہت خوش ہوں	 میں لبائیس کا ساتھ اپنی موزیک ویڈیو کی رلیس پر بہت خوش ہوں
common_voice_ur_31809200.mp3	آج بھی وہ خوشبو کم نہیں ہوئی دل بے چین ہوگیا:جی اماںجی؟	 آج فی و خشفوں کم نہیں ہوئی دل پہ چین ہو گیا جی اماؤ جی
common_voice_ur_31998373.mp3	شیوسینا اور مودی سرکار کا گٹھ جوڑ شہریار کو بلایا ہنگامہ کرایا	 شویسا اور موڈی سرکار کا قرط جوڑ شہریار کو بلاہہ ہنگاہ مکرائے
common_voice_ur_31863821.mp3	کھلاڑی جنوبی افریقہ کے خلاف سیریز میں بھی جگہ حاصل کرلیں گے ۔	 شلاڑے جنوبی افریقی کے حلاف سیریز میں بھی جگہ حاصل کر لیں گے
common_voice_ur_31863795.mp3	اس کے لیے میں نے بعض باتوں کی طرف اشارہ کیا ہے۔	 اس کے لئے میں نے بہت باتوں کی طرف اشارہ کیا ہے
common_voice_ur_31985161.mp3	زندگی کو اس کے اصل رنگ اور ذائقہ کے ساتھ دیکھا اور محسوس کیا	 زندگی کو اس کے اصل رنگ اور زائقے کے ساتھ دیکھا اور محسوس کیا
common_voice_ur_31863731.mp3	پاکستان میں صوبائی اور قومی الیکشن اسی سال مئی میں ہونے والے ہیں	 پاکستان میں صوبائی اور قومی ایلیکشن اسی سال مئی میں ہونے والے ہیں
common_voice_ur_31863874.mp3	اسٹریلیا کے سابق نائب کپتان ڈیوڈ وارنر کا کرکٹ نہ کھیلنے کا عندیہ	 اسٹریلیا کے سابق نائید کپٹان ڈیوڈ وارنر کا کرکٹ نہ کھلنے کا ڈیوڈ وارنر کا کرکٹ نہ کھلنے کا ڈیوڈ وارنر کا کرکٹ نہ کھلنے کا ڈیوڈ وارنر کا کرکٹ نہ کھلنے کا ڈیوڈ وارنر کا کرکٹ نہ کھلنے کا ڈیوڈ وارنر کا کرکٹ نہ کھلنے کا ڈیوڈ وارنر کا کرکٹ نہ کھلنے کا ڈیوڈ وارنر کا کرکٹ نہ کھلنے کا ڈیوڈ وارنر کا کرکٹ نہ کھلنے کا ڈیوڈ وارنر کا کرکٹ نہ کھلنے کا ڈیوڈ وارنر کا کرکٹ نہ کھلنے کا ڈیوڈ وارنر کا کرکٹ نہ کھلنے کا ڈیوڈ وارنر کا کرکٹ نہ کھلنے کا ڈیوڈ وارنر کا کرکٹ نہ کھلنے کا ڈیوڈ وارنر کا کرکٹ نہ کھلنے کا ڈیوڈ وارنر کا کرکٹ نہ کھلنے کا ڈیوڈ وارنر کا کرکٹ نہ کھلنے کا ڈیوڈ وارنر کا کرکٹ نہ کھلنے کا ڈیوڈ وارنر کا کرکٹ نہ کھلنے کا ڈیوڈ وار
common_voice_ur_31863928.mp3	تو وہ کیوں ان مذہبی جماعتوں کو یک جا نہیں کر رہا؟	 تو وہ کیوں ان مذہبی جماعتوں کو یک جا نہیں کر رہا؟
common_voice_ur_31923022.mp3	اب اگر اس جنگ کے اگلے مرحلے میں مسخ شدہ جہادی تصورات	 اب اگر جنگ کے اگلے مرحلے میں مسخش دا جہادی تصورات
common_voice_ur_31842230.mp3	ایک ہزار روپے سے شروع کمپنی لاکھ کروڑ کی مالک بن گئی	 1000 روپے سے شروع کمپنی لاکھ کروڑ کی مالک بن گئی
common_voice_ur_31842188.mp3	یہاں تک کہ آپ واپس حقیقت کی دنیا میں لوٹ آتے ہیں۔	 یہاں تک کہ آپ اپس حقیقت کی دنیا میں لات آتے ہیں
common_voice_ur_31827295.mp3	اور ہم حافظ جی کی طرح پورا قرآن پڑھ گئے بغیر سمجھے	 اور ہم حافظ جی کی طرح پورا قرآن پڑھ گئے باباہہ سمجھے
common_voice_ur_31983829.mp3	نئے ہفتے پر بین الاقوامی مارکیٹ کے اثرات پیر کو سامنے آئیں گے	 نئے ہفتے پر پینو لکوامی مرکیٹ کے اثرات پیر کو سامنے آئیں گے
common_voice_ur_31791277.mp3	معاشی حقائق جاننے کیلیے وزیر اعظم کے غیر جانبدار ماہرین سے رابطے	 معاشی حقائق چاننے کے لیے وزیراعظم کے غیر جانبادار معہرین سے رابطے
common_voice_ur_31977305.mp3	تو یہ ساری مشق گناہ بے لذت کے سوا کچھ نہیں تھی۔	 تو یہ ساری مشک گناہ بے لذت کے سوا کچھ نہیں تھی
common_voice_ur_31828554.mp3	پاکستان کرکٹ بورڈ نے اٹھارہ نوجوان کرکٹرز کو ایمرجنگ کیمپ کیلئے بلا لیا	 پاکستان کرکٹ بور نے 18 نوجوان کرکٹرز کو امرجن گم کیلئے بلا گیا
common_voice_ur_41130732.mp3	درجہ حرارت میں مستقل تبدیلی کے طور پر بیان کیا جاتا ہے	 در جہرارت میں مستقل تبدیلی کے طور پر بیان کیا جاتا ہے
common_voice_ur_41130506.mp3	انہوں نے کہا کہ پاکستان اب معرض وجود میں آ رہا ہے۔	 انہوں نے کہا کہ پاکستان اب مرز او جود میں آرہا ہے
common_voice_ur_31916332.mp3	اور یہ اپنے سالے کا بھی قاتل ھے۔ اب دیکھنا یہ ھے کہ یہ کس طرع مرتا ھے۔	 یہ اپنے سالے کا بھی کاتے ہوئے ہے۔ دیکھنا یہ ہے کہ یہ کس طرح مرتا ہے۔
common_voice_ur_31941911.mp3	آپ کا کھانا کمال نہیں آپ جو مساکین کو کھلاتے ھو سب اس کا صدقہ ھے	 آپ کو کھانا کمال نہیں آپ جو مساکین کو کھلا تھی ہے اس کا صدقہ ہے
common_voice_ur_31837282.mp3	بھلے وہ گورا ہی کیوں نہ ہو اسکو بھی نشان پاکستان ایوارڈ جاتا ہے	 بلے وہ گوارہ ہی کیوں نہ ہو اس کو بھی نشان پاکستان ایوار جاتا ہے
common_voice_ur_31965180.mp3	جس کے پہلے تین بیٹسمین پہلی اننگز میں اسکور پر پویلین لوٹ گئے ۔	 جس کے پہلے تین بیکس میں پہلے ایننگس میں سکول اور پر بلی میں لڑ گیا
common_voice_ur_31860976.mp3	سرشاریہاں کے باشندوں کی مہمان نوازی اور برتائو سیاح کو ساری زندگی یاد رہتی ہیں ۔	 سرشار یہاں پارنشل دوک کی معنوازی اور برتاؤ سیح کو ساری زندگی یاد رہتی ہے
common_voice_ur_31849505.mp3	اسے اندازہ ہوا کہ جو لاوا پک چکا، اب بہنے کو ہے۔	 میں نے اندازہ ہوا کہ جو لعوہ پک چکا ہے اب بہنے کو ہے
common_voice_ur_31998238.mp3	خدا ہر پل ہمارے ساتھ ہے بس دعا کیجئے،انشاءاللہ سب ٹھیک ہوجائےگا	 ہر پیدا ہمارے ساتھ ہے بس دعا کیجئے انشاء اللہ سب ٹھیک ہو جائے گا
common_voice_ur_31791823.mp3	بلکہ یہ کہا جائے گا فلاں نظریہ یا فلاں طرزِ عمل شرک ہے	 بلکہ یہ کہا جائے گا کہ فلان نظریہ فلان طرح سے عمل شرک ہے
common_voice_ur_41170269.mp3	نانا پاٹیکر نے اداکارہ کو جنسی ہراساں کرنے کے الزامات پر خاموشی توڑ دی	 نانا پاتکر نے ادکارہ کو جنسی ہرسا کرنے کے علظامات پر خاموشی توڑ دی
common_voice_ur_32020347.mp3	انسان کو عقیدہ توحید پر ایمان لانے کی دعوت دی گئی ہے	 انسان کو اقیدت تویید پر ایمان لانے کی دعوت دی گئی ہے
common_voice_ur_31934607.mp3	جہاں کے اکثر ملکوں میں سال کے بیشتر حصے کے دوران ٹھنڈک رہتی ہے	 جہاں کے اکثر ملکوں میں سال کے بیشتر حصے کے دران تھندک رہتیا
common_voice_ur_32014930.mp3	حضرت عثمان کی شہادت کے بعد ہر عالم بطورِ خود فتویٰ دینے لگا	 اسمان کی شادت کے بعد ہر عال بطور خود فتوہ دینے لگا
common_voice_ur_32046699.mp3	داسو پاور پراجیکٹ کی تعمیر رواں ہفتے شروع ہوجائے گی چیئرمین واپڈا	 داسو پاور پروڈیکٹ کی تعمیر رواہ ہفتے شروع ہو جائے گی چیرمن وابڑا
common_voice_ur_31828759.mp3	یہ سچ ہے جس کے پیمانے پر گروہوں کو پرکھا جائے گا۔	 یہ سچ ہے جس کے پہمانے پر گراہوں کو پر کھا جائے گی
common_voice_ur_41165422.mp3	جب تک بچوں کو محبت سے پالا جائے وہ خوش رہتے ہیں	 جب تک بچوں کو محبت سے پالا جائے وہ خوش رہتے ہیں
common_voice_ur_38448891.mp3	گزر گیا اب وہ دور ساقی کہ چھپ کے پیتے تھے پینے والے	 گزل گیا اب وہ دور ساکی کے چھپ کے پیتے تھے پینے والے
common_voice_ur_31790481.mp3	گلین میکسویل نے سرفراز احمد سے ہاتھ نہ ملانے پر معذرت کر لی	 جلان میکسویل نے صرف راست احمد سے ہاتھ نہ ملانے پر موازرت کر لی
common_voice_ur_31790554.mp3	کو یاد ہوگا کہ تین چار ماہ پہلے پاناما لیکس کے طوفان	 کو یاد ہوگا کہ تین چار ماہ پہلے پنامہ لیکس کے توفان
common_voice_ur_32028988.mp3	سال کے لیے پالتو خوراک حجم سطح کے برابر تھا کمپنی نے کہا	 سال کے لئے پاتوخ وراغ خوجم ستا کے برابر تاکمینی نے کہا
common_voice_ur_32030829.mp3	چینی سرمایہ کاروں کو اسٹیل ملز خریدنے کی پیشکش کا فیصلہ تبدیل	 چینی سرمائی کاران کورسیل مل سلینے کی پیشفہ سکفہ ساتھ عبدل
common_voice_ur_41130920.mp3	ڈکٹیشن لینے والا ای میل کے ذریعے کالم اخبار کو بھیج دیتا ہے۔	 دیکھ پیشنٹ لینے والا ایمیل کے ذریعے کالم اکبار کو بھیج دیتا ہے
common_voice_ur_31962459.mp3	کراچی میں پی ایس ایل کا جادو سر چڑھ کر بولنے لگا	 کراجی میں پی ایس ہل کا جادو سرچڑ کر پورنے لگا رہا
common_voice_ur_32004949.mp3	مریضوں اور ان کے اہلخانہ کی جانب سے دھمکیوں کا سامنا رہا ہے۔	 بریزوں اور ان کے حل خانہ کی جانب سے جنگ کیوں کا سمنا رہا ہے
common_voice_ur_31916578.mp3	بجٹ میں اس بار تعلیم کے لیے پانچ فیصد بجٹ مختص کیا جائے	 بجٹ میں اس بار تعلیم کے لیے پانچ پیسے بجٹ مختص کیا چاہیے
common_voice_ur_31790497.mp3	ان پر سب سے پہلے بیگم اختر ریاض الدین نے قدم رکھا	 ان پر سب سے پہلے بیگم اختر عزد دین نے قدم رکھا
common_voice_ur_31943199.mp3	بہت زبردست بات ھے کہ بلوچستان کے جنگلی محکمہ ابھی تک زندہ ھے	 بہت امنیس بات ہے کہ پنگسان کی جنگریم ماتمہ ابھی تا جنگا ہے
common_voice_ur_41120346.mp3	آج کی نسلوں کا موسیقی کا ذوق بے حد خراب ہو چکا ہے۔	 آج کی نسلوں کا موسیقی کا ذوق بے ہت خراب ہو چکا ہے
common_voice_ur_31849158.mp3	چولہا کیا تھا دیکھنے میں کوزے کے نچلے حصے کی طرح لگتا تھا	 چولہ کیا تھا دیکھنے میں گوزے کے نچلے سے کی طرح لگتا تھا
common_voice_ur_31790971.mp3	چینی سرمایہ کار ازاد کشمیر کی سیاحت میں سرمایہ کاری کریں سینیٹر عبدالقیوم	 چینی سرمایاکار ازاد کشمیر کی سیاحت میں سرمایاکاری کریں، سینیٹر عبدالکیو
common_voice_ur_31956651.mp3	گورننس کا سب سے اہم پہلو مو جود نظام کی اصلاح ہے۔	 کوئی ننس کا سب سے اہم پہلو موجود نظام کی اسلا ہے
common_voice_ur_31975710.mp3	اور جب ملک سے باہر ہوتے ہیں پاکستانی پاسپورٹ غایب گویا ڈبل مزہ	 اور جب ملک سے باہر ہوتے ہیں پاکستانی پاسپورٹ غیر گویا دبل مزا
common_voice_ur_31975786.mp3	سنسناٹی اوپن ٹینس کا ٹائٹل سوئٹزرلینڈ کے راجر فیڈرر نے جیت لیا	 سنسنی نارٹی آپن ٹینس کا ٹائٹل سویڈزر لینٹی روجر فیڈر نے جیت لیا
common_voice_ur_38500328.mp3	کیا انہوں نے ایک بے بنیاد بات کسی دوسرے سے منسوب کی؟	 کیا انہوں نے ایک بے بھنیات بات کسی دوسرے سے منصوب کی؟
common_voice_ur_31848912.mp3	مفاد کی وجہ میں نے عرض کر دی کہ دھڑے کی سیاست ہے۔	 مفاد کی وجہ سے میں نے ارد کر دی کہ تڑے کی سیاست ہے
common_voice_ur_38467459.mp3	ان کے نزدیک حجاب گھروں میں لٹکائے جانے والے پردے کو کہتے ہیں۔	 ان کے نزدیک ہجاب گھروں میں لٹکائے جانے والے پردے کو کہتے ہیں
common_voice_ur_32027877.mp3	فیفا ورلڈکپ کے سیمی فائنل مرحلے کا غاز کل سے ہو گا	 فیفہ ورلکپ کے سمی فائنل مرحلے کا غاز کل سے ہوگا
common_voice_ur_31922351.mp3	وزیر اعظم نے ورلڈ اکنامک فورم پہ اپنی قادرالکلامی کی دھوم مچا دی۔	 وزیر عظم نے ورلڈ اکنومیک فورم پہ اپنی قادر کلامی کی دھوم مچا دی
common_voice_ur_38422708.mp3	جو ایک تھا اے نگاہ تو نے ہزار کر کے ہمیں دکھایا	 جو ایک تیر نگاہ تو نے ہزار کرکی ہمیں دکھایا
common_voice_ur_31793034.mp3	ہر اچھی چیز کا المیہ یہ ہے کہ وہ ختم ہو جاتی ہے۔	 ہر اچھی چیز کا علمیہ یہ ہے کہ وہ ہتم ہو جاتی ہے
common_voice_ur_31836724.mp3	میں نے ذاتی وجوہات کی بِنا پر قبلازوقت ریٹائرمنٹ لینے کا فیصلہ کِیا ہے	 میں نے ذاتی وجوہات کی بنا پر قبل از وقت ڈٹائرمنٹ لینے کا فیصلہ کیا ہے
common_voice_ur_31836715.mp3	کام شروع کرنے کے لیے حوصلہ افزائی کی ضرورت محسوس کرتا ہوں	 کام شروع کرنے کے لئے خوصلہ اضائی کی ضرورت محسوس کرتا ہوں
common_voice_ur_38422225.mp3	ان کے خیال میں، ایک مسلمان کے لیے اجتماعیت کی اساس نظریہ ہے۔	 ان کے خیال میں ایک مسلمان کیلئے اجتماعیت کی احساس نظریہ ہے۔
common_voice_ur_38422395.mp3	شان مسعودکاؤنٹی کرکٹ میں ڈبل سنچری اسکور کرنیوالے پہلے پاکستانی اوپنر بن گئے	 شان مسود کونٹی کرکٹ میں ڈبل سنچری سکور کرنے والے پہلے پاکستانی اپنر بن گئے
common_voice_ur_31979431.mp3	یوم پاکستان کے موقع پر کھلے سمندر میں ماہی گیروں کے مابین کشتی رانی مقابلے کا انعقاد	 یوم پاکستان کے موقع پر کھلے سمندر میں ماہی گیروں کے مابین کشتی رانی مقابلے کا انکاد
common_voice_ur_38499122.mp3	اسلامی تعلیمات بت پرستی کو اور تصویر پرستی کو یک سر مسترد کرتی ہے	 اسلامی تعلیمات بود پرستی کو اور تصور پرستی کو یاقصر مسترد کرتی ہیں
common_voice_ur_38499085.mp3	منی لانڈرنگ کہانی میں ایک شخص انور مجید کا نام کثرت سے آیا ہے۔	 ایک شخص انور مجید کا نام کسر سے آیا ہے
common_voice_ur_32002964.mp3	ادھر افغانستان میں بھی ایک گروہ نے خود کو داعش قرار دے	 ادھر افغانستان میں بھی ایک گروہ نے خود کو دائش کرار دے
common_voice_ur_31937667.mp3	پہاڑی علاقوں کی یہ خصلت مجھے بہت بھاتی ہے یہ بل کھانے والی خصلت	 پہاری علاقوں کی یہ خصلت مجھے بہت بھاتی ہے یہ بل کھانے والی خصلت
common_voice_ur_32008548.mp3	تحقیق کے مر حلے میں اس کا اعادہ نہیں ہو نا چاہیے۔	 تحقیق کے محلے میں اس کا آدھا نہیں ہونا چاہیے
common_voice_ur_32006366.mp3	عوام کو بیوقوف بنانے کے سارے گُر اپنے بچوں کو اور اپنی بچیوں کو بھی سیکھاتے ہیں	 عوام کا بے وقوف بنانے کے سارے گھڑ اپنے بچوں کو اور اپنی بچیوں کو بھی سکھاتے ہیں
common_voice_ur_31815630.mp3	انٹرنیشنل چیمپئن فٹبال کپ ٹوٹنہم نے روما کو گول سے شکست دے دی	 انٹرنیشنل چیمپین فودبال کپ توٹنام نے رومہ کو گول سے شکست دی
common_voice_ur_32043029.mp3	یہ درحقیقت پیغمبر کی عصمت کی حفاظت کے اس نظام کا نتیجہ ہے	 یہ در حقیقت پیغمبر کی عشقت کی حفاظت کے اس نظام کا نتیجہ ہے۔
common_voice_ur_38417226.mp3	ان مقتدر حلقوں کو ہم نے انتہا پسندی سے نمٹتے بھی دیکھا ہے۔	 ان مختدر حلکوں کو ہم نے انتہا پسندی سے نمیٹے بھی دیکھا ہے
common_voice_ur_41167003.mp3	حدود آرڈیننس کے خاتمے سے معاشرے کے غیر فطری پن میں کمی آئے گی۔	 حدود آرڈننس کے خاتمے سے معاشرے کے غیر فطری پن میں کمی آئے گی
common_voice_ur_38417014.mp3	دن سے کیا مراد ہے اور گھنٹے کو کس کے مساوی سمجھا جائے؟	 دن سے کیا مراد ہے اور گھنٹے کو کس کے مسابعہ سمجھا جائے
common_voice_ur_32012529.mp3	بہت چاؤ سے بیٹے کی زندگی کو خوشگوار بنانے کی کوشش کی جاتی ہے	 بہت چاؤ سے بیٹی کی زندگی کو خشکوات بنانے کی کوشش کی جاتی ہے
common_voice_ur_31815656.mp3	اب وہ عام سیاست دانوں کی صف میں آ کھڑے ہوئے تھے۔	 اب وہ عام سیاستدانوں کی صف میں آنکھ کرے ہوئے تھے
common_voice_ur_31828267.mp3	حکومت کی مہنگائی کے مارے عوام پر ایک اور بم گرانے کی تیاریاں	 حکومت کی مہنگائی کے بارے عوام پہ ریکار بھم گرانے کی تیاریاں
common_voice_ur_32011805.mp3	ساتھ ہیمپٹن ٹیسٹ کا دوسرا دن پجارا اور معین علی کے نام	 ساتھ ہمپٹن ٹیسٹ کا دوسرا رین، پجارہ اور موئنگ علی کے نام
common_voice_ur_32009759.mp3	آج بھی لوگ بحث کرتے ہیں کہ عقل ماخذ علم یا وحی؟	 آج بھی لوگ بحث کرتے ہیں کہ اکل ماخز علم یا وحی
common_voice_ur_31957836.mp3	یہ خو بصورت وادی ا دل کش نظاروں کی وجہ سے سیاحوں میں مشہور ہے ۔	 یہ قبصورت وادی دلکش نظاروں کی وجہ سے سیاہوں میں مشہور ہے
common_voice_ur_31792241.mp3	سبزہ کی بھرمار تھی کہیں میدان آ جاتا پھر جنگل شروع ہو جاتا	 سبزا کی بھرمار تھی کہیں میدان آ جاتا پھر جنگل چلو ہوجاتا
common_voice_ur_32000240.mp3	اے خدا کے بندوں کبھی سوچا ہے قبر کا عذاب کتنا خطرناک ہے	 اے خدا کے بندے کبھی سوچا ہے کہ قبر کا عظام کتنا ہوتناک ہے
common_voice_ur_31836936.mp3	ابھی یہ طے ہو نا ہے کہ کون سی صنعت کہاں لگنی ہے۔	 ابھی یہ تین ہونا ہے کہ کون سی سنت کہاں لگنی ہے
common_voice_ur_31927844.mp3	ترغیب کے اثرات سے بیماریوں سے بھی چھٹکارا حاصل کیا جاسکتا ہے جیسے کینسر	 ترغیب کے اثرات سے بیماریوں سے بھی چک خارہ حاصل کیا جا سکتا ہے جیسے کینسر
common_voice_ur_32000725.mp3	میں دنیا کی ساتویں ایٹمی طاقت اور دنیا کے پانچویں بڑے مُلک کا وزیراطلاعات ہوں	 میں دنیا کی ساتوی ایٹمی طاقت اور دنیا کے پانچوے بڑے ملک کا وزیرے اطلاعات ہوں
common_voice_ur_31935956.mp3	یہ ان کی عطا ہے جو اس سیاسی بندوبست کے خالق ہیں۔	 یہ ان کی آتا ہے جو اس سیاسی بندوبس کے خالق ہیں
common_voice_ur_38420093.mp3	نہ ہو جب دل ہی سینہ میں‘ تو پھر منہ میں زباں کیوں ہو؟	 نہ ہو جب دل ہی سینہ میں تو پھر مو میں زبان کیوں ہو
common_voice_ur_38482733.mp3	ان کے لکھے خاکے ان کے سماجی اورعلمی پس منظر، تربیت، ذوق اور رجحانات کا عکس ہیں۔	 ان کے لکھے خاکے ان کے سماجی اور علمی پس منظر تربیت، زوک اور رجحانات کا اکس ہیں
common_voice_ur_31888019.mp3	میٹھے انڈے کا نام سننا تھا کہ سب کے ماتھے پر شکنیں پڑ گئی	 میٹھی اڈے کا نام سننا تھا کہ سب کے ماتھے پر شکنے پڑ گئیں
common_voice_ur_31951045.mp3	نبی رحمت حضرت محمد مصطفیٰ صلی اللہ علیہ وسلم پر ہزاروں درود و سلام	 نبی رحمت حضرت محمد مصطفیٰ صلی اللہ علیہ وسلم پر حضاروں درود و سلام
common_voice_ur_41161421.mp3	ویب سائب یوٹیوب پر پابندی طلبہ و طالبات کو کس طرح متاثر کر رہی ہے	 ویبسائیڈ یوٹیو پر پبندی تلبہ و تلبات کو کس طرح متاثر کر رہی ہے؟
common_voice_ur_31974643.mp3	کہ حضرت صفیہ کے مسجد میں حضور سے ملنے آنے کا واقعہ	 کہ حضرت صفیہ کی مسجد میں حضورﷺ سے ملنے آمنے کا واقع ہے
common_voice_ur_31812767.mp3	تو ان لمحوں میں بھی امید کا ایک در کھلا رہتا ہے۔	 تو ان وطنہوں میں بھی امید کا ایک در کھلا رہتا ہے
common_voice_ur_32015336.mp3	جنگلی حیات کی حفاظت کے لیے شکار پر مکمل پابندی ہونی چاہیے	 جنگری حیات کی افازت کے لئے شکار پر مکمل پابندی ہونی چاہیئے
common_voice_ur_31961900.mp3	اسکی جان کو خطرے میں ڈال دیا آپ نے رپورٹنگ کر کے	 اس کی جان کو خطرے میں ڈال دیا آف نے رپورٹنگ کر کے
common_voice_ur_31834346.mp3	بیرون ملک مقیم پاکستانیوں کیلئے لاکھ ڈالر تک کے سرٹفکیٹ جاری کرنے کا اعلان	 بیرونے ملک مکیم پاکستانیوں کیلئے لاکھ ڈالر تک کے سٹیٹفکیر جاری کرنے کا اعلان
common_voice_ur_31812683.mp3	کچھ باقی دوست جن کو اندر جگہ نہ ملی وہ لٹک گئے ۔	 کچھ باقی دوست جن کو اندر جگہ نہ ملی وہ لٹتے ہیں
common_voice_ur_38483929.mp3	جغرافیائی طور پر پاکستان جنوبی ایشیا کے شمال مغربی حصے میں واقع ہے	 جغرافائی طور پر پاکستان جنوبی ایشیا کے شمال مغربی حصے میں واقع ہے۔
common_voice_ur_31834167.mp3	عالم اسلام کے اس قلعے کو مسمار کرنے میں کوئی دقیقہ فروگزاشت نہ کیا جائے	 عالمِ اسلام کے اس قلعے کو مسمار کرنے میں کوئی دقیقہ فروگ زاشت نہ کیا جائے
common_voice_ur_31948861.mp3	جہاں پر انسان نے قدم رکھا اس جگہ کو آلودہ کرتا گیا	 جہاں پر انسان نے قدم رکھا اس جگہ کو علودہ کرتا گیا
common_voice_ur_31813026.mp3	سورۂ رعد میں اس سے بھی واضح الفاظ میں یہ بات بیان ہوئی ہے	 سورہ رات میں اس سے بھی بازی علفاز میں یہ بات بیان ہوئی ہے۔
common_voice_ur_32050562.mp3	یہ آزمایش کے لیے جنوں اور انسانوں کو دی گئی آزادی ہے	 یہ ازمائش کے لئے جنوں اور انسانوں کو دیگی ازادی ہے
common_voice_ur_31855001.mp3	تعلیم کا بجٹ بڑھانے کا مطالبہ ٹوئٹر ٹرینڈز کی شکل میں بھی دیکھنے میں آیا	 تعلیم کا بجر بڑھانے کا مطالبہ تویٹر ٹرینڈ کی شکل میں بھی دیکھنے میں آیا
common_voice_ur_41161498.mp3	اب شام ڈھلے اور موضوعات دل کو گھیر ے میں لیے رکھتے ہیں۔	 اب شام دھلے اور معزوہ دل کو بھیرے میں لیے رکھتے ہیں
common_voice_ur_31835428.mp3	ایف بی ار اور تاجروں پر مشتمل ٹیکس سروے ٹیمیں متنازع ہو گئیں	 فپر اور تاجروں پر مشتمل ٹیکس سروئی ٹی میں متناظر ہو گئیں
common_voice_ur_31822754.mp3	بی بی سی والوں کو یہ وڈیو بنانی تب کیوں یاد نہ آئی	 دی بی سی والوں کو یہ ویڈیو بنانی تب کیوں یاد نہ آئی
common_voice_ur_31927158.mp3	کچھ داو پر لگا ہوا ہے لیکن بہت دہائیوں بعد اگر پاکستان کے	 کچھ دوا پر لگا ہوا ہے لیکن بہت دوایے نہیں اور بات اگر پاکستان کے
common_voice_ur_38437811.mp3	ڈاکٹر یوں گھبرا کر پیچھے ہٹا کہ طلعت کو سخت غصہ آیا	 دکٹر یوں گبرا کر پیچھے ہٹا کے تلت کو سخت گسہ آیا
common_voice_ur_38457063.mp3	مزاحیہ اداکار کپل شرما کو بھاری پڑی فلرٹنگ سلمان خان کے پاس پہنچی شکایت	 مزاہی عدقار قپل شرما کو بھاری پڑی پلورٹنگ سلمان فان کے پاس پہنچی شقائد
common_voice_ur_38430062.mp3	انہوں نے اور پوری اسمبلی نے مبینہ طور پر انتہا کر دی تھی۔	 انھوں نے اور پوری اسملی نے مبینہ طور پر انتہا کر دی تھی
common_voice_ur_38432737.mp3	اس وقت جب امام غائب ہیں، قوم کو ولایت فقیہ کی ضرورت ہے۔	 اس وقت جب امام غایب ہیں، قوم کو ولایت فکیہ کی ضرورت ہے
common_voice_ur_38432795.mp3	کہ جس کو ہم چاہیں وہ کیوں نہ خود پر ناز کرے	 کہ جس کو ہم چاہیں وہ کیوں نہ خود پر ناس کرے
common_voice_ur_26756920.mp3	فیفا ورلڈ کپ یوروگوئے کی ٹیم روس سے سعودی عرب کی ٹیم مصر سے ٹکرائے گی	 فیفہ ولکپ یورو گوئی کی ٹیم روز سعودی عرب کی ٹیم مصر سے ٹکرائے گی
common_voice_ur_38480911.mp3	سنی لیونی کا نام سرکاری ملازمت کے امیدواروں کی فہرست میں انے پر تنازع	 سنی لیونی کا نام سرکاری ملازمت کے امیدواروں کی فہرست میں آنے پر تناظر
common_voice_ur_31835488.mp3	کیا اس جذبے نے ان کے معاشی مفادات سے جنم لیا ہے؟	 کیا اس جزب میں نے ان کے معاشی بہادات سے جنم دیا ہے؟
common_voice_ur_41149012.mp3	واقعہ یہ ہے کہ وہ قوم کے اجتماعی ضمیر کی علامت تھیں۔	 واقعی یہ ہے کہ وہ قوم کے اجتماعی زمین کی علامت تھے
common_voice_ur_41149025.mp3	خطاب کے دوران کہا کہ روز سے صنعتی علاقوں میں میںسےگھنٹے کی لوڈشیڈنگ	 خطاب کے دران کہا کہ روز سے سنہتی علاقوں میں میرے سے گھنٹے کی لوٹ شڑیں
common_voice_ur_33635800.mp3	اگر یہ محض اسلامی امریکی کانفرنس ہوتی تو اس میں کیا حرج تھا؟	 اگر یہ محض اسلامی امڈی کا امڈی کی کانفرنس ہوتی تو اس میں کیا خرج تھا؟
common_voice_ur_38475785.mp3	پیغمبروں کی سیرت یہی کہتی ہے اور قوموں کی تاریخ بھی یہی شہادت دیتی ہے۔	 پیغمبروں کی سیرت یہی کہتی ہے اور قوموں کی تاریخ بھی یہی شہادت دیتی ہے
common_voice_ur_38414715.mp3	اور شہریوں سے اپیل کی کہ وہ ایس او پیز پر عمل کریں	 اور شہریوں سے اپیل کی کہ وہ SOPs پر عمل کریں
common_voice_ur_38483480.mp3	نیلو کا تعلق شہر بھیرہ سے تھا اور وہ ایک کرسچیئن فیملی میں پیدا ہوئیں۔	 نیلو کا تعلق شہر بہیرہ سے تھا اور وہ ایک قسطن فیملی میں پیدا ہوئی
common_voice_ur_31814667.mp3	ارجنٹائن گراں پری موٹو جی پی کا ٹائٹل انگلینڈ کے کال کرچلو لے اڑے	 آرجنٹائن گرانپری موٹو جی پی کا ٹائٹل انگلین کے کال کر چلو لے اڑے
common_voice_ur_38475321.mp3	اس میں عوام جھوٹے کو کسی منصب کے لیے نا اہل سمجھتے ہیں۔	 اس میں عوام جھوٹے کو کسی منصف کے لئے نعیر سمجھتے ہیں
common_voice_ur_38464034.mp3	ہم اور بھی سہم گئے کہ لالہ جی کچھ ناراض معلوم ہوتے ہیں	 ہم اور بھی سہم گئے کہ لالا جی کچھ نراز معلوم ہوتے ہیں
common_voice_ur_31835086.mp3	یہی وجہ ہے کہ جن علاقوں میں حکومت کی گرفت کمزور ہوتی ہے	 یہی وجہ ہے کہ جن علاقوں میں حکومت کی گرفت کمزور ہوتی ہے
common_voice_ur_31950149.mp3	جو رکے تو کوہ گراں تھے ہم جو چلے تو جاں سے گزر گئے	 جو رکھے تو کوئے گرہاں تھیں ہم جو چلیں تو جہاں سے گزر گئے
common_voice_ur_41158720.mp3	عورت ہوکر خواتین کے گینگ ریپ پر اکسانے والی شیطان سے بڑھ کر ہے	 عورت ہو کر خواتین کے گینگ ریپ پر اکسانے والی شیطان سے بڑھ کر ہے
common_voice_ur_41159240.mp3	تو کیا ایک بچہ چلنا بولنا اور کھانا پینا کیسے سیکھ سکتا ہے	 تو کیا ایک بچہ چلنا بولنا اور کھانا پینا کیسے سکتا ہے؟
common_voice_ur_41163280.mp3	وہاں سے ان کی نظریں پہلے پنجاب اور پھر ہندوستان پر لگیں۔	 وہاں سے ان کے نظریں پہلے پنجاب اور پھر ہندوستان میں لگیں۔
common_voice_ur_33854328.mp3	محترمہ ثمینہ شیخ صاحبہ گجرات سے آپ کی رپورٹ مختصر لیکن عمدہ تھی	 محترمہ سمینہ شیک صاحبہ، گجراد سے آپ کی رپوٹ مقتصر لیکن امدہ تھی
common_voice_ur_33854378.mp3	اس کی آنکھوں کا کر ب میرے دماغ کے اندر بنے ہوئے	 اس کی آنکھوں کا قرب میرے دماؤں کے اندر بنے ہوئے
common_voice_ur_38504686.mp3	فیشن ویک میں مرد ماڈل کی جانب سے خاتون کے جوتے اٹھاکر واک کرنے کی تعریفیں	 فیشن ویگ میں مرک موڈل کی جانب سے کاتون کے جھوٹے اُٹھا کر واک کرنے کی طریقیں
common_voice_ur_32006992.mp3	اب مذہبی انتہا پسندی کے آخری دن آ گئے مولانا فضل الرحمن	 اب مذہبی انتہاب سندی کے آخری دن آگئے ملانا فضل الرحمن
common_voice_ur_31955960.mp3	آج مذہبی حلقوں میں حکومت کا کوئی ہم نوا باقی نہیں ہے	 آج مذہبی حلقوں میں حکومت کا کوئی ہمناوا باقی نہیں ہے
common_voice_ur_31971319.mp3	حکومت کو اس وقت رد عمل کی نفسیات سے نکلنا ہو گا۔	 حکومت کو اس وقت رد عمل کی نفسیات سے نکلنا ہوگا
common_voice_ur_38451535.mp3	اس لیے، حق واضح ہوجائے تو پھر انتخاب کا حق چھن جاتا ہے۔	 اس لیے ہتھ بازے ہو جائے تو پھر انتہائی پہ ہتھ چھن جاتا ہے
common_voice_ur_38415468.mp3	بہتر ہے کہ کلمہ پڑھ لو اور اللہ کی طرف جانے کی تیاری کر لو	 بہتر ہے کہ کلمہ پڑھ لو اور اللہ کی طرف جانے کی تیاری کر لو
common_voice_ur_38417359.mp3	اورغالب کے الفاظ میں شکوہ کروں کہ ایک اور خزانہ تیرے حوالے ہے۔	 اور گالک کے الحاظ میں شکوہ کروں کہ ایک اور حزانہ تیرے حوالے ہے
common_voice_ur_31835323.mp3	اور پھر ایک بہادر ہیرو کے ذریعہ آدمی میں شکست کھاتا ہے	 اور پھر ایک بہادر ہیرو کے ذریعے آدمی یہ شکست کھاتا ہے
common_voice_ur_31944816.mp3	پولیس والوں نے ان کو پالا ھے پولیس ان کی پشت پناہی کررہا تھا	 پولیس والوں نے ان کو پالا ہے پولیس ان کی پشت پناہی کر رہا تھا
common_voice_ur_31930860.mp3	کسی سے پیار کرنا اور کسی کا پیار ہو جانا سب سے بڑی خوشیاں ہیں۔	 کسی سے پیار کرنا اور کسی کا پیار پہنچانا سر تبڑی خوشی ہیں
common_voice_ur_38415167.mp3	روزے دار کے منہ کی بو مجھے مشک کی خوش بو سے زیادہ پسند ہے	 روزدار کے مو کی بو مجھے مشکی خشبو سے زیادہ پسند ہے
common_voice_ur_32059021.mp3	اس لئے ابھی اس گاڑی کو بیچنے پر اتنا زور نہیں دیا گیا	 اس لئے ابھی اس گارڈی کو بچنے پر اتنا زور نہیں دیا گیا
common_voice_ur_38428781.mp3	پھر لٹریچر سے شغف کے باعث، یہ نو جوان اسالیب سخن سے بھی واقف ہیں۔	 پھر لٹریچر سے شکث کے باعث یہ نوجوان ایسا لیب صخن سے بھی واقع ہیں
common_voice_ur_38446078.mp3	اورنگزیب کے بعد کمزور حکمران آئے تو سلطنت انتشار کا شکار ہوتی گئی۔	 اور انزیب کے بعد قمضور حکمران آئے تو سلطنت انتشار کا شکار ہوتی گئی
common_voice_ur_31943645.mp3	یہ معلوم کرنا مشکل نہیں کہ کس ملک کا کتنا کچرا ھے	 یہ معلوم کرنا مشکل نہیں کہ اس محمول کا کتنا کچھ رہا ہے
common_voice_ur_31891047.mp3	ایشیا کپ ہانگ کانگ کو دلچسپ مقابلے کے بعد بھارت کے ہاتھوں شکست	 ایشہ کپ ہونگ کونگ کو دلچسپ مقابلے کے بعد بھارت کے ہاتھوں شکزت
common_voice_ur_31949022.mp3	تشدد سب جانتے ہیں کہ بد ترین گھٹن کو جنم دیتا ہے۔	 تشدد سب جانتے ہیں کہ بدترین گھٹن کو جنم دیتا ہے
common_voice_ur_38456020.mp3	لوگ پہلے سمجھتے تھے کہ سورج زمین کے گرد گردش کرتا ہے۔	 لوگ پہلے سمجھ لیتے کہ سورت زمین کی گردش کرتا ہے
common_voice_ur_31969951.mp3	خیال تھا کہ عید کے تہذیبی پہلو پر کچھ لکھوں گا۔	 خیال تھا کہ عید کے تحضیبی پہلو پر کچھ لکھوں گا
common_voice_ur_31959148.mp3	دنیا میں بقا کی جنگ نئے دور میں داخل ہو رہی ہے۔	 دنیا میں بکاہ کے جنگ نئی دور میں داخل ہو رہی ہے
common_voice_ur_31953683.mp3	نوجوان کرکٹر حسین طلعت اور اصف علی کا ٹی میں ڈیبیو	 نجوان کرکیٹر، زین طلت اور آسف حضی کا ٹیم میں ڈبیو
common_voice_ur_38438826.mp3	اور اس وقت ملتان کی سرحدیں ساحل سمندر تک پھیلی ہوئی تھی	 اور اس بک ملتاد کی سرح دے سائدے سمندر تک خیلی ہوتی ہے۔
common_voice_ur_32054523.mp3	تو لوگ اس کی عظمت کے اعتراف میں مضامین لکھتے ہیں۔	 تو لوگ اس کی عظمت کے اعتراب میں معلامیں لکھتے ہیں
common_voice_ur_31972948.mp3	فلاحی ریاست کی اولین ترجیح عوام کی فلاح و بہبود ہوتی ہے۔	 لہے ریاست کی اولین تجی عوام کی فلاہو بہبود ہوتی ہے
common_voice_ur_31837084.mp3	وہ اپنی ہر غلطی کے اسباب خارج میں تلاش کرتے ہیں۔	 وہ اپنی ہر گلطی کے اسباب خارج میں تلاش کرتے ہیں
common_voice_ur_32010423.mp3	سر درد کی تکلیف اور ذہنی امراض کے درمیان ایک تعلق ہے	 جرمی امراض کے دل میں ایک تعلق ہے
common_voice_ur_31813656.mp3	مستحکم کرنے کے بعد اب معیشت ٹیک آف کر چکی ہے	 مستحکم کرنے کے بعد اب معیشت ٹیک آف کر چکی ہے
common_voice_ur_31960065.mp3	میں اسی لیے سیاسی عمل کے تسلسل کی حمایت کرتا ہوں۔	 میں اسی لئے سیاسی عمر کے تصویر کی ہمائیت کرتا ہوں
common_voice_ur_38487521.mp3	لہذا ہم جیسے اناڑیوں کے لئے کمپیوٹر کا استعمال خاصا مشکل تھا۔	 لہذا ہم جیسے اناڑیوں کے لیے کمپوٹر کا استعمال خاصہ مشکل تھا
common_voice_ur_31982207.mp3	ان پران کے آگے پیچھے سے امرِالٰہی کے مؤکل لگے رہتے ہیں	 ان پر ان کے آگے پیچھے سے امرہِ اللہی کے موقع لگے رہتے ہیں
common_voice_ur_38461161.mp3	شمالی نصف کرہ میں اس مہینے میں سردی کا موسم ہوتا ہے	 شمالی نسکرہ میں اس مہینے میں سردی کا موسم ہوتا ہے
common_voice_ur_31809520.mp3	ماں کا وجودسارے ماحول کو اپنی لپیٹ میں لے رہا ہے۔	 مہ کا وجود سارے ماحول کو اپنی لپیٹ میں لے رہا ہے
common_voice_ur_31837112.mp3	ترقیاتی کاموں کے لیے بجٹ کی خطیر رقم مختص کی گئی ہے۔	 تحقیاتی کاموں کے لئے بجٹ کی خطیر رقم مختص کی گئی ہے
common_voice_ur_38426097.mp3	انسانی ضروریات صرف مادی نہیں ہوتیں یہ روحانی اور جمالیاتی بھی ہوتی ہیں۔	 انسانی ضروریات صرف مادے نہیں ہوتی یہ روحانے اور جمالیاتیں بھی ہوتی ہیں
common_voice_ur_38426345.mp3	اسکردو کو تیزی سے یورپ میں تیار کردہ ایشین نقشوں میں کھینچ لیا گیا	 سکردو کو تیزی سے یورپ میں تیار کردہ ایشن نقشوں میں کھینچ لیا گیا
common_voice_ur_31830712.mp3	مشرق وسطی میں اضطراب ہے اور ہم اس کی زد میں ہیں۔	 مشرق کے وسطہ میں استراب ہے اور ہم اس کی ذد میں ہیں
common_voice_ur_38427390.mp3	انتخابات سے پہلے سدھائے ہوئے پرندوں کو نئے آشیانے فراہم کیے جارہے ہیں۔	 انتخابات سے پہلے صدائے ہوئے پرندوں کو نئے اشیان فرحم کیا جا رہے ہیں۔
common_voice_ur_31837039.mp3	اور غریبوں کو قتل کیا ریاست کے ریٹائر طاقتور لوگ جس کے ملازم ھیں	 اور گریبوں کو قتل کیا ریاست کے ریاطائر طاقتور لوگ جس کا ملازم ہیں
common_voice_ur_31950989.mp3	کہ زر مبادلہ کے ذخائر گر رہے ہیں اور اتنے محدود	 کہ حضر مبادلہ کے زخائر گر رہے ہیں اور اتنے محدود
common_voice_ur_31937120.mp3	اسلام کو نئے پن کی نہیں، تجدید کی ضرورت ہو تی ہے۔	 اسلام کو نئے پن کی نئی تجدید کی ضرورت ہوتی ہے
common_voice_ur_31834684.mp3	سلیکشن کمیٹی کا سرفراز کو ئندہ سیریز میں رام دینے کا فیصلہ	 سیلکشن کمیٹی کا سرفراس کو اندہ سیریز میں رام دینے کا فیصلہ
common_voice_ur_41173435.mp3	انڈیا کی ثقا فت کی پاکستان پر یلغار سب کے سامنے ہے	 انڈیا کی سکافت کی پاکستان پر جلغار سب کے سامنے ہے
common_voice_ur_32091098.mp3	وہ برابر اپنے نگران فرشتوں کو ان پر مقرر رکھتا ہے	 وہ برابر اپنے نگران فرشتوں کو ان پر مکرر رکھتا ہے
common_voice_ur_31995521.mp3	تمام ہوا تاہم ایک نظریے کے طور پر وہ زندہ ہے	 تمام بواتہ ہم ایک نظریہ کے طور پر وہ زندہ ہے
common_voice_ur_31792339.mp3	میرے لیے اس سارے کھیل میں یہی بات باعث تشویش ہے۔	 میرے لیے اس سارے کھیل میں یہی بات بائی سے تشویش ہے
common_voice_ur_31792320.mp3	استاد ستون کے ساتھ ٹیک لگائے بیٹھا درس دے رہا تھا۔	 استاد ستوں کے ساتھ ٹیک لگائے بیٹھا ترست دے رہا تھا
common_voice_ur_31846655.mp3	کورونا کے باعث کروڑ مزدوروں کی جگہ روبوٹ لے لیں گے	 کرونا کے بائیس کروڑوں مجھے روپوٹ لے لیں گے
common_voice_ur_31843378.mp3	لباسِ ظاہری کو گندگی اور نجاست سے آلودہ نہ ہونے دے	 لباس زیر کو گندگی اور نجاست سے علودہ نہ ہونے دیں
common_voice_ur_31997435.mp3	سابق کوچ کمبلے کو ہٹانے کیلئے کوہلی کی سازش کا راز فاش	 اگر آپ کو اپنے بارے میں بھی بھی بھی بھی بھی بھی بھی بھی بھی بھی بھی بھی بھی بھی بھی بھی بھی بھی بھی بھی بھی بھی بھی بھی بھی بھی بھی بھی بھی بھی بھی بھی بھی بھی بھی بھی بھی بھی بھی بھی بھی بھی بھی بھی بھی بھی بھی بھی بھی بھی بھی بھی بھی بھی بھی بھی بھی بھی بھی بھی بھی بھی بھی بھی بھی بھی بھی بھی بھی بھی بھی بھی بھی بھی بھی بھی بھی بھی بھی بھی بھی بھی بھی بھی بھی بھی بھی بھی بھی بھی بھی بھی بھی بھی بھی بھی بھی بھی بھی بھی بھی بھی بھی بھی بھی بھی بھی بھی بھی بھی بھی بھی بھی بھی بھی بھی بھی بھی بھی بھی بھی بھی بھی بھی بھی بھی بھی بھی بھی بھی بھی بھی بھی بھی بھی بھی بھی بھی بھی بھی بھی بھی بھی بھی بھی بھی بھی بھی بھی بھی بھی بھی بھی بھی بھی بھی بھی بھی بھی بھی بھی بھی بھی بھی بھی بھی بھی بھی بھی بھی بھی بھی بھی بھی بھی بھی بھی بھی بھی بھی بھی بھی بھی بھی بھی بھی بھی بھی بھی بھی بھی بھی بھی بھی بھی بھی بھی بھی بھی بھی بھی بھی بھی بھی بھی بھی بھی بھی بھی بھی بھی بھی بھی بھی بھی ب
common_voice_ur_31809809.mp3	اسلام اباد وفاقی حکومت نے شاہد محمود سیکریٹری خزانہ تعینات کردیا	 اسلام عباد وفاقی حکومت نے شاہد محمود سکریٹری خزانہ تائیونات کر دیا
common_voice_ur_31830233.mp3	اور یہ رنگین لمحات آنکھوں اور دل میں محفوظ کر لیا جائیں۔	 اور یہ رمگین لمحات آنکھوں اور دل میں محفوظ کر لیا جائے
common_voice_ur_31834809.mp3	حکمت عملی کے تحت خاموشی بھی روا رکھی جا سکتی ہے۔	 ایک متہ امیر کے تحت خاموشی بھی روا رکھی جا سکتی ہے
common_voice_ur_31823336.mp3	حیات شیخ چلی کے چند صفحات پروف دوم کے لیے میسر ہیں۔	 حیات شیخ چلی کے چند صفات روف دوم کے لئے میثل ہیں
common_voice_ur_31998146.mp3	اکثر یورپ کے رنگ میں رنگ جاتے ہیں پھر ماں باپ روتے ہیں	 اکسیل جوڑک کے رنگ میں رنگ جاتے ہیں پھر ماباب روتے ہیں
common_voice_ur_38437040.mp3	جو زخم دل میں ہیں سبھی تن پر سجا کے لا	 جو ذکھ دل میں ہیں سبھی تن پہ سجا کلا
common_voice_ur_38447140.mp3	اس لئے خفیہ اداروں کے تمام امور کو بخوبی جانتے تھے	 اس لئے یہ داروں کے تمام عمود کو بکو بھی جانتے تھے
common_voice_ur_31990531.mp3	ی الحال اس ہنگامی صورتحال میں سوال ہی پیدا نہیں ہوتا	 یہ حال اس رنگامی صورتے حال میں سوال ہی پیدا نہیں ہوتا
common_voice_ur_38479198.mp3	میں بھی ایک دو بار انہیں ملا اوربڑا ہنس مکھ اورکھلے ڈلے مزاج کا پایا۔	 میں بھی ایک دو بار انھیں ملا اور بڑا ہنس مق اور پھلے دل مزاج کا پایا
common_voice_ur_32028688.mp3	کچھ لوگ ایران کو طاغوت سے مصالحت کا طعنہ دیں گے۔	 کوچھا نوری آنکھو تاویس ہمیں سنوشہ لکھ کرتا رہے ہیں
common_voice_ur_31985896.mp3	بی بی سی اردو صرف اسلام دشمنی کے علاوہ کچھ نہیں کرتی	 بی بی سی اردو صرف اسلام دشمنی کے علاوہ کچھ نہیں کرتی
common_voice_ur_31955180.mp3	اس کے بعد پیٹ پوجا کی تیاریوں میں مصروف ہو گئے	 پیٹ پوچھا کی تھیاریوں میں مسروف ہو گئے
common_voice_ur_31955377.mp3	جو نفس تھا خار گلو بنا جو اٹھے تھے ہاتھ لہو ہوئے	 جو نفس تا خار گلو بنا جو اٹے تے ہاتھ لہو ہوئے
common_voice_ur_32089871.mp3	مزاحمت ہی میں ان کے لیے بقا کا امکان پوشیدہ تھا۔	 مزاہمت ہی میں ان کے لئے بقاقا امکان پشیدہ تھا
common_voice_ur_31958608.mp3	آپ نے اس غریب دیہاتی کا وہ لطیفہ تو سنا ہو گا	 آپ نے اس گریب دیہاتی کا وہ لطیفہ تو سنا ہوگا
common_voice_ur_31964895.mp3	میں بھی بے روزگار ہوں مجھے بھی کچھ ایسا کام ڈھونڈ دیں	 میں بھی بے روشکار ہوں مجھے بھی کچھ ایسا کام بھولتے ہیں
common_voice_ur_38429179.mp3	وہ اسلام علیکم کہہ کر تیزی سے نشست پر بیٹھ گیا۔	 وہ اسلام علیکم کہے کہ تیزی سے نشست پہ بیٹھ گیا
common_voice_ur_31949930.mp3	لو وصل کی ساعت آ پہنچی پھر حکم حضوری پر ہم نے	 لو وصل کی ساعت آ پہنچی پھر حکم حزوری پر ہم نے
common_voice_ur_31991170.mp3	جو کہ پوری دنیا میں کِسی بھی موبائل فون پر بھی پڑھنا جاسکیں	 جو کہ پوری دنیا میں کسی بھی مو بائیل فون پر بھی پڑھنا جا سکے ہیں
common_voice_ur_31991173.mp3	بلکہ اس میں پانچ اسپیشلسٹ بیٹسمینوں سمیت دس کھلاڑی اور بھی ہیں	 بلکہ اس میں پانچ سپیشلسٹ بیٹسمنوں سمیت دس کلاری اور بھی ہیں
common_voice_ur_31813849.mp3	وہ بین السطور اسے کپڑے پہنانے کی تاکید کر رہا ہے۔	 وہ بین الاسطور اسے کپڑے پہننے کی تاکید کر رہا ہے
common_voice_ur_31953259.mp3	جہنم کا جو نقشہ قرآن پاک میں پیش کیا گیا ہے	 جہنم کا جو نقشہ قرآن پاک میں پیش کیا گیا ہے
common_voice_ur_31847582.mp3	تو صحافت اور سلامتی کے تعلق پر کیوں نہیں ہو سکتی؟	 تو صحافت اور اسلامتی کے تعلق پر کیوں نہیں ہو سکتی؟
common_voice_ur_31995186.mp3	چیئرمین پی سی بی کو عہدے سے ہٹانے کیلئے دائر درخواست مسترد	 جیرمن ڈیر پی سی بی کو ادے سے ہٹانے کے لیے دائر درقواز مسترد
common_voice_ur_31828180.mp3	ائی سی سی ورلڈ الیون بمقابلہ ویسٹ انڈیزشاہد افریدی شعیب ملک ورلڈ الیون میں شامل	 ICC ورلڈ 11 مقابلہ ورست اندیز شاہدہ فریدی شورب ملک ورلڈ 11 میں شامل
common_voice_ur_31957921.mp3	آج تک یہ حرکت وزارت عظمی کی چھتری تلے ہو رہی تھی۔	 آج تک یہ حرکت بزارہ دیزمیں کی چھتھری تلے ہو رہی تھی
common_voice_ur_32050712.mp3	اب وہ لوگ کھل کر سامنے آئیں گے جو جہانگیر ترین	 اب وہ لوگ کھل کر سامنے آئیں گے جو جانگیر ترین
common_voice_ur_32012287.mp3	پاکستان میں اردو زبان میں ڈب کر کے نشر کیا جارہا ہے	 عفستان میں اوڈل زبان میں ڈب کر کے مشہر کیا جا رہا ہے
common_voice_ur_31811188.mp3	اختلاف اس سلیقے سے کیا جائے کہ کسی سے ناانصافی نہ ہو۔	 اختلاف اس طریقے سے کیا جائے کہ کسی سے نا انصافی نہ ہو
common_voice_ur_31990564.mp3	اسی شاخ کو کاٹتے ہیں جس پر ہمارا آشیانہ قائم ہے۔	 اسی شاک کو کھڑتے ہیں جس پر ہمارا اشیانہ قائم ہے
common_voice_ur_31957832.mp3	گزشتہ ایک ہفتہ کے دوران اسٹیٹ بینک کے زرمبادلہ ذخائر میں اضافہ	 مزیدیت بردی کے دوران سٹیٹ بینک کی زر مبادلہ زخائر میں اضافہ
common_voice_ur_31809489.mp3	کیوں اس لیے کہہ وہ اپن کیخلاف ہی لڑ ہوئے ید ہوئے	 کیوں اس لئے وہ اپن کے خلاف لڑ ہوئے یاد ہوئے
common_voice_ur_31834741.mp3	کسٹم نے طورخم بارڈر پر اربوں کی کرپشن کو جھوٹ قرار دے دیا	 قسم نے تورخم بوڈر پر عربوں کی کرپشن کو جھوٹ قرار دے دیا
common_voice_ur_38438156.mp3	پهر، جی میں ہے کہ در پہ کسی کے پڑے رہیں	 پھر جی میں ہے کہ دل پہ کسی کے پڑے رہے
common_voice_ur_38436547.mp3	واہ بھائی واہ آج پتا چلا کہ سب ببلو کو کتنا چاہتے ہیں	 واہ بھائی واہ! آج پتہ چلا کہ سب ببلو کو کتنا چاہتے ہیں
common_voice_ur_31984815.mp3	واجبادائیگی کی مختصر تاریخیں بڑھتی ہوئی شرح کی علامت جانی جاتی ہیں	 مختصر طائی کے شرح کی علامت جانی جاتی ہے
common_voice_ur_38435376.mp3	ٹھنڈی ہوا چل رہی تھی چاند اپنی نورانی کرنیں پھیلائے ہوۓ تھا	 ٹھنڈی ہوا چل رہی تھی چان اپنی نورانی کرنے پھیلائے ہوئے تھا
common_voice_ur_32025873.mp3	اب بھی سرکاری سکولوں میں ٹیچروں کا جنرل نالج زیرو ہے	 اب بھی سرکار سکروں بڑھتی چونک کا جاننل نالوچ جیرو ہے
common_voice_ur_31832330.mp3	تجربہ یہ ہے کہ دھرنے صرف حادثات کو جنم دیتے ہیں۔	 تجربہ یہ ہے کہ دھرنے صرف آتسات کو جنم دیتے ہیں
common_voice_ur_31832288.mp3	تو اسے آزادیٔ رائے سے الگ کرنا مشکل ہو جائے گا۔	 تو اسے آزادی راہے سے علک کرنا مشکل ہو جائے گا
common_voice_ur_32005013.mp3	اللہ پاک آپ کو صحت کے ساتھ خوشیاں عطا فرمائے آمین	 اللہ پاک آپ کو سیرت کے ساتھ خوشیاں ڈا فرمائے آمین
common_voice_ur_31987889.mp3	وہ اسی مسئلے پر گرینڈ ڈائیلاگ کی بات کر رہے ہیں۔	 وہ اسی مسئلے پر گرینڈ ڈائلوگ کی بات کر رہے ہیں
common_voice_ur_38499178.mp3	فردوس عاشق اعوان نے پیٹرولیم مصنوعات کی قیمتوں میں کمی کا اعلان کردیا	 فردو ساشکاوان نے پرٹرولیم اُسنواد کی کمکوں میں کمی کا اعلان کر دیا
common_voice_ur_38499113.mp3	بادشاہ بیگم ایمان علی نے صبا قمر کی جگہ لے لی	 بادشاہ بیگم امان علی نے صبا کمر کی جگہ لے لی
common_voice_ur_38499149.mp3	خودی سے اس طلسم رنگ و بو کو توڑ سکتے ہیں	 اسے اس طلس میں رنگ و بھو کو توڑ سکتے ہیں
common_voice_ur_38460701.mp3	اس موضوع پر ان کی معلومات کی وسعت اور تازگی حیرت انگیز تھی۔	 اس موضوع پر ان کی معلومات کی وسط اور تاز کی حیرت انگیز تھی
common_voice_ur_31829300.mp3	ہنگری میں ایئر ریس کا انعقادپائلٹس کے سٹنٹس نے سب کو چونکا دیا	 ہنگری میں ایر ریز کا انکار پائلٹس کی سٹنٹس نے سب کو چونکا دیا
common_voice_ur_31829283.mp3	کسی کو ہار پہنانے کے لیے خوشبودار پھول استعمال ہوتے ہیں۔	 کسی کو ہار پہنانے کیلئے خوشبودہ اور پول استعمال ہوتے ہیں
common_voice_ur_31843149.mp3	ہمارے ہاں جب علوم کے احیا کی کوئی تحریک اٹھے گی۔	 ہمارے ہاں جب علوم کی آہیاں کی کوئی تحریک اٹھے گی
common_voice_ur_31792779.mp3	امریکی شہر لاس اینجلس میں خصوصی اولمپکس کی رنگا رنگ تقریب	 امریکی شہر لس انجلس میں خاصوصی علمپکس کی رنگا رنگ تقریب
common_voice_ur_31836918.mp3	تو عاصم اور جمہوریت کو کیوں الگ نہیں کیا جا سکتا؟	 تو آسم اور جمہوریت کو کیوں الگ نہیں کیا جا سکتا؟
common_voice_ur_31955202.mp3	دل کی صفائی کے لیے جد و جہد کرتے رہا کرو	 دل کی سفائی کے لیے جد و جہیر کرتے رہا کرو
common_voice_ur_31977367.mp3	شین واٹسن نے ٹیسٹ کرکٹ سے ریٹائرمنٹ کا اعلان کر دیا	 شین ورسن نے تس کرکیٹ سے ریٹارمنٹ کا اعلان کر دیا
common_voice_ur_31997462.mp3	خیر کچھ ضروری سامان جلد بازی میں لیا اور نکل پڑے ۔	 خیر کچھ ضروری سامان جلد بازی میں لیا اور نکل پڑے
common_voice_ur_31924363.mp3	ان میں بے شمار فرقے ہیں اور بہت سے لوگ لبرل ہیں۔	 ان میں بے شمار فرکے ہیں اور بہت سے لوگ لبرل ہیں
common_voice_ur_31979672.mp3	اس بات کا لحاظ رکھنا ہے کہ کوئی جذبہ انتقام یا	 اس بات کا لحاظ رکھنا ہے کہ کوئی جسبہ انتقام یا
common_voice_ur_31979435.mp3	لوگوں میں کس کے خلاف اشتعال پیدا کیا جا رہا ہے؟	 لوگوں میں کس کی خلاف اشتیال بیدا کیا جا رہا ہے؟
common_voice_ur_31836871.mp3	لاہور نجی باڈی بلڈنگ کلب کے تحت پاکستان باڈی بلڈنگ چیمپئن شپ کا انعقاد	 لاہور نجی باڈی بلڈنگ کلک کے تحت پاکستان باڈی بلڈنگ چمپینشپ کا ان اکاد
common_voice_ur_38431403.mp3	الیکشن کمیشن نے بھی ان کے ساتھ جو نرمی برتی، میرا خیال ہے۔	 ایلیکشن کمیشن نے بھی ان کے ساتھ جو نرمی برتی میرا خیال ہے
common_voice_ur_38460530.mp3	ضرورت فقیر کی بھی پوری ہوتی ہے لیکن خواھش بادشاہ کی بھی پوری نہیں ہوتی	 ضرورت تکیر کی بھی پوری ہوتی ہے لیکن پوائش بادشا کی بھی پوری نہیں ہوتی
common_voice_ur_31829196.mp3	جمہوریت کی برکت سے لیکن اس کا امکان کم ہوگیا ہے۔	 جمعوریت کے برکت سے لیکن اس کا امکان کم ہو گیا ہے
common_voice_ur_31792952.mp3	کرن کے سوال کے جواب میں شویتا نے کہا ایشوریا کبھی بھی	 کرن کے سوال کے جواب میں شویتا نے کہا اشوریہ کبھی بھی
common_voice_ur_31831546.mp3	بس کسی شادی بیاہ یا عید کے موقع پر کبھی کبھارکھلتا ہے ۔	 بس کسی شادی بیئیہ یا ایت کے موقع پر کبھی کبار کھلتا ہے
common_voice_ur_31960385.mp3	کم کارڈیشین نے پیپلز چوائس ایوارڈ فائر فائیٹرز کے نام کردیا	 کیونکار دیشنل نے پیپلز چوئیز اوورڈ فائیر فائیٹرز کے نام کر دیا
common_voice_ur_31864638.mp3	تھائی لینڈ غار اپریشن تمام بچے اور کوچ بحفاظت نکال لئے گئے	 تھائیلینڈ گار اپریشن تمام بچے اور کوچ با حیفاظت نکال لئے گئے
common_voice_ur_38464207.mp3	اس مفاہمانہ رویے کے پیچھے زرداری صاحب کے نیب میں موجود کیسز ہوں۔	 اس مطفیق ماندہ رویے کے پیچھے زرداری صاحب یہ ہے انہیں ایپ میں موجود ہے
common_voice_ur_31998704.mp3	تو کشمیر کے مسئلے پر ہم کیوں یہ توقع رکھتے ہیں۔	 تو کشمیر کے مسئلے پر ہم کیوں یہ توقع رکھتے ہیں
common_voice_ur_31952221.mp3	تو میرا خیال ہے کہ انہیں یہ موقع ضرور ملنا چاہیے۔	 تو میرا خیال ہے کہ انہیں یہ موقعیں ضرور ملنا چاہیئے
common_voice_ur_31952130.mp3	ان دنوں حسین حقانی صاحب کا ایک مضمون زیر بحث ہے۔	 ان دنوں حسین حقانی صاحب کا ایک مزون زیر بحث ہے
common_voice_ur_31847413.mp3	سٹریلیا سے ٹیسٹ سیریز کیلئے قومی ٹیم کا اعلان عامر ڈراپ	 اس پر لیا سیٹ اکس سیریز کے لئے کومی ٹیم کا علاں تھا امیر ڈراپ
common_voice_ur_31927388.mp3	اس کی صورت حال میں روشنی کی کوئی رمق نہیں دیکھتا ہے۔	 اس کی صورت حال میں روشنے کی کوئی رمک نہیں دیکھتا ہے
common_voice_ur_31886863.mp3	اس بیانیے کی بھرپور تائید کے ساتھ میرا تجزیہ یہی ہے	 اس بیانیے کی پھرپور تائید کے ساتھ میرا تجزیہ یہی ہے
common_voice_ur_32042729.mp3	تین روزہ عالمی کانفرنس موئن جو دڑو پر منعقد کررہے ہیں	 3 روزہ آلمی کنفرنس مہنجو دورو پر منعکد کر رہے ہیں
common_voice_ur_31927480.mp3	وہ اگر اپنے علاوہ کسی کی بہادری کا ذکر کرتے ہیں۔	 وہ اگر اپنے لاوہ کسی کی بہادری کا ذکر کرتے ہیں
common_voice_ur_31832161.mp3	ان کے باب میں تاریخ پر انحصار نہیں کیا جائے گا۔	 ان کے باب میں تاریخ پر انحسار نہیں کیا جائے گا
common_voice_ur_31925908.mp3	آج دینی مدارس کی سب سے بڑی وکیل جماعت اسلامی ہے۔	 آج دنیل ودارس کی سب سے ملوک وکیل جمعات اسلامی ہے
common_voice_ur_31987908.mp3	وہ صرف تجربہ کر کی چیز ہے اور بتائی نہیں جاسک	 وہ صرف تجربہ کر کی چیز ہے اور بتائی نہیں جا سکتا
common_voice_ur_31974260.mp3	مے کشوں پر ہوا محتسب مہرباں دل فگاروں پہ قاتل کو پیار آ گیا	 میں کشم پہ ہوا مختصے محبان دل، سوگاروں پہ قاتل کو پیار آگیا
common_voice_ur_32099819.mp3	کراچی سے خانپور تک ریلوے ٹریک کی بحالی کا منصوبہ مکمل	 کراجی سے خانپور تک ریلوی ٹریک کی بحالی کا منصوبہ مکمل ہے
common_voice_ur_31809538.mp3	لله ان سب کو اور انکی فیملیز کو اپنے حفظ و امان ميں رکھے	 اللہ ان سب کو اور ان کی فیملیز کو اپنے حیث و امان میں رکھے
common_voice_ur_31922065.mp3	مرد سفر نامہ نگار منظر کی کی قوس و قزح بکھیرنے کی کوشش کرتے ہیں	 مرد صفر نامہ نگار منظر کی کی کوس کوسو قذاب بکھنے کی کوشش کرتے ہیں
common_voice_ur_32068021.mp3	پی سی بی نے احمد شہزاد کو شوکاز نوٹس جاری کردیا	 پیسی بھی نئے مشہدہت کو شوکیس نوٹے جار دیا
common_voice_ur_32053934.mp3	اس کے لیے وہ ناظرین کی تعداد میں اضافہ چاہتا ہے۔	 اس کے لئے وہ ناظرین کی تعداد میں اضافہ چاہتا ہے
common_voice_ur_31814897.mp3	آپﷺ کی ذات اور آپ کے اہل بیت اس کاخصوصی ہدف تھے۔	 آپﷺ کی ذات اور آپ کے اہل بیت اس کا خصوصی حدق تھے۔
common_voice_ur_38476172.mp3	کیوں کہ مجھے وہ نہیں اچھا لکھتا مجھے دوسرا لڑکا اچھا لگتا ہے	 کیونکہ مجھے وہ نہیں اچھا لکھتا مجھے دوسرا لرکا اچھا لگتا ہے
common_voice_ur_31960280.mp3	شاہد افریدی کا بیان تنگ نظر بھارتیوں کو پسند نہ ایا	 شاید افریضی کا بیان تنگ نظر بھارتیوں کو پسند نہ آیا
common_voice_ur_31965523.mp3	پی سی بی چیئرمین کا انضمام اور باسط پر مکمل اعتماد کا اظہار	 پیسی بی چیرمین کا انظمام اور باصد پر مکمل اعتماد کا اظہار
common_voice_ur_31835198.mp3	پشاور ہائی کورٹ کا چکن کی برآمد پر پابندی کا حکم کام کر گیا	 پشاور ہائی کوٹ کا چکن کی برامت پربابندی کا حکم کام کر گیا
common_voice_ur_31894705.mp3	جو یَہاں کا جنگلات کےحسن کو چار چاند لگنا دینا ہونا	 جو یہاں کا جنگلات کے حسن کو چار چاند لگنا دینا ہونا
common_voice_ur_31835265.mp3	ٹرکوں پر دلکش نقش ونگار بنانے والے فنکار مسائل کا شکار	 ٹرکوں پر دلکش نقشوں نکار بنانے والے فنکار مسائل کا شکار
common_voice_ur_31829393.mp3	اور گرین ہاؤس ایفیکٹ کو سبز مکانی اثر لکھا کرتے تھے	 اور گرین ہاؤس ایفیک پورس سبز مکانی انثر لکھا کرتے تھے
common_voice_ur_31829392.mp3	میرا احساس ہے کہ اس کی جڑیں فکری ابہام میں ہیں۔	 میرا ایساس ہے کہ اس کی جڑے فکریب ایبھام میں ہیں
common_voice_ur_31894890.mp3	پھر صرف ایک آواز گونجے گی: 'آج اقتدار کس کا ہے‘؟	 پھر صرف ایک آواز گونجے کی آج اقتدار کس کا ہے؟
common_voice_ur_31829993.mp3	ہوائی سفر کے لیے مسافروں کو محفوظ گزرگاہ فراہم کی جائے گی	 ہوای سفر کے لئے مسافروں کو محفوظ گزر گافرہ ہمکھیں جائے گی
common_voice_ur_31955403.mp3	اس نشہ میں اسے جو بتایا جائے، اسے سچ مان لیتی ہے۔	 اس نشیں میں اسے جو بتایا جائے اسے سچ مان دیتی ہے
common_voice_ur_31927863.mp3	اپنی پہچان کرنے کے بعد ہی آپ کو خالق کی پہچان ہوگی	 اپنی پہچان کرنے کے بعد ہی آپ کو خالق کی پہچان ہو گئی
common_voice_ur_31835268.mp3	برطانیہ لندن کے بعد یارک شائر نے بھی اوبر کے لائسنس کی تجدید سے انکارکردیا	 برطانیہ لندن کے بعد یارک شاہی نے بھی اوبر کی لائسنس کی تجتیق سے انکار کر دیا
common_voice_ur_31813095.mp3	شاہد افریدی کا کشمیر سے متعلق بیانبھارتی کرکٹرز کو اگ لگ گئی	 شاہی تفریضی کا کشمیر سے مطالب بیان، بہارتی کرکٹرز کو آگ لگ گئی
common_voice_ur_31978976.mp3	صبح فردا کو پھر دل ترسنے لگا عمر رفتہ ترا اعتبار آ گیا	 سبا وردہ کا پھر دل ترسنے لگا عمر رفتہ طرح ادبار آگیا
common_voice_ur_31792741.mp3	تمام گیسیں جو زمینی درجہ حرارت میں اضافے کا باعث بنیں	 تمام گیسیں جو زمینی درجہ حرارت میں اضافے کا باعث نہیں
common_voice_ur_31965524.mp3	کچھ عرصہ پہلے لکھا جاتا تھا کہ غربت بھی فحاشی ہے۔	 کچھ ارسا پہلے لکھا جاتا تھا کہ وہ اگر بھی فہاشی ہے
common_voice_ur_31960546.mp3	ملتان نیشنل بینک کے عملے کے مبینہ فراڈ کے خلاف تاجروںشہریوں کا احتجاج	 ملطال نیشنل بینک کے عملے کی موبینہ فرارٹ کے خلاف تاجروں شہریوں کا اعتجاج
common_voice_ur_31792476.mp3	ایک زیادہ تنخواہ والی نوکری کا انتخاب کرنا غیراخلاقی نہیں ہے	 ایک زیادہ تنخواہ والی نوکری کا انتخاب کرنا غیر اعلاقی نہیں ہے
common_voice_ur_31792474.mp3	کھوکھرا پار مونا با ریل لنک کے معاہدے میں تین سال کی توسیع	 خوکرا پار مونہ باریل لنک کے معایدے میں 3 سال کی توصی
common_voice_ur_31976109.mp3	ٹی ٹونٹی ورلڈکپ ءمیرے کیریئر کا خری ورلڈ کپ ہو گا شاہد فریدی	 ٹی ٹوینٹی ورلکپ میرے کریئر کا آخری ورلکپ ہوگا شاہید آفریدی
common_voice_ur_31965577.mp3	اسی طرح نیکیوں کا بھی ایک جیسا اجر بیان کرتا ہے۔	 اسی طرح نیکیوں کا بھی ایک جیسا آجر بیان کرتا ہے
common_voice_ur_31828879.mp3	سفر نامے میں عوامی زندگی اور اُس سے جڑے ہوئے مسائل	 سفر نامے میں عوامی زندگی اور اس سے جڑے ہوئے مسائل
common_voice_ur_31920493.mp3	میرے اور ان کے گاؤں میں چند کلو میٹرکا فاصلہ ہے۔	 میرے اور ان کے گاؤں میں چند کلو میٹر کا فاصلہ ہے
common_voice_ur_31816209.mp3	بالائی سطح پر پاکستان میں کرپشن کا خاتمہ ہو چکا ہے۔	 بلای سطح پر پاکستان میں کرپشن کا خاتمہ ہو چکا ہے
common_voice_ur_31968672.mp3	پاکستان کاکینیڈا سے ٹیکسٹائل مصنوعات کو ڈیوٹی فری رسائی دینے کامطالبہ	 پاکستان کا کینیڈا سے ٹیکسٹائل مسلوات کو ڈیوٹی فری رسائی دینے کا مطالبہ
common_voice_ur_32024033.mp3	محترم جنرل حمید گل صاحب کی سیاسی فقہ میں ممکن ہے۔	 معترم جنرل حمید گوپزاہر کی سیاسی فکرہ میں ممکن ہے
common_voice_ur_32050278.mp3	فاطمہ بجیا کے ترجمہ شدہ جاپانی ڈراموں پر مشتمل کتاب کا اجراء	 فاطمہ بجیہ کی ترجمہ شو در جاپانی ڈراموں پر مستمل کتاب کاجرا
common_voice_ur_32026720.mp3	قومی کرکٹر محمد حفیظ کے بالنگ ایکشن کا ٹیسٹ ہو گا	 گومی کرکیٹ مومن جہ فیش کی بارلنگ ایکشن کا ٹیف تو ہوگا
common_voice_ur_31809591.mp3	ابوظہبی میں مصباح الیون کیخلاف معین علی انگلش ٹیم کے مددگار	 ابو زحبی میں مجھ پاول یون کے حلاف موئل علی انگلش ٹیم کے مددکار
common_voice_ur_32040319.mp3	صرف کام کرو کھانا کھاؤ ٹیکس دو کام ختم اور ہم بھی فارخ	 صرف کام کرو، کھانا کھاؤں، ٹیکسٹو، کام ختم اور ہم بھی فارغ
common_voice_ur_31916684.mp3	ہیجان پیدا کرنا اس وقت ملک کے مفاد میں نہیں ہے۔	 ہی جان پیدا کرنا اس وقت ملک کے مفاد میں نہیں ہے
common_voice_ur_31950589.mp3	مقبول قیادت کو بے توقیر کرنے کا عمل آگے بڑھے گا۔	 مقبول کا عیادت کو بے توکیق کرنے کا عمر آگے بڑھے گا
common_voice_ur_38457034.mp3	یہاں تو زندہ انسان بغیر کھال کے لٹکا ہوا تڑپ رہا تھا	 یہاں تو زندہ انسان بغیر خال کے لٹکا ہوا تڑپ رہا تھا
common_voice_ur_31944304.mp3	سوال یہ ہے کہ ایک خلاف شریعت فعل واقع کیسے ہوگا؟	 سوال یہ ہے کہ ایک خلاف شریعت اسرائیل باقی کیسے ہول گیا ہے؟
common_voice_ur_31943826.mp3	جس ادا سے یار تھے آشنا وہ مزاج باد صبا گیا	 اسی دا سے یارتے عشنہ ومیزہ عباد روابیہ
common_voice_ur_31980172.mp3	میرے وطن کو اباد رکھنایوم ازادی کے لیے نیا ملی نغمہ	 میرے وطن کو آباد رکھنا یومی ازادی کے لئے نیا ملینک میں
common_voice_ur_31837409.mp3	دوسرا اس وجہ سے کہ اس کی پشت پر ذرائع ابلاغ ہیں۔	 دوسرا اس وجہ سے کہ اس کی پشت پر زرائے ابلاگ ہیں
common_voice_ur_31955707.mp3	اب تو انکےلئے اسطرح کا ہر قدم خودکشی کے مترادف ہے	 اب تو ان کے لئے اس طرح کا ہر قدم خودکشری کے مترادف ہے
common_voice_ur_38433626.mp3	کہا تم نے کہ ’’ کیوں ہو غیر کے ملنے میں رسوائی‘‘	 کہا تم نے کہ کیوں ہو غیر کے ملنے میں رسوائی
common_voice_ur_32017672.mp3	آپ بھی سوچیے کہ ہمارے ساتھ یہ حادثہ کیسے گزر گیا؟	 اب بھی سوچئے کہ ہمارے ساتھ یہ حاصلات کیسے گدر گیا
common_voice_ur_32018713.mp3	مجھے ڈر رہتا ہے کے میں کچھ غلط کر دوں گا	 مجھے ڈر رہتا ہے کہ میں کچھ کلت کر دوں گا
common_voice_ur_31790593.mp3	دھکا م دیجئے، بس پر چڑھنے کے لئے اپنی باری کا انتظار کریں	 دہکام دیجئے بس پہ چھنے کے لئے اپنی باری کا انتظار کریں
common_voice_ur_31813925.mp3	اس نے غم کی وجہ سے چار دن سے کھانا نہیں کھایا	 اس نے گم کی وجہ سے چار دن سے کھانا نہیں کھایا
common_voice_ur_31825555.mp3	سپیکر نے اسمبلی کی سطح پر ایک اچھا قدم اٹھایا ہے۔	 سپیکر نے اسملی کی سطح پر ایک اچھا قدم اٹھایا ہے
common_voice_ur_31921863.mp3	دین کا غلبہ رسالت مآبﷺ کے کار منصبی سے متعلق تھا۔	 دین کا غلبہ رسالتِ محبث ﷺ کے اکار منصبی سے مطالب تھا
common_voice_ur_32020616.mp3	اس کے لیے سیاسی جماعتوں کا مضبوط ہو نا ضروری ہے۔	 اس کے لئے سیاسی جماعتوں کا مضبوط ہونا ضروری ہے
common_voice_ur_32017201.mp3	باقی تاریخ عمرانیات مالیات تھے مضامین جو وہ کبھی نہیں رکھتے تھے	 باقی تاریک ہمرانیات مالیات تھے مظامین جو وہ کبھی نہیں رکھتے تھے
common_voice_ur_40988989.mp3	جرمنی میں ابھی بھی ڈاک کا نظام استعمال کیا جاتا ہے	 جرمنی میں بھی داک کا نظام استعمال کیا جاتا ہے
common_voice_ur_31938347.mp3	اس کے گھر والے آجکل واہ کینٹ میں رہائش پذیر ہیں ۔	 اس کے گھر والے آج کل واہ کینٹ میں رہائش پزیر ہیں
common_voice_ur_31855163.mp3	ایک پیش رفت اور ہے جس کا ایک مظہر پی ٹی ایم ہے۔	 ایک پیشرفت ہے جس کا ایک مظہر پی ٹی ام ہے
common_voice_ur_41165073.mp3	اس قسم کی کرپشن اس دور کے سوویت یونین میں عام تھی۔	 اس خصن کی کرپشن اس دور کی سویت یونین میں عام تھی
common_voice_ur_31856293.mp3	ہمیں آگے بڑھ کر دائرے کے اس سفر کو روکنا چاہیے۔	 ہمیں آگے بڑھ کر دائرے کے اس سفر کو روکنا چاہیئے
common_voice_ur_31962844.mp3	قومی کرکٹ ٹیم کی دورہ زمبابوبے کے لیے تیاریاں عروج پر	 امی کریوٹ ٹیم کی دورہ زمبابے کے لیے تیاری ہیں اروج پر
common_voice_ur_31962537.mp3	وہی بتا سکتے ہیں کہ میرا طرز عمل کتنا متوازن ہے۔	 وہی بتا سکتے ہیں کہ میرا ترز امل کتنا متوازن ہے
common_voice_ur_41130921.mp3	گندم کے لیے کم از کم امدادی قیمت روپے مقرر کرنے کی تجویز	 گندم کے لئے کم از کم امدادی قیمت روپے مقرر کرنے کی تجویز
common_voice_ur_31962737.mp3	سعودی عالم کا فتوی ہمیں اس جانب متوجہ کر رہا ہے۔	 سوڑی علم کا فتحہ ہمیں اس جانے مطوجہ کر رہا ہے
common_voice_ur_32051409.mp3	اسلام اباد احتساب عدالت نے مضاربہ کیس کا فیصلہ سنا دیا	 ساموال اتصاب دلتیں مزاربہ کی اِس کا فیصہ سنا دیا
common_voice_ur_31917188.mp3	مذہب کے پس منظر میں جب ایک امت وجود میں آتی ہے۔	 مذہب کے پسے منظر میں جب ایک امت لوجود میں آتی ہے
common_voice_ur_31975260.mp3	ہمیں اس کے ضائع ہونے کا خطرہ مول نہیں لینا چاہیے۔	 ہمیں اس کے ضائع ہونے کے خطرہ مول نہیں لےنا چاہیئے
common_voice_ur_31856390.mp3	کچھ یہ بتانا چاہتے ہیں کہ سارا گلاس بھرا ہوا ہے۔	 کچھ یہ بتانا چاہتے ہیں کہ سارا گلاس بھرا ہوا ہے
common_voice_ur_31856153.mp3	خلیفہ کے حکم کے بغیر نہ وعظ کہتے تھے اور نہ فتویٰ دیتے تھے	 حلیفہ کے حکم کے بغیر نہ وحز کہتے ہیں نہ فتوہ دیتے ہیں
common_voice_ur_38457277.mp3	اپنے دین کو تبدیل کئے بغیر اشرف غنی سے شادی کرلی	 اپنے دین کو تبدیل کیے بغیر اشرف گنی سے شادی کر لی
common_voice_ur_32049808.mp3	کَل کا اعلان منڈیوں کے بند ہونے کے بعد کِیا گیا تھا	 کل کا علان مرنڈیوں کے بند ہونے کے بعد کیا گیا تھا
common_voice_ur_31919386.mp3	اس کا نتیجہ سوائے انتشار اور انارکی کے اور کچھ نہیں نکلتا	 اس کا نتیجہ سوائے انتشار اور انارکی کے اور کچھ نہیں نکلتا
common_voice_ur_31946057.mp3	موئن جو دڑو کا شمار قدیم ترین تہذیبوں میں ہوتا ہے	 موئن جو دروقت شمار کے دین ترین تحصیبوں میں ہوتا ہے
common_voice_ur_31967040.mp3	جس خار پہ ہم نے خوں چھڑکا ہم رنگ گل طناز کیا	 جس خات پہ ہم نے خون چھڑکا ہم رنگ گل تناز کیا
common_voice_ur_31951055.mp3	عالمی چیمپئن شپ میں شرکت کیلئے کوئی اسپانسر نہیں محمود لودھی	 عالمی چمین چک پر شرکت کے لیے کوئی سپانسر نہیں ہے میں مو دھو دی
common_voice_ur_31966130.mp3	اسٹیل ملز لیز پر دینے کیلئے معاملات حتمی مراحل میں داخل	 سٹیل ملچ لیز بٹ دینے کے لیے معاملات حتمی مراحل میں داخل
common_voice_ur_31814480.mp3	ضرورت اس امر کی ہے کہ ادارے مضبوط ہوں ’’ شخصیات ‘‘ کی بجائے	 ضلوت اس امر کی ہے کہ ادار مزبوط ہوں شخصیات کی بجائے
common_voice_ur_41177770.mp3	بنگلہ دیش لاک ڈان کے دوران اجرت کیلئے مزدوروں کا احتجاج	 مغلدیش لوگ ڈاون کے دوران اجرت کے لئے مزدوروں کا احتجاج
common_voice_ur_41149675.mp3	بھارتی کھلاڑیوں کے آئی پی ایل سے دستبردار ہونے کا سلسلہ شر	 ہارتی کھلا ریوں کے آئی بی ایل سے دست بردار ہونے کا سلسلہ شادی
common_voice_ur_31920816.mp3	احسان مانی اسد خان کی پی سی بی گورننگ باڈی میں نامزدگی نوٹیفکیشن جاری	 احسان مانی ہے ستھان کی پیسی بھی گورننگ بارٹی میں نام ذکر کی پورٹ فکرشن جا رہی
common_voice_ur_31860138.mp3	پچھلے چند دنو ں سے ایک ہزار سے زیادہ نئے مریض سامنے آرہے تھے	 پچھلے چند دنوں سے 1000 سے زیادہ نئے مریض سامنے آ رہے تھے
common_voice_ur_31834863.mp3	سابق لیگ اسپنر عبدالقادر کے بیٹے ٹورمیچ میں اسٹریلیا کی نمائندگی کریں گے	 سابک لیک سپنر اپل کادر کی بیٹے ٹور میج میں اوسترلیا کی نماندگی کریں گے
common_voice_ur_38455317.mp3	اگر ڈاکٹر وقتی طور پر کوئی دوائی دے دیتا تو کیاہرج تھا۔	 اگر دکھر وقتی طور پر کوئی دواہی دے دیتا تو کیا ہرچ تھا؟
common_voice_ur_31849611.mp3	یونیورسٹیوں کے اخراجات ہائیر ایجوکیشن کمیشن کی دی گئی گرانٹ سے پورے ہوتے ہیں۔	 انوستیوں کے اکراجات ہائیر ایجوگیشن کمیشن کی دی گئی گرانٹ سے پورے ہوتے ہیں
common_voice_ur_31977412.mp3	میڈیکل اور آئل فیلڈ میں ٹیکنیکل ویزا پر کوئی پابندی نہیں ہوگی	 مدیکل اور آئل فیلڈ میں تکنیکل ویزا پر کوئی پابندی نہیں ہوگی
common_voice_ur_31870145.mp3	پاکستان نے ون ڈے سیریز میں زمبابوے کو کلین سوئپ کردیا	 پاکستان نے ونڈے سیڈیز میں زمبابے کو فلین سوائپ کر دیا
common_voice_ur_31983645.mp3	کے لیے دل پر قابو پانے کیلئے آسان نہیں طاقت حوصلہ ندارد	 کے لئے دل پر کاغو پانے کے لئے اسانہی طاقت، ہوصلہ ندار
common_voice_ur_31849650.mp3	کَیا کھلاڑی نے اچھی کارکردگی پیش کرنا اور وُہ کَیا سے کھلاڑی ہونا	 کیا کلاڑی نے اچھی کر قردگی بیش کرنا اور وہ کیا سے کلاڑی ہونا
common_voice_ur_41156132.mp3	تو کراچی میں ایم کیو ایم کی سیکولر دہشت گردی قائم تھی۔	 تو کرچھی میں mqm کی سیکلر دیشت گردی قائم تھی
common_voice_ur_41126006.mp3	کیا پاناما کیس کا فیصلہ آنے میں قدرے دیر نہیں ہوگئی؟	 کیا پنامہ کیس کا فیصلہ آنے میں قدر دیر نہیں ہوگی
common_voice_ur_31950287.mp3	چیمپئنز لیگ فٹبال سیمی فائنل میں لیورپول کی روما کو شکست	 چیمپینز لیگ فوربال سیمی فائنل میں لیورپول کی رومہ کو شکست
common_voice_ur_31849602.mp3	برائڈل فیشن ویک کا دوسرا روز خوبصورت عروسی جوڑوں کی دھوم	 برائیلو فیشن ویژ کا دوسرا روز خوبصورت حروسی جورو کی دوم
common_voice_ur_31984900.mp3	آنکھوں کے دریچے بند کیے اور سینے کا در باز کیا	 آنکھوں کے دریچے بند کیئے اور سینے کا درباز کیئے
common_voice_ur_31957762.mp3	پی ایس ایل فائنل پشاور زلمی کی شکست پر سپورٹرز افسردہ نہیں	 پیس پر فائنل پشاورزلمی کی شکست پر سپورٹرز افسر کا نہیں
common_voice_ur_41158119.mp3	غصے کے علاج کے حوالے سے جو بھی علاج ذکر کیا جائے گا	 اسے کے علاج کے حوالے سے جو بھی علاج ذکر کیا جائے گا
common_voice_ur_32049594.mp3	میں نے شعر افسانے اور ناول کا مطالعہ ضرور کیا ہے	 مے نے شہر، افسانے اور نوبل کا متعلیہ ضرور دیا ہے
common_voice_ur_31934129.mp3	اس بیباک سچ لکھنے کے بعد تین سال جیل میں گزارنے پڑے	 اس بے باگ سچ لکھنے کے بعد تین سال جیل میں گزارنے پڑے
common_voice_ur_31984608.mp3	تو یہ ہماری مجبوری نہیں ہوتی، ہم ہر جگہ ایک ہیں۔	 تو یہ ہماری مشبوری نہیں ہوتی ہم ہر جگہ ایک ہیں
common_voice_ur_31957729.mp3	خاموشی اس قدر تھی کہ ہوا کی سنسناہٹ سنی جا سکتی تھی	 ہوا کی سنسنار چھنی جا سکتی تھی
common_voice_ur_31970982.mp3	کیا ایک ٹی وی چینل کسی قانون ضابطے کا پابند نہیں؟	 کیا ایک ڈیوی چینل کسی قانون زبطے کا پابند نہیں
common_voice_ur_31791054.mp3	وہ یہ مقصد ہیجان برپا کر کے حاصل کرنا چاہتے ہیں۔	 وہ یہ مقصد ہی جان برپا کر کے حاصل کرنا چاہتے ہیں۔
common_voice_ur_31916296.mp3	جیمز اینڈرسن ٹیسٹ کرکٹ کے کامیاب ترین فاسٹ بالر بن گئے	 جیمز انڈرسن تیس کرکٹ کے کامیاب ترین فاست بورر بن گئے
common_voice_ur_31921949.mp3	عالمی بینک کے اعلی سطحی وفد کی مشیر خزانہ سے ملاقات	 عالمی وینگ کے علا ستھی وقت کے میں شیرے خزانہ سے ملکہ ہوں
common_voice_ur_38472469.mp3	زمینی حقائق کی بنیاد پر نیا نظام زکو تشکیل دینے کی تجویز	 زمینی حقائق کی بنیاد پر نیا نظام ذکو تشکیل دینے کی تجویز
common_voice_ur_32006048.mp3	ڈرائیور کے بغیر بس نے خودکار طریقے سے سفر طے کیا	 درائور کے بغیر بس نے خودکار طریقے سے سپر تحکیہ
common_voice_ur_38432105.mp3	دور حاضرمیںخود کش حملوں کے جملہ حقوق ان ہی کے نام محفوظ ہیں۔	 دور حاضر میں خود کش حملوں کے جملہ حقوق انہی کے نام محفوظ ہیں
common_voice_ur_33605813.mp3	فلک نہ دور رکھ اس سے مجھے کہ میں ہی نہیں	 فلک نہ دور رک اس سے مجھے کہ میں ہی نہیں
common_voice_ur_33605882.mp3	وہ عمر میں مجھ سے غالباً سال ڈیڑھ سال بڑے رہے ہوں گے	 وہ عمر میں مجھ سے گالباں ڈیڑ سال بڑے رہے ہوں گے
common_voice_ur_31973139.mp3	یہ دکھوں کو اپنے راستے کی رکاوٹ نہیں بننے دے گی۔	 یہ دکھوں کو اپنے راستے کی رکاوٹ نہیں بننے دے گی
common_voice_ur_31953645.mp3	جب ہیومن انٹریکشن ختم ہوگا تو کرپشن خودبخود ختم ہو جائے گی	 جب ہیوین انٹریکشن ختم ہوگا تو کرپشن خود بخود ختم ہو جائے گی
common_voice_ur_31834843.mp3	اسی دوران پرسنل کمپیوٹرز میں ملٹی میڈیا ٹیکنولوجی کو فروغ حاصل ہوا	 اسی دوران پرسنل کمپیوٹرز میں ملٹی میڈیا ٹکنالوجی کو فروغ حاصل ہوا
common_voice_ur_31968751.mp3	چاہے پارسی ہو یا کوئی اور ہم سب پاکستانی بھائی بھائی ہیں	 ہم سب پاکستانی بھائی بھائی ہیں
common_voice_ur_31842149.mp3	پاکستان میں ڈاکٹروں اور دیگر طبی عملے کو کورونا وائرس سے متاثرہ	 پکسان میں ڈاکٹوروں اور تیگر تبی املے کو کرونا وائرس سے متاثر
common_voice_ur_31935577.mp3	یوں اس کے داخل میں ایک نفسیاتی کشمکش جنم لیتی ہے۔	 یوں اس کے داخل میں ایک نفسیاتی کشم کش جنم لیتی ہے
common_voice_ur_31976651.mp3	اس کے باوجود آپ کے فن کا اعتراف عام لوگوں میں ہے۔	 اس کے باوجود آپ کے فن کا احتراف عام لوگوں میں ہے
common_voice_ur_31946304.mp3	ایسے پروگرامز بھی سوشل میڈیا اور ٹی وی پر بھی دکھائے جائیں	 ایسے پرڑام بھی شوشل ویڈیا اور ٹیوی پر بھی دکھائے جائے
common_voice_ur_38438339.mp3	آگ اس گھر میں لگی ایسی کہ جو تھا جل گیا	 آگ اس گھر میں لگی ایسی کہ جو تھا جل گیا
common_voice_ur_31837337.mp3	ایجاب و قبول جانے اور دیکھے بنا کیسے ہو سکتا ہے؟	 جا وہ کبول جانے اور دیکھے بنا کیسے ہو سکتا ہے
common_voice_ur_31837307.mp3	یقین کرتا ہوں کے لوگ بنیادی طور پر مہذب ہوتے ہیں	 یقین کرتا ہوں کہ لوگ بنیادی طور پر محظب ہوتے ہیں
common_voice_ur_31835059.mp3	کہ اللہ تعالیٰ کی ذی شعور مخلوقات میں فرشتے اورجنات بھی شامل ہیں	 کہ اللہ تعالیٰ کی زیر شعور مہلکات میں فرشتے اور جنات بھی شامل ہیں
common_voice_ur_38466413.mp3	ان کا بڑا سرمایہ کار بہرحال نقصان میں نہیں رہے گا۔	 ان کا بڑا سلمائیہ کائل بہن ہی نقصان میں نہیں رہے گا
common_voice_ur_38436270.mp3	"ان کی کئی کتابیں بعد میں پڑھیں ''دلی"" ان کا مشہور ناول ہے۔"	 کہ کئی کتابیں باز میں پڑھی، دیدی ان کا مشہور نوال ہے
common_voice_ur_31917907.mp3	یہ تصور ریاست ہی قدیم فہم اسلام کے لیے اجنبی ہے۔	 یہ تصور ریاست ہی قدیم فہم اسلام کے لیے اجنبی ہے
common_voice_ur_30643863.mp3	ہوپ نے بنگلہ دیش سے فتح چھین لی ویسٹ انڈیز فاتح	 بھائیت بگلازے سے فتح چین دی ویسٹ انڈیز فاتح
common_voice_ur_31972015.mp3	آرمی چیف نے پی ایس ایل کا فائنل لاہور میں کرانے	 پیسل کا فائنل نہار میں کرانے
common_voice_ur_38431447.mp3	چائنا پاکستان اکنامک کاریڈور بنے گا، اس کی راہ میں کوئی ملک روڑے نہیںاٹکائے گا۔	 چائنا پاکستان اکنومک کاریڈور بنے گا اس کی راہ میں کوئی ملک روڑے نہیں اٹکائے گا
common_voice_ur_31891785.mp3	فیفا ورلڈ کپ جاپان اور پولینڈ کی ٹیمیں مدمقابل ہوں گی	 سیفہ ورلکپ، جپان اور پولین کی ٹیموں کا مدد مقابل ہوں گی
common_voice_ur_31990836.mp3	ان سے نجات کے لیے ہمیں ترجیحات کا تعین کرنا ہے۔	 ان سے نجات کے لئے ہم اپنے تجھے ہاتھ کا تائین کرنا ہے
common_voice_ur_31970708.mp3	رافیل نڈال نے گیارہویں مرتبہ بارسلونا اوپن کا ٹائٹل جیت لیا	 رافیل ندال نے 11 مرتبہ بارسلونا ہوپن کا تیڈل جیت لیا
common_voice_ur_31929348.mp3	تو وہ جمہوریت اور آزاد میڈیا کے مخالفین ہو ں گے۔	 تو وہ جمہوریت اور ازاب میڈیا کے محلفین ہوں گے
common_voice_ur_31972650.mp3	آپ نے ملاحظہ کیا ہو گا کہ میں گول مول انداز میں	 ہاں نمی اللہ حافظ کیا ہوگا کہ میں گول مول انداز میں
common_voice_ur_32018347.mp3	بالواسطہ خبر ملتی ہے کہ آج کل کیا مباحث جاری ہیں۔	 دلا واسطہ خبر ملتی ہے کہ آج کل کیا مباحث جاری ہیں
common_voice_ur_41144516.mp3	مختلف تعلیمی اداروں میں گئے اور نوجوانوں کے ساتھ رقص کیا	 مختلف دعیمی اداروں میں گئے اور نوجوانوں کے ساتھ رکس کیا
common_voice_ur_31918082.mp3	لوگ پاکستان میں سیاست تو کیا جائیداد تک نہیں خرید سکتے	 لوگ پاکستان میں سیاست تو کیا جائدات تک نہیں خری سکتے
common_voice_ur_31898271.mp3	بی بی سی کے اسد علی کی تحریر سنیے نادیہ سلیمان کی زبانی	 بی بی سی کے اسد علی کی تحریح سنن نادیہ اسولمان کی زبانیں
common_voice_ur_32013932.mp3	مقتول کو ذاتی دشمنی پر عامر نامی شخص نے قتل کردیا	 مختور کو ذاتی دشکنی پر آنمیر نامی شخص نے قطع کر دی
common_voice_ur_31916514.mp3	انسانی لہو کا رنگ ان رنگوں میں سب سے نمایاں ہے۔	 انسانی لہو کا رنگ ان رنگوں میں سب سے نمائیہ ہے
common_voice_ur_31897562.mp3	میں نے ٹام کو بتایا میرا چلنے کا موڈ نہیں ہے	 میں نے ٹام کو بتایا میرا چلنے کا موڈ نہیں ہے
common_voice_ur_38487662.mp3	سکھوں کو شکست دیکر پنجاب کو برطانوی سلطنت میں شامل کر لیا	 سکھوں کو شکست دے کر پنجاب کو برطانوی سلطنت میں شامل کر لیا
common_voice_ur_26756832.mp3	میرے صبر کا امتحان مت لو تم برا کیوں مناتے ہو	 میرے سبر کا امتحان مطلو تم برا کیوں مناتے ہو
common_voice_ur_31902143.mp3	سابقہ ادوار میں توانائی بحران سے معیشت کو بیحد نقصان ہوا شہباز شریف	 ساب کا دوار میں توانائی بوران سے میں شیخ کو بہر نقصان ہوا شیبہ شریف
common_voice_ur_31835466.mp3	، اپنے گریبان میں جھانکنے کی بجائے دوسروں کو برا بھلا کہا جائے	 اپنے گرابان میں جھانکنے کی بجائے دوسروں کو برا بھلا کہا جائے
common_voice_ur_32053358.mp3	عباس نے دنیا بھر کے کرکٹرز کو اپنا گرویدہ بنا لیا	 عباس نے دنیا پر کے کٹرز کو اپنا گرویدہ بنا لیا
common_voice_ur_38415183.mp3	سرخ و سفید رنگت کے ساتھ چوڑی پیشانی کے نیچے دو بڑی بڑی آنکھیں تھیں	 سرخ و سفید رنگت کے ساتھ چوری بیشانی کے نیچے دو بڑی بڑی آنکھیں تھی
common_voice_ur_31986132.mp3	ائی ڈی پیز سے اظہار یک جہتی کیلئے دوستانہ کرکٹ میچ	 ایڈی پیس سے ازارہ یک جہتی کے لیے دوستانہ کرکیٹ میچ
common_voice_ur_41136943.mp3	اور اگر ویت نام ماضی کی بات ہے، عراق ہمارے سامنے کی مثال ہے۔	 اور اگر ویتنام ماضی کی بات ہے، اراکھ ہمارے سامنے کی مثال ہے
common_voice_ur_32055363.mp3	جنوبی افریقہ سابق ایتھلیٹ اسکر پسٹوریس پیرول پر جیل سے رہا	 جنوبی افریقہ سابق اتھلیٹ اسکر اسٹوریس پرول پر جیل سے رہا
common_voice_ur_31967831.mp3	اور بَہُت دلکش اورخوبصورت انداز میں مَیں یِہ کو دانہ چننا ہونا	 اور بہت دلکش اور خوبصورت انداز میں میں یہ کو دانہ چلنا ہونا
common_voice_ur_41121136.mp3	کم عمر لڑکیوں کے ریپ کا الزام ار کیلی پر فرد جرم عائد	 کم مرد ہے لرکیوں کے ریب کا اعظام آرکیلی پر فرد چارہ میں آئید ہے
common_voice_ur_41119993.mp3	بلکہ ان کا دائرہ کار نا قابل تسخیر ہو گیا ہے۔	 بلکن کا درکار نقابی تصویر ہو گیا ہے
common_voice_ur_31954728.mp3	کمیل ننجیانی انجلینا جولی کے ہیرو بننے سے قبل اوبر ڈرائیور بن گئے	 کمیر انجیانی انجلینہ جولی کے ہیرو بننے سے قبل اوبر ڈرائیور بن گئے
common_voice_ur_32030580.mp3	پاک فوج نے شمالی علاقہ جات میں پھنسے سلوینیا کے کوہ پیما کو بچالیا	 آگ فوجنے شمالی علاقہ جات میں پھر سے سلویڈیا کی کوکیمہ کو بچا لیا
common_voice_ur_31878114.mp3	اقبال کے الفاظ میں انبار گل کو آدم کیسے بنانا ہے؟	 اقبال کے انبار گل کو آدم کیسے بنانا ہے؟
common_voice_ur_26756726.mp3	پاکستان ایک بار پھر یورو بانڈز کی مارکیٹ میں پہنچ گیا	 باکستان ایک بار پھر یورو بانز کی مرکت میں پہنچ گیا
common_voice_ur_26704017.mp3	اہل فتنہ کے خلاف لڑنے کا حق ریاست کے لیے ثابت ہے۔	 اہل فتنہ کے خلاف لڑنے کا حق ریاست کے لئے ثابت ہے
common_voice_ur_31794119.mp3	ہندسے معلوم نہیں کب تک فرشتے کا ساتھ دے پائیں گے۔	 ہند سے معلوم نہیں کب تک فریشتے کا ساتھ دے پائیں گے
common_voice_ur_31820415.mp3	ارسطو کی زندگی کے بارے میں بہت کم جانا جاتا ہے	 عرستو کی زندگی کے بارے میں بہت کم جانا جاتا ہے
common_voice_ur_31928576.mp3	ہم نے کئی جدید افکار کو غیر متعلق ہوتے دیکھا ہے۔	 ہم نے کئی جدید افکار کو غیر مطالبک ہوتے دیکھا ہے
common_voice_ur_31835663.mp3	یہ اظہار کے لیے بھی ایسے ہی لطیف اسالیب چاہتا ہے۔	 یہ اظہار کے لیے بھی ایسے ہی لطیف اسانی بھی چاہتا ہے
common_voice_ur_32012208.mp3	ہم چلتے رہے جب تک ہماری ٹانگوں نے ہمارا ساتھ دیا	 ہم چلتے رہے جبکہ کمائی تانگوں نے ہمارا ساتھ دیا
common_voice_ur_32021440.mp3	آزادی کی ایسی کیفیت کہ الیکشن سٹاف بھی ان کے پولنگ ایجنٹس کے	 سب کی ایسی قفیت کے ایلکشن سٹاپ بھی ان کے بولی پر دیگر چھے
common_voice_ur_31934574.mp3	اور سینئر ڈاکٹروں اور نرسوں کی جگہ خاک روب اور عیسائی لڑکے لڑکیاں وردی پہن کر	 اور سینیر ڈاکٹروں اور نرسوں کی جگہ خاک روگ اور اسائی لڑکے لڑکیاں وردی پہن کر
common_voice_ur_31823044.mp3	اتنی ہی مقدار میں پہنچ پاتی ہے جتنی کہ ضرورت ہو	 اتنی ہی مقدار میں پہنچ باتی ہے جتنے کی ضرورت ہو
common_voice_ur_31823060.mp3	یہ وہ مباحث ہیں جو اغیار کے گھروں میں ہو رہے ہیں؟	 یہ وہ مباحث ہیں جو اگیاد کے گھروں میں ہو رہے ہیں
common_voice_ur_31823416.mp3	آج اہل فلسطین کو ایک نئی حکمت عملی کی ضرورت ہے۔	 آج اہل فلسطین کو ایک نئے حکمت اعملی کی ضرورت ہے
common_voice_ur_31892088.mp3	صارفین کی جانب سے یہ بات باور کرائی جا رہی ہے	 سارفین کی جانب سے یہ بات باور کرائی جا رہی ہے
common_voice_ur_31915390.mp3	اس بہار میں کلیاں ہی نہیں، چہرے بھی کھل اٹھے ہیں۔	 اس بہار میں کلیاں ہی نہیں چہرے بھی کھلوٹے ہیں
common_voice_ur_31892108.mp3	اس کے برخلاف اقتدار کی کشمکش میں وہ ایک فریق ہے۔	 اس کے برخلاف اقدار کی کشمکش میں وہ ایک فریق ہے
common_voice_ur_31943617.mp3	محفل درد پھر رنگ پر آ گئی پھر شب آرزو پر نکھار آ گیا	 نیسلی رنگ پر آگئی پھر شب ورنگ پر نکار آگیا
common_voice_ur_41150957.mp3	مالیاتی جرائم کی روک تھام کیلئے پاکستان کی کارکردگی میں نمایاں بہتری	 مالیاتی جرائم کی روک تھاں کے لیے پاکستان کی کارگردگی میں نمایاں بیکتے رہا ہے
common_voice_ur_38432727.mp3	افغانستان سے شہریوں کے بجائے جانوروں کا انخلا، برطانوی وزیراعظم دباؤ میں	 افغانستان میں شہریوں کے بجے جانورر کے انخلا، برطانوی وزیراعظم دباؤ میں
common_voice_ur_38446861.mp3	ترا دل تو ہے صنم آشنا تجھے کیا ملے گا نماز میں	 تیرا دل تو ہے سنم آشنا تجھے کیا ملے گا نماز میں
common_voice_ur_31901321.mp3	ایم کیو ایم کرنا پریس کانفرنس دیکھئے سوشل میڈیا پر دستیاب ہونا	 ہمارے بارے میں
common_voice_ur_31831702.mp3	اسٹریلیا کے ایئرپورٹ میں باسکٹ بال کھلاڑی کے سامان سے کتا برامد	 اور شگلیا کے ایرپورٹ میں باسکٹبال کھلاری کے سمان سے کتا برامد
common_voice_ur_32018865.mp3	جبکہ اس بات کا دارومدار بھی افراد کی عادات پر ہے	 جبکہ اس بات کا داروں مدار بھی افراد کی عداد پر ہے
common_voice_ur_41108139.mp3	مالکان اپنے ملازمین کو تنخواہ کے ساتھ چھٹی دیں ماہرہ خان	 مالکان اپنے ملازمین کو تنخواگ ساتھ چھٹی دے مہرا خان
common_voice_ur_31903028.mp3	اور وزیراعظم عمران خان بھی اس کے مداحوں میں سے ہیں	 اور عزیز عزیز عمران خان بیس کی مدعوم میں سے
common_voice_ur_31934416.mp3	اسی طرح آج کل بلاگنگ میں بھی جدت آتی جا رہی ہے	 اس طرح آج کل لوکنگ میں بھی جدد آتی جا رہی ہے
common_voice_ur_31841529.mp3	امریکاشمالی مشرقی ساحل سمندر پر سالانہ موٹر بوٹ ریس کا انعقاد	 امریکہ شمالی مشرقی ساہل سمندر پر سالانہ موڈر بوٹ ریس کا انکاد
common_voice_ur_38445985.mp3	پرانوں کے مطابق رام کے بیٹے راجا لوہ نے شہر لاہور کی بنیاد رکھی	 پرانوں کے مطابق رام کے بیٹے راجہ لوھ نے شہرِ لہور کی بنیاد رکھی
common_voice_ur_32005887.mp3	چیزوں میں وہ خوبصورتی دیکھتا ہوں جو شائد دوسرے نہیں دیکھتے	 جیسے میں وقت صورتی دکھتا ہوں جو شاید دوست رینی دکھتی
common_voice_ur_32016979.mp3	ہت ھی اچھا لگا ان پارسی بہن بھائیوں کو دیکھ کر	 ہتھی اچھا لگا ان پارسی بہن بائیوں کو دیکھ کر
common_voice_ur_38470593.mp3	یہ رسم برہم فنا ہے اے دل گناہ ہے جنبش نظر بھی	 یہ رزم برحم فنا ہے، دل گناہ ہے، جمبش نظر بھی
common_voice_ur_38427802.mp3	محرم اور ربیع الاول پر بھی کوئی خصوصی پروگرام نشر نہیں کیا گیا	 محرم اور رب العول پر بھی کوئی خصوصی پرگرام نشن نہیں کیا گیا
common_voice_ur_31892454.mp3	رات کے کھانے پر ہم نے اس معمے پر کافی سوچ بچار کی	 رات کے کھانے پر ہم نے ایسے معامے پر کافی سوچ پچار کی
common_voice_ur_38465314.mp3	سوتن کے ساتھ رہنے پر خاتون نے شوہر کا پرائیویٹ پارٹ کاٹ ڈالا	 سوٹن کے ساتھ رہنے پر خاتون نے شہر کا پریویٹ پارٹ کارٹ ڈالا
common_voice_ur_38462297.mp3	شنگھائی میں تین ماہ کے لاک ڈان کے بعد ڈزنی لینڈ کھولنے کا اعلان	 چنگھائی میں 3 ماک کے لاؤنگ کے بعد ڈیزنی لینڈ کھوننے کا اعلان
common_voice_ur_31990831.mp3	یہ مریم نواز صاحبہ کی عوامی سیاست کا پہلا دن ہے۔	 یہ مریع منواز صاحبہ کی عوامی سیاست کا پہلا دن ہے
common_voice_ur_32043883.mp3	میں یہ نہیں کہتا کہ حکومت اس آپریشن کے خلاف ہے۔	 میں یہ نہیں کہتا کہ حکومت اس عپریشن کے خلاف ہے۔
common_voice_ur_31812934.mp3	وہ طاقت رکھتے ہوئے بھی خوف کے سائے میں جیتے ہیں۔	 وہ طاقت اکھتے ہوئے بھی خوف کے سائی میں جیتے ہیں
common_voice_ur_31815573.mp3	دوسرا یہ کہ اس سے مراد اداروں میں تصادم نہیں ہے۔	 دوسرا یہ کہ اس سے مراد اداروں میں تصادم نہیں ہے
common_voice_ur_32004405.mp3	اس پر مستزاد ان کی لا علمی اور سطحی انداز نظر ہے۔	 اس پر مستزاد ان کی لاعلمی اور صحیح انداز نظر ہے
common_voice_ur_32055730.mp3	آج نواز شریف نے مشروط اجازت قبول کرنے سے انکار کیا ہے۔	 آئی نواز شریف نے مشروع جی جادت قبول کرنے سے انکر کر دیا
common_voice_ur_38453158.mp3	اب اردگرد کی دنیا کے بارے میں اچھا نظریہ رکھتے ہیں	 اب ارد گرد کی دنیا کے بارے میں اچھا نظریہ رکھتے ہیں
common_voice_ur_31999277.mp3	بعد میں قائداعظم کانگریس کی مسلم کش پالیسیوں سے بددل ہوکر شامل ہوگئے	 بعد میں قائدہ عظم کانگریس کی مسلم کش فالیسیوں سے بدل ہو کے شامل ہو گئے
common_voice_ur_38451729.mp3	یہ حرکتیں تھیں ادھر کے مسلمز کی جو ان کو زوال آیا	 یہ حرکتیں تھیں ادھر کے مسلمز کی جو ان کو زوال آیا
common_voice_ur_32052080.mp3	تو یہ اونٹ کی پیٹھ پر آخری تنکا ثابت ہو سکتا ہے۔	 تو یہ اُدھ کی پیٹ پہ آخری تنکہ ثابت ہو سکتا ہے
common_voice_ur_38422248.mp3	ہم نے کیا لڑنا ہے ججز خود ہی لڑتے جا رہے ہیں	 ہمیں کیا لڑنا ہے ججزیز خود ہی لڑتے جا رہے ہیں
common_voice_ur_31887717.mp3	گویا آسمان سے آنے والی صدا اسی طرح گونجتی رہے گی۔	 گویا اسمان سے آنے والی صدا اسی طرح گونچتی رہے گی
common_voice_ur_31887981.mp3	ماہرین کی بقول گو کہ پلیٹ کی تقسیم کا یہ عمل کئی	 معہرین کے بقول گو کے پلیٹ کی تقسیم کا یہ عمل کہیں
common_voice_ur_31983832.mp3	ہر چیز فطرت کے اصول کے عین مطابق آگے بڑھ رہی ہے۔	 ہر چیز فطرت کے اصول کے این مطابق آگے بڑھ رہی ہے
common_voice_ur_32041721.mp3	جنہیں مجموعی طور پر فوسل فیول یعنی رکازی ایندھن کہا جاتا ہے	 جنہیں مجموعی طور پر فوسل فیول یعنی لکازی اندن کہاں جاتا ہے
common_voice_ur_31834487.mp3	برگ ہائے سبز ہیں جنہیں پالک کا نام دے دیا گیا ہے۔	 برگھائے سب سے جی نے پانک کا نام دے دیا گیا ہے
common_voice_ur_31932104.mp3	زندگی، سچ یہی ہے کہ موت کے آغوش میں سانس لیتی ہے۔	 زندگی سر چاہی ہے کہ موت کی آوش میں سانس لیتی ہے
common_voice_ur_32017951.mp3	تو کون اسے کسی گہری کھائی میں گرنے سے روک سکتا ہے ۔	 تو کون اسے کسی گیری کھائی میں گرنے سے روک سکتا ہے
common_voice_ur_31793224.mp3	تو ہماری جماعت کو اس پر کوئی اعتراض نہیں ہو گا۔	 تو ہماری جماعت کو اس پر کوئی اتراس نہیں ہوگا۔
common_voice_ur_31815026.mp3	اب تو کسی کی تعریف بھی کرنا پڑی تو احتیاط برتنی ہو گی	 اب تو کسی کی تارک بھی کرنا پڑی تو احتیاط برک نہیں ہوگی
common_voice_ur_31819969.mp3	اب یہ خصوصیت ان کی شہرت میں جو چاند ٹانک رہی ہے	 اب یہ خصوصیت ان کی شہرت میں جو چان تانک رہی ہے
common_voice_ur_38476055.mp3	دوسرا یہ کہ یہ تعبیر چند بنیادی مقدمات اوردینی دلائل پر کھڑی ہے۔	 دوسرے یہ کہ یہ تابیر چند بنیادی مقدمات اور دینی دلائل پر کھڑی ہے
common_voice_ur_31833984.mp3	بعض ٹی وی چینلز مسلسل نفرت کا کاروبار کر رہے ہیں۔	 بہت سے چینلز مسلسل نفرت کا کاربار کر رہے ہیں
common_voice_ur_35150504.mp3	مقبوضہ کشمیر شہید طالبعلم کا جنازہ سبز ہلالی پرچم کے سائے تلے آزادی کے نعروں کیساتھ سپردخاک	 مقبوزہ کشمیر شہیر طالب انکا جنازہ سبد حلالی پرچم کے سائے تلے آزادی کے ناروں کے ساتھ سپوردہ خواک
common_voice_ur_31954858.mp3	اب ان سے ذاتی تشہیر پہ صرف کی گئی رقوم کی واپسی	 اب ان سے ذاتی تشہیر پر صرف کی گئی رقوم کی واپسی
common_voice_ur_31822890.mp3	تو کیا اہل سیاست سے خیر کی توقع نہیں رکھنی چاہیے؟	 تو کیا اہلے سیاست سے خیر کی توقع نہیں رکھنے چاہیے؟
common_voice_ur_31822940.mp3	ور یہی وجہ ہی کہ سماٹرا کو جس زلزلی نی نشانہ بنایا	 اور یہی وجہ ہی کہ سماترہ کو جس ذلزلی نے مشانہ بنائیا
common_voice_ur_31833830.mp3	لاہور سوئی ناردرن گیس نے متعدد پاور ہاسز کو گیس سپلائی بند کر دی	 لاہور سوی نوڈرن گیس کے متعدد پاور ہاؤسز کو گیس سپلائی بن کر دی
common_voice_ur_31965308.mp3	اس نظام میں خرابیوں کے باوجود اب بھی بہت خیر ہے۔	 اس نظام میں خرابیوں کے باوجود اب بھی بہت خیر ہے
common_voice_ur_41119177.mp3	چین کا شمسی توانائی سے اڑنے والے ڈرون کی کامیاب پرواز کا دعوی	 چین کا شمسی طوانائی سے اڑنے والے ڈرون کی کامیاب پرواز کا دعویٰ
common_voice_ur_31902411.mp3	جنسی ہراساں کرنے کا الزام افغان فٹبال فیڈریشن کے سربراہ پر پابندی	 جنسی ہراثہ کرنے کا اظام افغان سبال سٹریشن کے سربراہ پر پاغلی
common_voice_ur_31976017.mp3	کچھ عرصہ سے کورونا کی دوسری لہر سر اٹھا رہی ہے	 کچھ عرصہ سے کرونا کی دوسری لہن سر اٹھا رہی ہے
common_voice_ur_31987442.mp3	یہ ہی حال کشمیر، فیصل آباد اور دوسرے علاقوں میں ھے	 یہ ہی حال کشمیر فیصلہ باد اور دوسرے علاقوں میں ہے
common_voice_ur_31833828.mp3	کپاس کی مجموعی ملکی پیداوار کم ترین سطح تک رہنے کے خدشات	 کپاس کی مجموعی ملکی پیداوار کم تنین ستا رہنے کے خدشات
common_voice_ur_31906214.mp3	کراچی وزیر اعلی سندھ کا نیشنل اسٹیڈیم کا دورہ سکیورٹی انتظامات کا جائزہ	 کراشی وزیراڈا سنگ کا نیشنرل شٹیڈیم کا دوری سکورٹی انتدامات کا جائے گا
common_voice_ur_31979910.mp3	بیمار معیشت کی بحالی لیگ کا عظیم کارنامہ ہے شہباز شریف	 بیمار معیشیت کی بہالی لیگ کا عظیم قرنامہ ہے شہباز شریف
common_voice_ur_41133003.mp3	یہ تو وہی ہوا جو ہمارے معزز مولوی صاحب کے ساتھ ہوا۔	 یہ تو وہی ہوا جو ہمارے مجدد مولوی صاحب کے ساتھ ہوا
common_voice_ur_28900869.mp3	وادیٔ سندھ کی تہذیب کے عظیم شہر پر بہت کام ہوا ہے	 وادِ سندھ کی تحضیب کی عظیم شہر پر بہت کام ہوا ہے
common_voice_ur_31955947.mp3	مارچ میں جب سپین میں کوورونا وائرس کے سبب سخت لاک ڈاون تھا	 مرش میں جو سپین میں کرونا وائرس کے سب سے سخت لوک ڈاں تھا
common_voice_ur_38485023.mp3	اگر ایسا نہیں کرسکتے تو پھر انتظار کی سولی پر چڑھ جاﺅ	 اگر ایسا نہیں کر سکتے تو پھر انتظار کی سولی پر چار جاؤ
common_voice_ur_31958982.mp3	خوف کا پہلا اثر اعصاب اور دوسرا ذہن پر ہوتا ہے۔	 خوف کا پہلا اثر اصاب اور دوسرا ذہن پر ہوتا ہے
common_voice_ur_38470417.mp3	احد چیموں کی بھی پانچوں گھی میں ہوتی ہیں اور خادمان قوم بھی فائدے میں ہوتے ہیں۔	 اہد چیموں کی بھی پانچوں گھی میں ہوتی ہے اور ہادمان کون بھی فائدہ میں ہوتے ہیں
common_voice_ur_38468368.mp3	میڈیا کی غیر سنجیدگی کوذمہ دار ٹھہرائیں یاکم علم متکلمین کو، نتیجہ ایک ہی ہے۔	 میڈیا کی غیر سنجیدکی کو ذمہ دار تھیرائیں یا کم علم متقل مین کو نتیجہ ایک ہی ہے
common_voice_ur_31928106.mp3	وزیر اعظم مراعاتی پیکج برائے برامد کنندگان میں کلیمز جمع کرانے کی تاریخ میں توسیع	 وزیرِ عظم مراتی پیکج براہِ برامت کنندگان میں کئم جمع کرانے کی تاریخ میں توسی
common_voice_ur_31951865.mp3	ہر فریق دوسرے کے لیے سِفارشات کی تجویز دیتا ہے	 ہر فریق دوسرے کے لئے صفحہ رشاد کی تجفیز دیتا ہے
common_voice_ur_31951907.mp3	آج حکومتیں طاقت کے ان مراکز کے سامنے بے بس ہیں۔	 آج حکومت تاقت کے این مراکز کے سامنے بے بس ہے
common_voice_ur_32027807.mp3	اسپاٹ فکسنگ کی پیشکش عمر اکمل کیخلاف ئی سی سی کی تحقیقات	 سپورٹ پیچھتے ہیں کہ پیشویر شوم رکمل کے حلاب آئی سی سی کی تحقیقت
common_voice_ur_32029194.mp3	تو بی بی سی والوں کو ڈرامے بنانا یاد آگئے ہیں	 تو بی بی سی والوں کو ڈاومیں بنانا جاد آگئے ہیں
common_voice_ur_32032230.mp3	اور انہیں زمین کی طرف دوبارہ سے خارج کردیتے ہیں	 اور انہیں زمین کی طرف دوبارہ سے خالش کر دیتے ہیں
common_voice_ur_41142403.mp3	حمزہ علی عباسی اور نیمل خاور کی بیٹے کے ساتھ تصویر وائرل	 حمزہ علی عباسی اور نیمل خوار کی بیٹے کے ساتھ تصویر وائرل
common_voice_ur_32039534.mp3	اللہ اللہ خیر سلا کم از کم جان تو محفوظ رہتی تھی۔	 اللہ اللہ خیر صلی اللہ! کم از کم جہاں تو محبود رہتی تھی
common_voice_ur_32056001.mp3	پاکستان کبڈی سپر لیگافتتاحی میچ میں گوادر نے گجرات کو چت کردیا	 پاکستان کا بڈی سپرلیو ستائی میچ میں گوادر نے گجراد کو چھٹ کر دیا
common_voice_ur_31962500.mp3	مجھے امریکہ کے بارے میں کوئی خوش گمانی نہیں ہے۔	 مجھے امریکہ کے بارے میں کوئی خوشکومانی نہیں ہے
common_voice_ur_31835052.mp3	تیسرا ون ڈے بھارت کو جنوبی افریقا کے ہاتھوں شکست	 تیسرا ونڈے بھارت کو جنوبی افریقہ کے ہاتھوں شکست
common_voice_ur_38481351.mp3	سرکاری خرچ پر ہیلی کاپٹر استعمال کے الزامات میں کوئی صداقت نہیں۔	 سرکاری خرج پر ہیلیکوپٹر استعمال کے عظمات میں کوئی صداقت نہیں ہیں۔
common_voice_ur_31834911.mp3	جبکہ اس سے مستفید ہونے کا کوئی بل بھی نہیں	 چبکہ اس سے مستفید ہونے کا کوئی بل بھی نہیں
common_voice_ur_31980219.mp3	مشہور بینک نے ان تمام اکاؤنٹس کو بند کردیا ہے	 مشور بنک نے ان تمام اکاؤنٹ کو بند کر دیا ہے
common_voice_ur_38413691.mp3	میں نے کہا کہ ’’ بزمِ ناز چاہیے غیر سے‘ تہی ‘‘	 میں نے کہا کہ بز میں ناس چاہیے غیر سے تہی
common_voice_ur_31814026.mp3	اپنی ڈائری لے جا کر ان یادوں کو اپنی تحریر میں سمونے لگا	 اپنی ڈائری لے جا کر ان یادوں کو اپنی تحریر میں سمونے لگا
common_voice_ur_31814028.mp3	ان کی شخصیت میں جو سحر تھا وہ دوسروں میں مفقود تھا۔	 ان کی شخصیت میں جو سہر تھا وہ دوسروں میں مفقود تھا
common_voice_ur_31984735.mp3	ایشین ڈویلپمنٹ بینک کے وفد کی شہباز شریف سے ملاقات	 ایزیم ڈیویلپرنٹ بینگ کے وفد کی شباہ شریف سے متعطا
common_voice_ur_31955665.mp3	دوچار افراد میں تنہائی کا عنصر ابھر کر سامنے آتا ہے	 دو چار افراد میں تنہائی کا انصر اُبھر کر سامنے آتا ہے
common_voice_ur_38503253.mp3	فواد اور ماہرہ کی مولا جٹ کی ریلیز ڈیٹ کا اعلان	 فواد و مہرا کی مولا جد کی رلیس ڈیٹ کا اعلان
common_voice_ur_31981690.mp3	جو کا سبب پاکستان کرکٹ تنزلی کرنا جانب گامزن ہونا	 جو گا ساہی پاکستان کرکٹ تنزلی کرنا جانب کمزن ہونا
common_voice_ur_32006621.mp3	شعیب ملک نے مداحوں کو ننھے مہمان کی امد کی نوید سنادی	 شوی ملک نے مدعوم کو ننے مہمان کے آمت کی نبی سنا دی
common_voice_ur_31814663.mp3	ارے خیال میں فوج میں بہت بڑے آپریشن کی ضرورت ہے	 خیال میں فوج میں بہت بڑے اپریشن کی ضرورت ہے
common_voice_ur_31814666.mp3	لیکن دنیا بھر میں مقبول اس ڈارمے کا مرکزی کردار ارطغرل	 لیکن دنیا بھر میں مقبول اس ڈرامے کا مرکزی کردار ارتبول
common_voice_ur_38491191.mp3	نورہ کی صفائی کے بعد نیم گرم پانی سے نہا لیں	 نورہ کی سفائی کے بعد نیم گرم پانی سے نحالے
common_voice_ur_31966278.mp3	سٹیڈیم کا جنون مُلک میں وسیع طور پر اثرانداز ہو رہا ہے	 اسٹیڈیم کا جنہوں ملک میں وسیط طور پر اثر انداز ہو رہا ہے
common_voice_ur_31974649.mp3	امجد رمضان کی نشریات کا ایک لازمی حصہ بن چکا تھا۔	 عمجد رمضان کی نشریات کا ایک لازمی حصہ بن چکا تھا
common_voice_ur_32059754.mp3	وزیر داخلہ کا تازہ ترین بیان اس کا ایک نمونہ ہے۔	 وزیر داخلہ کا تازہ ترین بیان اس کا ایک نمونہ ہے
common_voice_ur_31828621.mp3	والوں کو سوچنا چاہیے کہ ان کانام اگر دہشت کی	 والوں کو سوچنا چاہیے کہ ان کا نام اگر دیشت کی
common_voice_ur_32036192.mp3	یہ نہیں کہا جائے گا کہ فلاں شخص کافر ہے	 یہ نہیں کہا جائے گا کہ فلان شک کافر ہے
common_voice_ur_38454497.mp3	سن کے‘ ستم ظریف نے مجھ کو اٹھا دیا کہ ’’ یوں؟ ‘‘	 سُن کے ستم ذریف نے مجھ کو اٹھا دیا کہ یوں
common_voice_ur_38454511.mp3	غیر یوں کرتا ہے میری پرسش اس کے ہجر میں	 غیر یوں کرتا ہے میری پرستش اس کے ہجر میں
common_voice_ur_38465267.mp3	میں ہوں صدف تو تیرے ہاتھ میرے گہر کی آبرو	 میں ہوں صدف تو تیرے ہاتھ میں میرے گھر کی عبرو
common_voice_ur_31978538.mp3	پاکستان سپر لیگ سیزن تھری گاڑیوں کی پارکنگ کیلئے مقامات مخصوص	 پاکستان سوپرلی سیزن ٹری ۔۔۔۔۔۔۔۔۔۔۔۔۔۔۔۔۔۔۔۔۔۔۔۔۔۔۔۔۔۔۔۔۔۔۔۔۔۔۔۔۔۔۔۔۔۔۔۔۔۔۔۔۔۔۔۔۔۔۔۔۔۔۔۔۔۔۔۔۔۔۔۔۔۔۔۔۔۔۔۔۔۔۔۔۔۔۔۔۔۔۔۔۔۔۔۔۔۔۔۔۔۔۔۔۔۔۔۔۔۔۔۔۔۔۔۔۔۔۔۔۔۔۔۔۔۔۔۔۔۔۔۔۔۔۔۔۔۔۔۔۔۔۔۔۔۔۔۔۔۔۔۔۔۔۔۔۔۔۔۔۔۔۔۔۔۔۔۔۔۔۔۔۔۔۔۔۔۔۔۔۔۔۔۔۔۔۔۔۔۔۔۔۔۔۔۔۔۔۔۔۔۔۔۔۔۔۔۔۔۔۔۔۔۔۔۔۔۔۔۔۔۔۔۔۔۔۔۔۔۔۔۔۔۔۔۔۔۔۔۔۔۔۔۔۔۔۔۔۔۔۔۔۔۔۔۔۔۔۔۔۔۔۔۔۔۔۔۔۔۔۔۔۔۔۔۔۔۔۔۔۔۔۔۔۔۔۔۔۔۔۔۔۔۔۔۔۔۔۔۔۔۔۔۔۔۔۔۔۔۔۔۔۔۔۔۔۔۔۔۔۔۔۔۔۔۔۔۔۔۔۔۔۔۔۔۔۔۔۔۔۔۔۔۔۔۔۔۔۔۔۔۔۔۔۔۔۔۔۔۔۔۔۔۔۔۔۔۔۔۔۔۔۔۔۔۔۔۔۔۔۔۔۔۔۔۔۔۔۔۔۔۔۔۔۔۔۔۔۔۔۔۔۔۔۔۔۔۔۔۔۔۔۔۔۔۔۔۔۔۔۔۔۔۔۔
common_voice_ur_31919697.mp3	نہ محکوم وہ خواب دیکھتے ہیں کہ:''اب راج کرے گی۔	 نام حکوم وہ خواب دیکھتے ہیں کہ اب راج کریں گی
common_voice_ur_31919707.mp3	خدا کے حضور سجدے میں گرنے کو دل کرتا تھا	 خدا کے حضور سجدے میں گرنے کو دل کرتا تھا
common_voice_ur_31967035.mp3	جیسے تمام احباب مناسب سمجھیں ویسا فیصلہ کر لیا جائے۔	 جیسے تمام آہب آپ مناسب سمجھیں ویسا فیصلہ کر لیا جائے
common_voice_ur_31921557.mp3	بارش نہ ہو رہی ہو تو بھی کھیت سرسبز ہو سکتے ہیں۔	 بارش نہ ہو رہی ہو تو بھی کھیت سے سر سب سو ستے ہیں
common_voice_ur_32018695.mp3	بڑی مشکل سے ہوتا ہے چمن میں دیدہ ور پیدا	 بڑی مشکل سے ہوتا ہے چمن میں دیدور پیدا
common_voice_ur_32019416.mp3	تو شاید وہ ناقدین کی نظر میں معتبر بن جاتا ۔	 تو شاید وہ ناقہ دین کی نظر میں محتبر بن جاتا
common_voice_ur_31916643.mp3	اچھا یہ بتاؤ کے آج کوئی کام ہے کرنے والا؟	 آج کوئی کام ہے کرنے والا؟
common_voice_ur_32017586.mp3	جسے ابھی عقیدے سے ایک علمی دریافت میں بدلنا تھا۔	 جسے ابھی اکیدہ سے ایک علمی دریافت میں بدلنا تھا
common_voice_ur_32026854.mp3	پی ائی اے عملے کے نئے یونیفارم کی ایک جھلک	 بی آئیے املے کے نئے یوریفرم کی ایک چھلک
common_voice_ur_31916571.mp3	یہ اصطلاحیں مغرب کے سماجی پس منظر میں ظاہر ہوئیں۔	 یہ استلحان مغرب کی سماجی پس منظر میں ظاہر ہوئے
common_voice_ur_31916501.mp3	میرے بڑے بھائی یہاں کے ایک سکول میں پڑھاتے تھے۔	 میری بڑے بھائی یہاں کی سکول میں پڑھاتے تھے
common_voice_ur_32039912.mp3	ایشیا کپ کیلئے سری لنکا کی ٹیم میں ملنگا کی واپسی	 اشہی قبکلیز ڈنکھا کی ٹیم میں ملنکھا کی واغسی
common_voice_ur_31918132.mp3	کھلنا ٹیسٹ کے دوسرے روز پاکستانی بالرزاور بیٹسمینوں کی عمدہ کارکردگی	 کھلنا ٹیسٹ کے دوسرے دن باکستانی بولرز اور بیٹس میں کوئی امدہ کر کرتے گئی
common_voice_ur_31918200.mp3	اس ایک میں سکرین دونوں امیدواروں کی تصویروں سے بھرتی ہے	 اس ایک میں سکرین دونوں امیدواروں کی تصمیروں سے بڑھتی ہے
common_voice_ur_31966029.mp3	کپتان کو بدلنے کی بجائے اپنی سوچ اور نظام کو بدلو	 قبطان کو بدلنے کی بجائے اپنے سوچ اور نظام کو بدلو
common_voice_ur_31812717.mp3	اسپینش کلب ریال میڈرڈ نے انٹر میلان کو شکست دے دی	 اسپانیش کلا پریال مرڈور نے انٹر ملان کو شکست دی
common_voice_ur_31916190.mp3	کبھی بھی پیرا شوٹ سے چھلانگ لگانا پسند نہیں کروں گا	 کبھی بھی پیرشوٹ سے چھنانگ لگانا پسند نہیں کروں گا
common_voice_ur_31847037.mp3	یہی لوگ دراصل انتہا پسند تنظیموں کی غذا بنتے ہیں۔	 یہی لوگ دراصل انتہابحسن تنظیموں کی غضہ بنتے ہیں
common_voice_ur_41138702.mp3	کیویز کے خلاف فتح کے بعد بھارتی کرکٹ ٹیم کی نمبرون پوزیشن یقینی	 پیویز کے خلاف فتح کے بعد بارتی ایک ایکیوٹی پی نمبر ورد پوزیشن جکلی دی
common_voice_ur_38444054.mp3	نہیں گر ہمدمی آساں‘ نہ ہو‘ یہ رشک کیا کم ہے؟	 نہیں گر ہم دمی آسان نہ ہو یہ رشک کیا کم ہے
common_voice_ur_32046503.mp3	حضرت علی بن حسین رضی اللہ عنہ سے روایت ہے	 بہت ساری بارے میں
common_voice_ur_32046568.mp3	لیکن یہ کس کا قصور ہے نواز شریف اور زرداری کا	 لیکن یہ کس کا قصور ہے نواز شریف اور ذداری کا؟
common_voice_ur_31962213.mp3	اس کی ضمانت صرف قومی سیاسی جماعتیں دے سکتی ہیں۔	 اس کی زمانت صرف قومی سیاسی جماعتے دے سکتی ہیں
common_voice_ur_31956751.mp3	بی بی سی اردو کو اردو نہیں آتی تیندوا ہندی میں ہوتاہے	 بی بی سے اردو کو اردو نہیں آتی تہندوہ ہندی میں ہوتا ہے
common_voice_ur_31956663.mp3	آپ نے میرے بھائی کو گالی دینے کی ہمت کیسے کی	 آپ نے میرے بھائی کو گالید دینے کی حمد کیسے کی؟
common_voice_ur_31970538.mp3	اس کو چیتا کے نام سے ہی سنتے آرہے ہیں	 اس کو جیتا کے نام سے ہی سنتے آ رہے ہیں
common_voice_ur_31955972.mp3	ایشیا کپ میں پاک بھارت مقابلوں میں کس کا پلڑا بھاری	 ایشیا قبن پاہدھاری مقابلوں میں کس کا پہلڑہ بھاری ہے؟
common_voice_ur_32000595.mp3	یہ کس خلش نے پھر اس دل میں آشیانہ کیا	 یہ کش خلش نے ہر اس دل میں اشیانیہ کیا
common_voice_ur_32000248.mp3	ان جگہوں کا اندرونی ماحول جو نسبتا گرم ہوتا ہے	 ان جگہوں کا اندرونی ماحول جو نسبتہ گرم ہوتا ہے
common_voice_ur_31837365.mp3	بھی دینی حلقوں میں اضطراب کی لہر دوڑا دی ہے۔	 بھی دینی حلقوں میں اس طراب کی لحر دوڑا دی ہے
common_voice_ur_31837345.mp3	یہاں کی منفرد روایات سیاح کو بہت بھلی لگتی ہیں ۔	 یہاں کی منفری دروائیات سے آپ کو بہت بھلی لگتی ہے
common_voice_ur_31916329.mp3	لیکن ہاف میراتھن دوڑ ایک بڑا ہی مزیدار اور گوارہ تجربہ رہا	 حکمہ دور ایک بڑا ہی مزیدار اور گوارہ تجربہ ہے
common_voice_ur_31998688.mp3	اور خوش اخلاق انسان ہیں اللہ آپ کو سلامت رکھے	 اور خوش اخلاق انسان ہے اللہ آپ کو سلامت رکھے
common_voice_ur_31977307.mp3	جہاز کے حادثے کی خبر نے ھمیں خوفزدہ کر دیا	 جہاز کے حاصے کی خبر نے ہمیں خوف زدہ کر دیا
common_voice_ur_31983659.mp3	شاہ ولی اللہ محدث دہلوی اپنی کتاب ”ازالتہ الخفا ء“ میں لکھتے ہیں	 شاہ ولی اللہ محدث دھیلوی اپنی کتاب ازالتہ الخفہ میں لکھتے ہیں
common_voice_ur_31849660.mp3	یہ عمرؓ ابن خطاب کا کوڑا نہیں تھا جس کا رعب تھا۔	 یہ امیر بنی خطاب کا کوڑا نہیں تھا جس کا راپ تھا
common_voice_ur_31849668.mp3	دھر گرین ہاؤس میں کاربن ڈائی آکسائیڈ کی اضافی مقدار	 دھر گرین ہاؤس میں کاربن ڈائوکسائٹ کی زافی مکدار
common_voice_ur_31791368.mp3	تو اس احتجاج نے اس کو دوسو روپے تک پہنچا دیا ہے۔	 تو اس احتجاج نے اس کو 200 روپے تک پہنچا دیا
common_voice_ur_31842109.mp3	اسی طرح فیض کی شاعرانہ عظمت کی ایک دنیا معترف ہے۔	 اسرام فیس کی شہرانہ عظمت کی ایک دنیاں معترف ہے
common_voice_ur_31841724.mp3	پیار یہ ہے کہ تم اسے اپنے خوابوں میں دیکھو۔	 یہ ہے کہ تم اسے اپنے خوابوں میں دیکھو
common_voice_ur_31965090.mp3	میں کمپیوٹرکو اچھی طرح جانتا ہوں انٹرنیٹ بھی اچھا ہے	 میں کمپیٹرگراجی کر جاتا ہوں، انٹرمیٹ بھی اچھا ہے
common_voice_ur_38482373.mp3	وہ نہیں ہم کہ چلے جائیں حرم کو اے شیخ!	 وہ نہیں ہم کہ چلے جائے حرم کو اے شیخ
common_voice_ur_31832530.mp3	تو پھرلغت میں 'دیانت‘ کے معانی کو بدل دینا چاہیے۔	 تو پھر لوگت میں دیانت کے معنی کو بدل دینا چاہیئے
common_voice_ur_31976254.mp3	انشا اللہ جلد ہی سب کچھ ٹھیک ہو جائے گا	 انشاء اللہ جلد ہی سب کچھ ٹھیک ہو جائے گا
common_voice_ur_31921430.mp3	پاکستان کو بہترین فیلڈنگ سائیڈ بنانا ہدف ہے بریڈ برن	 پاکستان کو بہترین فلنگ سائیڈ بنانا حدف ہے بریڈ برن
common_voice_ur_31841726.mp3	آئیڈیالوجی، علما اور اہل علم و دانش کا موضوع ہے۔	 ایڈیالوجی علمہ اور علم مدانش کا موضوع ہے
common_voice_ur_31842053.mp3	امریکی سویابین لانے والا بحری جہاز بندرگاہ سے ہٹایا نہیں جا سکا	 امریکی سویابین لانے والا بہری چہاز بندرگاہ سے ہٹایا نہیں جا سکتے
common_voice_ur_31923007.mp3	کاش گھڑی کی سوئ ٹھہر ج اور میں ی بیٹھا ر	 کاز گھڑی کی سوی ٹھہرچ اور میں یہی بیٹارے
common_voice_ur_31956873.mp3	اسٹریلین کھلاڑی نے مجھے اسامہ کہہ کر پکارا معین علی کا دعوی	 اسٹریلین کھلاڑی نے مجھے اسامہ کہہ کر پکارہ موئین علی پتہ ہو
common_voice_ur_31992942.mp3	قائداعظم محمد علی جناح ہندو مسلم اتحاد کے حامی تھے	 قائد حاضر محمد عزیز جنہ ہندو مسلم اتحاد کے ہمی تے
common_voice_ur_31837210.mp3	جہاں باپ اور بھائیوں کو بھینٹ چڑھا دیا جاتا ہے۔	 جہاں باپ اور بھائیوں کو بھیر چڑھایا دیا جاتا ہے
common_voice_ur_32056082.mp3	تو اس سے علاقائی اور مقامی سیاسی قوتیں کمزور ہوں۔	 تو اس سے علاقائی اور مقامی سیاستی قواتیں کمزور ہوں
common_voice_ur_31957133.mp3	اقدار میں اصلاح کاآغاز رجحان ساز طبقات سے ہو گا۔	 اقدار میں اسلاح کا آغاز رجحان ساس تبکات سے ہوگا
common_voice_ur_32062733.mp3	پہلے مرحلے میں انتظامیہ اپنے ملازمین کو ویکسین لگائے گی	 اپنے ملازمین کو ویکسی
common_voice_ur_31943055.mp3	سچ ہے ہمیں کو آپ کے شکوے بجا نہ تھے	 سچ ہے ہمیں وہ آپ کے شکوے بجا نہ تھے
common_voice_ur_31943139.mp3	اپنے کردار کو اچھا کرو ہر لباس میں اچھے لگو گے	 اپنے کردار کو اچھا کرو ہر لباس میں اچھا لبو گے
common_voice_ur_38504647.mp3	عامر خان نے سیاست میں انٹری پر خاموشی توڑ دی	 آمے خانہ ساحت میں انٹری پر ہموشی توڑ دی
common_voice_ur_31974398.mp3	ماہ میر کی ناکامی کے سوال پر انجم شہزاد برہم	 معمیقی نقامی کے سوال پر انجم شہزاد برہم
common_voice_ur_31976532.mp3	نوازشریف اب ایک نئے تعارف کے ساتھ سامنے آرہے ہیں۔	 نواز شریف اب ایک نئے تاروف کے ساتھ سامنے آ رہی ہیں
common_voice_ur_31791619.mp3	جانتا ہوں کے قوائد و ضوابط سے کیسے کھیلنا ہے	 جانتا ہوں کہ قواعد و زوابط سے کیسے کھیلنا ہے
common_voice_ur_31791620.mp3	ایشین گیمز پاکستان کی نرگس کا ویمنز کراٹے میں کانسی کا تمغہ	 اسین گیمز پاکستان کی نرکس کا ویمنس کراتے میں کانسی کا اٹھام ہوا
common_voice_ur_31957272.mp3	عصری سیاست میں دینی ماخذ سے استدلال‘ نازک کام ہے۔	 اسری سیاست میں دینی ماخز سے استطلال موجود کام ہے
common_voice_ur_31957271.mp3	وہاں گاہکوں کے جسم کے درجہ حرارت ناپنے کا اہتمام نہیں تھا	 وہاں گاکوں کے جسم کے درجہ رارت ناپنے کا اعتبار نہیں تھا
common_voice_ur_31951355.mp3	وہ انسانوں میں چھپی تجلی کو بھی دیکھ سکتی ہیں	 وہ انسانوں میں چھپی تجلی کو بھی دیکھ سکتی ہیں
common_voice_ur_31849599.mp3	بل کھاتی ہوئی ایک سڑک مسلسل بلندی کی طرف جاتی ہے۔	 پھر کھاتی ہوئی ایک سڑک مسلسل بلندی کی طرف جاتی ہے
common_voice_ur_31849616.mp3	یوں اب جمہوری طریقے سے اقتدار تک پہنچنا ممکن ہے۔	 یہاں جمہوری طریقے سے حداد پہنچنا ممکن ہے
common_voice_ur_31849607.mp3	جب لوگ اسے دنیاوی مقاصد کے لیے استعمال کرتے ہیں۔	 جب لوگ اسے دنیا میں مقاصد کی طرف استعمال پکتے ہیں
common_voice_ur_31791496.mp3	کیا تحریک انصاف میں خود احتسابی کا کوئی نظام ہے؟	 کیا تحریقیں صاف میں خود احتصابی کا کوئی نظام نہیں؟
common_voice_ur_31791497.mp3	جنگل زیادہ گھنا نہ تھا راستے میں جگہ جگہ خوبصورت چراہ گاہیں آئیں	 جنگل زیادہ گھنہ نہ تھا، رستے میں جگہ جگہ خوبصورت چراہ کا ہیں آئیں
common_voice_ur_31980657.mp3	اپنی طرف متوجہ مبذول ہونے سے خوف محسوس کرتا ہوں	 اپنی طرف متوجہ مبسول ہونے سے خوف محسوس کرتا ہوں
common_voice_ur_31981016.mp3	رہی معیشت تو اس کی داستان گلی گلی بکھری ہوئی ہے۔	 رہی محیشت تو اس کی داستان گلی گلی تکری ہوئی ہے
common_voice_ur_31791780.mp3	اور دنیا بھر سے اپنی غلطیوں کی معافی ما نگے	 اور دنیا بھر سے اپنی غلطیوں کی معافی مانگے
common_voice_ur_31993899.mp3	جدہ مکہ شاہراہ پر شمیسی چیک پوسٹ میں نئے ٹریک بنائے گئے ہیں	 جدہ مکہ شہرا پر شمیسی چیک پوس میں نئے ٹریک بنائے گئے ہیں
common_voice_ur_31994014.mp3	کروشیا مرسینجا پوزیگا کلب کا کھلاڑی سینے پر گیند لگنے سے ہلاک	 قرشیہ مرسینجہ و فزیقہ کلاڑی سینے پر گین لگنے سے ہلا کر
common_voice_ur_31841864.mp3	ایما واٹسن بیوٹی اینڈ دی بیسٹ کے لیے پرفیکٹ انتخاب	 ایما واتسن بیوٹی اور بیس کے لیے پرفیکٹ انتہار
common_voice_ur_31849557.mp3	وہ نکاح شادی جیسے اداروں کی حوصلہ افزائی کرتا ہے۔	 ہونکہ شادی جسے داروں کی ہوسلاب زائی کرتا ہے
common_voice_ur_31885343.mp3	وہ دانستہ ان پہلوئوں کی نقاب کشائی سے گریزاں ہے۔	 وہ دانستہ ان پہلوں کی نقاب گشائی سے گرزہ ہے
common_voice_ur_31923067.mp3	رومن اور بابل کی تہذیبوں میں بھی کچھ ایسے ہی	 رومن اور بابول کی تحذیبوں میں بھی کچھ ایسے ہی
common_voice_ur_31951500.mp3	دنیا میں ہر کسی کو کسی نہ کسی شے کی ضرورت ہے۔	 دنیا میں ہر کسی کو کسی نہ کسی شیئی کی ضرورت ہے
common_voice_ur_31951901.mp3	طیارے میں سیناٹائزنگ کے باعث سفر بہت زیادہ محفوظ ہوجاتا ہے	 تیارے میں سینٹائزنگ کے باعث شفر بہت زیادہ محفوظ ہو جاتا ہے
common_voice_ur_41168223.mp3	کیا مرا تذکرہ جو ساقی نے بادہ خواروں کی انجمن میں	 کیا میرا تذکرہ جو ساکی نے بادہ خواروں کی انجمن میں ہوں؟
common_voice_ur_31792136.mp3	اورقانو اور غیر قانون شکار کر والہ کے ل سزا مقرر کر	 اور کانو اور غیر کانون شکار کروالا کی لام سزا مقرر کر
common_voice_ur_32009264.mp3	آپ کے لیے ویسی جس کی آپ نے تیاری کی جو یہاں	 آپ کے لئے جس کی آپ نے تیاری کی ہو یہاں
common_voice_ur_32056260.mp3	تاریخ کے لیے زیادہ ترکتابوں سے رجوع کیا جاتا ہے۔	 تاریخ کے لئے تیارتہ کتابوں سے رجل کیا جاتا ہے
common_voice_ur_31957856.mp3	گزشتہ چند بر سوں میں مریخ کے حوالے متعدد خبریں سامنے آرہی ہیں	 مزیدہ چند برسوں میں مریف کے حوالے متاتی قبریں سامنے آرہی ہیں
common_voice_ur_31970247.mp3	اب کے ہم بچھڑے تو شاید کبھی خوابوں میں ملیں	 اب کہ ہم بچھ رے تو شاید کبھی خوابوں میں ملے
common_voice_ur_31885226.mp3	یہ جنونی مذہب کی روح اور جدید دنیا سے نابلد تھے	 یہ جنوبی مذہب کی روح اور جدید دنیا سے نابلت تھے
common_voice_ur_31844254.mp3	یہ 'تحریک‘ نئے نئے مو ضوعات کا مطالبہ کر تی ہے۔	 یہ تحریک نئے نئے موجودات کا تاربہ قطی ہے
common_voice_ur_31982843.mp3	تو اسے خوش اسلوبی سے قیادت تک پہنچایا جا سکتا ہے۔	 تو اسی خوش اسلوبی سے قیادت تک پنچایا جا سکتا ہے
common_voice_ur_31846883.mp3	ایک مضبوط حزب اختلاف سیاسی ارتقا کے لیے لازم ہے۔	 ایک مزبوط حضب اقتراب سیاسی اعتقام کے لیے لازم ہے
common_voice_ur_31958788.mp3	جیسے خوشبوئے زلف بہار آ گئی جیسے پیغام دیدار یار آ گیا	 جیسے خشبوے ظل بہار آگئی جیسے پیغام دیدار یار آگیا
common_voice_ur_31959873.mp3	چار شہرو ں میں پروازوں کی کمی کر رہے ہیں	 چار شہروں میں پروازوں کی کمی کر رہے ہیں
common_voice_ur_32041095.mp3	باکسر محمد وسیم ایک مرتبہ پھر میدان میں اترنےکیلئے تیار ہیں	 باقصر محمد وسیم ایک مرتبہ پھر میدان میں اترنے کے لئے تیار ہے
common_voice_ur_31846715.mp3	حالانکہ ان میں چھلنی کوئی نہیں، سب چھاج ہی ہیں۔	 ہرہ کے ان میں چھنگی کوئی نہیں سب چھاز ہی ہے
common_voice_ur_31970684.mp3	تو پھر استخراجی منطق کا اطلاق بھی کیا جا سکتا ہے۔	 پھر استخراجی منطق کا اطلاق بھی کیا جا سکتا ہے
common_voice_ur_31952566.mp3	وفاقی محفوظہ بورڈ کے صنعتی پیداواری انڈیکس نے ایسا ہی کِیا	 بفائی مفوزہ بورٹ کے سنعتنگ بے طور پر ایسا ہی کیا
common_voice_ur_31960287.mp3	اس وقت غزہ میں رہنے والوں میں چھ فی صد مسیحی ہیں۔	 اس بار غزہ میں رہنے والے لوگوں میں 6 پیسر مسئیحی ہیں
common_voice_ur_31831784.mp3	اثاثے کیا چھپانے تھے‘ جس لائق وکیل نے ان کے کاغذات	 اساسے کیا چھپانے تھے جس لائک وقیل نے ان کے کاغدات
common_voice_ur_31975869.mp3	رواں اردو کی غرض سے گرین ہاؤس کو سبز مکان	 روا اردو کی گھر سے گرین ہاؤس کو سبز مکان
common_voice_ur_31888148.mp3	وزیراعظم نے اقتصادی رابطہ کمیٹی کا اجلاس اج طلب کرلیا	 مزیرہ آزم نے اقتصاحتی رابطہ کمیٹی کا اجلاس آج تلپ کر لیا
common_voice_ur_31832377.mp3	تحریک انصاف پنجاب میں پیپلز پارٹی کا نیا ظہور ہے۔	 تاریخ انصاف پنجام میں پیپلز پارٹی کا نیا ظہور ہے
common_voice_ur_38424034.mp3	آپ نے سب کو تیار کر کے میدانِ کارزار میں بھیجا	 آپ نے سب کو تیار کرکے میں دانے کارزار میں بھیجا
common_voice_ur_38511280.mp3	آپ سب کھانے گھر میں بناتے ہیں یا بازار سے منگواتے ہیں؟	 آپ سب کھانے گھر میں بناتے ہیں یا بزار سے منگواتے ہیں
common_voice_ur_31951871.mp3	کراچی پی ایس ایل فائنل کیلئے ٹریفک انتظامات بھی مکمل	 کرچی پیسل فائنل کے لیے ترفیک اندازہ مادت بھی کمکل
common_voice_ur_31848447.mp3	ورنہ اپنا درد تو حیوان بھی محسوس کر تے ہیں ۔	 ورنہ اپنا در تو ہیوان بھی محسوس کرتے ہیں
common_voice_ur_41174320.mp3	پریانکا چوپڑا فلم کی کمائی سے حصہ لینے والی پہلی اداکارہ	 لیانکہ چوپڑا فلم کی کمائی سے ہی سال لینے والی پہلی یادکارہ
common_voice_ur_38462962.mp3	یہ بندہ وقت سے پہلے قیامت کر نہ دے برپا	 یہ بندہ وقت سے پہلے کیامت کرنا دے بھر پا
common_voice_ur_31829624.mp3	نظم اجتماعی کے خلاف عوام میں بغاوت پیدا کرتے ہیں۔	 نظم اجتماعی کے خلاف عوام میں بغاوت پیدا کرتے ہیں
common_voice_ur_31979170.mp3	یورپی مصوری میں زرد رنگ کی تاریخی اور معاشی اہمیت	 یورپی مسابری میں زرد رنگ کی تاریخی اور معاشی اہمیت
common_voice_ur_31830097.mp3	اورعرب فنکار اپنے فن کا مظاہرہ کر رہے ہوتے ہیں۔	 اور عرب فنکار اپنی فن کا مظاہرہ کر رہے ہوتے ہیں۔
common_voice_ur_31830058.mp3	مشکل پیش آئی ابتدائی مر حلے میں یہ پاکستان کے	 مشکل پہشائی ابتدائی مرحلے میں یہ پاکستان کے
common_voice_ur_31973116.mp3	لوگ کہانی پر آخری منظر دیکھ کر تبصرہ کر رہے ہیں۔	 لوگ کہانی پر آخری منظر دیکھ کر تبصرہ کر رہے ہیں۔
common_voice_ur_31836913.mp3	پنجاب میں پاکستان کے ساٹھ فی صد افراد آباد ہیں۔	 پنجاب میں پاکستان کے ساتھ فیصد افراد عباد ہیں
common_voice_ur_31925910.mp3	یہاں ایک اور چھوٹی سی کہانی کی معمولی لائنیں ہیں	 یہاں ایک اور چھوٹی سی کہانے کی معمولی دائیں ہیں
common_voice_ur_31925844.mp3	جَہاں یِہ جانور اپنی خوراک کرنا تلاش میں آنا ہونا	 جہاں یہ جانور اپنی خراک کرنا تلاش میں آنا ہونا
common_voice_ur_32008199.mp3	رسالت مآبﷺ کی حیات مبارکہ کے آخری ایام کیسے تھے؟	 رسالتِ ناغؐ کی حیاتیں مبارکہ کے آخری ایام کیسے تھے؟
common_voice_ur_38499186.mp3	تاج محل میں دودھ پلانے والی ماں کیلئے علیحدہ کمرہ بنانے کا اعلان	 تاج مہل میں دود پلانے والی ماہ کے لیے الیتہ کمرا بنانے کا اعلان
common_voice_ur_32004146.mp3	پاکستان میں نظریاتی لبرل عددی طور پر بہت کم ہیں۔	 پاکستان میں نظریاتی لیبرل ادری طور پر بہت کم ہے
common_voice_ur_31829319.mp3	اس وقت کمپیوٹر کے سامنے بیٹھ کر ٹائپنگ کر رہا ہوں	 اِس وقت کمپیڈر کے سامنے بیٹھ کر ٹائپنگ کر رہا ہوں
common_voice_ur_32014177.mp3	میاں برادران ترقی کا پہلا ماڈل پیش نظر رکھتے ہیں۔	 میہ برادران ترک کی کا پہلا موڈل پیچ نظر رکھتے ہیں
common_voice_ur_31890014.mp3	سوات کی ریاست نے پاکستان کے ساتھ الحاق کیا تھا ۔	 سواد کی ریاستت نے پاکستان کے ساتھ الہاد کیا تھا
common_voice_ur_31985183.mp3	اس حصہ کو ووٹر شناختی یونٹ کا نام دیا گیا ہے	 اس حصے کو ووٹر شناختی یونٹ کا نام دے گیا ہے
common_voice_ur_38422597.mp3	کسی روز مسکرا کے آ ، ہر طرف ضیاء کر دے	 کسی روز مسکرہ کے آہ ہر طرف زیا کر دیں
common_voice_ur_38441188.mp3	وہ ستم گر مرے مرنے پہ بھی راضی نہ ہوا	 وہ ستمگر مرے مرنے پہ بھی راضی نہ ہوا
common_voice_ur_31792740.mp3	ائل ٹینکر اونرز ایسوسی ایشن کا مطالبات کی منظوری تک ہڑتال جاری رکھنے کا اعلان	 اویل ٹینکر اونرز اسوسیشن کا مطالبات کی منظوری تک ہر طال جاری رکھنے کا اعلان
common_voice_ur_31836992.mp3	انہیں کالم نگاری کے بارے میں تحقیق کرنا ہوتی ہے۔	 انہیں ایک آدم نگاری کے بارے میں تحقیق کرنا ہوتی ہے
common_voice_ur_31889801.mp3	وہ فوجداری دفاعی کام میں پیشہور مہارت حاصل کرے گا	 وہ فوجتاری دفائی کام میں پیشہور محارت حاصل کرے گا۔
common_voice_ur_31829627.mp3	جنہیں اپنی مناسب نشوونما کیلئے زیادہ حرارت درکار ہوتی ہے	 جنہیں اپنی وناسب نوشنوہ کے لئے زیادہ حرارت درکار ہوتی ہے
common_voice_ur_31828409.mp3	ایف بی کا ڈاکٹرز کے بعد فیشن ڈیزائنرز کے گرد گھیرا تنگ	 اے پی کھاہ ڈاکٹرز کے بعد فیشن ڈیزائنرز کی گرد کھیرا تنگ
common_voice_ur_38422323.mp3	یااللہ رحم فرما ہم سب پہ یا ظالمو کو ہدایت دے آمین	 یا اللہ رحم فرمائے ہم سب تے یا ظالموں کو حدایت دے آمین
common_voice_ur_31989103.mp3	دنیا بھر میں خواتین کا ڈونلڈ ٹرمپ کے خلاف مارچ	 دنیا بھائی میں خواتین کا ڈونلٹرم کے خلاف مارچ
common_voice_ur_32042137.mp3	ماجد خان کو چیئرمین پی سی بی بنانے کی تجویز	 ماجد خان کو چیرمن پی سی بھی بنانے کی رجویز
common_voice_ur_32007953.mp3	گو سب کو بہم ساغر و بادہ تو نہیں تھا	 وہ سب کو باہم ساگھر و بادہ تو نہیں تھا
common_voice_ur_32008136.mp3	سر بیچ دیں تو فکر دل و جاں عدو کریں	 سر بیش دے تو فکر دے لو جاہ اجو کریں
common_voice_ur_31937432.mp3	جون سے شرم الشیخ سے جدہ کے لیے براہ راست پروازیں چلائی جائیں گی	 جون سے شرمل شیک سے جدہ کے لئے براہ راست پروازیں چلائے جائیں گی
common_voice_ur_31937251.mp3	ٹرنباگو نائٹ رائیڈرز تیسری مرتبہ کیریبیئن پریمیئر لیگ کی چیمپیئن	 چن باغو نائچ آیڈرز تیسی مرتبہ کروین پرمئر لیگ کی چھامپیان
common_voice_ur_31952655.mp3	کے عشرے میں روس کے خلاف افغان تحریک مزاحمت کو سپورٹ	 کے عشر میں روس کے خلاف افغان تحریک مزاہمت کو سپورٹ
common_voice_ur_38441577.mp3	ایک اک لمحہ ایک صدی تھا کب ہم پر آسان ہوا	 ایک اک لمحہ ایک صدی تھا کب ہم پر آسان ہوا
common_voice_ur_38457333.mp3	معروف سوشل میڈیا اسٹار شام ادریس نے دوست سے منگنی کرلی	 معروف شوشل میڈیا سٹار شاہ مدریس نے دوست سے مغنی کر لی
common_voice_ur_38442322.mp3	کوئی میرے دل سے پوچھے ترے تیر نیم کش کو	 کوئی میرے دل سے پچھے تیرے تی نم کشکوں
common_voice_ur_31999704.mp3	اس نسل کی ایک جوڑی کی بولان کے پہاڑیوں میں بھی موجودگی کی اطلاعات ہے	 اس نسل کے ایک جوری کی بولان کے پہاڑیوں میں بھی موجود ہی کی اطلاعات ہیں
common_voice_ur_31792873.mp3	صوبوں کو صنعتی زونز کے قیام کیلئے ہدایات جاری کردیں احسن اقبال	 سوبوں کو صندیتی زونز کے قیام کے لیے ہدایات جاری کر دیں۔ احسن اکبار
common_voice_ur_32038316.mp3	اور عوام الناس اسی اعتبار سے اسے قبول کرتے ہیں	 اور عوامن ناس اس اعتبار سے اسے قبول کرتے ہیں
common_voice_ur_32002474.mp3	جہاں انسانی لاشوں کو عبرت کے لیے لٹکایا گیا تھا۔	 جہاں انسانی لاشوں کو عبرت کے لئے لٹکایا گیا تھا
common_voice_ur_31793075.mp3	ان کے شوخ رنگ قاری پر جادو کر دیتے ہیں	 ان کے شوخ رنگ کاری پر جادو کر دیتے ہیں
common_voice_ur_32009608.mp3	پاکستان اسٹاک ایکسچینج میں روز تک کاروبار بند رہے گا	 پاکستان اسٹاوی چینڈ میں روز کاروبار بند رہے گا
common_voice_ur_31828572.mp3	عزیر جسوال نے اداکاری کے میدان میں قدم رکھ لیا	 عزیز جیسوال نے ادھاکاری کے میدان میں قدم رکھ لیا
common_voice_ur_38477209.mp3	ہفتہ وار دو چھٹیاں ختم کرنے پر بینک ملازمین سراپا احتجاج	 ہفتہ وار دو چھوٹیوں ہتم کرنے پر بنک نازمین صراح پر احتجاج
common_voice_ur_30574181.mp3	اب تو خریدوفروخت کے نہ کھاتے رکھے جاتے ہیں اور نہ ہی اشیائے	 اب تو خرید و فروخت کے نہ کھاتے رکھے جاتے ہیں اور نہ ہی اشیاے
common_voice_ur_32045128.mp3	کھیل اب سرمایہ دارانہ نظام معیشت کا ایک حربہ ہے۔	 کھیل اب سرمایہ دارانہ نظام معیشیت کا ایک حربہ ہے
common_voice_ur_31890634.mp3	بلکہ اردو میں ایک ویب سائٹ کا اجرا بھی کیا ۔	 بلکہ اردو میں ایک ویپسائٹ کا اجرا بھی کیا
common_voice_ur_31890780.mp3	انسانیت کی نہج کبھی بھی ایک ڈگر پر گامزن نہیں	 انسانیت کی نہج کبھی بھی ایک ڈگر پر گامزن نہیں
common_voice_ur_32006386.mp3	قندیل کی کہانی ان خواتین کی زبانی جو انہیں سب سےبہتر جانتی تھیں	 کندیل کی کہانی ان خواتین کی زبانیں جو انہیں سب سے بہتر جانتی تھیں
common_voice_ur_32005193.mp3	افسانہ طرازی اپنی جگہ مگر یہ امر واقعہ ہے کہ	 افسانہ ترازی اپنے جگہ مگر یہ امر واقع ہے کہ
common_voice_ur_31836678.mp3	تاہم کہانی نے واقعتا اپنے تمام امکانات کی کھوج نہیں کی	 تاہم کہانی نے واقعیتا اپنے تمام امکانات کی کھوچ نہیں کی
common_voice_ur_31836687.mp3	میں نے انتخابات کے دنوں میں اسے مو ضوع بنایا ہے۔	 میں نے انتخابات کے دنوں میں اسے موضوع بنائیا ہے
common_voice_ur_31793237.mp3	کھیلوں سے متعلق کارکردگی کا جائزہ لینے کیلئے ٹاسک فورس بنانے کا فیصلہ	 کھیلوں سے مطالب کرکردیگی کا جائزہ لینے کے لئے تاسک فورس بنانے کا فیصلہ
common_voice_ur_31894729.mp3	ایشیا کپ بھارتی ٹیم کا اعلان ویرات کوہلی ٹیم سے باہر	 ایشا کا بھارتی ٹیم کا انان ویراد کوڑی ٹیم سے باہر
common_voice_ur_31966215.mp3	چین سان یوان نے یہ گیم اپنے بھائی سے سیکھی تھی	 چین سان یوان نے یہ گیم اپنے بھائی سے سیکھی تھی
common_voice_ur_31324157.mp3	ومبلڈن اوپن ٹینس کیون اینڈرسن نے فائنل کے لئے کوالیفائی کر لیا	 بیمیڈلڈن اپن ٹینس کی انڈریسن نے فائنل کے لئے کوالیفائی کر لیا
common_voice_ur_31836665.mp3	سیاسی جماعتیں پہلے کی طرح باہم دست و گریبان ہیں۔	 سیاسی جمات نے پہلے کی طرح باہم دستوں گرے بان ہیں
common_voice_ur_31966057.mp3	نوجوان کھلاڑی شاہین افریدی نے ویسٹ انڈیز کیخلاف ڈیبیو کردیا	 نوجوان کھلاڑی شاہی نفریدی نے ویسٹ انڈیز کے کھلاڑ دیبیو کر دیا
common_voice_ur_31926210.mp3	اس ادارے سے بعض نامور علمی شخصیات وابستہ رہی ہیں۔	 اس ادارے سے بعض نامور علمی شخصیات وابستہ رہی ہیں
common_voice_ur_31934437.mp3	سبز پتے ہیں جو آنکھوں کے لیے ٹھنڈک کا باعث ہیں۔	 سب سپتے ہیں جو آنکھوں کیلئے ٹھنڈا کا بھائی سے ہیں
common_voice_ur_31982129.mp3	صحبت میں غیر کی نہ پڑی ہو کہیں یہ خو	 سوبت میں غیر کی نہ پڑی ہو کہیں یہ ہو
common_voice_ur_32008876.mp3	پرانا شوق پورا کیا ، کتابی دیکھیں ، کچھ نئی ، کچھ وہی پرانی	 پرانا شوق پورا کیا کتابی دیکھیں کچھ نہیں کچھ وہی پرانی
common_voice_ur_31920335.mp3	اُس پرانی فلم نے میری بچپن کی یادیں تازہ کردیں	 اس پرانی فلم نے میری بسپن کی یادیں تازہ کر دیئیں۔
common_voice_ur_31959296.mp3	ایشیا کپ بنگلہ دیشی اسکواڈ سے صابر اور انعام ڈراپ	 ایشیا کپ بنگلہ دیشی سکورٹ سے سابر اور انام ڈراب
common_voice_ur_32005287.mp3	سو کر ہی نہ اٹھیں یہ ارادہ تو نہیں تھا	 سوکر ہی نہ اٹھیں یہ ارادہ تو نہیں تھا
common_voice_ur_31793344.mp3	کینیا سے درامد چائے میں مضر صحت کیمیکل کی موجودگی کا انکشاف	 کینیا کے درامت چائے میں منظری سیحت کیمیکل کی موجودگی کا انکشاف
common_voice_ur_31967970.mp3	اوریہ کہ وہ تصادم کی نہیں، اصلاح کی بات کررہی ہے۔	 اور یہ کہ وہ تسادم کی نہیں اسلاق کی بات کر رہے ہیں
common_voice_ur_31981601.mp3	اس کے برخلاف ایڈہاک ازم سب کچھ برباد کر دیتا ہے۔	 اس کے برخلاف ایڈ ہوکیزم سب کچھ برابر کر دیتا ہے
common_voice_ur_31978938.mp3	وسیم کے بعد رمیز بھی ڈب اسمیش کلب کے ممبر بن گئے	 و سیم کے بار رمیز بھی ڈب سمیش کلپ کے ممبر بن گئی
common_voice_ur_31824275.mp3	سلیمان ندوی آخر نورجہاں پر کیا اور کیوں لکھیں گے؟	 سلمان ندوی آخر نور جہاں پر کیا اور کیوں لکھیں گے؟
common_voice_ur_32014444.mp3	جہاں دو متحارب افواج ایک دوسرے کے مد مقابل ہوں۔	 جہاں دو مطارب افراد ایک دوسرے کے مد مقابل ہوں
common_voice_ur_32044516.mp3	کہا جاتا ہے کہ ''ڈان لیکس‘‘ محض ایک راؤنڈ تھا۔	 کہا جاتا ہے کہ ڈاون لیکس میںز ایک راونڈ تھا
common_voice_ur_31996541.mp3	فیفا ورلڈکپ کولمبیا اور جاپان اگلے مرحلے میں پہنچ گئیں	 ایفہ ورنک پولمبی اور جبان اگلیمر علیہ میں پہنچ گئی
common_voice_ur_31975466.mp3	ایشیا کپ کے وہ یادگار لمحات جنہیں بھلانا ممکن نہیں رہا	 اسیا کف کے وہ یادگار لمحات جنہیں بھلا نہ ممکن نہیں رہا
common_voice_ur_31988204.mp3	رقبے کے لحاظ سے براعظم افریقہ کا سب بڑا ملک ہے	 رقبے کے لحاظ سے برعازر اور فریقہ کا سب بڑا ملک ہے
common_voice_ur_31793908.mp3	۔ یہ پکنک ، سیاحت وغیرہ پرلے جانے کے لئے بہترین ہے۔	 یہ پکنک سیحات وگرہ پر لے جانے کے لیے بہترین ہے
common_voice_ur_31915937.mp3	اپنی اپنی تعبیر اور اس پر اصرار کہ یہی اسلام ہے۔	 اپنی اپنی تابیر اور اس پر اصرار کہ یہی اسلام ہے
common_voice_ur_31967342.mp3	جیمی مک کائی سنگاپور میں قائم اداری ارتھ آبرو یٹری سی منسلک ایک ماہر ارضیات ہیں۔	 جمی مکہ سنگپور میں قائم اداری ارت آبرو یٹریس یہ منصلق ایک معاہر ارزیاد ہیں
common_voice_ur_31975894.mp3	یہ آزمائش پانچ ہفتوں تک جاری رہنے کی توقع ہے	 یہ ازمائش پانچ ہفتوں تک جاری رہنے کی توقع ہے
common_voice_ur_31955855.mp3	کیا لبرل ازم اور مذہب میں کہیں اعتدال نہیں ہوتا؟	 کیا لیبرلیزم اور مذہب میں کہیں اتدال نہیں ہوتا
common_voice_ur_31833838.mp3	حبیب بینک نے تیسری مرتبہ قائد اعظم ٹرافی جیت لی	 اب یہ بینگ نے تیسی مرتبہ قائدہ ازم ٹروفی جیت لی
common_voice_ur_38462325.mp3	مذاکرات کے بعد ممکنہ رہائی پر مبنی خبروں میں نہ آئیں	 مذاقرات کے بعد ممکنا رہائی پر مبنی خبروں میں نہ آئیں
common_voice_ur_38463667.mp3	دوبارہ سے میری ریڑ ھ کی ہڈی میں سرد لہر ڈوڑتی چلی گئی	 دوبارہ سے میری ریڈ کی حڑی میں سرد لہر دورتی چلی گئی
common_voice_ur_32002053.mp3	یوں مصنوعی نہیں رہیں بناوٹ کی عمر مختصر ہوتی ہے۔	 یہ مسموی نہیں رہے بناورٹ کی امت مختصر روتی ہے
common_voice_ur_31978924.mp3	اب یہ کچھ عرصے سے یہاں پہ تیندوا مشہور ہوگیاہے	 اب یہ کچھ عرصے سے یہاں پہ تیندوہ مشہور ہو گیا ہے
common_voice_ur_31823902.mp3	سی پیک منصوبوں میں عدم دلچسپی کی رپورٹس پروپیگنڈا ہیں چین	 سی پیک منصوبہ میں ادم دل جسپی کی رپورٹس پروپگنڈا ہے چین
common_voice_ur_31997055.mp3	میں اپنے پارسی بھائیوں کیساتھ اظہار یک جہتی کرتا ھوں	 میں اپنے پارسی بھائیوں کے ساتھ ازارے یک جہدی کرتا ہوں
common_voice_ur_41133114.mp3	افواہیں ختم کیدر ناتھ میں سارہ علی خان اور سشانت سنگھ کا رومانس سامنے اگیا	 افواہیں ختم کے درنات میں سارا علی خان اور سشان سنگھ کا روان سامنے آ گیا
common_voice_ur_31824212.mp3	وہاں لوگوں کے مذہبی جذبات سے بھی کھیلاجا رہا ہے۔	 وہاں لوگوں کے مذہبی جذبات سے بھی کھیلا چاہ رہا ہے
common_voice_ur_31948654.mp3	تھی یاروں کی بہتات تو ہم اغیار سے بھی بیزار نہ تھے	 تھی یاروں کی بغتاد تو ہم اغیار سے بھی بیزار نہ تھے
common_voice_ur_31833058.mp3	کیا وہ بھی کسی نیک مقصد کے لیے حوالۂ زنداں ہیں؟	 کہ وہ بھی کسی نیک مقصد کے لیے حبالہ زندہ ہیں
common_voice_ur_31833097.mp3	آج بھی دیوی دیوتاؤں کے نام کے بت بنا ئے جاتے ہیں	 آج بھی دیوی دیتاوں کے نام کے بھٹ بنا چاہتے ہیں
common_voice_ur_38431450.mp3	"امجد کی کوششیں لاحاصل نہیں رہیں آج میرے لبوں پہ ""تاجدار حرم"" ہے۔"	 امجد کی کوششیں لاحاصل نہیں رہی، آج میرے لبوں پہ تاج دارِ حرم ہے
common_voice_ur_38431571.mp3	"اس وقت کو بڑھایا جا سکتا ہے"" مگر اس کی تحدید لازم ہے۔"	 اس وقت کو بڑھایا جا سکتا ہے مگر ان کی تحدید لازم ہے
common_voice_ur_38459183.mp3	گری ہے جس پہ کل بجلی‘ وہ میرا آشیاں کیوں ہو؟	 گری ہے جس پہ کل بجلی وہ میرا آشیاں کیوں ہوں
common_voice_ur_31986681.mp3	ویسٹ انڈیز کا دورہ پاکستان ان لائن ٹکٹوں کاکوٹہ سے فیصد کردیاگیا	 ویسٹ انڈیز کا دورہ پاکستان ڈوٹروں کا فیصد کیا
common_voice_ur_31897130.mp3	وہ دنیا سے انمٹ حسین یادیں چھوڑ کر رخصت ہوا۔	 وہ دنیا سے انمت ہسین یادیں چھوڑ کر رخصت ہوا
common_voice_ur_31995245.mp3	مبشر صدیق صاحب آپ کو دعائیں ہیں آپ کے والد محترم کی	 بشر صدیق صاحب آپ کو دعائیں ہیں آپ کے والد محترم کی
common_voice_ur_31986445.mp3	اس موقع پر سیرت نگاروں کو انعامات دیے جاتے ہیں۔	 اس موقع پر سیرتنگاروں کو انعامات دیئے جاتے ہیں
common_voice_ur_31775006.mp3	جو وائرس کے ساتھ ساتھ افواہوں کے خلاف بھی لڑ رہے ہیں۔	 جو وائرس کے ساتھ ساتھ افواہوں کے خلاف بھی لڑ رہے ہیں
common_voice_ur_31931563.mp3	عوام سے پہلے، خواص کو اس کی حساسیت کو سمجھنا ہے۔	 اوام سے پہلے خواس کو اس کی حساسیت کو سمجھنا ہے
common_voice_ur_31772082.mp3	آپ فکر نہ کریں مجھے آپ کی یاد داشت پر بھروسہ ہے	 آپ فکر نہ کریں مجھے آپ کی یاد داش پر بھروسہ ہے
common_voice_ur_31985289.mp3	ملک کے حالات ماضی سے یکسر مختلف نظر آتے ہیں۔	 ملک کے حالات ماضی سے یہ اکثر مختلف نظر آتے ہیں
common_voice_ur_31951339.mp3	عالمی سازشوں کو اپنی شکست کی وجہ قرار دیتے ہیں	 عالمی سازشوں کو اپنی شکست کی وجہ کراڑ دیتے ہیں
common_voice_ur_32003618.mp3	ثانیہ مرزا اور اظہر محمود کے درمیان دلچسپ نوک جھونک	 سانی امرزہ اور ارزر المحبود کے درمیان دلچسپ نوپ چھون
common_voice_ur_32036637.mp3	بہت سی تحریریں، ان سب خواص سے تہی دامن ہوتی ہیں۔	 بہت سی تحریریں ان سب خواس سے تہیدہ منہو دی ہے
common_voice_ur_31985064.mp3	پھر جنگل ہیں جو زمین کے موسموں کو تھامے ہوئے ہیں۔	 پھر جنگل میں جو زمین کے موسموں کو تھامے ہوئے ہیں
common_voice_ur_38415640.mp3	جوئے خوں آنکھوں سے بہنے دو کہ‘ ہے شام فراق	 جو اے خون آنکھوں سے بہنے دو کے ہے شام فراک
common_voice_ur_32030170.mp3	سیاست دان قانون اور اخلاقیات کا پابند ہو تا ہے۔	 سیاستدان قانون اور اخلاقیات کا پاوند ہوتا ہے
common_voice_ur_31841577.mp3	اُردو کا بعض اوقات ہندی کے ساتھ موازنہ کیا جاتا ہے	 اردو کا باز وقت ہندی کے ساتھ موازنہ کیا جاتا ہے
common_voice_ur_38443986.mp3	خطا کس کی ہے یا رب لا مکاں تیرا ہے یا میرا	 خطا کس کی ہے یا رب نامکاں تیرا ہے یا میرا
common_voice_ur_32017825.mp3	بقیہ پورا ٹور تو ٹیم نے اچھ کارکردگی دکھائی ہے	 بکیہ پورا ٹیم، تو ٹیم نے اچھا کیا کردے کی دکھائی ہے
common_voice_ur_31981025.mp3	گمان یہی رکھنا چاہیے کہ ہر مسلمان نماز پڑھتا ہے۔	 ہر مسلمان نواز پڑھتا ہے
common_voice_ur_31794079.mp3	اور سردی سے بچائو کے لئے یہاں کے غریب عوام لکڑی جلاتے ہیں ۔	 اور سردی سے بچاؤ کہ یہ یہاں کے گریب عوام لکڑی جلاتے ہیں
common_voice_ur_31794142.mp3	ھر یہ سوچتا شاید ان کو ابھی تک کوئی کام	 ہر یہ سوچتا شاید ان کو ابھی تک کوئی کام
common_voice_ur_31794137.mp3	ناصر جمشید کا اسپاٹ فکسنگ کیس اینٹی کرپشن ٹربیونل کو بھیج دیاگیا	 ناصر جمشید کا سپٹ فکسنگ کیس انٹی کرپشن تربیونل کو بھیج دیا گیا
common_voice_ur_31794258.mp3	اسی طرح افغانستان کے ساتھ فطری رشتہ دوستی کا ہے۔	 اسی طرح افغانستان کے ساتھ فتری رشتہ دوستی کا ہے
common_voice_ur_31974443.mp3	اسٹریلیا پاکستان کو ڈیری کے شعبے میں معاونت فراہم کرے گا	 دیری کے شبہ میں موافنت فرام کرے گا
common_voice_ur_31878379.mp3	پاکستانی کَیا طرح صبح سویرے بیدار ہونا اور پریس کانفرنس کرنا	 سوڑھ سویرے بیدار ہونا اور پرس کانفرنس کرنا
common_voice_ur_31953250.mp3	ہم سے جہاں میں کشتۂ غم اور کیا نہ تھے	 ہم سے جہاں میں کشتہ غم اور کیانہ تھے
common_voice_ur_31863792.mp3	ایسے لمحوں میں خود کو سنبھالنے کی ضرورت ہوتی ہے۔	 لمحوں میں خود کو سمحالنے کی ضرورت ہوتی ہے
common_voice_ur_31985233.mp3	جہاں علامہ اقبال اور قائد اعظم نے اسے چھوڑا تھا۔	 جہاں علامہ ایک بارو کا دیدن نے چھوڑا تھا
common_voice_ur_31841278.mp3	فخرزمان کی تعریف کرنے پر محمد کیف تنقید کا شکار	 فخر زمان کی تاریف کرنے پر محمد قیف تنگید کا شکار ہوں
common_voice_ur_38466493.mp3	کراچی میں گرمیاں اپریل سے اگست تک باقی رہتی ہیں	 کرچی میں گرمیاں اپرل سے اگسٹ تک باقی رہتی ہے
common_voice_ur_38441113.mp3	عدو کے ہو لیے جب تم‘ تو میرا امتحاں کیوں ہو؟	 اتو کے حلیہ جب تم تو میرا امتحان کیوں ہو؟
common_voice_ur_31968006.mp3	موجودہ زمانے میں امتِ مسلمہ کا ایک بڑا المیہ یہ ہے	 مجیدہ زمانے میں عمد مسلمہ کا ایک بڑا علمیہ یہ ہے
common_voice_ur_31952819.mp3	تو انہیں یہ اینکر انتہا پسند دکھائی دینے لگے ہیں۔	 انہیں یہ انکر انتہائی پسند دکھائی دینے لگے ہیں
common_voice_ur_32016450.mp3	میں اپنا تجزیہ نکات کی صورت میں بیان کر رہا ہوں۔	 میں اپنا تیزی انکوات کی صورت میں بیان کر رہا ہوں
common_voice_ur_31809276.mp3	پھر نہ رباعی کی خبر آئی اور نہ غزل کا نشان ملا	 پھر نہ ربائی کی خبر آئی اور نہ غزل کا نشان ملا
common_voice_ur_41108210.mp3	وہ اپنی کامیابی کو اپنے اہداف کی طرف قدم بڑھاتے ہیں۔	 وہ اپنی کامیابی کو اپنے اہداف کی طرف قدم بڑھاتے ہیں
common_voice_ur_38469227.mp3	آپ ہی ہو نظارہ سوز پردے میں منہ چھپائے کیوں	 آپ ہی ہو نظارہ سوز پردے میں مو چپائے کی ہو
common_voice_ur_31809294.mp3	پروفیسر صاحب نے خود کو روایت سے وابستہ رکھا ہے۔	 پرفیسر صاحب نے خود کو ریوائیت سے وابستہ رکھا ہے
common_voice_ur_31950570.mp3	تمہیں تو ٹھیک طرح سے کام کروانا بھی نہیں آتا	 تمہیں تو ٹھیک طرح سے کام کروانا بھی نہیں آتا
common_voice_ur_31343268.mp3	زخمی ہوجانے سے رنویر سنگھ کو کروڑ روپے کا نقصان	 زکمی ہونے سے رنویر سنکل کروڑ روپے کا نکل نقصان
common_voice_ur_38499817.mp3	اور تو اور اپنے دیس کا لباس، مردوں اور عورتوں کا، تبدیل کر ڈالا۔	 اور تو اور اپنے دیس کا لباس مردوں اور اردوں کا تبدیل کر دیا
common_voice_ur_41174300.mp3	کیونکہ اس نے اسد حکومت کو گرنے سے بچایا ہے۔	 کیوں کہ اس نے ایسے دکومت کو گرنے سے بچایا ہے
common_voice_ur_31967649.mp3	مگر اب تو کچی شراب ہر جگہ پی جانے لگی	 مگر اب تو کچھ شراب ہر جگہ بھی جانے لگی ہے
common_voice_ur_31937219.mp3	غیور دلیر بہادر بلوچ مسلمان کے لیئے وہ خوشی کا دن تھا	 ریور دلیر بہادر بلوچ مسلمان کے لئے وہ خوشی کا دل تھا
common_voice_ur_31841296.mp3	حکومت اور ریفائنریز میں فرنس ئل کی خریداری پر معاملات طے پاگئے	 حکومت اور رفائنیوریز میں فرنس آئی کی خریداری پر معاملات دیپا گئے
common_voice_ur_32017969.mp3	براہ مہربانی کچھ دیر انتظار فرمائیں یا اپنے براؤزر کو ریفریش کریں	 براہیں اربانی کچھ تیر انتظار فرمایاں یا اپنے بروزر کو رفرش کریں
common_voice_ur_32019071.mp3	پیرس کے حادثے پر ان کا ابتدائی رد عمل ناکافی تھا۔	 پیرس کے ہاتھ سے بار ان کا اطدائی ردعمل نہ کافی تھا
common_voice_ur_38452352.mp3	کعبہ میں جا رہا‘ تو نہ دو طعنہ‘ کیا کہیں	 قابہ میں جا رہا تو نہ دھو تانا
common_voice_ur_32010344.mp3	یہ مسائل اصل مسئلے سے کہیں زیادہ گمبھیر ہوتے ہیں۔	 یہ مسائل اصل مسئلے سے کہیں زیادہ گمبر ہوتے ہیں
common_voice_ur_38447406.mp3	صحبت پیر روم سے مجھ پہ ہوا یہ راز فاش	 صحبت بی روم سے مجھ پہ ہوا یہ راز فاش
common_voice_ur_31916309.mp3	پاکستان بھارت کے عظیم کھلاڑیوں کے ناموں سے سیریز ہونی چاہیے	 پاکستان بھارت کے عظیم کھلاریوں کے ناموں سے سیریز ہو رہی چاہیے
common_voice_ur_38428603.mp3	انہیں میں تشنگی کی حد کو بھی چھو کر بناتی ہوں	 ان میں تشنگی کی ہاتھ کو بھی چھو کر بناتی ہو
common_voice_ur_38451712.mp3	ووٹنگ کے لیے کوئی حتمی وقت طے نہیں ہو سکا	 وٹنگ کے لئے کوئی خدمی وقت تھیہ نہیں ہو سکا
common_voice_ur_31833746.mp3	پی سی بی نے سزا یافتہ کرکٹرز کیلئے روڈمیپ جاری کردیا	 پیسی بی نے سزایافتہ کرکٹرز کے لئے روڈمپ جائی کر دیا
common_voice_ur_31809354.mp3	کہ گو یا یہ حسین نظارے اوجھل نہ ہو جائیں	 کہ گویا یہ ہسین نظارے اوچل نہ ہو جائے
common_voice_ur_38452689.mp3	ظلم برداشت کرنے والا بھی اتنا ہی ظالم ہے جتنا ظلم کرنے والا	 ظلم بیداشت کرنے والا بھی اتنا ہی ظالم ہے جتنا ظلم کرنے والا
common_voice_ur_38467397.mp3	اس دن پوری اسلامی دنیا میں جشن کا سماں ہوگا	 اس دن پوری اسلامی دنیا میں جرشن کا سماح ہوگا
common_voice_ur_31990554.mp3	اورنہ ہی ان کے قریبی رفقا کی، جن سے میں واقف ہوں۔	 اور نہ ہی ان کے قریبی رفقہ کی جن سے میں واقف ہوں
common_voice_ur_31930294.mp3	نہ کس کو نشان حیدر ملا اور نہ ہی کس کو ستائش کا ٹیفکیٹ	 ناکس کو نشانِ حیدر ملا اور ناہیں کس کو سطائش کا ٹیفکیٹ
common_voice_ur_31828172.mp3	ندی دریا اور گاؤں کی گلیاں بھی بل کھاتی ہوئیں	 ندی دریا اور گاؤں کی گھرلیاں بھی بل کھاتی ہوئی
common_voice_ur_31809614.mp3	کہ انہیں کسی ایسی ہستی کی تائید میسر آ جائے	 کہ انہیں کسی ایسی ہستی کے تائدھ مریثتر آجائے
common_voice_ur_38433672.mp3	دیا ہے خلق کو بھی تا اسے نظر نہ لگے	 دیا ہے خلق کو بھی تاہ اسے نظر نہ لگے
common_voice_ur_31970287.mp3	ڈن اینڈ بریڈ اسٹریٹ کے پاکستان کیلیے کاروباری امید کے اشاریہ کا اجرا	 ن اینڈ بریڈ اسٹریٹ کے پاکستان کے لیے کارباری امید کا اشاریہ کا اجراہ
common_voice_ur_31823211.mp3	چیزوں کو ان کی رفتار سے چلتا رہنے دیتا ہوں	 چیزوں کو ان کی رفطار سے چلتا رہنے دیتا ہوں
common_voice_ur_38471904.mp3	اس کی فصاحت وبلاغت اور زبان پر قدرت کی مثالیں دی جاتی تھیں۔	 اس کی فساحت و بغالغت اور زبان پر قدرت کی مثالیں دی جاتی تھیں۔
common_voice_ur_31950129.mp3	مسجد کو تقسیم کا نہیں، وحدت کا مرکز ہو نا چاہیے۔	 مسجد کو تقسیم کا نہیں، بادر کا مرکز ہونا چاہیے
common_voice_ur_31841075.mp3	جنونی خوابوں خیالوں کی دنیا سے لطف اندوز ہوتا ہوں	 جنوبی خوابوں خیالوں کی دنیا سے لطف اندوز ہوتا ہوں
common_voice_ur_31971024.mp3	آنکھ اٹھتے ہی ایک نظر میں عالم سارا گزرے تھا	 آن فٹے کی ایک نظر میں عالم سارا گزرے تھا
common_voice_ur_31929607.mp3	خشوع و خضوع نماز کے معیاری ہونے کے لیے ضروری ہے۔	 پشو پشو نماز کی میاری ہونے کے لئے ضروری ہے
common_voice_ur_38445579.mp3	میری جنریشن کے لوگ ان پرانی پارٹیوں کے نام سن سن کے بوڑھے ہوچکے ہیں۔	 میری جنریشن کے لوگ ان پرانی پارڈیوں کے نام سنتون کے بودے ہو جکے ہیں
common_voice_ur_38457078.mp3	عامر لیاقت نامناسب تصویر پوسٹ کرنے پر تنازع کی زد میں	 عامل لیاقت نامناسب تصویر پوز کرنے پر تنازر کی ضد میں
common_voice_ur_38441209.mp3	خبر رساں ادارے تسنیم کے نامہ نگار کی رپورٹ کے مطابق،	 خبرہ سائدار تسنیم کے نامہ نگار کی رپورٹ کے مطابق
common_voice_ur_38413018.mp3	کسی کو دے کے دل‘ کوئی نوا سنجِ فغاں کیوں ہو؟	 کسی کو دے کے دل کوئی نواہ سنجے فگا کیوں ہاں؟
common_voice_ur_31809677.mp3	پی ایس ایل کے ادھے میچز پاکستان کرائیں گے نجم سیٹھی	 پیسل کے ادھے میچز پاکستان کرائے گے ڈجم سٹی
common_voice_ur_31989439.mp3	بیشک ایک صحت مند اانسان کے اوپر اسکے بہت احسانات ہیں	 بیشک ایک سحتون انسان کے اوپر اس کے بہت احسانات ہے
common_voice_ur_41118346.mp3	اقتدار سے معزول ہو گئے اور انہیں سزا بھی ملی۔	 اقتدار سے مازول ہو گئے اور انہیں سزا بھی ملی
common_voice_ur_31903076.mp3	عورت تاریخ کے ہر دور میں مرد کے تابع رہی ہے	 اور اتاری کی ہر دول نمج کی تابیر ہی ہے
common_voice_ur_31840958.mp3	کُچھ لوگ ایسے واقعات کوآڑ بنا کردوسرے ملکوں کی امیگریشن حاصل کرتے ہیں	 کچھ لوگ ایسے واقعات کو آڑ بنائے کر دوسرے ملکوں کی ایمیگریشن حاصل کرتے ہیں
common_voice_ur_38428742.mp3	اسدؔ ہر جا سخن نے طرح باغ تازہ ڈالی ہے	 اسدھر جیسو خن نے ترانبا تازہ ڈالی ہے
common_voice_ur_31835450.mp3	وہ ریگن کی انتظامیہ کے دوران زیادہ خوشقسمتی نہیں رکھتے تھے	 وہ ریگن کی انتظامیاں کے دوران زیادہ خوش کسمتیں نہیں رکھتے تھے
common_voice_ur_31835469.mp3	دوسرے دن دفتر میں تیسرا ملازم موجود ہی نہیں تھا	 دوسرے دن دفتر میں تیسرا ملازم موجود ہی نہیں تھا
common_voice_ur_38435454.mp3	نیا کام کرنے والےافراد ذہنی دباؤ کا شکار ہوجاتے ہیں	 نیا کام کرنے والے افراد ذہنی دباؤ کا شکار ہو جاتے ہیں
common_voice_ur_38444240.mp3	سنا ہے یہ قدسیوں سے میں نے وہ شیر پھر ہوشیار ہوگا	 سمجھا ہے کہ دوسرے سے میں نے اب وہ شید پھر ہوشیار ہوگا
common_voice_ur_31909503.mp3	بھارت پہلے میچ کی شکست کے بعد پریشر میں ہوگاوسیم اکرم	 بھارت پہلے مجھ کی شکست کے بعد پریشن میں ہوگا وسیم اکرم
common_voice_ur_31855060.mp3	محمد عرفان کا ٹی ٹوئنٹی کرکٹ میں حیرت انگیز ریکارڈ	 محمد فان کا ٹی ٹونٹی کی کیمہ رہتا ہے گیز ریکار
common_voice_ur_32019765.mp3	یہ ماضی پاکستان کی سیاسی تاریخ کا جزو لا ینفک ہے۔	 یہ ماضی پاکستان کی سیاسی طریقہ جو لائے انفق ہے
common_voice_ur_41159271.mp3	یہ کہنا غلط ہے کہ سعودی خواتین فیشن نہیں کرتیں	 یہ کہنا خالت ہے کہ سوڈی ہوادین فیشن نہیں گردتی
common_voice_ur_41164668.mp3	موجودہ حکومت کے اخری بجٹ کے اخراجات میں اضافے کا امکان	 مجودہ حکومت کی آخری بجٹ کی اضافہ کا امکار
common_voice_ur_32050107.mp3	پندرہ روزے رکھے ہیں‘ اب کمزوری محسوس کر تا ہوں۔	 15 روزے رکھے ہیں آپ کو کمزوری محسوس کرتا ہوں
common_voice_ur_38443516.mp3	مرنے کی اے دل اور ہی تدبیر کر کہ میں	 مرنے کی اے دل اور ہی تدبیر کر کے میں
common_voice_ur_31993547.mp3	ون ڈے سیریزپاکستان زمبابوے کیخلاف تیسرا میچ کل کھیلے گا	 پاکستان سمباورگے کے خداہ تیسرا ماج کل کھیلے گا
common_voice_ur_31847456.mp3	بلال اصف کے مستقبل کا فیصلہ چنئی میں بائیومکینک ٹیسٹ اج ہوگا	 بلالعاصف کے مستقفیت کا فیصلہ چھینی میں بائیومیٹرک ٹیسٹ آج ہوگا
common_voice_ur_31847410.mp3	آج ہمیں ہندوستان کے ایسے لبرل عناصر اچھے لگتے ہیں	 آج ہم ہندوستان کے سلوبرل اناسر اچھیل لگتے ہیں
common_voice_ur_38415453.mp3	پردہ چھوڑا ہے وہ اس نے کہ اٹھائے نہ بنے	 پردہ چھوڑا ہے وہ اس نے کہ اٹھائے نہ بنے
common_voice_ur_38418498.mp3	پیسہ کتنی عجیب چیز ہے جو رشتوں کو بھی بھولا دیتا ہے	 پیسا کتی عجیب چیز ہے جو رشتوں کو بھی بلا دیتا ہے
common_voice_ur_38436521.mp3	میگھن مارکل کو شہزادے سے محبت کی قیمت چکانی پڑی	 میگن مارکل کو شہزادے سے محبت کی قیمت چکانی پڑی
common_voice_ur_38439442.mp3	اقتصادی کوریڈور کی کنجی امن ہے جس کےلئے باہمی مذاکرات ضروری ہیں	 اقتصادی کرڈور کی کنجری امن ہے جس کے لیے باہمی مذاقرات ضروری ہے
common_voice_ur_31835376.mp3	فلور ملز ایسوسی ایشن کے دفترپر چھاپہ ریکارڈ قبضہ میں لے لیا	 فلورمنس اسویشن کے دفتر پر چھاپا ریکارٹ قبصہ میں لے لیا
common_voice_ur_41174004.mp3	میں نے بھی اپنا کاروبار صفر سے شروع کیا ہے	 میں نے ابھی اپنا کاروبار سفر سے شروع کیا ہے
common_voice_ur_31846773.mp3	چکن سستا ہونا شروع مہنگا ہونے کی اصل وجہ افغانستان برآمد تھی	 چکن سستہ ہونے شروع مہگہ ہونے کی اثر واجہ افغانی سن براہ مادت تھی
common_voice_ur_38412542.mp3	پاکستان آبادی کے لحاظ سے دنيا کا چھٹا بڑا ملک ہے	 پاکستانہ نباتی کے لئے سے دنیا کا چھٹرہ بڑا ملک ہے
common_voice_ur_31814969.mp3	سیرنیا ولیمز نے سنسناٹی ڈبلیو ٹی اے ویمنز ٹائٹل جیت لیا	 سینا ویلیمز نے سنسناطی وی بی مینز ٹیٹل جیس لیا
common_voice_ur_31835195.mp3	بولتے وقت الفاظ ایک دوسرے کے ساتھ جوڑ دیتا ہوں	 بولتے وقت الفات ایک دوسرے کے ساتھ چوڑ دیتا ہوں
common_voice_ur_32005870.mp3	چیمپئنز ٹرافی ہاکی گرین شرٹس اپنا پانچواں میچ بیلجیئم کیخلاف کھیلیں گے	 چمپینز ٹروفی ہاکی گرین شرٹ سپنا پنچمہ میچ بلجم کے خلاف کلیں گے
common_voice_ur_38506002.mp3	گروپ کی شکل میں گانے گانا دماغی صحت کیلئے بہتر	 گرب کی شکل میں گانے گانے دماغی صحت کیلئے بہتر
common_voice_ur_31931610.mp3	میں نے بک شاپ میں کئی گھنٹے کتابوں کی ورق گردانی میں صرف کئے	 میں نے بکشاومے کئی گھنڈے کتابوں کی ورد کر رہی میں زرف کی
common_voice_ur_31827363.mp3	پاکستان کو اس معرکے میں مرکزی کردار ادا کرنا ہے۔	 پاکستان کو اس مور کے میں مرکزی کردار ادا کرنا ہے
common_voice_ur_38502684.mp3	بندوق اور توپ و تفنگ تو افواج کے پاس ہوتے ہیں۔	 اندوک اور توپو تفاج کے پاس ہوتے ہیں
common_voice_ur_38428920.mp3	کہ دل کو حق نے کیا ہے نگاہ کا پیرو	 کہ دل کو حق نے کیا ہے نگاہ پہ پیرو
common_voice_ur_31971637.mp3	یہ قربت نان موومنٹ کو کسی موومنٹ میں بدل سکتی ہے۔	 ایک عربت نان موی منت کو کسی موی منت میں بتل سکتی ہیں
common_voice_ur_38470114.mp3	تو بچا بچا کے نہ رکھ اسے ترا آئنہ ہے وہ آئنہ	 تو بچا بچا کے نہ رکھ اسے تیرا آئنا ہے وہ آئنا
common_voice_ur_41180357.mp3	حکم دیا گیا تھا۔ پاکستان کے پارلیمانی نظام میں، وزیر	 حکم دیا گیا تھا پاکستان کی پالمینی نظام میں وزیر
common_voice_ur_38469929.mp3	مگر ان کا نمبر ابھی تک بند مل رہا تھا۔	 مگر ان کا نمبر ابھی تک بند مل رہا تھا
common_voice_ur_31973473.mp3	اور یوں شکاری پہلہ سے وَہاں موجود ہونا ہونا یِہ پر فائر کھولنا دیتاہے	 اور یوں شکاری پہلے سے وہاں موجود ہونا ہونا یا پھر فائر کھولنا دیتا ہے
common_voice_ur_38477591.mp3	جاں فزا ہے بادہ‘ جس کے ہاتھ میں جام آ گیا	 جہاں فضا ہے بادہ، جس کے ہاتھ میں جام آگیا
common_voice_ur_31979920.mp3	مسلم یہودی اور مسیحی دوسری تحریک وہ تھی جس کی	 مسلم یہودی اور مسیحی دوسری تحریک وہ تھی جس کی
common_voice_ur_32004426.mp3	جدید ریاست ماضی کے مقابلے میں کہیں زیادہ منظم ہے۔	 یدید ریاست ماسی کے مقابلے میں کہیں زیادہ منظم ہے
common_voice_ur_31809545.mp3	ناصر عباس تاریخ کے مارکسی نقطہ نظر کے حامل ہیں۔	 ناصر عباس تاریخ کے مرکسی نقطہ نظر کے حامل ہیں
common_voice_ur_38408971.mp3	کیا آئینہ خانے کا وہ نقشہ تیرے جلوے نے	 کیا آئینا خانے کا نقشہ تیرے جلوینے
common_voice_ur_41145826.mp3	کام کے بدلے جنسی تعلق قائم کرنے والا بھی ملزم	 کان کے بطلے جنسی تعلق قائم کرنے والا بھی ملزم
common_voice_ur_31971001.mp3	کہ اِس سڑک کا نام فقیر ایپی روڈ ہے	 یہ اس سڑک کا نام فکیر اپ روڈ ہے
common_voice_ur_32059956.mp3	اور جن اولادوں کے لیئے ساری عمر کماتے ہیں	 اور جن اولادوں کے لئے ساری عمر کماتے ہیں
common_voice_ur_31814031.mp3	خارجہ پالیسی ظاہر ہے کہ متنوع امور کا مجموعہ ہے۔	 کارچا پلیسی ظاہر ہے کہ مطنو اموار کا مجموع ہے
common_voice_ur_32007189.mp3	کیا اس کے دوسروں کے ساتھ سرحدی تنازعات نہیں ہیں؟	 کیا اس کے دوسروں کے ساتھ سرحدی تناظات نہیں ہے؟
common_voice_ur_31814100.mp3	لیکن فرشتوں اور جنات کے انسانی زندگیوں میں کردار	 لیکن فرشتوں اور جنات کے انسانی زندگیوں میں کرتار
common_voice_ur_31971642.mp3	کیا نوازشریف ٹھنڈے پیٹوں یہ سب برداشت کر لیں گے؟	 کیا نواز شریف، ٹھنڈے پیٹوں یہ سب برداشت کر لیں گے
common_voice_ur_31809652.mp3	جو گرم اور مبہم احساسات کے لیے قابلِاجازت سطر پر سے گزرا	 جو گرم اور بب ہم اس اصاد کیلئے قابل اجازت ستر پر سے گزرہ ہم
common_voice_ur_38435895.mp3	میرا اور حسنین لہری کا بریک اپ ہوچکا ہے	 میرا اور حسنان لہری کا بریکاپ ہو چکا ہے
common_voice_ur_31971504.mp3	محمدحفیظ ٹیسٹ میچوں میں مسلسل سنچریاںبنانیوالے چھٹے پاکستانی بلے باز بن گئے	 محمد عفیز تس میں چون میں محسلسل سنچریوں بنانے والے چھٹے پاکستان والے باز بندے
common_voice_ur_31971551.mp3	بنگلادیش کرکٹ بورڈ کے وفد کا قذافی اسٹیڈیم کا دورہ	 مغلدش کرکٹ بورڈ کے وفد پاکازامی اسٹیڈیم کا دورہ
common_voice_ur_31813927.mp3	پی ایچ ایف فیکٹ فائنڈنگ کمیٹی کا اجلاس اج طلب	 BHF فیکٹ فائنڈنگ کمپنی کا اجلاس آج تلک
common_voice_ur_31814665.mp3	جنرل اسمبلی تمام رکن ممالک پر مشتمل ہوتی ہے	 جنرل اسمبلی تمام رکھن ممالک پر مشتمل ہوتی ہے
common_voice_ur_38484661.mp3	سکھ دور میں مغلیہ دور کی کئی عمارتوں کو نقصان پہنچایا گیا	 سکھ دور میں مغلیہ دور کی کئی امارتوں کو نقصان پہنچایا گیا
common_voice_ur_31983621.mp3	تو کیاہم اس پر قادر ہیں کہ ان سب کونذر آتش کردیں؟	 کیا ہم اس پر قادر ہیں کہ ان سب کو نظر آتش کر دیں؟
common_voice_ur_31833849.mp3	اپنے اپنے شہر میں استاد سے گاہے گاہے مل لیتا ہے۔	 اپنے اپنے شہر میں استاد سے گاہے گاہے مل لیتا ہے
common_voice_ur_31833850.mp3	اور یہ دشوار ترین گزر لئے کھلی رہتی ہے ۔	 اور یہ دشوار ٹرین گزر کے لیے کھولی رہتی ہے
common_voice_ur_32022779.mp3	بیٹھے غصے کی گولی کھا کر اپنے آپ کو	 گھوڑی خواہ کر اپنی آفتے
common_voice_ur_32018395.mp3	امیر معاویہ یا معاویہ اول اموی خلافت کے بانی تھے	 امیر ماویہ یا ماویہ اول اموی حلافت کے بانی چھے ہو
common_voice_ur_31972172.mp3	چترال پہنچنے کے لئے واحد زمینی راستہ لواری ٹاپ ہے ۔	 چطال پہنچنے کے لئے رسالہ واری طاپ ہے
common_voice_ur_31968610.mp3	کس دن ہمارے سر پہ نہ آرے چلا کیے	 اس کے دن ہمارے سر پر نا آرے چلاکی ہے
common_voice_ur_31968637.mp3	ٹور اف اسپین سائیکل ریس ٹام ڈومیلینڈ نے جیت لی	 تور اف سپین سائکل ریز ٹارم ڈو میلنڈ میں جیت لی
common_voice_ur_31968708.mp3	نفرت کا گماں گزرے ہے میں رشک سے گزرا	 حفظ کے دماؤں گزرے ہیں میں رش سے گزرا
common_voice_ur_32043911.mp3	یہ انسانی تاریخ کا سب سے بڑا اسلحے کا معاہدہ ہے۔	 یہ انسان ہی تاریخ کا سب سے بڑا اسلاح کی معاعد ہے
common_voice_ur_31973581.mp3	اس کے جواب سے دل پر ایک چوٹ لگی	 اس کے جواب سے دل پر ایک چھوٹ لیں گے
common_voice_ur_31973125.mp3	ان کی زبان و بیان کی خاص خوبی یہی تشبیہات ہی	 ان کی زبانوں میں آرہے ہیں کہ خاص خوبی یہی تشویعات ہی ہے
common_voice_ur_41159946.mp3	قوم ان کے ناموں سے آگاہ ہے، طلال چوہدری اور دانیال عزیز۔	 قوم ان کے ناموں سے آگا ہے تلال چودری اور دانیال عزیز
common_voice_ur_32003838.mp3	دیدہ و دل کو سنبھالو کہ سر شام فراق	 سیدہ و دل کو سبالو کہ سر عشام فراک
common_voice_ur_31950120.mp3	ستم پہ خوش کبھی لطف و کرم سے رنجیدہ	 ستم پہ خوش قبی لطف و قلم سے رنجیتہ
common_voice_ur_31950121.mp3	یوں گلگت بلتستان میں تحریک جعفریہ کی حکومت بن گئی	 یوں گلگت بلطستان میں تحریح کی جافریہ کی حکومت بن گئی
common_voice_ur_32009813.mp3	ان لوگوں نے ھمیں اتنی زبردست انداز سے سمجھای	 ان لوگوں نے ہمیں اتنی سبدس انداز سے سمجھائی
common_voice_ur_31814841.mp3	اس سے قوم کے عزم کو تقویت پہنچی ہے۔	 اس سے قوم کے عظم کو تقویت ہونچی ہے
common_voice_ur_32012286.mp3	میرا خاندان بھی یہاں سینکڑوں سال سے آباد ہے	 میرا کامانی نیا سیکھ روش آلزی عبادہ
common_voice_ur_31891880.mp3	باکستانی ٹیم صرف دو میچز میں ہی خراب کھیلی ہے ۔	 پاکستانی ٹیم صرف دو میچز میں ہی خراب کھیلی ہے
common_voice_ur_31967868.mp3	وہ تقریر جس کا وہم و گماں نہ تھا۔	 بہت قریب جیسکا ہے بہت موکرانہ ہے
common_voice_ur_32055169.mp3	وہ اپنا کاروبار فرسٹ اٹلانٹا کی طرف لے گئی	 وہ اپنا کارو با فرس اٹلانٹا کی طرف لے گئی ہے
common_voice_ur_32053643.mp3	یہ واقعہ بارسلونا کے تھیم پارک میں پیش آیا	 یہ واقعہ بارسلونا کی تحیم پارک میں پیش آیا
common_voice_ur_31984899.mp3	کس نے روکا ہے سرِ راہِ محبت تُم کو	 کس نے رکھا ہے سرے راہے محبت تم کو
common_voice_ur_31991981.mp3	لوگوں کا دیکھنے کا زاویہ اور ڈھنگ بدل رہا ہے	 لوگوں کا دیکھنے کا زاویہ اور دھنگ پدر رہا ہے
common_voice_ur_31991919.mp3	اس فلم کی کوئی معلومات یا توقعات نہیں تھیں	 اس فن کی کوئی معلومات یا توقعات نہیں تھی
common_voice_ur_31943499.mp3	وہ دانشمندانہ کام کرنے کی صلاحیت کم رکھتی ہیں	 وہ دانش مندانہ کام کرنے کی صلاحت کم رکھتی ہے
common_voice_ur_31809480.mp3	نہ بیجنگ ریاض نہ تہران ہمارا حوالہ اسلام آباد ہے۔	 یہ بے جنگ ریازنا تحران ہمارا حوالہ اسلام عباد ہے
common_voice_ur_31809486.mp3	وزارت صحت نے ویکسین کی دوسری خوراک منسوخ نہیں کی	 ازارت سیعت نے وکسین کی دوسری خوراک منصوب نہیں کی
common_voice_ur_38411651.mp3	سی آئی اے کی کارروائیوں اور دنیا میں امریکہ کی	 CIA کی کاروائیوں اور دنیا میں امریکہ کی
common_voice_ur_31928633.mp3	منافع منقسمہ ادا کرنے کے لیے منافعے اور سرمایہ نہیں رکھتا	 منافہ منکسمہ ادا کرنے کے لئے منافعہ اور سرمایا نہیں لگتا
common_voice_ur_31809391.mp3	کسی میں جرات نہیں کہ مجھے کمزور کر سکے	 کسی میں جرت نہیں کہ مجھے کمزور کر سکے
common_voice_ur_31967078.mp3	اس اجمال کی تفصیل یہ ہے کہ جی ٹی روڈ	 اس اجمال کی تفصیل یہ ہے کہ جی ٹی روڈ
common_voice_ur_31828198.mp3	'مودودیت‘ ایک اصطلاح ہے جو ان حلقوں میں رائج ہے۔	 معدودیت ایک استلاح ہے جو ان حلقوں میں رائج ہے
common_voice_ur_38466129.mp3	تو ابھی رہگزر میں ہے قید مقام سے گزر	 تو ابھی رہ گزر میں ہے کہید مقام سے گزر
common_voice_ur_38469300.mp3	یا شمع جل رہی ہے پھولوں کی انجمن میں؟	 یا شمہ جل رہی ہے پھولوں کی انجمن میں
common_voice_ur_31833875.mp3	ہر محب اپنے محبوب کو راضی رکھنا چاہتا ہے۔	 ہر محب اپنے محبوب کو راضی رکھنا چاہتا ہے
common_voice_ur_31887511.mp3	بینکوں کے غیرملکی زرمبادلہ کے ذخائر مسلسل زوال کا شکار	 بنکو کے غیر ممولی در مبادلہ کے ذخائر مسلسل زوال کا شکار
common_voice_ur_38435034.mp3	خادم اعلی کو بہت سارے معاملات کا سامنا ہے۔	 خادمِ علا کو بہت سارے معاملات کا سامنا ہے
common_voice_ur_31903029.mp3	جب سیاست بنی امیہ کی بنیادیں ہل چکی تھیں	 جب سیاست بلی موئیہ کی گنیادیں ہیل چکی تھی
common_voice_ur_38452021.mp3	دیکھیں کیا گزرے ہے قطرے پہ گہر ہوتے تک	 دیکھیں کیا گزرے ہے قطرے پہ گہر ہوتے تک
common_voice_ur_38474455.mp3	سبب کیا خواب میں آ کر تبسم ہائے پنہاں کا	 سبب کیا خواب میں اکثر توسوں ہائب پہنہ آکا
common_voice_ur_38444336.mp3	کوئي پوچھے کہ يہ کيا ہے تو چھپائے نہ بنے	 کوئی پوچھیں کہ یہ کیا ہے تو چھپائے نہ بنے
common_voice_ur_31929288.mp3	ان کا مستقبل خطرے سے خالی نہ ہو گا۔	 ان کا مستقبل خطرے سے خالی نہ ہوگا
common_voice_ur_38433638.mp3	جو سارا دن مرے خوابوں کو ریزہ ریزہ کرتے ہیں	 جو سارا دن میرے خوابوں کو رزا رزا کرتے ہیں
common_voice_ur_31814977.mp3	ہاں خیریت ہی ہے۔۔۔ کلاس لینے کا کوئی ارادہ ہے؟	 ہاں خیریت ہی ہے، کلاس لینے کا کوئی ارادہ ہے؟
common_voice_ur_32006534.mp3	ایرانی انقلاب کے امام اور مقتدی، دونوں شیعہ تھے۔	 ایرانی انقلاب کے امام اور مقتدی دونوں شیعہ تھے۔
common_voice_ur_37976020.mp3	پردہ اُٹھاؤ ہم بھی تو دیکھیں چُھپا ہے کون؟	 پردہ اٹھاؤ ہم بھی تو دیکھیں چپا ہے کون
common_voice_ur_31815011.mp3	اسلام باد قومی ایئرلائن اور اسٹیل ملزکے نجکاری پلان کی منظوری	 اسلاماباد قومی ایر لائن اور سٹیل ملز کے نجکاری پلان کی منظولی
common_voice_ur_31813376.mp3	اسک معانی پر اور مفہوم پر کبھی غورک بھی نہیں	 اس کے معنی پر اور محفوم پر کبھی غور بھی نہیں
common_voice_ur_38411532.mp3	یقیں پیدا کر اے ناداں یقیں سے ہاتھ آتی ہے	 مقشم پیدا کر اینادہ یقین سے ہاتھ آتی ہے
common_voice_ur_32012630.mp3	مت پوچھ کہ کیا حال ہے میرا ترے پیچھے	 مت پوچھ کے کیا حال ہے میرا تیرے پیچھے
common_voice_ur_41151331.mp3	امریکی گلوکار پریانکا چوپڑا سے ملنے بھارت پہنچ گیا	 امریکی گلوکار تریانتا چوپڑا سے میرے نیم ہارد پہنچ گیا
common_voice_ur_31963882.mp3	اور اردو میں اس کا ترجمہ نبات خانہ کیا	 اور اُردھوں میں اس کا تجمہ نباز خانہ کیا
common_voice_ur_31834066.mp3	آمریتوں نے اگر فکری یکسوئی پیدا کی تو جمہوری ادوار نے	 امریتوں نے اگر فکری یکسوئی پیدا کی تو جمہوری ادوار نے
common_voice_ur_31833738.mp3	مرضی کی رنگار نگ کتابیں دلوا کر دیتا ہوں	 مرزی کی رنگا رنگ کتانیں دلوائے کر دیتا ہوں
common_voice_ur_31833789.mp3	یہ بحث ادب کے بارے میں بھی اٹھی تھی۔	 یہ بحث عدب کے بارے میں بھی اٹھی تھی
common_voice_ur_38434046.mp3	اور جلسوں کو اپنی کامیابی قرار دے رہے ہیں	 اور جلسوں کو اپنی کامیابی قرار دے رہی ہے
common_voice_ur_31809367.mp3	قدامت پسند سیاسی امیدواروں کو ووٹ دینا پسند کرتا ہوں	 قطامت پسند سیاستی امیدواروں کو ووٹ دینا پسند کرتا ہوں
common_voice_ur_31833843.mp3	یہی معاملہ سیاسی، علاقائی یا نسلی معاملات کا ہے۔	 یہی معاملہ سیاستی علاقائی یا نسلی معاملات کا ہے
common_voice_ur_31833866.mp3	ہمیں یہودیوں سے شاید اتنا نقصان نہیں ہو گا	 ہمیں یہودیوں سے شاید اتنا نقصان نہیں ہوگا
common_voice_ur_41157695.mp3	پھولوں کے ہاتھ جل گئے‘ کیسے یہ آفتاب تھے	 پھولوں کے ہاتھ جل گئے کہ ایسے یہ آفتاب تھے
common_voice_ur_31948480.mp3	اور اپنے مذموم مقاصد کے لیے استعمال کرتے ہیں	 اور اپنے مزموں مقاصد کے لئے استعمال کرتے ہیں
common_voice_ur_31948786.mp3	بسوں میں دس مسافروں کے بیٹھنے کی گنجائش ہے	 بسوں میں دس مسافروں کی بیٹھنے کی گنجائی شہر ہے
common_voice_ur_31353583.mp3	لیکن تیسرے دن ایک فیکٹری کے اندر پولیس نے	 لیکن تیستے دن ایک فیکٹری کے اندر پولیس نے
common_voice_ur_32003762.mp3	ابھی اس قوم کوان کی ژولیدہ فکری کی قیمت چکانی ہے۔	 ابھی اس قوم کو ان کی یالیدفقی کی قیمت چکانی ہے
common_voice_ur_38420223.mp3	راکھ کس نے تری سونے کی سی رنگت کر دی	 راکھ کس نے تیری سونے کی سی رنگت کر دی
common_voice_ur_41139002.mp3	اس کارنامے کو ہم مرتے دم تک یاد رکھیں گے	 اس کارنامے کو ہم مرتدم تک یاد رکھیں گے
common_voice_ur_41139020.mp3	کانگرس اسی کوڈ میں انسان کی موزوں قدروقیمت ظاہر کرتی ہے	 کونگریس اسی کوڈ میں انسان کی معظوم قدر و قیمت ظاہر کرتی ہے
common_voice_ur_32839153.mp3	نگہ پیدا کر اے غافل تجلی عین فطرت ہے	 نگا پیدا کر اے غافل تجلی این فطرت ہے
common_voice_ur_41138478.mp3	جاگ گئے مگر پھر ناراض ہوئے کہ ہمیں جگایا کیوں	 جا گئی مگر پھر نراض ہوئی کہ ہمیں جگہیا کیوں
common_voice_ur_31949719.mp3	پلیز پلیز میرے بہن بھائیوں مجھے زیادہ سے زیادہ سپورٹ کریں	 میرے بہن بھائیوں مجھے زیادہ سے زیادہ سپورٹ کریں
common_voice_ur_31949775.mp3	لائف آف جارجیا ہالینڈ میں واقع قومی ہالینڈ گروپ کا حصّہ ہے	 لائف آف جاری جاہ ہالینڈ میں واقعی کومی ہالینڈ گروپ کا حصہ ہے
common_voice_ur_30393478.mp3	کی عہدیدار سدرا احمد نے وی او کو بتایا ہے	 کہ اہدیدار صدرہ احمد نے ویو کو بتایا ہے
common_voice_ur_31834296.mp3	ا س کی تصدیق کی لوگ ان سے ناراض تھے	 اس کی تستی کی لوگ ان سے ناراض تھے
common_voice_ur_31902193.mp3	آج مؤقف ایک ہی ہے جو نواز شریف کا ہے	 آدھا موقع ایک ہے جو نواز شمس ہے
common_voice_ur_31834317.mp3	اب چونکہ تمہارے ایمان میں ضعف آ گیا ہے،	 اب چونکہ تمہارے ایمان میں اضاف آگیا ہے
common_voice_ur_31964308.mp3	راجرز کپ ٹینس سٹسیپاس نے کوارٹر فائنل کا ٹکٹ کٹوا لیا	 روڈرز کا ٹینس سٹس سپاس نے قوٹر فائنل کا ٹکٹ قطوہ لیا
common_voice_ur_31964023.mp3	کی بہت سی مقدار فضا میں شامل ہوجاتی ہے	 کی بہت سی مقدار فضان میں شامل ہو جاتی ہے
common_voice_ur_32004473.mp3	کراچی یِہ کرنا اماں جینا جہیز میں لانا ہونا	 کناجی اے کرنا ہمہ جینا جہیر میں لانا ہونا
common_voice_ur_31863674.mp3	طبیعیات کے سلسلے میں ایک عمومی بات یہ ہے	 طبیت کی سلسلے میں ایک امومی بات یہ ہے
common_voice_ur_38446642.mp3	دیکھ کے میری بیخودی‘ چلنے لگی ہوا کہ ’’ یوں ‘‘	 دیکھ کے میری بے خوبی ہے چلنے لگی ہوا کے جھو
common_voice_ur_31863698.mp3	جب کہ قرآن خوانی کی محافل بھی منعقد کی جائیں گی۔	 جبکہ قرآن فانی کی محافظ بھی ملکت کی جائیں گی
common_voice_ur_31809227.mp3	سالہ کشمیری بچے نے شین وارن کا دل جیت لیا	 سالہ کشمیری بچے نے شین وارن کا دل جید لیا
common_voice_ur_31809252.mp3	چينی سپر کمپیوٹر سمٹ پانچ لاکھ ٹریلین اعدادوشمار فی منٹ کر سکتا ہے	 چینی سپرکمپیوٹر سمٹ 5 لاکھ ڈرے لے ادادو شمار فی منٹ کر سکتا ہے
common_voice_ur_38443565.mp3	دل میں ذوقِ وصل و یادِ یار تک باقی نہیں	 دل میں ذوکے وصلے یادویار تک باقی نہیں
common_voice_ur_32008803.mp3	کمپیوٹرز پر آئی ٹیونز ایپلیکیشن آئی فونز کی ترتیبات کا باضابطہ طریقہ ہے	 کمپیوٹرز پر آئی ٹیونز ایپلکیشن آئی فونز کی تحتیبات کا باز آپ تریکہ ہے
common_voice_ur_32007163.mp3	کہ شبانہ اعظمی کو فوری طور پر ممبئی کے	 کشبانہ آزمی کو فوری طور پر ممبائی کے
common_voice_ur_31812771.mp3	اسی طرح فطرت بھی اسی تقاضے کو مدنظر رکھتی نظر اتی ہے	 اسی طرح فطرت بھی اسی تقاضے کو مدد نظر رکھتے نظر آتی ہے
common_voice_ur_31982819.mp3	ضد کی ہے اور بات مگر خو بری نہیں	 زد کی ہے اور بات مکر خوبری نہیں
common_voice_ur_31902223.mp3	اب شام بھی پیہم حملوں کی زد میں ہے۔	 افشان بھی پہم ہم لوک انزد میں
common_voice_ur_38484086.mp3	زندگی میں ہر دم ہنستے رہو، ہنسنا زندگی کی ضرورت ہے	 زندگی میں ہر دم ہنستے رہو، ہنسنا زندگی کی ضرورت ہے
common_voice_ur_38484284.mp3	ہر ایک شعر میں کیا غم ہے، کیا اُداسی ہ	 ہر ایک شیر میں کیا غم ہے کیا اداسی ہے
common_voice_ur_31915042.mp3	فاسٹ بالر جنید خان بیٹے کے باپ بن گئے	 فاسٹ بوائلر جنید کھان بیٹے کے باپ بن گئے
common_voice_ur_41036603.mp3	اسحاق ڈار کو دیکھیے، جاتے جاتے بھی مکمل نہیں گئے۔	 سائن ڈاٹو دیکھئے جاتے جاتے بھی مکمل نہیں گئے
common_voice_ur_41125851.mp3	اس کے لیے آپ اعتماد کہاں سے لائیں گے؟	 اس کے لئے آپ اعتماد کہاں سے لائیں گے؟
common_voice_ur_31858098.mp3	بال ٹمپرنگ کیس سٹریلوی کرکٹرز نے سزائیں قبول کر لیں	 بول ٹیمپرنگ کیس، آسٹرلی وی کرکٹرز نے سزای قبول کر لی
common_voice_ur_31917503.mp3	دیکھیے پانی کب تک بہتا اور مچھلی کب تک تیرتی ہے؟	 دیکھئے پانی کب تک بیتا اور مچھلی کب تک تیر تھی ہے
common_voice_ur_31809168.mp3	مگر دوبارہ اس اعزاز کے مالک بن گئے تھے	 مگر دورہ اس اعزاز کے مالک بن گئے تھے
common_voice_ur_31809148.mp3	برائیڈل فیشن ویک کے اخری روز رنگوں کی بہار	 بریڈل فیشن ویک کے اہری روز رنگوں کی بہار
common_voice_ur_31878427.mp3	ہم آہ بھی کرتے ہیں تو ہو جاتے ہیں بدنام	 ہم اہ بھی کرتے ہیں تو ہو جاتے ہیں بدنام
common_voice_ur_31933781.mp3	جنرل قمر جاوید باجوہ کے ساتھ بھی نام نہاد	 جنرل کمر جوید واجہ کے ساتھ بھی نام نہاد
common_voice_ur_31901997.mp3	لیکن اس سے ہٹ کے وہ اچھا دور تھا۔	 لیکن اس سے ہر کی بہت چاہ دول تھا
common_voice_ur_31993036.mp3	کامن ویلتھ گیمزپاکستانی ہاکی ٹیم اج کینیڈا سے ٹکرائے گی	 کماندلز کینس پاکستانی ہاں پیٹنگ آج کینیڈا سے تکرائے کی
common_voice_ur_32054554.mp3	اتنی بسیں چلیں گی، اتنے مسافر روزانہ سفر کریں گے۔	 اتنی بسیں چلیں گی اتنے مسافر روزانہ سفر کریں گے
common_voice_ur_38471091.mp3	یوں تو کہیے کہ مسافر کو ٹھکانے ہیں بہت	 یوں تو کہیں کہ مسافر کو ٹھکانے ہیں بہت
common_voice_ur_31794346.mp3	لہو رنگ ہونے کے ساتھ نہایت تکلیف دہ ہے	 لہو رنگ ہونے کے ساتھ نیحائی تکلیف دے ہیں
common_voice_ur_32000015.mp3	اس کا مرکزی خیال آزادیِ ہند سے ملتا جلتا ہے	 اس کا مرکزی حیال ازادی ہن سے ملتا جلتا ہے۔
common_voice_ur_32043089.mp3	مکمل رپورٹ اس لنک پر پڑھی جا سکتی ہے ۔	 مکمل رپورٹ اس لنک پر پڑھی جا سکتی ہے
common_voice_ur_31973855.mp3	آپ اس لفظ کو انگریزی میں کیسے ادا کرتےہیں؟	 آپ اس لفظ کو انگلیسی میں کیسے یاد با کرتے ہیں؟
common_voice_ur_31974171.mp3	اب بھی بہت ساروں کی عقل ٹھکانے آجائے گی	 اب بھی بہت ساروں کی اقل تکانے آ جائے گی
common_voice_ur_31854963.mp3	ہونٹوں کی ہلکی سی جنبش سے ٹوٹ جاتی ہے	 ہونٹو کی ہلکی سی جمبشنے ٹوٹ جاتی ہے
common_voice_ur_31993550.mp3	اس پیغمبرانہ صدا کی بازگشت، میں آج بھی سنتا ہوں۔	 اس پہ گھم بھرانا صدا کی بازگشت میں آج بھی سنتا ہوں
common_voice_ur_38438393.mp3	تیری قربت کا نشہ ٹوٹ رہا ہے مجھ میں	 تیری قربت کا نشاہ ٹوٹ رہا ہے مجھ میں
common_voice_ur_38442585.mp3	وہ خاک کہ جبریل کی ہے جس سے قبا چاک	 وہ خواہ کے جبریل کی ہے جس سے کباہ چاہتے ہیں
common_voice_ur_31091856.mp3	اس علاقہ میں گاڑی کے پیچھ لٹک خطر ضرور ہے	 اس علاقے میں گاری کے پیچھے لٹک کتر ضرور ہے
common_voice_ur_31823064.mp3	برطانیہ بھِی پروگرام تجارت کی پڑتال کر رہا ہے	 برطانیہ بھی پروگرام تجارت کی پرطال کر رہا ہے
common_voice_ur_31823002.mp3	کراچی پورٹ لاکھ سے زائد کارگو کی ریکارڈ نقل وحرکت	 کرانچی پورٹ لاک سے زیادہ کارگو کی ریکارڈ نقل و حدت
common_voice_ur_31823021.mp3	فیول ایڈجسٹمنٹ کے تحت بجلی سستی ہونے کا امکان	 بیزلی سستی ہونے کا امکان
common_voice_ur_38439441.mp3	خانہ زادِ زلف ہیں، زنجیر سے بھاگیں گے کیوں	 خانہ زادے زلف ہیں، زنجیر سے بھاگیں گے کیوں؟
common_voice_ur_38438901.mp3	میں عہد کرتا ہوں کہ ایمانداری سے کام لوں گا	 میں اہد کرتا ہوں کہ ایمانداری سے کام لوں گا
common_voice_ur_31930368.mp3	تو کسی کی کیا مجال کہ آپ کو روکے۔	 تو کسی کی کیا مجال کے آپ کو روکے
common_voice_ur_31956089.mp3	ایشیا کپ میں ناقص کارکردگی نے سرفراز کی نیندیں اڑا دیں	 ایشیا کا پنہاکس کا گرتگی نے سر فراز کی نیدیں اُڑا دی
common_voice_ur_31972983.mp3	لاہور رمضان بازاروں میں قیمتوں کی کمی سے شہری مطمئین	 لاہور رمزان بازاروں میں قیمتوں کی کمی سے شہری مطمئن
common_voice_ur_31950756.mp3	، بپھر تا ہے تو بربادی کا ساماں پیدا کرتا ہے ۔	 پڑتا ہے تو بربادی کا سمحہ پیدا کرتا ہے
common_voice_ur_38407758.mp3	کہہ سکے کون کہ يہ جلوہ گري کس کي ہے	 کہ سکے کون کے جرواگیری کس کی ہے
common_voice_ur_38438306.mp3	جس دشت میں وہ شوخ دو عالم شکار تھا	 جس دشت میں وہ شوخ دو عالم شکار تھا
common_voice_ur_26703792.mp3	مذہب ایک اخلاقی قوت اور مابعد الطبیعیاتی امر ہے۔	 مذہب ایک اخلاقی قوة اور ماباد التبیعتی امر ہے
common_voice_ur_31920013.mp3	تنویر احمد خان مرحوم ہمارے سیکرٹری خارجہ رہے ہیں۔	 تنویر احمد کھان مروم ہمارے سیکرٹی کا جا رہے ہیں
common_voice_ur_38438746.mp3	ہم کہیں گے حالِ دل، اور آپ فرمائیں گے 'کیا'؟	 ہم کہیں گے حالِ دل اور آپ فرمایں گے کیا
common_voice_ur_31972326.mp3	خاموشی سے بیٹھو نہیں تو یہاں سے دفعہ ہو جاؤ	 کاموشی سے بیٹھو نہیں تو یہاں سے دفع ہو جائو
common_voice_ur_31962786.mp3	اوگرا نے پیٹرولیم مصنوعات کی قیمتوں میں اضافے کی سفارش کردی	 اگرا نے پٹولیم مسنوعات کی قیمتوں میں اضافے کی سفارش کر دی
common_voice_ur_31846793.mp3	مارچ سے یَہاں پہاڑ پر سے برف پگھلنا شروع ہونا ہونا	 مر سے یہاں پہار پر سے برف بھیگننا شروع ہونا ہونا
common_voice_ur_31823169.mp3	تو ان کے ہم قبیلہ ایک بے مثل شاعرکو یا دکرتا ہوں۔	 تو ان کے ہم کبیلہ ایک بے مشاہب کو یاد کرتا ہوں
common_voice_ur_31809883.mp3	میں نے ایک آری دیکھی جو دیکھ نہ پایا۔	 میں نے ایک آری دیکھی جو دیکھ نہ پایا
common_voice_ur_32053864.mp3	میں آپ کی واپسی تک یہیں انتظار کروں گا	 میں آپ کو اپنے گھر میں انتظار کروں گا
common_voice_ur_31834698.mp3	وُہ میرے کعبۂ دل میں ذرا سی دیر رُکا	 بھائی کے ساتھ ملے گا
common_voice_ur_32035406.mp3	تاہم پرندوں کی دنیا میںصحیح تعداد کا اندازہ لگانا	 تاہم پرندوں کی دنیا میں صحیح تعداد کا اندازہ لگانا
common_voice_ur_32008025.mp3	اپنے مفاد کی خاطرلوگوں کو شعور نہیں آنے دیا	 اپنے مفاد کے خاطر لوگوں کو شہور نہیں آنے دیا
common_voice_ur_38466198.mp3	اگرآپ میں محبت کی کوئی ذرہ برابر رمق ہوتی تو	 اگر آپ میں محبت کی کوئی زرا برابر رمک ہوتی تو
common_voice_ur_31810944.mp3	کیا یہ معاشی مضبوطی راتوں رات حاصل کی گئی	 کیا یہ ماشی مزبوطی رات و رات حاصل کی گئی؟
common_voice_ur_31846538.mp3	نہوں نے حکومت سے اپنے فیصلے پرنظرثانی کی درخواست کی	 نہو نے حکومت سے اپنے فیصلے پر نظر سانے کی درکواست کی
common_voice_ur_31973660.mp3	پرجوش حامیوں کے دلوں میں بھی یہ شک نہیں	 اور جو شامیہ کے دلوں میں بھی یہ شک نہیں ہے
common_voice_ur_31989118.mp3	اگر ایسا نہیں کیا گیا تو وقت پڑنے پر	 اگر ایسا نہیں کیا گیا تو وقت پڑھنے پر
common_voice_ur_31994437.mp3	خلاف اس گرم جوشی کے ساتھ سرگرم نہیں ہوا	 جوشی کے ساتھ سرگرم نہیں ہوا
common_voice_ur_31793946.mp3	تضاد آ دمی کو بر باد کر تا ہے۔	 تساد آدمی کو برباد کرتا ہے
common_voice_ur_31989900.mp3	کوئلے کے بجلی گھر ماحولیاتی آلودگی کا باعث ہیں	 کوئلے کی بجلی گھر محولیاتی علود کی کیا باعث ہیں
common_voice_ur_38499941.mp3	سیہ ہو کر سویدا ہو گیا ہر قطرہ خوں تن میں	 سیاہ ہو کر سوینہ ہو گیا ہر قطرہ خود تنبی
common_voice_ur_31793530.mp3	اُس کی مسکراہٹ نے اُس کے غصےپر پردہ ڈال رکھا تھا	 اس کی مسکرہت نے اس کے غسے پر پردہ ڈال رکھا تھا
common_voice_ur_38492432.mp3	ترے ضمیر پہ جب تک نہ ہو نزول کتاب	 تیرے زمین پہ جب تک نہ ہو نزول کتاب
common_voice_ur_38427946.mp3	اگر وا ہو‘ تو دکھلا دوں کہ یک عالم گلستاں ہے	 اگر وہ ہو تو دکھلا دوں کہ یک عالم گلستہ ہے
common_voice_ur_32010395.mp3	ادھر تبلیغی جماعت پر پابندی کے بچگانہ اقدام نے	 اجر تبلی کے جماعت و پبندی کے بچگانہ اقدام میں
common_voice_ur_38412597.mp3	کیا فائدہ کہ دل کو جو گرمانے نہ آئیں	 کیا فائدہ کہ دل کو جوگر مانے نہ آئے
common_voice_ur_32022587.mp3	، اور جیسا بوئیں گے ویسا ہی کاٹنا پڑے گا	 اور جیسا بویں گے ویسا ہی کٹنا پڑے گا
common_voice_ur_32022298.mp3	اسٹیٹ بینک نےمنی مارکیٹ کو ارب روپے فراہم کردیے	 اسٹریٹ بینک نے منی مارکیٹ کو ارب روپے فرام کر دئیے
common_voice_ur_41132742.mp3	اسے کوئی پرواہ نہیں چاہے تم جاؤ یا رکو	 اسے کوئی پروہ نہیں چاہے تم جاؤ یا رکو
common_voice_ur_41132750.mp3	تو سوئس اکاؤنٹس سمیت سب مقدمات بحال ہو جائیں گے۔	 تو سوئس اکاؤٹز سے وید سب مقدمات بحال ہو جائیں گے
common_voice_ur_31846395.mp3	وزیراعلی پنجاب کی ایشیئن بینک کے وفد سے ملاقات	 وزیراعلی پنجاب کی ایشین بینک کی وف سے ملاقات
common_voice_ur_31945294.mp3	مبشر بھائی سیدھے انسان ہے اس لیے امدنی بتا دی	 محبشہ بھائی سیدھے انسان ہیں اس لئے آمدنی بتا دی
common_voice_ur_38429754.mp3	کھانسی یا چھینک کے دوران منھ اور ناک کو ٹِشو سے ڈھانپ لیں	 کھانسی یا چھین کے دوران نو اور ناک کو ٹیشو سے داب لیں
common_voice_ur_41133319.mp3	عبادت برق کی کرتا ہوں اور افسوس حاصل کا	 عبادت برک کی کرتا ہوں اور اف سوس حاصل کا
common_voice_ur_32000273.mp3	فیفاورلڈکپکولمبیا اور جاپان نے ناک اٹ رانڈ کیلئے کوالیفائی کرلیا	 فیفہ ورلڈ کپ کولمبیا اور جپان نے ناکاو ٹرانٹ کے لئے کوالفائ کر لیا
common_voice_ur_31954326.mp3	ایسو نے کہا کہ وائٹنگ فیلڈ نے منگل کو پیداوار شروع کی	 بھائی
common_voice_ur_31915938.mp3	جیسے ایک طرف دھوپ تو ایک طرف چھاؤں ہے کہیں وصل تو دوسرے لمحےفراق	 جیسے ایک طرف دھوٹ تو ایک طرف شام ہے کہیں وصل تو دوسرے لمحے پراک
common_voice_ur_38409437.mp3	سمجھتا ہوں کہ‘ ڈھونڈے ہے ابھی سے برق خرمن کو	 سمجھتا ہوں کہ ڈھوننے ہیں ابھی سے برک خرمن کو
common_voice_ur_38409598.mp3	بسکہ ہوں غالبؔ اسیری میں بھی آتش زیر پا	 بسکاہوں غالب اسیری میں بھی آتش زیر پاہ
common_voice_ur_38440693.mp3	بس کہ روکا میں نے‘ اور سینہ میں ابھریں پے بہ پے	 بس کے روکا میں نے اور سینہ میں عبرے پے بے پے
common_voice_ur_38443781.mp3	اپنے سے کر‘ نہ غیر سے‘ وحشت ہی کیوں نہ ہو	 اپنے سے کرنا غیر سے، وحشت ہی کیوں نہ ہو
common_voice_ur_32001133.mp3	دوسرے پاکستانی علاقوں میں بڑی تعداد میں لیپرڈ موجود ہیں	 دوسرے پاکستانی علاقوں میں بڑی تعداد ملے پڑ موجود ہیں
common_voice_ur_31888693.mp3	ایک بچے کی دنیا کھلونوں کے گرد گھومتی ہے	 ایک بچے کی دنیا کھیلانوں کے گرت گومتی ہے
common_voice_ur_31926690.mp3	شکار ہونا والہ پرند میں تیتر چکور فاختہ شامل ہونا	 شکار ہونا والا برند میں دیتر چکور فاختہ شامل ہونا
common_voice_ur_31845912.mp3	میں نے ہمت کی اور سٹیج پر چڑھ گیا	 میں نے احمد کی اور اسٹریل پر چڑھ گیا
common_voice_ur_31967548.mp3	اسی اتحاد میں دوسری مسلکی جماعتیں بھی شامل تھیں۔	 اس اتنہات میں دوسری مسئلے کی جماعتیں بھی شامل تھی
common_voice_ur_33963824.mp3	اس رہ گزر میں جلوۂ گل آگے گرد تھا	 اس رح گزر میں جلوہِ گل آگے گرد تھا
common_voice_ur_32011539.mp3	سب کچھ کرسکتا ہوں شاید اس لیے مقبول ہوں سلمان	 سب کچھ پر سکاہوں چاہید اسلام بڑھ بول ہوسیمان
common_voice_ur_31793258.mp3	یہ منشور سیاسی جماعتوں کی بالغ نظری کی دلیل تھے۔	 یہ منجور سیاسی جماعتوں کی بالک نظری کی دلیل تھے
common_voice_ur_31793259.mp3	انسانی فطرت یہی ہے کہ وہ دعوے کی دلیل مانگتی ہے۔	 انسانی فطرت یہی ہے کہ وہ دعوے کی دلیل مانگتی ہے
common_voice_ur_38472078.mp3	اس بات کو رواج دینا علما کا کام ہے۔	 اس بات کو رواج دینا علمہ کا کام ہے
common_voice_ur_31813347.mp3	ہاتھ کنگن کو آرسی کیا اور پڑھے لکھے کو فارسی کیا	 ہاتھ کنگن کو آرسی کیا اور پرے لکھے کو فارسی کیا
common_voice_ur_38417011.mp3	رپورٹ میں مشاہدہ ہوا کہ یہ سیشنز دنیا کے ساتھ	 رپورٹ میں میں شہدہ ہوا کہ یہ سیشنز دنیا کے ساتھ
common_voice_ur_31815634.mp3	فوڈ سروسز کے ساتھ ایک معاہدے پر دستخط کیے ہیں	 فوٹ چرویسس کے ساتھ ایک معاہدے پر دستخط کیا ہے
common_voice_ur_31886711.mp3	ٹیکس وصولی کے اہداف حاصل کرلئے جائیں گے ہارون اختر	 ایکس وصولی کے آہداف حاصل کر لئے جائیں گے
common_voice_ur_32006635.mp3	کیا پیپلز پارٹی عصری سیاست کا بارہواں کھلاڑی ہے؟	 کیا آپ پیپلز پارٹی اسری سیاست کا باروہہ کھلاڑی ہے؟
common_voice_ur_32009687.mp3	یہ کالے رنگ کے گدھ سے مختلف ہوتے ہیں	 یہ کالے رنگ کی گیٹ سے مختلف ہوتے ہیں
common_voice_ur_38453573.mp3	یاں آ پڑی یہ شرم کہ‘ تکرار کیا کریں	 یا آپڑی یہ شرم کے تقرار کیا کریں
common_voice_ur_38456821.mp3	وہ کیف ِ ہجر میں اب غالباً شریک نہیں	 وہ کیفہ حجر میں اب غالبا شریق نہیں۔
common_voice_ur_31793057.mp3	طاہر القادری صاحب نے لوگوں کو یرغمال بنا رکھا ہے۔	 تاہرالکادری صاحب نے لوگوں کو یرغمال بنا رکھا ہے
common_voice_ur_38420029.mp3	فقیہ شہر کو صوفی نے کر دیا ہے خراب	 فکیہ شہر کو سوفی نے کر دیا ہے خراب
common_voice_ur_31823566.mp3	قبول نہیں کرتا وہ دونوں کو باعزت سمجھتا ہے	 قبول نہیں کرتا وہ دونوں کو با عزت سمجھاتا ہے
common_voice_ur_38458879.mp3	گھر ہمارا جو نہ روتے بھی تو ویراں ہوتا	 گھر ہمارا جو نہ روتے بھی تو ویران ہوتا
common_voice_ur_38459991.mp3	رہا کھٹکا نہ چوری کا‘ دعا دیتا ہوں رہزن کو	 رہا ختکانہ چوری کا دعا دیتا ہوں رہزن کو
common_voice_ur_38499084.mp3	میں اپنی زندگی کو معاونتی اور سلامتی سے گزارتا ہوں۔	 میں اپنی زندگی کو معاونتی اور سلامتی سے گزارتا ہوں
common_voice_ur_31828576.mp3	بچوں جیسی معصومیت کا اظہار کرتی دکھائی دیتی ہے	 بچوں جیسی معصومیت کا اظہار کرتی دکھائی دیتی ہے
common_voice_ur_31829259.mp3	ان کی جد وجہد آئینی یا قانونی نہیں، انقلابی تھی۔	 ان کی جزجہت آینی یا قانونی نہیں انقلابی تھی
common_voice_ur_31999139.mp3	مقررہ قیمتوں سے زائد نرخوں پردودھ بیچنے والے ڈیری فارمرز گرفتار	 مقررہ قیمتوں سے زیاد نرخوں پر دود بیچنے والے ڈری فارمز گرفتار
common_voice_ur_31866576.mp3	فلمی اداکارہ مل کر الیکشن لڑنے کا اعلان کر دیں	 فلمی ادھاکارہ مل کر الیکشن لڑنے کا اعلان کر دیں
common_voice_ur_38443109.mp3	کرتی ہے چمک جن کی ستاروں کو عرق ناک	 کرتی ہے چمک جن کے ستاروں کو ارگناک
common_voice_ur_38499091.mp3	انہیں کے دم سے ہے مے خانۂ فرنگ آباد	 میکھانہ اے فرنگہباد
common_voice_ur_32042938.mp3	شو کے دوران کرن جوہر نے شویتا سے کہا	 شو کے دوران کرن جوہر نیش ویتہ سیپہ
common_voice_ur_31976165.mp3	مریم نواز آزمائش کے پہلے مرحلے میں سرخرو ہوئیں۔	 مریم رواز اصمائش کے پہلے مرحملے میں سن خروح ہوئی
common_voice_ur_31809235.mp3	جس سے کدورت میں اور بھی اضافہ ہوتا ہے	 یہ سے تدورت میں اور بھی اضافہ ہوتا ہے
common_voice_ur_32062698.mp3	مگر ہر صبح ہو روز جزا ایسے نہیں ہوتا	 اگر ہر سباہ تو روز جزا ایسے نہیں ہوتا
common_voice_ur_31943880.mp3	نہ وہ رنگ فصل بہار کا نہ روش وہ ابر بہار کی	 نورمت فضل بحار کا نروش وہ ابر بحار کی ہے
common_voice_ur_31955862.mp3	سے پہلے شکار گاہ کی طرف نکل جاتے ہیں	 سب سے پہلے شکار گاہ کی طرف نکل جاتے ہیں
common_voice_ur_31956513.mp3	پاکستان اسٹاک ایکسچینج ہفتے کے پہلے روز مندی کا رحجان	 پاکستان اسٹاک اکسچنج ہفتے کے پہلے روز مندی کا روجہ
common_voice_ur_32002628.mp3	براہ کرم تاخیر سے آنے پر مجھے معاف کر دیجۓ	 برای کرم تاخیف سے آنے پر مجھے معاف کر دیجئے
common_voice_ur_31975113.mp3	تیرا شکر ادا کروں اور جب تک زندہ رہوں	 تیرا شکر ادا کروں اور جب تک زندہ رہوں
common_voice_ur_32001558.mp3	وہ اکیلے چھوڑ جاتے ہیں میت کو کاندھا تک نہیں دیتے	 سکن وائی ڈگوٹ ملک سو
common_voice_ur_31980867.mp3	سیاست میں جب دینی شعائر کو اشتہار بنایا جاتا ہے۔	 سیاست میں جب دینی شوائر کو اشتہار بنائیا جاتا ہے
common_voice_ur_38466100.mp3	ایک لمبا عمل تھا اور وہ بنو ہاشم کے سردار	 ایک لمبا عمل تھا اور وہ بنو حاشم کے سردار
common_voice_ur_31989249.mp3	سینے پہ ہاتھ ہے نہ نظر کو تلاش بام	 سینوں پہ ہاتھ ہے انہوں نے نظر کو تلاش بھاوں
common_voice_ur_31989712.mp3	اچھی تعلیم زندگی میں بہترین ممکنہ آغاز مہیا کردیتی ہے	 اچھی تعلیم زندگی میں بہترین ممکنہ آغاز محیع کر دیتی ہے
common_voice_ur_31975566.mp3	کہ ان کے اندر سورج کی روشنی پہنچتی رہے	 کہ ان کے اندر سورج کی روشنی پہنچتی رہی
common_voice_ur_38430690.mp3	ہے وطن سے باہر اہلِ دل کی قدر و منزلت	 ہے وطن سے باہر اہلِ دل کی قدر و منزلت
common_voice_ur_38430547.mp3	میں جذبوں سے تخیل کو نرالی وسعتیں دے کر	 میں جس پو سے تخیل کو نرالی وسیدیں دے کر
common_voice_ur_31841072.mp3	عنقریب یہ وبا انشاءاللہ پاکستان سے ختم ہورہی ہے	 انکریب یہ وبا انشاءاللہ پاکستان سے ہتم ہو رہی ہے
common_voice_ur_38469496.mp3	اس اڑتی گرد میں طوفان بننے کے آثار تھے۔	 اس ارتی گرد میں توفان بننے کے آسار تھے
common_voice_ur_38466444.mp3	کھول کے کیا بیاں کروں سر مقام مرگ و عشق	 کھول کے کیا بیان کروں سر مقام مرکو عشق
common_voice_ur_38430575.mp3	علاج کے لئےجڑی بوٹیوں کے استعمال کے بارے میں تفصیلی بحث موجود ہے	 علاج کے لئے جڑی بوٹھیوں کے استعمال کے بارے میں تفصیلی بحث موجود ہے
common_voice_ur_32043346.mp3	ایک عمدہ اور کامل طور پر قابل نظارہ کولمبو مووی ہے	 ایک امدو و کامل طور پر کابل نے سارا کو لمبو میں ہوئی ہے
common_voice_ur_31860645.mp3	پاکستان اسٹیلز ملزملازمین کو تنخواہوں کی عدم ادائیگی پرسندھ ہائی کورٹ کا برہمی کااظہار	 باکستان ملازمین کو تنوخائن کی عدم ادایگی پر سندھ ہائی کوٹ کا برہمی کا ظاہر
common_voice_ur_38456048.mp3	پوچھ بیٹھا ہوں میں تجھ سے ترے کوچے کا پتہ	 پوچھ پیٹھا ہوں میں تجھ سے تیرے پوچھے کا پتہ
common_voice_ur_31895222.mp3	نئی منزلوں تک لے جانے میں کامیابی حاصل کریں	 نئی منزلوں تک لے جانے میں کامیابی حاصل کریں۔
common_voice_ur_41140968.mp3	فیروز خان اور ان کی اہلیہ کے درمیان علیحدگی کی خبریں	 فریوف کھان اور ان کی اہلیہ کے درمیان الیادگی کی خبریں
common_voice_ur_31813762.mp3	سلام ان ڈاکٹرز کو جہنوں نے امت مسلماں کو بچایا	 سلام اُن ڈاکٹرز کو جنہوں نے امت مسلمہ کو بچایا
common_voice_ur_38452212.mp3	دیدہ خوں بار ہے مدت سے‘ ولے آج ندیم!	 دیدہ خون بار ہے مدد سے ولے آج ندین
common_voice_ur_32044905.mp3	دیانتدار قیادت کو مسترد کرنے پر عوام کو کوستے ہیں	 دیاندار کے عادت کو مسترت کرنے پر عوام کو کھوستے ہیں
common_voice_ur_31988297.mp3	ڈاکٹر اس کٹ میں کیسے محسوس کرتے رہیں گے	 دکٹر اس کٹ میں کیسے محسوس کرتے رہیں گے
common_voice_ur_38435950.mp3	یا جان پڑ گئی ہے مہتاب کی کرن میں؟	 یہاں جان پڑ گئی ہے محتاب کی کرن میں
common_voice_ur_38465518.mp3	نہ کر سرگرم اس کافر کو الفت آزمانے میں	 ناکرس اگر ہم اس کافر کو لفظ آزماننے میں ہیں
common_voice_ur_31889018.mp3	سری لنکا کیخلاف کامیابی ٹیم ورک کا نتیجہ ہےاظہر علی	 سری لنکہ کے خلاف کامیاب ٹیم ورک کا نتیجہ ہے اذھر علی
common_voice_ur_41136913.mp3	لوگ مذہبی طبقے کے لئے نرم گوشہ رکھتے تھے	 لوگ مزدہلی تبکے کے لئے نرم گوشا رکھتے ہیں
common_voice_ur_31998911.mp3	اب کے خزاں ایسی ٹھہری وہ سارے زمانے بھول گئے	 اب کے خزان ایسی تحریب وہ سارے زمانے بھول گئے
common_voice_ur_41137027.mp3	لتا منگیشکر کی عمر اس وقت لگ بھگ نّوے سال ہے۔	 لطا منگشکر کی عمر اس وقت لگ بھگ نوے سال ہے
common_voice_ur_41137144.mp3	کوئی بھی طلبہ سکول کے لئیے لیٹ نہیں تھا۔	 کوئی بھی تلبہ سکول کے لئے لیٹ نہیں تھا
common_voice_ur_31983556.mp3	توڑ بوجھ سر پر اٹھائے چلے جا رہے ہیں	 توڑ بوچ سی پر اٹھائے چلے جا رہے ہیں
common_voice_ur_32029261.mp3	بشر کرتے ہیں جو کچھ نیک و بد کام	 بشر کرتے ہیں جو کچھ نیکو بد کام
common_voice_ur_38446841.mp3	مجھے اپنی بانہوں میں سمیٹ اور قابل سجدہ کر دے	 مجھے اپنی باہوں میں سمیٹ اور قابل سجدہ کر دے
common_voice_ur_38427843.mp3	ہوا نہ زور سے اس کے کوئی گریباں چاک	 اپنے زور سے اس کی کوئی گریبہ چکھ
common_voice_ur_38477602.mp3	وہ سرود کیا کہ چھپا ہوا ہو سکوت پردۂ ساز میں	 وہ سرود کیا کہ چھپا ہوا ہو سکوٹ پردائے ساز میں
common_voice_ur_31973830.mp3	دل ہی تو ہے سیاست درباں سے ڈر گیا	 دلی تو ہے سیاہ شرط درواں سے ڈر گیا
common_voice_ur_32038548.mp3	عبداللہ اپنے گھر میں بے چینی سے ٹہل رہا تھا	 عبداللہ اپنے گھر میں بے چینی سے ٹھہل رہا تھا
common_voice_ur_32040134.mp3	جگر اور دل نے اب تک ساتھ دیا ہے۔	 جگر اور دل نہ اب تک ساتھ بیا
common_voice_ur_31951924.mp3	زمین کا کچرا صاف کر دے بڑی بات ھوگی یے	 سمین کے خشرا ساف کرتے
common_voice_ur_31942257.mp3	جو طلب پہ عہد وفا کیا تو وہ آبروئے وفا گئی	 جو طلب پہ اہدے وفا کیا تو وہ آبروے وفا گئی
common_voice_ur_38455838.mp3	ان کے اندر تو گویا دریا امنڈ پڑتے ہیں	 ان کے اندر تو گویا دریہ اومنٹ پڑتے ہیں
common_voice_ur_38467465.mp3	ڈر نالہ ہائے زار سے میرے‘ خدا کو مان	 در نالہ حیزار سے میرے خدا کو مان
common_voice_ur_31941901.mp3	اس کا ایمان ہمارے ایمان سے کہین زیادہ آگے ہو	 اس کا امان ہمارے ایمان سے کہیں زیادہ آگے ہو
common_voice_ur_38462099.mp3	کیا شمع کے نہیں ہیں ہوا خواہ اہلِ بزم؟	 کیا شمک نہیں ہے ہوا خوا اہل بزم
common_voice_ur_38485881.mp3	انہیں کا کام ہے یہ جن کے حوصلے ہیں زیاد	 ان ہی کا کام ہے جن کے حسلے ہیں زیاد
common_voice_ur_41120543.mp3	آج وہ ائیرلائن کہاں اورپی آئی اے کا کیا حشر ہو گیاہے۔	 آج وہ ایر لائن کہاں اور پی آئی کا کیا حشل ہو گیا ہے
common_voice_ur_38458247.mp3	خلیل الرحمن قمرکا ارطغرل غازی جیسا پروجیکٹ بنانے کا اعلان	 خلیل الرحمان قمر کا ارتغل غازی جیسا پروڈیٹ بنانے کا اعلان
common_voice_ur_31837348.mp3	ہم تصویر کو یک رنگی بھی بنا سکتے ہی	 ہم تصویر کو یک رنگی بھی بنا سکتی ہی
common_voice_ur_41122016.mp3	گویا مسلمانوں کے نظم اجتماعی کا اتباع شرعا ضروری ہے۔	 کوئیہ مسلمانوں کے نظم اجتماعی کا اتباق شرن ضروری ہے
common_voice_ur_31890393.mp3	بارسلونا نے اسپینش لالیگا فٹبال کا ٹائٹل جیت لیا	 برسیلونا نے اسپانش لولی کا فٹپول کا ٹائٹل جیت لیا
common_voice_ur_41142362.mp3	یہ سب حلال ہے یہ وہی مدینہ تھا جہاں اسلام	 یہ سب حلال ہے یہ وہی مدینہ تھا جہاں اسلام
common_voice_ur_41163967.mp3	لاہور میں مزید سحری کرنے والوں کی قطاریں لگ گئیں	 لہور میں مزید سہری کرنے والوں کی کتاریں لگ گئیں۔
common_voice_ur_41156733.mp3	سمندر اور ساحل پیاس کی زندہ علامت ہیں	 سمندر اور ساحل پیاس کی زندہ علامت ہیں
common_voice_ur_32019171.mp3	غلام علی ہندوستانی گجرات میں پرفارم کریں گے	 حُلام علی ہندوستانی وجرات میں پرفام کریں گے
common_voice_ur_32017860.mp3	اترے تھے کبھی فیضؔ وہ آئینۂ دل میں	 اُترے تھے کبھی فیض وہ آینہائی دل میں
common_voice_ur_32015355.mp3	سائیں زرداری بھی پہلے یہئ کام کرتا تھا	 سائن سرداری بھی پہلے یہی کام کرتا تھا
common_voice_ur_31962908.mp3	پانچ دریا تو محاورہ ہی رہ گیا ہے۔	 5 دیجار تو مہاورہ ہی رہ گیا ہے
common_voice_ur_41169921.mp3	وہ نور ولایت کہ بڑھا کون و مکاں تک	 من نورو بالیت کے بڑا کونوں مکان تک
common_voice_ur_33853878.mp3	ستارے جن کے نشیمن سے ہیں زیادہ قریب	 ستارے جن کے نشمن سے ہے زیادہ قریب
common_voice_ur_38470578.mp3	ہیں بسکہ جوشِ بادہ سے شیشے اچھل رہے	 اہم بسکو جو شے بادہ سے شیشے اچھل رہے
common_voice_ur_31809625.mp3	تم نے عید کی شاپنگ کر لی ہے؟	 تم نے ایک کی شوپنگ کر لی ہے
common_voice_ur_31809649.mp3	بداعمال لوگوں کو مرنے کے بعد سزا بھگتنی ہوگی	 بدعمان لوگوں کو مرنے کے بعد سزا بھگت نہیں ہوگی
common_voice_ur_38416126.mp3	مرتے ھیں ولے ان کی تمنا نہیں کرتے	 مرتے ہیں والے ان کی تمنا نہیں کرتے
common_voice_ur_31809602.mp3	آرمینیا کی کہانی شاید ویسےہی ہے جیسے پولینڈ کی	 ارمینیا کی کہانی شاید ویسے ہی ہے جیسے پولینڈ کی
common_voice_ur_32044412.mp3	ریکارڈ کی ایجنسی کے طور پر نامزد کِیا	 ریکارڈ کی اجنسی کے طور پر نامضت کیا
common_voice_ur_31852773.mp3	دوسروں پر حاوی ہونے کی کوشش کرتا ہوں	 دوسرے پر حاوے ہونے کی کوشش کرتا ہوں
common_voice_ur_31993777.mp3	عمران عباس انوشکا شرما کے بھائی بنیں گے	 امران اباس اور نشکہ شرما کے بھائی بنیں گے
common_voice_ur_31976447.mp3	سردیوں میں یہ راستہ بالکل بند ہوتا ہے	 سردیوں میں یہ راستہ بلکل بند ہوتا ہے
common_voice_ur_32054957.mp3	عصمت کی طرف بھی اپنا ناپاک ہاتھ بڑھایا	 اس مطبخ کے طرف بھی اپنا نباگ ہاتھ بڑھایا
common_voice_ur_31956846.mp3	امریکہ فامولا الیکٹرک ریس میں جین ایرک بازی لے گئے	 امریکہ فامولہ ایلکٹرک ریز میں چین ایر گرک بازی لے گئے
common_voice_ur_31999109.mp3	سعودیہ کو جھینگوں کی برامد پاکستان مطلوبہ ٹیسٹ کروانے میں ناکام	 سعودیا کو جھنگوں کی برامت پاکستان مطلوبہ تش کروانے میں ناکام
common_voice_ur_31962121.mp3	جاں کا ہر رشتہ وقف سوز و گداز	 جہاں کا ہر رشتہ وقفے سوزو گداز
common_voice_ur_31934411.mp3	مفتیوں اور زاہدوں کا تو یہ کام ہے۔	 مفتیوں اور زائدوں کا تو یہ کام ہے
common_voice_ur_31934439.mp3	جیسے یہ کوئی گلی ڈنڈے کا کھیل ہو۔	 جسے یہ کوئی گلی دمہکہ کیہو
common_voice_ur_31890585.mp3	حامد چند منٹوں میں یہاں پہنچ جائے گا	 یہاں میں چند منٹوں میں یہاں پہنچاگا
common_voice_ur_31977857.mp3	سر میں ٹھیلے پر فالودہ فروخت کرتا ہوں	 سر میں ٹھے لے پر فلودہ فروخت کرتا ہوں
common_voice_ur_31962162.mp3	بھی بھی کوئلہ اور گوبر ہی استعمال ہورہا ہو	 ابھی بھی کوئلا اور گوبر ہی استعمال ہو رہا ہے
common_voice_ur_31837180.mp3	ابتدائی اقدامات میں ایک متوازن یکسمتی حرکت دکھاتا ہے	 ابتداعی قدامات میں ایک متوازن یک سمتی حرکت دکھاتا ہے
common_voice_ur_31825588.mp3	پارک میں پھولوں کا میلہ لگا ہوا تھا	 پارک میں کھولوں کا میرا لگا ہوا تھا
common_voice_ur_31993032.mp3	اس بات سے شاید ہی کوئی انکار کرسکے	 اس بات سے شاید کو انکار کر سکے
common_voice_ur_31827297.mp3	فنون لطیفہ کی اہمیت پر یقین کرتا ہوں	 پنون لطیفہ کے اہمیت پر یقین کرتا ہوں
common_voice_ur_31831371.mp3	جیسے وہ شطرنج کے بورڈ پہ بیٹھے ہوں۔	 جیسے وہ شطرنچ کے بورٹ پہ بیٹھے ہو
common_voice_ur_31978574.mp3	مفتی منیب الرحمن صاحب کی اس وقت دو حیثیتیں ہیں۔	 مفتی مونی بر رہمان صاحب کی اس وقت دو حیثیتیں ہیں
common_voice_ur_38439854.mp3	زمامِ ناقہ کف اُس کے میں ہے کہ اہلِ یقیں	 زمامِ ناکاکف اس کے میں ہے کہ اہلِ یقین
common_voice_ur_30574194.mp3	باکسرمحمد علی کی تدفین پندرہ ہزار ٹکٹ تقسیم	 بوکسر محمد علی کی تدفین 15000 ٹکٹ تقسیم
common_voice_ur_30574184.mp3	ہم ان کی صحت کے لیے دعاگو ہیں۔	 ہم ان کی صحت کے لئے دواگوں ہیں
common_voice_ur_31960422.mp3	انہوںنے ناریل کے چھلکے سے کاربن حاصل کرکے	 انہوں نے ناریل کے چھلکے سے کاربن حاصل کر کے
common_voice_ur_31827059.mp3	نریندر مودی کو ہم نے ہٹلر کہہ دیا۔	 نرندر مو دی کو ہم نے ایٹلر کہہ دیا
common_voice_ur_31837174.mp3	اس ملک میں ان کا ایک حلقہ ہے۔	 اس ملک میں ان کا ایک خلقہ ہے
common_voice_ur_31908981.mp3	پہاڑی جانوروں کے شکار کے لئے بھیس بدل کر	 پہاری جانگروں کے شکار کے لئے بھیس بدل کر
common_voice_ur_38458335.mp3	وگرنہ تاب و تواں‘ بال و پر میں خاک نہیں	 وگرنا تاب و تواب بالوں پر میں خاک نہیں
common_voice_ur_31997628.mp3	شائستہ طنز کو بھی محسوس کیا جاسکتا ہے	 شاہستہ تنس کو بھی محسوس کیا جا سکتا ہے
common_voice_ur_32000926.mp3	زندگی کو ضرورت کی طرح گزارو، خواہش کی طرح نہیں	 زندگی کو ضرورت کی طرح گزارو خواہش کی طرح نہیں
common_voice_ur_31921507.mp3	اس کی ندامت کم گہری اور مختصر تھِی	 اس کی ندامت کم گھیری اور مختصر تھی
common_voice_ur_31957785.mp3	وہ شادی شدہ ہے جبکہ میں کنوارا ہوں	 وہ شادی شدہ ہے جبکہ میں کھوا رہا ہوں
common_voice_ur_38416129.mp3	حسرت نے لا رکھا تری بزم ِخیال میں	 حسرت نے لا رکھا تریب بز میں خیال میں
common_voice_ur_31827248.mp3	میں طوفان میں پھنس گیا ہوں میری مدد کریں	 میں تو فان میں پھز گیا ہوں میری مدد کریں
common_voice_ur_31957772.mp3	یہاں پیمان تسلیم و رضا ایسے نہیں ہوتا	 یہاں پہ مانتسٹی و رضا ایسے نہیں ہوتا
common_voice_ur_31820318.mp3	جہاں نئے کپڑوں اورنئے جوتوں کی بے پنا ہ خوشی تھی۔	 جہاں نئے کپرو اور نئے جھوٹوں کی بے پناہ خوشی تھی
common_voice_ur_38471110.mp3	گرچہ ہے دل کشا بہت حسن فرنگ کی بہار	 گرچہ ہے دلکشاہ بہت ہوسن فرنک کی بہار
common_voice_ur_38483980.mp3	ثواب کی دعاؤں نے گناہ کر دیا مجھے	 سواب کی دعاو نے گناہ کر دیا مجھے
common_voice_ur_38485456.mp3	جانیئے سعید اکبر خان نوانی کیا کہتے ہیں	 جانئے سعید اکبر خان نوانی کیا کہتے ہیں؟
common_voice_ur_31830613.mp3	غیظ و غضب کا ہدف بن جا تا ہے۔	 غیز و غزب کا حدث بن جاتا ہے
common_voice_ur_38431044.mp3	سنا دیا گوش منتظر کو حجاز کی خامشی نے آخر	 سنادیا گوش منتظر کو حجاز کی خامشینے آخر
common_voice_ur_31831680.mp3	"گاؤں جہاں کا قصد تھا ، کا نام ""کلاں"" ہے ۔"	 کون جہا کا قصد تھا کانام کنا ہے
common_voice_ur_31942072.mp3	غالبؔ تمہیں کہو کہ ملے گا جواب کیا	 بولی پر تمہیں کہو کہ ملے کا جواب کیا
common_voice_ur_31942194.mp3	مرے قاتل حساب خوں بہا ایسے نہیں ہوتا	 میرے قاتل حساب ہوں بہت ایسے نہیں ہوتا
common_voice_ur_31941982.mp3	کہیں تو بہر خدا آج ذکر یار چلے	 کہیں تو بہرے خدا آج ذکرے یا چلیں
common_voice_ur_31837110.mp3	جب چوہدری نثار کے گھر پر حملہ ہوا۔	 جب چوڑی نیسار کے گھر پر حملہ ہوا
common_voice_ur_31921589.mp3	اس بزم میں مجھے نہیں بنتی حیا کیے	 اس پزم میں مجھے نہیں بنتی ہے آپ کیے
common_voice_ur_31921601.mp3	تو نے وہ گنج ہائے گراں مایہ کیا کیے	 تو نے وہ کنچھائے گرامہ یہ کیا کیے؟
common_voice_ur_31965925.mp3	ہوتا ہے شب و روز تماشا مرے آگے	 ہوتا ہے شب و روز تماشا میرے آگے
common_voice_ur_32054117.mp3	ہند کو آپکی دعاؤں کی ضرورت ہے بس	 ان کو آپ کی دعاں کی ضرورت ہے بس
common_voice_ur_31960406.mp3	چیزوں میں شرط کا مال لینا جائز ہے۔	 چیزوں میں شرط کا مال لینا جائی ہے
common_voice_ur_31841578.mp3	اس ملک کے وفاداری کے دعوے داروں نے پہنچایا ہے	 اس ملک کے وفاداری کے دعویداروں نے پہنچایا ہے
common_voice_ur_31831656.mp3	ایک متوازن کھیل کا میدان حاصل کرتے ہوے	 ایک متوازن کھیل کا میدان حاصل کرتے ہوئے
common_voice_ur_31837022.mp3	پھر لکشمی چوک میں جا کے پھنس گیا۔	 پھر لکھشمی چوک میں جا کے پھنس گیا
common_voice_ur_31951919.mp3	بس ایک میان میں دو تلواریں نہیں ہوسکتیں	 بس ایک میان میں دزل بارے نہیں ہو سکتی
common_voice_ur_31837055.mp3	سکتی ہے کہ اسے حقیقی مینڈیٹ ملا تھا۔	 سکتی ہے کہ اسے حقیقی منڈیٹ ملا تھا
common_voice_ur_31973421.mp3	سنگیتا بیگم کی فلم ’تم ہی ہو‘ بھی	 سنگیتہ ویگم کی فرم تمہیں ہو بھی
common_voice_ur_31914259.mp3	سونے کے پرانے ڈیزائن کے زیورات کی مانگ کیوں بڑھ گئی	 سونے کے پرانے ریزائن کے زیورات کی مانگ کیوں بڑھ گئی؟
common_voice_ur_31855368.mp3	یہ تھرلر فلمیں دیکھنے کے لیے تیار ہیں	 یہ ثریلر فلمیں دیکھنے کے لئے تیار ہیں
common_voice_ur_31841531.mp3	تگ و دو کے باوجود ووٹ نہ ملے	 تک و دو کے باوجود ووٹ نہ ملے
common_voice_ur_31841532.mp3	بجلی چوری کئے جانے کا اانکشاف ہوا ہے	 بیجری چوری کیا جانے کا انکشاف ہوا ہے
common_voice_ur_31938398.mp3	اس کا رویہ عذر خواہانہ نہ ہو گا۔	 اس کا ربیا اذرقوہانہ نہ ہوگا
common_voice_ur_31973513.mp3	تیل لے لو ، تیل لے لو میرا تیل خالص ھے تیل لے لو تیل لے لو یہ آ	 تیلیلو تیلیلو میرا تیلیلو جوالی سے تیلیلو تیلیلو لولیے
common_voice_ur_31929517.mp3	عروہ اور فرحان برلن میں کیا کررہے ہیں	 اور وہ اور سرحان برلے میں کیا کر رہے ہیں؟
common_voice_ur_31975314.mp3	فطرت کا لفظ خاصہ وسیع مفہوم رکھتا ہے	 فطرت کا لبس خاصہ وصی مفکوم رکھتا ہے
common_voice_ur_31921483.mp3	لوگوں کو خوش آمدیدگی کا احساس دلاتا ہوں	 لوگوں کو خوشامدیت کی فائصہ دے لاتا ہوں
common_voice_ur_31964687.mp3	ہر چارہ گر کو چارہ گری سے گریز تھا	 ہر چارہ گھر کو چارہ گھری سے گریز تھا
common_voice_ur_31959011.mp3	اس موقع پر سیکریٹری پروٹوکول مشاری بھی موجود تھے	 اس موقع پر سیکرٹری پروٹوکول مشاری بھی موجود تھے
common_voice_ur_31952558.mp3	روس کے ملک اشعراء رسول ہمزہ توف کی مارکہ آرا نظم	 حروس کے ملک شرار رسول حمدیٰ مارکہ آنانزم
common_voice_ur_31841521.mp3	بارہویں کھلاڑی کی نفسیات حادثوں کی منتظر رہتی ہے۔	 12 کلاڑی کی نفسیات ہاتھوں کی منتظر رہتی ہے
common_voice_ur_31893646.mp3	کبھی کبھار آپے سے باہر ہو جاتا ہوں	 کبھی کھوار آپ سے باہر ہو جاتا ہوں
common_voice_ur_31832402.mp3	لندن کے فلیٹ پر آسائش تو بہت ہوں۔	 لندن کے فلٹ پر اسائش تو بہت ہوں
common_voice_ur_31832340.mp3	روٹی اور سالن سب ختم ہو چکا ہے۔	 روٹی اور سالن ساپ ختم ہو چکا ہے
common_voice_ur_31917141.mp3	میں ابھی ابھی آیا ہوں، تم رکو کیفے میں آرہا ہوں۔	 ابھی ابھی آیا ہوں تم رکھو کہ میں آ رہا ہوں
common_voice_ur_31985068.mp3	آج ہم ایک عجیب مخمصے میں پھنسے ہیں۔	 آج ہم ایک اجیب مخمسے میں پھنسے ہیں
common_voice_ur_31790572.mp3	طنز یا تضحیک کا شائبہ بھی نہیں ملتا	 تانچ یا تزہیق کا شائبہ بھی نہیں ملتا
common_voice_ur_31836915.mp3	جستجو کی موت بے حسی کا جنم ہے۔	 جس تجو کی موت بے ہیسی کا جنم ہے
common_voice_ur_31836870.mp3	پاکستان اسٹاک ایکس چینج میں تیزی کا رجحان	 پاکستانہ سٹاک ایکسچینج میں تیزی کا دھو جان
common_voice_ur_31790703.mp3	طبیب مریض کی حالت کا جائزہ لیتے ہیں	 طبیب مریس کی حالت کا جائزہ لیتے ہیں
common_voice_ur_31952770.mp3	اس کا حلیہ ہم نے بگاڑ کے رکھ دیا۔	 اس کا ہولیاں ہم نے بگار کے رکھ دیا
common_voice_ur_38418494.mp3	کی چھت پر گھاس کے ساتھ ساتھ مختلف پودے بھی	 کی چد پر گھاز کے ساتھ ساتھ پختلف پودے بھی
common_voice_ur_38445447.mp3	پھر شوق کر رہا ہے خریدار کی طلب	 پھر شوق کر رہا ہے خریدار کی طلب
common_voice_ur_31916600.mp3	سے علوم کا ذخیرہ اس میں منتقل ہو	 سیلوں کزکیرہ اس میں مندقل ہو
common_voice_ur_31953003.mp3	انسان زندگی میں بہت سے لوگوں سے سیکھتا ہے	 انسان دنگی میں بہت سے لوگوں سے سکتا ہے
common_voice_ur_31958625.mp3	کیونکہ اس عمل کے بڑے ٹارگٹ وہی ہیں۔	 کیونکہ یہ سمل کے بڑے تارگیٹ پہ ہی ہیں
common_voice_ur_31895141.mp3	یہ تو ہمارے روز مرہ کی بات ہے	 یہ تو ہمارے روز مرک کی بات ہے
common_voice_ur_31832570.mp3	تو لگ بھگ چالیس گاڑیوں کے جلوس میں۔	 تو لگ بھک چالیس کاریوں کے جلوز میں
common_voice_ur_32040590.mp3	کہ لوگ روحانیت کے لیے قرآن وسنت کے بجائے	 کہ لوگ روحانیت کے لیے قرآن و صندوق کے اوجائے
common_voice_ur_31958388.mp3	تمہارے نام پہ آئیں گے غم گسار چلے	 تمام نام پر آئیں گے غم گزار چلے
common_voice_ur_38469794.mp3	دل کہاں کہ گم کیجے، ہم نے مُدّعا پایا	 دل کہاں کے گم کیجے ہم نے مطاب آیا
common_voice_ur_32031421.mp3	پاکستان کاقیام جدید تاریخ کاایک منفرد واقعہ ہے۔	 پاکستان کا قیام جدی تاریخ کا ایک منفرد واقع ہے
common_voice_ur_31983867.mp3	اجرت فی الوقت ان کی دسترس میں نہیں	 اجرت فی الوقت ان کی دسترس میں نہیں
common_voice_ur_41168034.mp3	قلندر جز دو حرف لا الٰہ کچھ بھی نہیں رکھتا	 قلندر جز و دو حرف لا الہا کچھ بھی نہیں رکھتا
common_voice_ur_38475973.mp3	اک بندہ ء درویش سبھی کچھ سکھا گیا	 ایک بندہ و درویش سبھی کچھ سکھا گیا
common_voice_ur_31990646.mp3	ڈھاکہ میں نواب سیلم خان کی ایک پارٹی	 دھاکہ میں نواب سیلم خان کی ایک پارٹی
common_voice_ur_38435869.mp3	اس خبر پر اظہار مسرت ہی کرنا چاہیے۔	 اس خبر پر اظہار مصرد ہی کرنا چاہیئے
common_voice_ur_31836745.mp3	یہ کوئی نسلی یا لسانی فوج نہیں ہے۔	 یہ کوئی نسلی یا لسانی فوج نہیں ہے
common_voice_ur_31841216.mp3	ان کی چیخ وپکار بہرے کانوں پہ پڑی۔	 ان کی چیخوں پکار بہرے کانوں پہ پڑی
common_voice_ur_41156146.mp3	اس قدر سہل نہ ہو تو مری دشواری پر	 اس قدر سہن نہ ہو تو میری تشواری فرید ہے
common_voice_ur_32023745.mp3	ورلڈ کپ پاک بھارت ٹاکرے کی تاریخ مقرر	 ورنکپ پاک بھارت ڈاکھرے کی تاریخ مقدر
common_voice_ur_32016770.mp3	پھر اسلامی فوج میں بغیر عہدہ کے لڑے	 پھر اسلامی فوج میں بغیر اہدے کے لڑے
common_voice_ur_31841233.mp3	شہر کے سارے معززین کشمیر جا چکے ہیں۔	 شہر کے سارے معززین کشمیر جا جکے ہیں
common_voice_ur_32000717.mp3	ان کے گانوں کی سلیکشن الگ ہوتی ہے۔	 ان کے گانوں کی سلکس سلکشن ہوتی ہے
common_voice_ur_31790747.mp3	جعلی پیر بھی اب کئی طرح کے ہیں۔	 جالی پیپر بھی اب کئی طرح کے ہیں
common_voice_ur_38435842.mp3	پتھر ہی ٹوٹ جائے وہ شیشہ تلاش کر	 پتھر ہی ٹوٹ جائے وہ شیشہ تلاش کر
common_voice_ur_31976431.mp3	یہ مشکل کام وہ کیسے سرانجام دیں گے؟	 یہ مشکل کام وہ کیسے سر انجام دیکھ گئے
common_voice_ur_31916181.mp3	اظہر علی اور اسد شفیق 'بڑے' ہو گئے	 ازہر ایلی اور اصد شفید بڑے ہو گئے
common_voice_ur_31999977.mp3	اری یونیورسٹی انتظام نے بھی متب کیا تھا	 پہلی انوستی انتظام نے بھی متب کیا تھا
common_voice_ur_31985408.mp3	اوربعض اوقات سالوں تک جاری رہ سکتا ہی۔	 اور باز اوقات سالوں تک جاری رہ سکتا ہے
common_voice_ur_32007608.mp3	یہ لوگ اچھے نہیں ہوتے ، لٹیرے اور ڈاکو ہوتے ہیں ۔	 یہ لوگ اچھے نہیں ہوتے جو ٹیرے اور ڈاکو ہوتے ہیں
common_voice_ur_31921844.mp3	تو غیبی راستوں سے کچھ ہو جائے گا۔	 تو غیبی راستوں سے کچھ ہو جائے گا
common_voice_ur_32003959.mp3	وہ تو قاہد اعظم کو بھی نہیں جانتا	 وہ تو قائدی آزن کو بھی نہیں جانتا
common_voice_ur_31874089.mp3	جرمن فارمولا ون ریس میں لوئس ہملٹن بازی لے گئے	 جرمن فرمولہ ون ریس میں لویس ہیملٹن بازی لے گئے
common_voice_ur_31989492.mp3	یہ رنگین بارش کا سماں پیدا کردے گا	 یہ رنگین بارش کا سماہ پیدا کر دے گا
common_voice_ur_31988063.mp3	تمہیں لگتا ہے میں تم سے ڈرتا ہوں؟	 تمہیں لگتا ہے میں تم سے ڈرتا ہوں
common_voice_ur_31849670.mp3	جتنے بے خوف ہم پہلے ہوا کرتے تھے۔	 جتنے بے پاپ ہم پہلی ہی ہوا کرتے تھے
common_voice_ur_31849653.mp3	شیکھر دھون کی طیارے میں شرارتیں سوشل میڈیا پر وائرل	 شکر دھون کی تیارے میں شرارتیں سوشل میڈیاں پر وائرل
common_voice_ur_31849641.mp3	کام کے عوض یہ صدقہ دینا پڑتا ہے۔	 کام کی اویسی صفقہ دینا پڑتا ہے
common_voice_ur_32009952.mp3	کوچ مکی ارتھر کی جون کی صبح لاہور امد متوقع	 کوچ مکی آرثر کی جون کی صبح لہور احمد متوقع
common_voice_ur_32011456.mp3	عمرا ن خان میں بہت سی خوبیاں ہوں۔	 امرار کھان میں بہت سی خوبیوں ہوں
common_voice_ur_32035752.mp3	کوئٹہ میں جوڈو کراٹے ٹورنامنٹ شروع ہو گیا	 کویٹا میں جوڈو کراتے ٹورنومنٹ شروع ہو گیا
common_voice_ur_38455867.mp3	ممبئی بھارت کا تجارتی و تفریحی مرکز ہے	 ہمبائی بھارت کا تجارتی اور تفریحی مرکز ہے
common_voice_ur_31980242.mp3	سرفراز احمد ٹی ٹؤنٹی کے بہترین کپتان ہیں۔	 سرفاز ایمہ ٹی ٹنڈی کے بہترین کپٹن ہیں
common_voice_ur_31894716.mp3	س لیے کہ وہ اپنوں کیخلاف ہی لڑتے	 سین لیے وہ اپنوں کے خلاف ہی لڑتے ہیں
common_voice_ur_31842299.mp3	ایک بہادر جرنیل دوسرے کی قدر جانتا ہے	 ایک بہادر جرنیل دوسرے کی قدر جانتا ہے
common_voice_ur_31920804.mp3	پاکستان سے ٹیسٹ سیریز سٹریلین اسکواڈ سے میکسویل ڈراپ	 پاکستان سے تسیدی اسٹرلین سکورٹ سے میکس میل ڈروپ
common_voice_ur_31920914.mp3	برقعہ پہن کے وہ ایسا کر سکتی ہیں؟	 برکہ پہن کے وہ ایسا کر سکتی ہے
common_voice_ur_32013634.mp3	جب دنیا میں سرد جنگ چھڑی ہوئی تھی۔	 جب دنیا میں سرد جن کھڑی ہوئی تھی
common_voice_ur_31918265.mp3	رکھتا پھروں ہوں خرقہ و سجادہ رہن مے	 رکھتا بھیروں ہوں خرکہ و سجادہ رہن میں
common_voice_ur_31848863.mp3	آسانی سے خواہشات کو مغلوب کر لیتا ہوں	 افرادی سرکاری کو مغلوب کر لیتا ہوں
common_voice_ur_31848866.mp3	جس کلب یا سرائے میں قیام ہوتا ہے۔	 جس قلب یا سرائے میں قیام ہوتا ہے
common_voice_ur_31791864.mp3	کیا یہ صحافی اقدار کی خلاف ورزی نہیں۔	 کیا یہ صحافی اقدار کے خلاف برزی نہیں؟
common_voice_ur_31950102.mp3	نہ ہی اس کا کوئی مؤثر علاج ہے	 نہ ہی اس کا کوئی موصر علاج ہے
common_voice_ur_31950164.mp3	عدالت نے فیصلہ دیا کہ وہ قصوروار ہے	 ادالت نے فیصلہ دیا کہ وہ کسور وار ہے
common_voice_ur_38494857.mp3	خدا کے پاک بندوں کو حکومت میں غلامی میں	 خدا کے پاک بندوں کو حکومت میں غلامی میں
common_voice_ur_38435466.mp3	خودکشی پر اکسانے کے مقدے میں ارنب گوسوامی کی عبوری ضمانت منظور	 خودکشی پر اکسانے کے مقدمے میں ارنب گوثوامی کی عبوری زمانت منظور
common_voice_ur_31998381.mp3	ابھی تو شروع کا سین مکمل ہوا ہے۔	 ابھی در شروع کا سین مکمل ہوا ہے
common_voice_ur_32020493.mp3	تھی کہ ان کمزوریوں کو ہم دور کرتے۔	 ان کمزوریوں کو ہم دور رہے ہیں
common_voice_ur_32029626.mp3	نباتات اگانے ہی کیلئے تیار کی جاتی ہیں	 نباتات اگانے ہی کے لئے تیار کی جاتی ہیں
common_voice_ur_32003728.mp3	اس خواب کو ادھورا ہی رہنے دیا جائے۔	 اس خواب کو ادھورہ ہی رہنے دیا جائے
common_voice_ur_31792242.mp3	لیکن جیس جیس دوڑ گ ، چلتے گ ویس ویس ت دھ گئی	 لیکن جس جس دور گئے چلتے گئے ویس ویس تے دہ گئے
common_voice_ur_31846930.mp3	بلکہ ان میں مزید گہرائی آ جائے گی۔	 بلکہ ان میں مزید گہرائی آ جائے گی
common_voice_ur_38454553.mp3	اس بستی میں کوئی ہوگا جو دوسرے کو پرسادے؟	 اس بستی میں کوئی ہوگا جو دوسرے کو پرسا دے
common_voice_ur_31841007.mp3	نیشا پور سے وزیر سلاجقہ نظام الملک طوسی کے دربار میں پہنچے	 نیشپور سے وزیر سلاج کا نظام الملک توسی کے دربار میں پہنچے
common_voice_ur_31962698.mp3	اب تو اس تاریک کمرے میں صرف میری ہڈیاں ہیں	 اب تو اس تحریک کمرے میں صرف میری ہڑیاں ہیں
common_voice_ur_31974724.mp3	مصر ڈکٹیٹرشپ کی لپیٹ میں پھر سے ہے۔	 مصر دکیٹرشپ کی لپیٹ میں پھر سے ہے
common_voice_ur_31989253.mp3	فتنے کا پہلا ہدف امن ہو تا ہے۔	 سٹنے کا پہلا ہدف آمن ہوتا ہے
common_voice_ur_31846821.mp3	مسرت نذیر کا ویسے ہی نام لے لیا۔	 مسرد نظیر کا نام دے لیا
common_voice_ur_31824300.mp3	آج کے سیاستدان تو مان لیا بڑے نکمّے اورکرپٹ ہیں	 آج کے سرصدان تو مان لیا بڑے نکمے اور کرپٹھ ہیں
common_voice_ur_38414740.mp3	میں ظلمت شب میں لے کے نکلوں گا اپنے درماندہ کارواں کو	 میں ظلمت شب میں لے کے نکلوں گا اپنے درماندہ کروان کو
common_voice_ur_31846716.mp3	جب انقلاب کا بھوت سر پہ سوار تھا۔	 جب انقلاب کا بھوٹ سیر پہ سواہر تھا
common_voice_ur_41150118.mp3	"کیا تمھاری بیوی برطانوی ہے؟ ""وہ برطانوی نہیں، سکاٹش ہے۔"""	 کیا تمہاری بیوی برطانوی ہے؟ وہ برطانوی نہیں، سکارٹش ہے
common_voice_ur_31944504.mp3	وہ سات سال تک ناقابلِ شکست رہا تھا۔	 وہ سات سال تک نقابل شکل رہا تھا
common_voice_ur_32002528.mp3	کسی کو جلا کر مار دیا جاتا ہے	 کسی کو جلا کر مار دیا جاتا ہے
common_voice_ur_32002897.mp3	سابق کپتان مصباح الحق نے یوٹرن لے لیا	 سابق قپطان مجھ باول حک نے یوٹرن لے ہییا
common_voice_ur_31823955.mp3	ڈانس کا عالمی دن اور پاکستان کے ثقافتی رقص	 دانس کا عالمی دن اور پاکستان کے سکاپ تیزکس
common_voice_ur_31840895.mp3	سابق اولمپئن منصوراحمد کا پاکستان میں مکینیکل ہارٹ لگوانے سے انکار	 سابق المپین منصور احمد کا پاکستان میں مکینکل ہارٹ لگانے سے انکار
common_voice_ur_38423977.mp3	ہرن کی پیٹھ پر بیٹھے پرندے کی شرارت سی	 ہیرن کی پیٹ پر بیٹھے پرندے کی شرارت سی
common_voice_ur_31986926.mp3	سڑک کے کنارے پتھروں کا ایک جھرمٹ تھا	 سڑک کے کنارے پتھوں کا ایک جھومت تھا
common_voice_ur_31946492.mp3	ان کے بغیر ہمارے آسمان بہت ویران ہوجاتے	 ان کے منیر ہمارے آسمہ مہران ہوجاتے
common_voice_ur_31792616.mp3	اہلِ ایمان کو اللہ پر توکل کرنا چاہیے	 اہلِ ایمان کو اللہ پر توکل کرنا چاہیے
common_voice_ur_31792567.mp3	بغیر جمہوریت ادھوری ہے اگر حکمران اس کا	 بغیر جمعوریت ادھوری ہے اگر حکمران اس کا
common_voice_ur_31830057.mp3	ضیاء الحق دور میں قوم بٹی ہوئی تھی۔	 جعل حکت طور میں کام بٹی ہوئی تھی
common_voice_ur_31823703.mp3	ٹینس اسٹار ثانیہ مرزا راجیو گاندھی کھیل رتنا ایوارڈکیلئے نامزد	 ٹینس اسٹار سانی امیزہ راجیب گنڈی کھیل دپنا ایوارڈ کے لئے نام ذرد
common_voice_ur_32038566.mp3	حدیبیہ ملز کا کیس ختم نہ کیا جاتا۔	 ادہ بیا ملس کا کیز ختم نہ کیا جاتا
common_voice_ur_32001229.mp3	لہذا پروگرام ٹریڈنگ کے لیے آگے کِیا ہے	 لہذا پرورام ٹریڈنگ کے لئے آگے کیا ہے
common_voice_ur_31829690.mp3	دوسری مثال دوبئی کی دی جا سکتی ہے۔	 دوسری مثال دوبائی کی دی جا سکتی ہے
common_voice_ur_38499225.mp3	دل مرا سوز نہاں سے بے محابا جل گیا	 دل میرا سوزیں نہا سے بے محبا جل گیا
common_voice_ur_38448274.mp3	شور رسوائی دل دیکھ کہ یک نالۂ شوق	 چھوڑ انسوائی دل دے کیا کنادہ چھوڑ
common_voice_ur_32002342.mp3	نواز شریف کی حس مزاح بہت تیز ہے۔	 نواز شریف کی حصے مزاہ بہت تیز ہے
common_voice_ur_38476145.mp3	ہر پارہ سنگ لخت دل کوہ طور تھا	 کھر پارہ سنگھ لکھت دل کو تور تھا
common_voice_ur_31935145.mp3	تھانے کا ایس ایچ او بھی ملوث تھا۔	 آنے کا اسے جو بھی ملوث تھا
common_voice_ur_38486063.mp3	ماہرہ خان قائداعظم زندہ باد میں فہد مصطفی کی ہیروئن	 مہرا خان قائدہ آزم زندہ بعد میں فاہد مستفیٰ کی ہیروین
common_voice_ur_38499026.mp3	وہ پیر ہیں، جاگیر دارہیں اور روایتی سیاست دان ہیں۔	 وہ پیر ہیں جگیدار ہیں اور روایتی سیاستدان ہیں
common_voice_ur_38483866.mp3	جس کے زیادہ تر بال سیا ہ تھے	 جس کے زیادہ تربول سے ہوتے
common_voice_ur_31984764.mp3	جنوبی کوریا میں چھٹے ورلڈ ملٹری گیمز کا اغاز	 جنوبی کوڑیا میں چھٹے ورڈ ملیٹری گیمز کا آغاز
common_voice_ur_31885376.mp3	اقوام متحدہ کے فوڈ ایجنسی کا کہنا ہے	 اقوام متحدہ کے فوڈ ایجنسی کا کہنا ہے
common_voice_ur_31978830.mp3	جتنا ہماری قوم کی جہالت سے ہو گا	 جتنا ہماری قوم کی جہاالت سے ہوگا
common_voice_ur_31980469.mp3	بازار سے ملتی تو ہم سب نپولین ہوتے۔	 بازار سے ملکی تو ہم ساپ نیپویلین ہوتے
common_voice_ur_31792984.mp3	وہاں معاشرے میں ایک خلیج بہت عمیق ہے	 وہاں معاشرے میں ایک خلیج بہت امیگ ہے
common_voice_ur_32031213.mp3	کی کپتانی بھی اظہر علی سے لے کر	 کہ قبطانی بھی ازرہلی سے لے کر
common_voice_ur_31951072.mp3	کورونا کی وبا کی وجہ سے لاک ڈاؤن تھا	 کرونا کی ببا کی وجہ سے لاک ڈاون تھا
common_voice_ur_32009645.mp3	یوں مشروب محض دومنٹوں میں حاصل ہوجاتا ہے۔	 یوں مشہوب میں ایس دو منٹوں میں حاصل ہوتا ہے
common_voice_ur_38474251.mp3	روئیں گے ہم ہزار بار‘ کوئی ہمیں ستائے کیوں؟	 رویں گے ہم ہزار بار کوئی ہمیں ستائے کیوں
common_voice_ur_38478990.mp3	جب بھی حضرت واعظ بولے سب کا جی ہلکان ہوا	 جب بھی حضرت وعیز بولے صاحب کا جی ہنکان ہو
common_voice_ur_31978437.mp3	ڈبے یا بوتل کے نیچے دو بٹن لگے ہیں	 دبے یا بوٹل کے نیچے دو بٹن لگے ہیں
common_voice_ur_31845836.mp3	ہمیں کوئی لی کوآن یو کب نصیب ہوگا؟	 ہمیں کوئی لیقوان لیو کب نصیب ہوگا
common_voice_ur_31835069.mp3	تمہیں اسکی عمر کا لحاظ رکھنا چاہیۓ تھا	 تمہیں اس کی عمر کا لحاظ رکھنا چاہیئے تھا
common_voice_ur_31930870.mp3	لیکن پھر وہی بات، کسی کو کیا پروا؟	 لیکن پھر وہی بات کسی کو کیا پرواہ
common_voice_ur_38478168.mp3	سرفہیم کی آواز پر جماعت میں سکوت چھاگیا	 سرخین کی اواز پر جماعت میں سکوچا گیا
common_voice_ur_31813087.mp3	کے الیکٹرک بجلی کے نقصانات کا ہدف حاصل نہ کرسکی	 کہ ایلیکٹرک بچلی کے نقصانات کا حدث حاصل نہ کر سکی
common_voice_ur_38481993.mp3	رکھتا ہے‘ ضد سے‘ کھینچ کے باہر لگن کے پانو	 رکھتا ہے ذد سے کھینج کے باہر لگن کے پانوں
common_voice_ur_38503281.mp3	لاہور کی کوٹ لکھپت جیل میں ایام اسیری گزاررہے ہیں۔	 لاہور کی کوٹ لکپت چیل میں ایام ایسیری گزار رہے ہیں
common_voice_ur_31926342.mp3	پچھلے اڑتالیس سالہ میں فوج بہت بدلہ چک ہے	 پچھلے 48 سالہ میں فوج بہت بدلا چک ہے
common_voice_ur_32016976.mp3	ریڈیو شو نے ہمیں مشتعل کر دیا مسز وارد کہتی ہے	 ریڈیو شاہو نے ہمیں مشتہل کر دیا۔ مرسیو باری کی پیٹنگ ڈیر
common_voice_ur_31966061.mp3	نئے نرخ یکم جون سے نافذ ہوں گے	 نئے نورک یکم جون سے نافظ ہوں گے
common_voice_ur_38475275.mp3	سنی نہ مصر و فلسطیں میں وہ اذاں میں نے	 سنی نا مصر و فلسطی میں وہ عظام میں نے
common_voice_ur_38465529.mp3	امام خامنہ ای نے تہران میں سپاہ پسداران کے ہزاروں اہلکاروں کے	 امام خامنا اینِ تحران میں سطیفہ پستہ ران کے ہزاروں اہلکاروں کے
common_voice_ur_31967303.mp3	یہ بساط جو ہمارے لیے بچھائی گئی ہے، یہ حقیقت ہے۔	 یہ مساج جو ہمارے لئے بچائی کہی ہے یہ حقیقت ہے
common_voice_ur_31834847.mp3	ہر ایک سے ان کے پرابلم کھڑے ہوگئے۔	 ہر ایک سے ان کے پرابلم کھڑے ہو گئے
common_voice_ur_41142740.mp3	تو یہ منزل کی طرف اگلا قدم ہے۔	 تو یہ منزل کی طرف اگلا قدم ہے
common_voice_ur_31917223.mp3	وہ اپنے بچوں کے کچھ زیادہ ہی لاڈ دیکھتی	 وہ اپنے بچوں کے کچھ زیادہ ہی لڑ دیکھتی
common_voice_ur_38427899.mp3	اس خاک کو اللہ نے بخشے ہیں وہ آنسو	 اس حق کو اللہ نے بخشہ ہے وہ آنسوں
common_voice_ur_32015429.mp3	ی بی سی اردو اور ڈاکٹروں کا شکری	 پی بی سی اردو ڈاکٹروں کا شکریہ
common_voice_ur_31944714.mp3	تھے خاک راہ بھی ہم لوگ قہر طوفاں بھی	 کہ خاک راہ بھی ہم لوگ کہر توفان بھی
common_voice_ur_38488011.mp3	اور گوگل پلے سٹور سے ڈاؤن لوڈ کیا جا سکتا ہے	 اور گوکل پلے سٹور سے ڈاونلوڈ کیا جا سکتا ہے
common_voice_ur_41133197.mp3	محبت کو ہمیشہ مجبوریاں ہی لے ڈوبتی ہیں غالب	 محبت کو ہمیشہ مجبولی ہی لے ڈوٹی ہیں گالب
common_voice_ur_31995569.mp3	نظر اتارنے کے لیے کالا ٹیکا لگاتی ہوں	 میں زورتانے کیلئے کال اٹھے کر لگاتے ہوگا
common_voice_ur_38429083.mp3	اجلاس کے دوران وہ اس کا اینٹلیجنس افسر تھا	 اجلاس کے دوران وہ اس کا انٹلیجنس آفیسر تھا
common_voice_ur_38483987.mp3	لڑتے ہیں اور ہاتھ میں تلوار بھی نہیں	 پڑھتے ہیں اور ہوج میں تلوار بھی نہیں
common_voice_ur_38450042.mp3	سفرِ عشق میں کی ضعف نے راحت طلبی	 سفر عشق میں کی زوف نے راخت تلبی
common_voice_ur_31991013.mp3	بیوروکریسی کی مراعات پر زیادہ وسائل خرچ ہوتے ہیں۔	 بیورک ریسی کی مرات پر زیادہ وسائل کھرچ ہوتے ہیں
common_voice_ur_38431461.mp3	تکلف برطرف‘ تجھ سے تری تصویر بہتر ہے	 تک لف بر طرف تجھ سے تیری تصویر بہتر ہے
common_voice_ur_31834776.mp3	چادر رحمت نے ان غلاموں کو ڈھانپ لیا اور ان کو	 چادر احمد نے ان گلاموں کو ڈھاںپ لیا اور ان کو
common_voice_ur_31973727.mp3	اگر وہ حقانی نیٹ ورک کے نکلتے ہیں۔	 اگر وہ بانی نیٹ پورکے نکلتے ہیں
common_voice_ur_31990400.mp3	ہسپتال میں جاکر ہی کرونا کیوں ہوتا ہے ۔	 ہسپتال میں جا کر ہی کرونا کیوں ہوتا ہے
common_voice_ur_38482779.mp3	واسطے جس شہہ کے غالبؔ گنبد بے در کھلا	 واسطے جی شہ کے غالی پگمبت بے درکلا
common_voice_ur_38465585.mp3	ھے چشم تر میں حسرت دیدار سے نہاں	 ہے چشم تر میں حسد دیدار سے نہا
common_voice_ur_31950915.mp3	بجلی کی تقسیم کار کمپنیوں کے سربراہان عہدوں سے فارغ	 بیجلی تقسیم کار کمپنیوں کے سربراہان احتم سے فارف
common_voice_ur_31972862.mp3	اور تمام شعبہ پر گہر نظر رکھ چاہی	 اور تمام شبہ کو گہر نظر رکھ چاہی
common_voice_ur_38444302.mp3	مت پوچھو اس کا کیا کیا روپ دیکھا ہے	 مت پوچھو اس کا کیا کیا روپ دیکھا ہے
common_voice_ur_31890564.mp3	دبنگ کا تیسرا حصہ بھی سوناکشی کے قبضے میں	 دبانگ کا تیسرا حیثہ بھی سلوچی کے قبضے میں
common_voice_ur_38433707.mp3	اس کو قبول کرنے ہی میں عافیت ہے۔	 اس کو کبول کرنے میں ہی افیت ہے
common_voice_ur_41132845.mp3	آرمینیائی فوج کے کنٹرول میں آ چکا تھا	 آرمنیائی فوج کے کنڈرول میں آج جکا تھا
common_voice_ur_38445987.mp3	دسمبر گریگورین سال کا بارہواں اور آخری مہینہ ہے	 دسمبرگریگورین سال کا باروہ اور آخری مہینہ ہے
common_voice_ur_31946495.mp3	لیکن اب اخبارات سے چڑ ہونے لگی ہے۔	 بہرات سے چھڑھ رہے ہیں
common_voice_ur_38434479.mp3	دوسری جانب انتہا پسند گروہ جیش الاسلام نے	 دوسری جانب اتحاب پسندگروہ جیشول سلام نے
common_voice_ur_38416012.mp3	چپکے چپکے مجھ کو روتے دیکھ پاتا ہے اگر	 چپکے چپکے منس کو رو دے دیکھ پاتا ہے اگر
common_voice_ur_38424535.mp3	پلا دے اوک سے ساقی ، جو ہم سے نفرت ہے	 بلا دے اوکیس سکاتی جو ہم سے نفرت ہے
common_voice_ur_38424136.mp3	منافقت کے شہر میں سزائیں حرف کو ملیں	 منعفقت کے شہر میں سزائے حرف کو ملی
common_voice_ur_38426175.mp3	یعنی ہماری جیب میں اک تار بھی نہیں	 یعنی ہماری جیب میں ایک تار بھی نہیں
common_voice_ur_32050751.mp3	عضلات کی کمزوری کی علامات اچانک ظاہر ہوتی ہیں	 ازلاد کی کمزوری کی علامت اچانک ظاہر ہوتی ہے۔
common_voice_ur_38467381.mp3	مروت حسن عالم گیر ہے مردان غازی کا	 مرود حسن آلمگیر ہے مردان غزی کا
common_voice_ur_38443890.mp3	قدرتی وسائل کا استعمال بروئے کار لایا جاتاہے	 قدرتی وسائل کا استعمال بروئے کار لائے جاتا ہے
common_voice_ur_31938243.mp3	چاہے کچھ بھی ہو میں چھوڑوں گا نہیں	 چاہے کچھ بھی ہو میں چھوڑوں گا نہیں
common_voice_ur_30393477.mp3	تین دہائیوں میں پاکستانی معیشت کا حجم کھرب ڈالرہوجائےگا	 تین دہائیوں میں پاکستانی معیشیت کا حجم کھرب ڈالر ہو جائے گا
common_voice_ur_41138555.mp3	موجودہ حکومت تماشہ زیادہ اور حکومت کم لگتی ہے۔	 موجودہ حکومت تماشہ زیادہ اور حکومت کم لگتی ہے
common_voice_ur_31949024.mp3	یہ شہر اداس اتنا زیادہ تو نہیں تھا	 یہ شہر اداس اتنا زیادہ تو نہیں تھا
common_voice_ur_38473139.mp3	غم اُس کو حسرتِ پروانہ کا ہے اے شعلہ	 فامسکو حسرتِ پرواز کا ہے اے شولہ
common_voice_ur_31812936.mp3	سے سرینگر ہائی وے کو راولپنڈی اور اسلام آباد	 سے سرینگر ہائی ویک اور آولپنڈی اور اسلامہ باد
common_voice_ur_38449944.mp3	کاوش کا، دل کرے ہے تقاضا کہ ہے ہنوز	 کعوش کا دل کرے ہے تقازہ کہ ہے ہنوز
common_voice_ur_31929217.mp3	پہلے دن سے حریف یہ ساس کون ہے؟	 پہلے دن سے حریف یہ ساس کون ہے؟
common_voice_ur_31951476.mp3	رونا ہے کہ کتنی شامیں ویران رہتی ہیں۔	 رونا ہے کہ کتنی شاموں ویران رہتی ہیں
common_voice_ur_31943649.mp3	قفس اداس ہے یارو صبا سے کچھ تو کہو	 ایرانی ایرانی
common_voice_ur_38452447.mp3	وہ سجدہ روح زمیں جس سے کانپ جاتی تھی	 وہ سجدہِ روح زمین جس سے کامپ جاتی تھی
common_voice_ur_38452498.mp3	نئے مقدس مقامات بنا لینا بھی درست نہیں	 نئے مقدس مقامات بنالینا بھی درست نہیں ہے۔
common_voice_ur_31970847.mp3	اوریہ وہ جو اتا ترک ترکی میں لایا۔	 اور یہ وہ جو اطا ترقی میں لیا
common_voice_ur_38440525.mp3	یہ لاش بے کفن اسدؔ خستہ جاں کی ہے	 یہ لاش بے کفن اصد خستہ جان کی ہے
common_voice_ur_41168170.mp3	انھیں ترکی کی جانب سے جنگی نوعیت کے اشارے	 مینی ترکی کی جانف سے چنگی نوحیت کے اشارہ
common_voice_ur_30580656.mp3	افریدی کوبخار زیادہ نہیں خود ارام کا مشورہ دیا ہیڈکوچ	 افریدی کو بخار زیادہ نہیں، خودہرام کا مشورہ دیا، ہیڈ کوچ
common_voice_ur_38495488.mp3	جلے ہے ، دیکھ کے بالینِ یار پر مجھ کو	 جلے ہیں دیکھ کے بالینے یار پر مجھ کو
common_voice_ur_32038077.mp3	چنانچہ ان میں صالحین بھی موجود ہیں	 چنانچہ ان میں سالحین بھی موجود ہیں
common_voice_ur_32029452.mp3	اپنے آپ کے ساتھ پرسکون رہتا ہوں	 اپنے آپ کے ساتھ پروسکین رہتا ہوں
common_voice_ur_32017657.mp3	ابھی تک یہ فارمولہ کارگر ثابت ہوا	 ابھی تاکہ یہ فرمولہ کرگر ثابت ہوا
common_voice_ur_32008760.mp3	دل کو لہو کریں یا گریباں رفو کریں	 دل کو لہو کریں یا گربان رفو کریں
common_voice_ur_32006749.mp3	خاص طورپہ معاشی صورتحال کی وجہ سے۔	 خاص طور پر معاشی صورتحال کی وجہ سے
common_voice_ur_32006837.mp3	اللہ پاک آپ کے درجات بلند کرے	 اللہ فکر آپ کے درجات تعلیم کرے
common_voice_ur_31814533.mp3	صدر مقام یروشلم کو کہا جاتا ہے	 صدر مقام یروسلم کو کہا جاتا ہے
common_voice_ur_31814146.mp3	ادھر آؤ، یہ صفیہ بنت حیی ہیں	 ادھر آؤ یہ سفیہ بنتہ ہائی ہیں
common_voice_ur_31814125.mp3	وہ بیچارے غریب اور کمزور آدمی تھے۔	 وہ بچارے گریب اور کمزور آدمی تھے
common_voice_ur_38484030.mp3	اس کی شکل پر بلا اطمینان تھا۔	 اس کی شکل پر بلا اتمنان تھا
common_voice_ur_38416238.mp3	دل سے تنگ آکے جگر یاد آیا	 دل سے تن آکے جگہ ریاد آیا
common_voice_ur_31809546.mp3	پہلا سبب ان کا ترقی کاماڈل ہے۔	 پہلا سبب ان کا ترقی کا موڈل ہے
common_voice_ur_31809675.mp3	یہ صحیح ہے کہ یہ شیطانی قوتوں کی شیطانی ہے	 یہ صحیح ہے کہ یہ شیطانی قوتوں کی شیطانی ہے
common_voice_ur_32055909.mp3	کاش تمام پاکستانی اس کو سیرس لیے	 کاش تمام پاکستانی اسکو سلی ایریس لے
common_voice_ur_31971793.mp3	کوریا کے رہنما غربت میں نہیں رہتے۔	 پھر ایک ہے نا ماغے پھر میں نہیں رہتا
common_voice_ur_31968496.mp3	مجھے کچھ ایسی کشش محسوس نہیں ہوتی۔	 مجھے کچھ ایسی کشش محسوس نہیں ہوتی
common_voice_ur_31968526.mp3	بصری معذوریوں کا شکار صارفین کی مدد	 بصری معظوریوں کا شکار سارفین کی مدد
common_voice_ur_31971974.mp3	وہ اقتدار کی سیاست سے لاتعلق ہے۔	 پکتنیار کی سینسو سے لا تعلق ہے
common_voice_ur_32043758.mp3	ہاں عورتیں مردوں ہی کی طرح ہیں	 ہاں اور تم مردوں ہی کی طرح ہے
common_voice_ur_31968682.mp3	بندوق کے زور پر میرا استعفیٰ لینے	 بندوق کے زور پر میرا اسصفہ لینے
common_voice_ur_31929131.mp3	پیغمبر اسے عبادت کے آداب سکھاتے ہیں۔	 پیغمبر اسے عبادت کے عداب سکھاتے ہیں
common_voice_ur_31928230.mp3	حافظے کی کمزوری ہمیشہ لاحق رہی ہے۔	 حابزے کی کمزوری ہمیشہ لاحق رہتی ہے
common_voice_ur_31928259.mp3	یہ مسئلہ بھی سپریم کورٹ نے کھنگالا۔	 یہ مسئلہ بھی سپرین پورٹ نے گنگالہ
common_voice_ur_31809513.mp3	علامات کو نظرانداز کر کے چھٹائی کریں	 علامات کو نظر داز کر کے چھٹائی کریں
common_voice_ur_31891165.mp3	ان کے بقول معمر رانا فلم انڈسٹری	 ان کے بکول مامر رانہ فلم اندسٹری
common_voice_ur_31943626.mp3	پیالے میں ایک چمچ پانی کے ساتھ ایک لیموں کا رس نچوڑیں	 یالے میں ایک چمچ پانی کے ساتھ ایک لیمو کا رس نچورے
common_voice_ur_38452364.mp3	پیدا نہیں ہے اصلِ تگ و تازِ جستجو	 پیدا نہیں ہے اصلِ تگو تازید جس تجو
common_voice_ur_31892585.mp3	"مریض ڈاکٹر کے لیے ایک ""کلائنٹ"" ہے۔"	 مریض ڈاکٹر کے لئے ایک ڈاکٹر ہے
common_voice_ur_31978941.mp3	یہ بہت سے اجزاء کا مجموعہ ہے۔	 یہ بہت سے اجراح کا مجموع ہے
common_voice_ur_31967081.mp3	، مزاج اور شوق بھی امیروں جیسے تھے۔	 مزاج اور شوق بھی امیروں جیسے تھے
common_voice_ur_31966361.mp3	شردہا کپور ولن بننے کی خواہش مند	 شردہ کپور، ورن بناکی خواہش مند
common_voice_ur_31833903.mp3	یعنی فوجی دباؤ کے نتیجے میں نہیں۔	 یعنی فوجی تپاؤں کے نتیجے میں نہیں
common_voice_ur_31833906.mp3	نصیرالدین شاہ کو کامیاب لوگ پسند نہیں	 نصیر دین شاہ کو کامیاب لوگ پسند نہیں
common_voice_ur_38446607.mp3	گو نہ سمجھوں اس کی باتیں گو نہ پاؤں اس کا بھید	 گونا سمجھوں اسکی باتیں گونا پاں اسکا دید
common_voice_ur_31927324.mp3	وہ سلمان ڈیمرل سے انٹرویو کرتے ہیں۔	 جو سلمان دیمارن سینٹر کی کلک کرتے ہیں
common_voice_ur_31981496.mp3	جنہوں نے آگے آکریہ نیک کام نبھایا۔	 جنہوں نے آگے اگر یہ نیک کام نبھایا
common_voice_ur_31833945.mp3	بزرگ بچوں کو بربری وحشی کہتے ہیں	 بزرگ بچوں کو برپری وحشی کہتے ہیں
common_voice_ur_38442762.mp3	وہ بندے فقر تھا جن کا ہلاک قیصر و کسریٰ	 وہ بندے فکر تھا جن کا ہلاک کیسر اور کسرا
common_voice_ur_31828088.mp3	پولیس نے چور کو رنگے ہاتھوں پکڑا	 مولیس نے چھوڑ کو رنگے ہاتھوں پکڑا
common_voice_ur_31902905.mp3	لیبیا میں انتشار پیدا کیا جاتا ہے۔	 میبیا میں ان تشہیر پیدا کیا جاتا ہے
common_voice_ur_31834096.mp3	تو ہمارے لئے یہ لمحہ فکریہ ہے۔	 ہمارے لیے یہ نمہ فگریہ ہے
common_voice_ur_31833917.mp3	جنرل اشفاق ندیم ریٹائر ہو چکے ہیں۔	 جنرل اسفاق ندیم ڈرٹائر ہو چکو ہیں
common_voice_ur_31833833.mp3	"مبنی کتاب ''ملاقاتیں کیا کیا"" پڑھ رہا ہوں۔"	 ممنی کتاب ملکاتیں کیا کیا پڑھ رہا ہوں
common_voice_ur_31828945.mp3	وہ شخصیات کو بھی اگر پرکھتے ہیں۔	 وہ شخصیات کو بھی اگر پرکتے ہیں
common_voice_ur_31833699.mp3	جسے ہمت اور استقامت میسر ہوتی ہے۔	 جسے ہمت اور استقامت میں اثر ہوتی ہے
common_voice_ur_31964385.mp3	جنہوں نے اپنا سا بقہ پیشہ اختیارکیا	 جنہوں نے اپنا ساب کا پیشہ اختیار کیا
common_voice_ur_31833737.mp3	آج کرکٹ کا ٹورنمنٹ ہو رہا ہے	 آج کرکٹ کا ٹورنیمنٹ ہورہا ہے
common_voice_ur_31833740.mp3	میں اپنی زندگی ایسے نہیں گزارنا چاہتا۔	 میں اپنی زندگی ایسے نہیں بزارنا چاہتا ہوں
common_voice_ur_31902473.mp3	تیموری سلطنت تب اپنے عروج کو پہنچی۔	 جیسے مجھے سلطنت تب اپنے ورد کو جا پوچیں
common_voice_ur_31809189.mp3	وہ تو لگتاہے مکمل طورپہ ختم ہوچکی۔	 وہ تو لگتا ہے مکمل طور پر ختم ہو چکی
common_voice_ur_38420183.mp3	کس کو سناؤں حسرت اظہار کا گلہ	 کس کو سناؤ ہسرت ازار کا کلا
common_voice_ur_38479799.mp3	ایگری آپ صحیح کہہ رہے ہو بھائی	 اگری آپ صحیح کہہ رہے ہو بھائی
common_voice_ur_31962393.mp3	اللہ بڑا ہی بخشنے والا مہربان ہے	 اللہ بڑا ہی بخشنے والا محربان ہے
common_voice_ur_31809350.mp3	تعمیرِ وطن کے لیے سر جوڑ کے بیٹھو	 تعمیر وطن کیلئے سر جوڑ کے بیٹھو
common_voice_ur_38428327.mp3	جب لوگ سچے اور مکان کچے تھے	 جب لوگ سچے اور مکان کچے تھے
common_voice_ur_32038880.mp3	تاکہ گھوڑا صرف سامنے ہی دیکھ سکے۔	 تاکہ کھوڑا صرف سامنے ہی دیکھ سکے
common_voice_ur_38432691.mp3	ترا خرابہ فرشتے نہ کر سکے آباد	 تیرا خرابہ فرشتہ نہ کرشکے عباد
common_voice_ur_31964182.mp3	وہ اسے سماجی رشتوں تک پھیلادیتا ہے۔	 وہ اسے سمجھی رشتوں تک پھیلہ دیتا ہے
common_voice_ur_31834294.mp3	اب تو ہم با قاعدہ سینئر سٹیزن ہیں۔	 اب تو ہم باقایدہ سینئر سٹیزنز ہیں
common_voice_ur_31863681.mp3	اعصاب مجتمع رکھنا بہت دشوار ہو گا۔	 اسام مجتمہ رکھنا بہت دشوار ہو گیا
common_voice_ur_31863682.mp3	آسان راستے پکڑنا کوئی ہم سے سیکھے۔	 آسان راستہ پکڑنا کو ہم سے سیکھیں
common_voice_ur_31978363.mp3	پرند کرنا ہَر جگہ موجودگی اور رنگنا رنگنا	 پرند کرنا ہر جگہ موجود کی اور رنگنا رنگنا
common_voice_ur_31878171.mp3	پتلی جیبوں والوں کے مسائل الگ ہیں۔	 پتلی جیبوں والوں کے مسائل الگ ہیں
common_voice_ur_31992469.mp3	انگریزوں کی اگر مخاصمت کسی سے تھی۔	 انگریزوں کی اگر محاصمت کسی سے تھی
common_voice_ur_31936750.mp3	وہ لاہور کا اورنج ٹرین منصوبہ ہے۔	 بول ہور کاریں شین میں خوبہ ہور
common_voice_ur_31982996.mp3	کچھ عرصے بعد ٹرانسفر بھی ہو گئی۔	 کچھ عرصے بعد ترانس فر بھی ہو گئی
common_voice_ur_31982602.mp3	مس یونیورس کا اعزاز فرانس کے نام	 مرسیانی ورسکہ ازارت فرانسک نام
common_voice_ur_31809186.mp3	اس نے دنیا کو متحد کیا ہے	 اس نے دنیا کو متحد کیا ہے
common_voice_ur_31998615.mp3	کالی کافی اور سگاروں پہ گزارا کرتے۔	 کالی سافی اور سگاروں کا گزارہ کرتے ہیں
common_voice_ur_31952539.mp3	گاڑیاں ختم ہونے کا نام نہیں لیتیں۔	 گاریاں ختم ہونے کا نام نہیں دیتی
common_voice_ur_38438187.mp3	کھلا‘ کہ فائدہ عرضِ ہنر میں خاک نہیں	 خلا کی فائدے عرضہ حنر میں حاک نہیں
common_voice_ur_31928686.mp3	گوادر کا علاقہ عمان سے خریدا گیا تھا۔	 جو آدھر کا علاقہ اہمان سے خریدہ گئے
common_voice_ur_31933266.mp3	معاویہ ابوسفیان بن حرب کے بیٹے تھے	 مہاوی ابو خفیان بن حرب کے بیٹے تھے
common_voice_ur_31934326.mp3	بسری باتیں مجھے یاد آ رہی ہیں۔	 بسری باتیں مجھے لات آ رہی ہیں
common_voice_ur_31928625.mp3	حیرانی صرف پٹواری صاحب کی نہ تھی۔	 ایرانی صرف پٹواری صاحب کی ناثی
common_voice_ur_31854966.mp3	قوائد کی پیروی کرنے کی کوشش کرتا ہوں	 قواید کے پیروی کرنے کی کوشش کرتا ہوں
common_voice_ur_31941721.mp3	چلے بھی آؤ کہ گلشن کا کاروبار چلے	 چلے بھی آو کے گویشن کا کاروپار چلے
common_voice_ur_38449655.mp3	بے نیازی حد سے گزری بندہ پرور، کب تلک	 بے نے آج ہاتھ سے گزری پنتا پر پر کب تلت
common_voice_ur_32026599.mp3	لیکن فضول کی تمنائیں اب نہیں رہیں۔	 لیکن فزول کی زمانائے اب نہیں رہی
common_voice_ur_31952564.mp3	یہ کسی خلا میں پیدا نہیں ہوئے۔	 یہ کسی خلا میں پیدا نہیں ہوئے
common_voice_ur_31953028.mp3	دنیا کے پستہ ترین قد کا ریکارڈ	 دنیا کے پستہ تنین قد کا ریکارڈ
common_voice_ur_31953060.mp3	میں برتن دھونے والی ٹیم میں شامل تھا ۔	 میں بہت ترین دونے والی ٹیم میں شامل تھا
common_voice_ur_31953137.mp3	کرپشن کے الزامات میں آپ گھرے ہوں۔	 کرپشن کے انظمات میں آپ گھرے ہوئے
common_voice_ur_31935707.mp3	اس کی بنیادیں یونان میں رکھی گئیں۔	 دس کی بنیاد دیس یونان میں رکھی گئیں
common_voice_ur_31941446.mp3	بجلی کے تاروں میں پھنس گیا ہے	 اچھلی کی تاروں میں پھر سکے گئے
common_voice_ur_38442715.mp3	مدت سے ہے آوارۂ افلاک مرا فکر	 مدد سے ہے آوارِ افلاد میرا فکر
common_voice_ur_31847458.mp3	وہ بے بسی کی ایک تصویر ہیں۔	 وہ بے بسی کی ایک اسبیر ہے
common_voice_ur_31847412.mp3	شاہد کپور فلم ’کبیر سنگھ‘ کی شوٹنگ	 شاید قبل فلم کبیر سنگھ کی شوٹن
common_voice_ur_31980535.mp3	پیر صاحب نے دوگھر بنا رکھے ہیں۔	 پیر صاحب نے دو گھل بنا رکھے ہیں
common_voice_ur_31974640.mp3	جب تک ان کے ایکسپائر ہوجانے والے	 جب تک ان کی ایکسپائر ہو جانے والے
common_voice_ur_31995358.mp3	دیکھ آئیں چلو کوئے نگاراں کا خرابہ	 دیکھ آئے چلو کوئی نگارہ کا خرابہ
common_voice_ur_31969173.mp3	میں تجسس بر قرار رکھنا چاہتا ہوں۔	 میں تو جس اس پر پر آرکھنا چاہتا ہوں
common_voice_ur_31955722.mp3	بس پانچھ سے دس منٹ لگئیں گے۔	 بس پانچ سے دس منٹ نگیں گے
common_voice_ur_31974392.mp3	اس بارے کوئی کسر نہ اٹھائی جاتی۔	 اس بارے کوئی کسر نہ اٹھائی جاتی
common_voice_ur_31971676.mp3	اورایک نئے دور کا آغاز ہو رہاہے۔	 اور ایک نئی دور کا آغاز ہو رہا ہے
common_voice_ur_31846812.mp3	سکھوں یا دیگر مذاہب کی شادیاں ہوں۔	 سیکھو ہاں یہ دیگر مزائی پکشا دیاں
common_voice_ur_31834682.mp3	جنرل ضیاء الحق کو سیاست کون سکھاتا۔	 جنرل زیا والحق والسیاست کون سکھاتا؟
common_voice_ur_31846537.mp3	یہ کتاب واقعی جھنجھوڑ دینے والی ہے۔	 یہ کتابہ کی چنجور دینے والی ہے
common_voice_ur_31989687.mp3	ہمارا جھکائو امریکہ کی طرف ہو گیا۔	 ہمارا جھکاو امریکہ کی طرف ہو گیا
common_voice_ur_38431313.mp3	اک گھر میں مختصر بیاباں ضرور تھا	 ایک گھر میں مختصر بیعواہ ضرور تھا
common_voice_ur_32019212.mp3	ہم کن اندھیروں میں پھنسے ہوئے ہیں۔	 ہم کن اندھیلوں میں پھسے ہوئے ہیں
common_voice_ur_31995788.mp3	ریمنڈ ڈیوس کا قصہ ہمیں یاد نہیں؟	 لمن ڈیوز کا قصہ ہمیں یاد نہیں
common_voice_ur_31995644.mp3	اتنی اخلاقی جرات ہوتی تو یہ کہانیاں	 اتنی خلاکہ جرد ہوتی تو یہ کہانیا
common_voice_ur_38431527.mp3	عزت دل میں ہونی چاہئے لفظوں میں نہیں۔ ناراضگی لفظوں میں ہونی چاہئے دل میں نہیں	 عزت دل میں ہونی چاہیے لفظوں میں نہیں ناراضگی لفظوں میں ہونی چاہیے دل میں نہیں
common_voice_ur_31914920.mp3	ایمیزون کے جنگلات نذرِ آتش ہو رہے ہیں۔	 ایمازون کی جنگلات نظر آتی شہ ہوئی ہے
common_voice_ur_38484608.mp3	نہ شعلہ میں یہ کرشمہ نہ برق میں یہ ادا	 نا شولہ میں یہ کریشمہ نا بورک میں یہ ادا
common_voice_ur_31983397.mp3	ہمت ہے تو ایسا کر کے دکھاؤ	 حمد ہے تو ایسا کر کے دکھاؤ
common_voice_ur_31985354.mp3	مسلم سماج کی اساسی ترکیب روایتی ہے۔	 مسلم سماج کی اساسی ترقیب روایتی ہے
common_voice_ur_38413917.mp3	دکھلا کے اس کو آئینہ توڑا کرے کوئی	 دکھلا کہ اس کو آئینا تھوڑا کرے کوئی
common_voice_ur_38410363.mp3	رقی پسند اور پرامید سوچ کی جھلک تھی	 رو کی پسند اور پر امید سوچ کی جلد تھی
common_voice_ur_38503262.mp3	کارگل کا محاذ تو اب کھلنا چاہیے۔	 کارکل کا محاسطہ اب کھولنا چاہیے
common_voice_ur_38503091.mp3	امریکی مالز میں پاکستانی موجود گورے ڈرپوک نکلے حرا مانی	 امریکی مالز میں پاکستانی موجود کورید ڈربھوکنے کے لئے ہرا مانی
common_voice_ur_32033348.mp3	ان کی نااہلی کا ڈھنڈورا ظاہر ہے۔	 ان کی ناہلے کا ڈھونڈورہ ظاہر ہے
common_voice_ur_31793363.mp3	اور پورے کنبے کے لئے محفوظ تھی	 اور پورے کنبے کیلئے میں فوز تھیں
common_voice_ur_38453124.mp3	جنبشِ موجِ صبا‘ ہے شوخیِ رفتارِ باغ	 جن بشے موجے سباہے شوخی رفتارے باہ
common_voice_ur_31813549.mp3	عراق میں پر تشدد مظاہرے ہوئے ہیں۔	 اراک میں پہت شدد مظاہرے ہوئے ہیں
common_voice_ur_38476777.mp3	کیا سینے میں جس نے خونچکاں‘ مژگانِ سوزن کو	 کیا سینے میں جس نے ہونکچا مصر گانے سوزن کو
common_voice_ur_31966959.mp3	کبھی کبھار ہی خیالی پلاو بناتا ہوں	 کبھی کباہ ہی خیالی پلاؤ بناتا ہوں
common_voice_ur_38422228.mp3	گرچہ ہوں دیوانہ پر کیوں دوست کا کھاؤں فریب	 اگر چاہوں دیوانہ پر کیوں دوست کا کھاؤں فرید
common_voice_ur_38421202.mp3	اے جوشِ عشق! بادۂ مرد آزما مجھے	 اہ جو شی عشق بادہ اے مرد عزمہ مجھے
common_voice_ur_31793156.mp3	متعدی بیماری کی طرح پھیل گئی ہے	 متعدی بیماری کی طرح پھیل گئی ہے
common_voice_ur_32036959.mp3	آئیے ان پر ایک نگاہ ڈالتے ہیں۔	 آئیے ان پر ایک نگار ڈالتے ہیں
common_voice_ur_31845882.mp3	جب صحیح آدمیوں کو ذمہ داری سونپیں۔	 جب سے یہ آدمیوں کو ذمہ داری سوپیں
common_voice_ur_31845799.mp3	نوازشریف انسانی خرابیوں سے منزہ نہیں ہیں۔	 نواز شریف انسانی کو رابیوں سے منزا نہیں ہے
common_voice_ur_38473866.mp3	اس تمام تر سرگرمی میں ایک ربط ہے۔	 اس تمام ترسر گرمی میں ایک ربط ہے
common_voice_ur_31793225.mp3	اٹھانا چاہ رہے ہیں شاہد خان آفریدی	 اُتھانا چھا رہے ہیں شاید خانف ریدی
common_voice_ur_31792871.mp3	جاپانی صنعتی کمپنیوں کو بہتر سمجھنا چاہِیے	 جبانی سنتی کمپنیوں کو بہتر سمجھنا چاہیئے
common_voice_ur_31980305.mp3	حروف کے تئیں حساس کی چھٹائی کریں	 حروف کہتے ہیں ہساز کی چھٹائی کریں
common_voice_ur_38422442.mp3	کیا ہے اس نے فقیروں کو وارث پرویز	 کیا ہے اس نے فکیروں کو وار سے پرویز
common_voice_ur_31828376.mp3	باتوں کا لیول کچھ اونچا ہونا چاہیے۔	 باتوں کا لیول کچھ اونچا ہونا چاہیے
common_voice_ur_38422462.mp3	ہوا ہے تارِ اشکِ یاس‘ رشتہ‘ چشمِ سوزن میں	 ہوا ہے تار عشقی یاس رشتہ چشمی سوزن میں
common_voice_ur_38499170.mp3	باقیات ملک کو بہ مطابق دستور چکناچور کردیا جائے	 باقیات ملک کو بے متابق دستور شکنا چور کر دیا جائے
common_voice_ur_32007918.mp3	تو ان کا اپنا سیاسی ورثہ تھا۔	 تو ان کا اپنا سیاسی ویژسا تھا
common_voice_ur_31930815.mp3	خالی پیٹ میرے دماغ کی بتی نہیں جلتی	 خالی پیٹ میں از مانٹی بکھی نہیں چلتی ہے
common_voice_ur_31829844.mp3	شخصیت یا پرسنیلٹی خدا داد چیز ہے۔	 شخصیت یا پرسنالیٹی خودہ داد چیز ہے
common_voice_ur_31926603.mp3	اپنی قمیض پینٹ کے اندر کر لو	 اپنی کمیز پنٹ کے اندر کر لو
common_voice_ur_31978971.mp3	کاروباری لوگ بھی بڑے چالاک ہوتے ہیں۔	 کاروباری لوگ بھی بڑے چلاک ہوتے ہیں
common_voice_ur_31835442.mp3	چہرے چھوڑیں کوئی نئے افکار تو ہوں۔	 چہرے چھونے کوئی نہیں افکار تو ہوں
common_voice_ur_31835427.mp3	پڑوس میں افغانستان کو ہی دیکھ لیں۔	 پڑھوں میں افغانستان کو ہی دیکھ لیں
common_voice_ur_41160780.mp3	اس ملک پہ کوئی آسمان نہیں ٹوٹا۔	 اس وقت پہ کوئی آسمان نہیں پڑا
common_voice_ur_32001079.mp3	بھولے سے اس نے سیکڑوں وعدے وفا کیے	 بھولے سے اس نے سیکڑوں وادے وفا کیے
common_voice_ur_31994110.mp3	کیونکہ اس کی بھی بڑھوتری زیادہ ہے۔	 پھر وزیر قانون نے یہ خرارتہ پیش کی
common_voice_ur_31911887.mp3	شامیں اسلام آباد میں گزارنا پڑتی ہیں۔	 شامی اکناما بعد میں بتانا پڑتی ہے
common_voice_ur_38457200.mp3	کہیں اس مباحثے میں نہ ہو بندگی قضا	 کہیں اس مواحسے میں نہ ہو بندگی قضا
common_voice_ur_38425802.mp3	آنکھوں میں نیند کا خمار جوں کا توں تھا	 آنکھوں میں نیند کخمار جونکہ دون تھا
common_voice_ur_38425362.mp3	جانتا ہے کہ‘ ہمیں طاقتِ فریاد نہیں	 جانتا ہے کہ ہمیں طاقت فریاد نہیں
common_voice_ur_31835489.mp3	اس سے ماحولیاتی تحفظ میں مددملے گی ۔	 اس سے محولیاتی تحفظ میں مدد ملے گا
common_voice_ur_31974631.mp3	دل کھٹکا کہ پورے نہ آسکیں گے ۔	 دل کھٹکا کے پورے نہ آ سکیں گے
common_voice_ur_31792166.mp3	ارے بھئی جب ہم سانس باہر نکالتے ہیں	 ای بھائی جب ہم سانس بھائی نکالتے ہیں
common_voice_ur_31892475.mp3	ہمسایوں سے پر امن زندگی بسر کریں	 ہم سائے سے پور امن دنگی برسر کریں
common_voice_ur_31892690.mp3	کیسی تاویلیں دینا شروع ہو گئے ہیں۔	 کیسے تولی دینا شروع ہو گئے ہیں؟
common_voice_ur_38476960.mp3	نہ آئی سطوت قاتل بھی مانع میرے نالوں کو	 نا آئے ستود قاتل بھی منہ میرے نالوں کو
common_voice_ur_31968824.mp3	حماد، کدھر ہے اور کب تک آئے گا؟	 حماد کدھے رہا ہے اور کب تک آئے گا؟
common_voice_ur_31841027.mp3	ٹیسٹ کیریئر میں ایک ٹرپل سنچری بھی	 تسٹ کریر میں ایک ٹرپل سنچری بھی
common_voice_ur_38467107.mp3	خراج کی جو گدا ہو ، وہ قیصری کیا ہے!	 خراج کی جو گدا ہو وہ کیسری کیا ہے؟
common_voice_ur_38430770.mp3	ادب میں ایک سے زیادہ نظریات مروج ہیں۔	 عدب میں ایک سے زیادہ نظریات مرزوچ ہے
common_voice_ur_31935853.mp3	ہم نے اشعار کا دروازہ کھُلا رکھا ہے	 ہم نے اشار کا دروازہ کھلا رکھا ہے
common_voice_ur_31965202.mp3	اس سے ملنے میں کوئی مضائقہ نہیں	 اس سے ملنے میں کوئی مزائقہ نہیں ہے
common_voice_ur_38467490.mp3	گدائے طاقتِ تقریر ہے زباں تجھ سے	 پہدایت آکہ تقریب سبات اسے
common_voice_ur_31983970.mp3	انتظار نامی لڑکے کا قتل دیکھ لیجیے۔	 انتظار نامی لڑکے کا قتل دیکھ لیجیے
common_voice_ur_31981087.mp3	گاڑی میں بیٹھتے اور کہیں چل دیتے۔	 گاڑی میں بیٹھتے اور کہیں چل دیتے
common_voice_ur_31984723.mp3	روزگار کے نئے مواقع پیدا کرتی ہے۔	 روزگار کی نئے مواقع پیدا کرتی ہے
common_voice_ur_31836046.mp3	اوراگر اب ہوتے تو کچھ کر بیٹھتے۔	 اور اگر اب ہوتے تو کچھ کر بیٹھتے
common_voice_ur_31988332.mp3	نہ ہی ون ڈے کا اچھا پلئیر	 ناہی ونڈے کا اچھا پلیر
common_voice_ur_31999750.mp3	اصل ٹارگٹ پہ نظریں جمی ہوئی ہیں۔	 اصل تارگیٹ پہ نظریں جمی ہوئی ہیں
common_voice_ur_31849591.mp3	توکل اللہ پر بھروسے کا نام ہے۔	 توقع اللہ پر بھروسی کا نام ہے
common_voice_ur_31835983.mp3	نو فلس کا اضافہ کیا گیا ہے	 نو فلس کا اضافہ کیا گیا ہے
common_voice_ur_38473076.mp3	پرانے ہیں یہ ستارے فلک بھی فرسودہ	 پرانے ہیں یہ ستار فلک بھی فرصودہ
common_voice_ur_31976760.mp3	فوجی کمانڈر خود بھی یہ سمجھتے ہیں۔	 فوجی کمانڈر خود بھی یہ سمجھتی ہے
common_voice_ur_31916167.mp3	ان میں بوریت سے بڑا روگ کوئی نہیں۔	 ان میں بوریت سے بڑا روک کوئی دے
common_voice_ur_31916570.mp3	چند موقع پرستوں کا معاملہ دوسرا ہے۔	 چند موقع پرشتو کا معاملہ دوسرا ہے
common_voice_ur_31841262.mp3	آگے بڑھنے کے لیے دھوکا دیتا ہوں	 آگے بھرنے کے لئے دھوکہ دیتا ہوں
common_voice_ur_41130835.mp3	میرے دل کا حال تم کیا جانوں؟	 میرے دل کا حال تم کیا جانو
common_voice_ur_31897728.mp3	جرمنی کی کرنسی کی وقعت نہ رہی تھی۔	 جرمنی کی قرنسی کے وقت نہ رہی تھی
common_voice_ur_32029255.mp3	مینیجمنٹ کا خیال تھا کہ ہر فارمیٹ میں	 مینیجمنٹ کا خیال تھا کہ ہر فارمیٹ میں
common_voice_ur_38417679.mp3	نہ رکھ اُمید وفا کسی پرندے سے وصی	 نارکھ امید وفاق کس پرندے سے وصی
common_voice_ur_31921499.mp3	ایک تھی مریم فلم کا ٹیزر جاری	 ایک تھی مریمت فلم کا ٹیزر جاری
common_voice_ur_31916759.mp3	عسکری پارک اور اولڈ سٹی ایریا ہے	 اسکری پارک اور ڈال چٹی ایڈیا ہے
common_voice_ur_31979921.mp3	پھر نظر آئے سلیقہ تری رعنائی کا	 پھر نظر آئے سلیقہ تیری ران آئے کا
common_voice_ur_31841596.mp3	انسانوں کی بھلائی پر یقین رکھتا ہوں	 انسانوں کی بھلائی پر یقین رکھتا ہوں
common_voice_ur_31837432.mp3	وہ رسیوں کو سانپ سمجھنے لگتے ہیں۔	 وہ رسیوں کو سام سمجھنے لگتے ہیں
common_voice_ur_31930965.mp3	وہ عیاشیوں پہ برباد کر دئیے جائیں۔	 وہ عیاشوں پہ برباد کر دیئے جائیں
common_voice_ur_31921805.mp3	سو جو کچھ ہورہاہے ہونا ہی تھا۔	 سو جو کچھ ہو رہا ہے ہونا ہی تھا
common_voice_ur_41117687.mp3	ریاست چین مذہب کو مانتی ہی نہیں۔	 پریاست چین مسہب کو ماتی ہی نہیں
common_voice_ur_31954731.mp3	ماہرہ کے اسٹائل کے بارے میں جاننا چاہتے ہیں	 مہرہ کی سٹائر کے بارے میں جاننا چاہتے ہیں
common_voice_ur_38470742.mp3	مُجھ کو اپنے دلِ ناکام پہ رونا آیا	 مجھ کو اپنے دلے ناکام پہ دھونا آیا
common_voice_ur_31956014.mp3	نجات کی خوش خبری کس نے سنائی	 رجاد کی خوش خبی کیس نے سنائی
common_voice_ur_31967997.mp3	نامزدگی بھرے، وہی عقل استعمال نہ کر سکا۔	 نامزدگی بھرے وہی اکل استعمال نہ کر سکا
common_voice_ur_31933828.mp3	ہم بہت بھگت چکے ایسی مداخلتوں کو۔	 ہم بہت بھوکت چکے ایسی نمازہ خلطوں کو
common_voice_ur_31837347.mp3	ان کہانیوں کو دہرانے کا کیا فائدہ۔	 پانیو کو دورانے کا کیا فائدہ
common_voice_ur_31957667.mp3	نظریاتی سیاست کی فضارومان پرور ہوتی ہے۔	 نظریاتی سحصت کی فضاہ روماں پرور ہوتی ہے
common_voice_ur_31990088.mp3	یہ رنگ آپ پر خوب جچتا ہے	 یہ رنگ آپ پر خوب ججتا ہے
common_voice_ur_31827056.mp3	ڈریسنگ روم کا ڈسپلن برقرار رہے گا	 درسنگ روم کا ڈیسپلن برقرار رہے گا
common_voice_ur_32023426.mp3	، اسی طرح بائیں طرف بھی موجود ہیں۔	 اسی طرح بائی طرف بھی موجود ہیں
common_voice_ur_31827293.mp3	اس واردات کی شروعات ہم سے ہوئیں۔	 اس وردات کی شروعات ہم سے ہوئی
common_voice_ur_31837175.mp3	مجھے تم سے ئہ امید نہیں تھی	 مجھے تم سے یہ امید نہیں تھی
common_voice_ur_31957860.mp3	حافظ سعید ایک معقول عالم دین ہیں۔	 حافظ سعید ایک مکولال میں دین ہے
common_voice_ur_32031321.mp3	تاریخ آخرکار اس کے ساتھ نہیں ہے	 تاریخ آفرکار اس کے ساتھ نہیں ہے
common_voice_ur_41160806.mp3	میں آپ سے ڈرتا نہیں ہوں ـ	 میں آپ سے ڈرتا نہیں ہوں
common_voice_ur_31830745.mp3	جہاں پودوں کی نشوونما کو بہتر بنانے	 جہاں پودوگی نشنما کو بہتر بنانے
common_voice_ur_38483389.mp3	اسد مت رکھ تعجب خر دماغی ہائے منعم کا	 اسد مترکتاجوب خرد مالی حی منمکہ
common_voice_ur_38469624.mp3	میں ساحل سمندر جانے کا شوقین ہوں۔	 میں ساہل سمندر جانے کا شوکین ہوں
common_voice_ur_32006316.mp3	جسے عربی زبان میں اقامہ کہتے ہیں۔	 جسے عربی زبان میں آرکامہ کہتے ہیں
common_voice_ur_31986322.mp3	تو لوگ میٹرو کو بھول جائیں گے۔	 تو لوگ مٹرو کو بھول جائیں گے
common_voice_ur_31842229.mp3	یہ سلسلہ تو بہت پہلے رکنا چاہیے۔	 یہ سلسلہ تو بہت پہلے رکھنا چاہیئے
common_voice_ur_31824360.mp3	سلیوٹ ڈاکٹرز آپ لوگ واقعی مسیحا ہو	 سلوٹ ڈاکٹرز آپ لوگ واقعی مسیحہ ہو
common_voice_ur_31824328.mp3	بہت بُرا ہُوں! کسی کا بُرا نہ کر پایا	 بہت بڑا ہوں کسی کا بڑا نہ کر پایا
common_voice_ur_31949144.mp3	لطافت کا حسین امتزاج دکھائی دیتا ہے	 لطافت کا حسین امتزاج دکھائی دیا ہے
common_voice_ur_31943098.mp3	انوکھا منظر کیمرے کی آنکھ میں محفوظ ہوگیا	 نوخہ منظر کیمالی کی ناؤک میں نفوذ ہو گیا
common_voice_ur_32006726.mp3	احباب توقعات کے ٹوٹے پیمانوں کا نوحہ لکھتے ہیں۔	 احباب تو قعاد کے ٹوٹے پہ مادو کا نوحہ لکھتے ہیں
common_voice_ur_32030044.mp3	یہی معاملہ رشید احمد صدیقی کا ہے۔	 یہی معاملہ رشید احمد صدیقی کا ہے
common_voice_ur_41103365.mp3	برطانیہ میں ریفرنڈم کراچی اسٹاک ایکسچینج میں مندی	 برطانیہ میں رفرندم کراجی سٹوک ایک سین میں مندی
common_voice_ur_31823460.mp3	پاکستان آئینی طور پر 'اسلامی جمہوریہ پاکستان‘ ہے۔	 پاکستان آینی طور پر اسلامی جمہوریا پاکستان ہے
common_voice_ur_31954642.mp3	اس کے موتیوں جیسے دانت کھل گئے تھے۔	 اس کے موٹیوں جیسے دان کھل بہت ہیں
common_voice_ur_32045112.mp3	منیجر نے اپنے ایک ملازم سے پوچھا	 مینجر نے اپنے ایک ملازم سے پوچھا
common_voice_ur_41104663.mp3	برصغیر میں اسلام کے پیروکار بہت سارے ہیں	 برسغیر میں اسلام کے فیض و پیار بہت سارے ہیں
common_voice_ur_31950094.mp3	فرقت یار نے آباد کیا آخر شب	 فُلکتِ یار نے عباد کیا آخر شب
common_voice_ur_41151207.mp3	کہ انداز بہ خوں غلتیدن بسمل پسند آیا	 کہ انداز میں ہوں ال تی دین بسمل پسند آیا
common_voice_ur_32010431.mp3	میں مشکل حالات سے نہیں گھبراتا	 میں مشکل حرات سے نہیں گراتا
common_voice_ur_31945968.mp3	کوئی قصہ سناتی رہی رات بھر	 کوئی قصہ سناتی رہی رہتا ہے
common_voice_ur_31791128.mp3	لیکن ان کوموت نہیں آئے گی	 لیکن ان کو موت نہیں آئے گی
common_voice_ur_31790847.mp3	مجھے بھوک بہت کم لگتی ہے	 مجھے بھوک بہت کم لگتی ہے
common_voice_ur_32009965.mp3	کار فراٹے بھرتی ہوئے نکل گئی	 کار فراتے بھرتی ہوئیں گل گئے
common_voice_ur_31965224.mp3	غنڈہ گردی سے بند کرنا دینا	 گھنڈا گردی سے بند کر نہ دینا
common_voice_ur_31790720.mp3	اسی طرح مصری ، رومن اور بابل	 اسی طرح مصری، رومن اور بابل
common_voice_ur_31950583.mp3	آدم جی ایوارڈ سے نوازا گیا	 آجن جی اوارڈ سے نواز آگیا
common_voice_ur_31904277.mp3	دانت انگور کھانے سے ہلتے تھے	 دنگور کھانے سے بھی دے
common_voice_ur_31948116.mp3	ابھی بادبان کو تہ رکھو ابھی مضطرب ہے رخ ہوا	 بی بدبان کو تارک ہو اب ابھی مزدرب ہی ہے رکھ ہوا
common_voice_ur_31967862.mp3	مذہب طبیعیات اور مابعدالطبیعیات کو محیط ہے۔	 مذبط طبیات اور معابد التبیات کو محیط ہے
common_voice_ur_31856441.mp3	ماڈل ٹاؤن کیس بھی پیچھے پیچھے ہے۔	 موڈل ٹاؤنگ کیسے بھی پیچھے پیچھے ہے
common_voice_ur_31790468.mp3	آسان پر بادل چھاۓ ہوۓ ہیں	 آسمان پر بادل چھائے ہوئے ہیں
common_voice_ur_41144745.mp3	میں ناشتہ بنانے ہی والا ہوں	 میں ناشطہ بنانے ہی والا ہوں
common_voice_ur_31938332.mp3	میں اپنے دانت برش کر تاہوں	 میں اپنے دانت برش کرتا ہوں
common_voice_ur_32037523.mp3	اب کی بار معاملہ اورنازک ہوگیاہے۔	 آپ کی بار معاملہ اور نازق ہو گیا ہے
common_voice_ur_31791865.mp3	یہ معاملہ حکومتوں سے متعلق ہے۔	 یہ معاملہ حکومتوں سے مطلب ہے
common_voice_ur_31981406.mp3	وہ مفتوحین کی دل جوئی کرتے تھے۔	 وہ مفتوحین کی دل جوئی کرتے تھے
common_voice_ur_31962235.mp3	شمشیر زن بھی بچ نہیں پائیں گے۔	 شمچیر زن بھی بیج نہیں پائیں گے
common_voice_ur_31837344.mp3	یہی معاملہ مولانا سندھی کا ہے۔	 یہی معاملہ مولانا سندھی کا ہے
common_voice_ur_32046758.mp3	تمہاری شرٹ باہر نکلی ہوئی ہے	 تمہاری شرد باہر مکلی ہوئی ہے
common_voice_ur_31843117.mp3	کملااتھال کے بارے میں نہیں سنا	 کملا آتھار کے بارے میں نہیں سنا
common_voice_ur_31864767.mp3	دیکھو اونٹ کس کروٹ بیٹھتا ہے ۔	 دیکھو اونٹ کس کروٹ بیٹھتا ہے
common_voice_ur_31985843.mp3	جنید جمشید کی موت حادثاتی تھی۔	 جونید جمشید کی موت خادثاتی تھی
common_voice_ur_31970956.mp3	پونے نے دھونی کو خرید لیا	 پونے نے دونی کو اکرید لیا
common_voice_ur_38430561.mp3	جاں دادۂ ہوائے سر رہ گزار تھا	 جاہ ڈادہ ہواے سر رہ گزار تھا
common_voice_ur_31949774.mp3	مجھے بزم دہر سے لے چلے	 مجھے بز میں دیر سے لے چلے
common_voice_ur_32007900.mp3	سخت سردی تھی اور اندھیرا بھی ۔	 ست سردی تھی اور اندھیرا بھی
common_voice_ur_32023820.mp3	آفیشل دورہ پر چترال گئے تھے	 افشل دورے پر چطرال گئے تھے
common_voice_ur_31792275.mp3	راتوں کو لاہور میں بلیک آؤٹ ہوتا۔	 راتوں کو لاہور میں بلیک آٹھ ہوتا
common_voice_ur_31882797.mp3	آئرلینڈ کے خلاف صرف ایک میچ	 آئیل ڈینڈ کے حلاف صرف ایک مچ
common_voice_ur_32026503.mp3	پنکھے سے بہتر کام کرتی ہے	 پنکھے سے بہتر کام براتی ہے
common_voice_ur_31792564.mp3	بیٹھا رہا اگرچہ اشارے ہوا کیے	 بیٹھا رہا اگرچہ اشارے ہوا کیے
common_voice_ur_31986261.mp3	بے ترتیبی سے پریشان نہیں ہوتا	 بے تلطیبی سے پریشان نہیں ہوتا
common_voice_ur_31933460.mp3	وہ بیساکھیوں کے سہارے چل رہی ہے۔	 وہ بیسا کیوں کے سہارے چل رہی ہے
common_voice_ur_32035407.mp3	صحافت ایک غریب پروفیشن ہوا کرتاتھا۔	 صحافت ایک گریب پروفیشن ہوا کرتا تھا
common_voice_ur_31882321.mp3	دوسروں پر جوابی کروائئ کرتا ہوں	 دوسرے پر جوابی کاروائی کرتا ہو
common_voice_ur_31836843.mp3	آسٹریلین سنٹرل ویسٹرن ڈے لائٹ ٹائم	 آسٹرلین سنٹرل ویسٹرن ڈے لائٹ ٹائن
common_voice_ur_31836863.mp3	میں میٹرک یا گیارہویں جماعت میں تھا۔	 میں میٹرک یا گیار بھی جماعت میں تھا
common_voice_ur_31343156.mp3	وہ اس وقت تک بینک اکائونٹ	 وہ اس وقت تک بنک ایکنٹ
common_voice_ur_31343220.mp3	میرے تو رونگٹے کھڑے ہو گئے	 میرے تو ڈونکٹے کھڑے ہو گئے
common_voice_ur_32001841.mp3	انگریس کے رکن بھی رہے تھے	 انگریز کی رکھن بھی رہے ہیں
common_voice_ur_32042906.mp3	یہ سوٹ کتنے کا خریدا ہے؟	 یہ سوٹ کتنے کا خرید ہے
common_voice_ur_32005999.mp3	آپ کو موٹر سائکل کب ملی؟	 آپ کو موٹسائکل کیا ملی؟
common_voice_ur_31882049.mp3	اور انتظامیہ ان کی بات مانے؟	 اور انتظامیا ان کی بار
common_voice_ur_31792795.mp3	عرفان خان اور سونالی بیندر ے	 عرفان خان اور صنالی بندرے
common_voice_ur_38499213.mp3	یہ نص عبرانی میں لکھے تھے، آشوری میں نہیں۔	 یہ نس ابرانی میں لکھے تھے، اشوری میں نہیں
common_voice_ur_32001177.mp3	یہاں بھی معاملہ وزیرستان والا ہے۔	 یہاں بھی معاملہ وزیرستان والا ہے
common_voice_ur_31925993.mp3	اور جسم بھی تپ رہا ہے۔	 اور جسم بھی تت رہا ہے
common_voice_ur_31824256.mp3	بڑے دل گردے کی بات ہے۔	 بڑے دل گردے کی بات ہے
common_voice_ur_31824274.mp3	پرسوں آخری فیصلہ نہیں ہونے جارہا۔	 پرسوں آخری فیصلہ نہیں ہونے جا رہا
common_voice_ur_32014674.mp3	اور اشرار بھی پائے جاتے ہیں	 اور اشرار بھی پائے جاتے ہیں
common_voice_ur_31792907.mp3	چھٹا مألہ یہ پیدا ہوتا ہے	 چھٹا مالہ یہ پیدا ہوتا ہے
common_voice_ur_31833619.mp3	مشاہد ہ کرنے کی عادی ہیں	 مشاہدہ کرنے کی آدھی ہیں
common_voice_ur_31930427.mp3	وہ اب سب پہ عیاں ہے۔	 وہ اب سب بھی نیاں ہیں
common_voice_ur_31930254.mp3	مجھے فلسفیانہ مباحث پسند نہیں ہیں	 مجھے فلسفیانہ مباہز پسم نہیں ہے
common_voice_ur_31953158.mp3	کام کا نعرہ بہت مقبول ہوا	 کام کا نارہ بہت مقبول ہوا
common_voice_ur_31823648.mp3	دوسری درسگاہوں سے فارغ التحصیل ہیں؟	 دوسی درس گاؤں سے فارغل تحصیل ہیں
common_voice_ur_31952683.mp3	ماضی کے تجربات سے سبق سیکھا ہے	 ماضی کے تجربان سے سبک سیکھا ہے
common_voice_ur_32003993.mp3	عبدالقادر نے گھبراتے ہوئے جواب دیا	 عبدالکادر نے گھبراتے ہوئے جواب دیا
common_voice_ur_38451623.mp3	تماشا کہ اے محوِ آئینہ داری!	 تماشا کے اے محور آیناداری
common_voice_ur_32062848.mp3	جامنی رنگ استعمال کیا گیا ہے	 چاملی رنگ استعمال کیا گیا ہے
common_voice_ur_31943614.mp3	دل کا ہر تار لرزش پیہم	 دن کا ہر طار گرزش پینم
common_voice_ur_31943810.mp3	آسمان پر پرندے اڑ رہے ہیں	 اسمان پہ فردے اور رہے ہیں
common_voice_ur_38483050.mp3	میرے شاہِ سلیماں جاہ سے نسبت نہیں‘ غالبؔ!	 میری شاہِ سلمان جہا سے نزبت نہیں ہے غالب
common_voice_ur_31823256.mp3	میں اس معاملے پر سوچوں گا	 میں اس معاملے پر سوچوں گا
common_voice_ur_31944072.mp3	چاندنی دل دکھاتی رہی رات بھر	 چانید وے تکاتی رہی راپتا
common_voice_ur_31793361.mp3	جسے سن کر عبدالقادر کی انکھیں	 جسے سن کر عبدالقادر کی آنکھیں
common_voice_ur_31793381.mp3	س کے حلق میں اٹک گئے۔	 اس کے خلق میں اٹک گئے
common_voice_ur_32062215.mp3	میں چاکلیٹ کی بڑی شوقین ہوں۔	 میں چاہتے ہیں کہ بڑی چھوٹی ہوں
common_voice_ur_26756917.mp3	اور پھر برخورداران میاں شہباز شریف۔	 اور پھر بر خورداران میہ شہبہ شریف
common_voice_ur_26704006.mp3	یہ تصوراتی ہے اور اکثر مزاحیہ	 یہ تصوراتی ہے اور اکثر مزاہیہ
common_voice_ur_38453144.mp3	تماشا کشور آئینہ میں آئینہ بند آیا	 تماشا کشورے آئینا میں آئینا بند آیا
common_voice_ur_31353483.mp3	کیونکہ جتنا ہمارا بازو مروڑنا تھا۔	 کیونکہ جتنا ہمارا بازوں میں روڑنا تھا
common_voice_ur_31819970.mp3	چاٹ مصالحہ بر آمد ہو گیا	 چاٹ مسالہ برامد ہو گیا
common_voice_ur_38436401.mp3	آج اسمان میں بہت بادل چھائے ہیں۔	 آج اسما میں بہت بادر چھائے ہیں
common_voice_ur_38431351.mp3	غمِ عشق اگر نہ ہوتا غمِ روزگار ہوتا	 غمِ عشق اگر نہ ہوتا غمِ روزگار ہوتا
common_voice_ur_38482842.mp3	پیماں سے ہم گزر گئے‘ پیمانہ چاہیے	 پیمان سے ہم گزر گئے پیمانہ چاہیئے
common_voice_ur_31958519.mp3	اسے بحفاظت زمین پر لایا جاسکے	 اسے باہر حفاظہ زمین پر لائے جا سکے
common_voice_ur_38431446.mp3	بہترین علاج تفریح اور سیاحت ہے	 بہترین علاج تفریح اور سیاست ہے
common_voice_ur_38460130.mp3	دریا زمین کو عرق انفعال ھے	 دریا زمین کو ارک انفال ہے
common_voice_ur_31831786.mp3	نہ دیوتا، خیر وشرکا مجموعہ ہوتا ہے۔	 نا دیو تا ہے رو شرکا مجموع ہوتا ہے
common_voice_ur_31831787.mp3	ایک دوست دلچسپ پیرائے میں بتاتے	 ایک دوست دلچسپ پیرائے میں بتاتے
common_voice_ur_31971830.mp3	ہندوستان نے اپنی روش بدلنی ہے۔	 ہندوستان میں اپنی روش بدلنی ہے
common_voice_ur_31889101.mp3	تین روزقبل بے ہوش ہونےو الا بیلجیئن فٹبالر زندگی کی بازی ہارگیا	 تین روز قبل بے ہوش ہونے والا بیلجین فٹ بولر زندگی کی بازی ہار گیا
common_voice_ur_38437415.mp3	جسم و روح کو ستاتی ہوئی	 جسم و روح کو ستاتی ہوئی
common_voice_ur_31813817.mp3	میرا آدھا دھیان چہروں کی طرف تھا۔	 میرا آدھا دیان چھے ڈوں کی طرف تھا
common_voice_ur_38443166.mp3	زندگی پہلے لگتی تھی کتنی حسیں	 زندگی پہلے لگتی تھی کتنی حسین
common_voice_ur_32022681.mp3	مجھے بہت پسینہ آ رہا ہے	 میں بہت پسینہ آ رہا ہے
common_voice_ur_32005469.mp3	فلم کی کاسٹ میں ورون دھون	 فلم کی کاس میں برون دون
common_voice_ur_38424986.mp3	مجھ کو دیتا ہے پیامِ وعدۂ دیدارِ دوست	 مجھ کو دیتا ہے پیامے وادہ دیدارے دوست
common_voice_ur_31990176.mp3	وزیر اعظم خاندان شریفیہ سے نہیں۔	 وزیراعظم خاندان شریفیہ سے نہیں
common_voice_ur_31890509.mp3	جو فتنہ اورفسادوالوں نے کرنا تھا۔	 جو فتنہ اور فصاد والوں نے کرنا تھا
common_voice_ur_31812905.mp3	جو کئی دھائیوں کو محیط ہے۔	 جو کئی تحانیوں کو محیط ہے
common_voice_ur_31970844.mp3	سندھپنجاب میں بلدیاتی انتخابات کاشیڈول اور ضابطہ اخلاق جاری	 سندھ بنجاب میں بلدیاتی انتخابات کا شدور اور زابطہ اخلاق جاری
common_voice_ur_31990418.mp3	سلام میں عدنان آپ کا دوست، پہچانا؟	 سلام ادنان آپ کا دوست میں چانہ
common_voice_ur_31915592.mp3	یہ کس قِسم کا پرندہ ہے؟	 یہ کس قسم کا پرندہ ہے؟
common_voice_ur_31929490.mp3	دوبارہ تشکیل شدہ چھٹنی کی ترتیب	 دوبارہ تشکیل شداد شتمی کی تردیب
common_voice_ur_31951186.mp3	سناہے احسن اقبال بھی اقامہ دارہیں۔	 سنا ہے ایسا نکبال بھی اکامہ دار ہے
common_voice_ur_32027411.mp3	حضرت موسی نے جب بنی اسرائیل	 حضرت موسیٰ نے جب بھی اسرائیل بنی
common_voice_ur_31809301.mp3	ایکسپو سینٹر لاہور میں پاک چائنہ زرعی الات کی نمائش	 ایکسپو سنٹر لہور میں پاک چائنا زرعی علاد کی نمائش
common_voice_ur_38467219.mp3	کئے ہیں فاش رموز قلندری میں نے	 کیے ہیں فارش رمون سکلندری میں نے
common_voice_ur_31885204.mp3	مغربی ارجنٹینا کا موسم گرما کا وقت	 مغربی ارجنٹینہ کا موسم گرمہ کا وقت
common_voice_ur_38441385.mp3	عاشق ہوں پہ معشوق فریبی ہے مرا کام	 آشک ہوں پہ مشہور فریب ہی میرا کام
common_voice_ur_31809449.mp3	قرار دے میںسوچتاہوں کہ ہماری ریاست	 قرار دے! میں سوچتا ہوں کہ ہماری ریاست
common_voice_ur_31881472.mp3	نہ صرف یہ کہ جمود ہے۔	 نا صرف یہ کہ جنود ہے
common_voice_ur_38444591.mp3	اب منزلِ گم گشتہ سےکچھ دور نہیں ھوں	 اب منزل گمگشتہ سے کچھ دور نہیں ہو
common_voice_ur_31809544.mp3	پنکھا گرم ہوا دے رہا ہے	 پنکا گرم ہوا دے رہا ہے
common_voice_ur_31936159.mp3	کھُلی ہوئی تھیں بدن پر رُواں رُواں آنکھیں	 کھولی ہوئی تھی بدن پر روما روما آنکھیں
common_voice_ur_31985433.mp3	صرف اپنی عوام کو کچلنے کیلیے	 صرف اپنی عوام کو کچلنے کے لئے
common_voice_ur_28332785.mp3	حیرت سے پھٹی کی پھٹی رہ گئیں	 حیرت سے پھٹی کی پھٹی رہ گئی
common_voice_ur_31948749.mp3	دامن نچوڑ دیں تو فرشتے وضو کریں''	 دامن نچور دین تو فریشتے وزوکری
common_voice_ur_31962905.mp3	آذربائیجان اور آرمینیا میں جنگ کے	 ازربائی جان اور ارمینیا میں جنگ کی
common_voice_ur_31980111.mp3	قیمتی ہینڈ بیگ رکھنے کا شوق تھا۔	 کیمتی ہینڈ بیگ رکھنے کا شوق تھا
common_voice_ur_31889053.mp3	کیا اپ کو فرانسیسی آتی ہے؟	 کیا آپ کو فرانسیسی آتی ہے؟
common_voice_ur_31809709.mp3	یہاں طبی سہولیات بہت مہنگی ہیں	 یہاں تیپی سہولیات بہت مہنگی ہیں
common_voice_ur_33605884.mp3	یہاں کے خوبصورت مقامات میں شنگریلا، سدپارہ جھیل	 یہاں کے خوبصورت مقامات میں شنگریلا، ستپارا، جھیل
common_voice_ur_31964706.mp3	بازیچۂ اطفال ہے دنیا مرے آگے	 بازیجہ اطفال ہے دنیا مرے آگے
common_voice_ur_31932078.mp3	فروخت کی رسیدیں دی جاتی ہیں۔	 بھروں کی دکھیں بھی جب انہیں
common_voice_ur_31957892.mp3	بڑے بڑے لیڈروں کے مخالف ہوتے ہیں۔	 بڑے بڑے لیٹروں کے مخالف ہوتے ہیں
common_voice_ur_31993745.mp3	دن حدیبیہ میں یہ سمجھانا مقصود تھا	 دن ہودیابیہ میں یہ سمجھنا مقصود تھا
common_voice_ur_32037618.mp3	کی تردید کرتے ہوئے کہا ہے	 کی تردید کرتے ہوئے کہا ہے
common_voice_ur_31956838.mp3	دیگر لیگی چہرے بھی بجھے بجھے تھے۔	 یہ گرنگی چہریں بھی بھچے بھچے تھے
common_voice_ur_31846527.mp3	جب دل چاھے گا ، ٹنٹوا دبا دے گا	 جب دل چہے گا، تن طوا دبا دے گا
common_voice_ur_38432414.mp3	جہاں تمام ہے میراث مرد مومن کی	 جہاں تمام ہے میرا سمجھ مومن کی
common_voice_ur_38413713.mp3	یہ خرابیاں اگرچہ بہت سی ہیں	 یہ خرابیاں اگرچا بہت سی ہیں
common_voice_ur_31841567.mp3	سر فہرست عبداللہ ابن ابی تھا	 سر فہرست عبداللہ ابن عبیؑ تھا
common_voice_ur_38470801.mp3	در حقیقت وہ دبلا پتلا آدمی تھا۔	 در حقیقت وہ دُبلہ پتلا آدمی تھا
common_voice_ur_32039250.mp3	جنوبی جارجیا اور جنوبی سینڈوچ جزائر	 جنوبی جاری جا اور جنوبی سنوچ جزائر
common_voice_ur_31791273.mp3	معصوم جانوں کا یا پھرحرمت دین کا؟	 ماصوم جانوں کا یا پھر حرمت دین کا
common_voice_ur_32009961.mp3	جا کر داد رسی چاہی	 جاکر داد رسی چائے
common_voice_ur_31934173.mp3	صرف اکڑ خان نہیں تھے۔	 صرف اکرخان نہیں تھے
common_voice_ur_31984994.mp3	مسلمانوں میں غم وغصہ ہے	 نسل مانو مہرہ ملوثہ
common_voice_ur_31841443.mp3	گھبرائیے مت آرام سے بیٹھیئے	 گھبرائیے مات، ارام سے بیٹھئے
common_voice_ur_31957411.mp3	پِیٹھ پیچھے بات مت کرو	 پیٹ پیچھے بات مد کرو
common_voice_ur_31948770.mp3	احد چیمہ کو ہی لیجئیے۔	 اہد چیما کو ہی لے جائے
common_voice_ur_31928652.mp3	کیا بیکار کی بات ہے۔	 چاہے بے گان کی بات ہے
common_voice_ur_31800844.mp3	شب بخیر. کل ملیں گے	 شب و خیر کل ملیں گے
common_voice_ur_31951291.mp3	درخت مزے میں مست جھوم رہا ہے	 درخت مزے میں مست جھوم رہا ہے
common_voice_ur_31948181.mp3	بام مینا سے ماہتاب اترے	 بعمینا سے محطاب اترے
common_voice_ur_32030173.mp3	انتہائی شاندار اوپننگ لی ہے۔	 انتہائی شاندار اپننگ لی ہے
common_voice_ur_31841183.mp3	باقائدہ اجازت نہ لے لیں	 باقایدہ اجازت نہ لے لے
common_voice_ur_31855968.mp3	اوران کی بے پناہ دولت۔	 اور ان کی بے پنا دولت
common_voice_ur_32002819.mp3	میرے جوتے پالش کروا دیجئے	 میرے جھوٹے پارش دبادیجیے
common_voice_ur_32053670.mp3	شعوری کوشش کااحساس نہیں ہوتا	 شعوری کوشش کا احساس نہیں ہوتا
common_voice_ur_31833705.mp3	الحمرا میں معروف سرائیکی صحافی	 الحمدللہ محضور صراعی کی صحافی
common_voice_ur_38410276.mp3	سفینہ چاہیے اس بحر بیکراں کے لیے	 سفینا چاہے اس بہر بیکرہ کے لئے
common_voice_ur_31841118.mp3	وولبر بچے کچھ بچے وولبر ہوتے ہیں۔	 والبر بچے کچھ بچے والبر ہوتے ہیں
common_voice_ur_31954125.mp3	اگر ساون آن پہنچا ہے۔	 اگر ساون آن پہ چاہے
common_voice_ur_31833799.mp3	بس انہیں دبائے رکھو، ڈھانپے رکھو۔	 بس انہیں دبائے رکھو ڈھان پے رکھو
common_voice_ur_31829275.mp3	چولہے ایسے ہی ہوتے ہوں	 چولے ایسے ہی ہوتے ہیں
common_voice_ur_31904696.mp3	بویا جائے گا، وہاں کاٹا جائے گا۔	 بویا جائے گا وہاں کھڑا جائے گا
common_voice_ur_31995037.mp3	میں نے خالی جگہ کھینچی	 میں نے خالی جگہ کھین چی
common_voice_ur_31994872.mp3	کیا ہم یہ مانیں گے؟	 کیا ہم یہ مانیں گے
common_voice_ur_31941884.mp3	تو ترے حضور میں آرہوں	 تو تیرے حضور میں آ رہا ہوں
common_voice_ur_31942229.mp3	کوئی وعدہ کوئی اقرار مسیحائی کا	 کوئی وادہ کوئی اکرار مسیحہ کا
common_voice_ur_31946577.mp3	میرے پاس ایک بلی ہے	 میرے پاس ایک بلی ہے
common_voice_ur_31915022.mp3	مضبوط اور پختہ ہوجاتا ہے	 مزبوط اور پختہ ہو جاتا ہے
common_voice_ur_31772328.mp3	ادھر پاکستان میں حالیہ برسوں میں	 ادھر پاکستان میں حالیہ برسوں میں
common_voice_ur_32000504.mp3	چس ہم خرید کر تھے	 جیسا ہم خرید کرتے ہیں
common_voice_ur_31987325.mp3	ان کا ہرگز نہ تھا۔	 ان کا حرقز نہ تھا
common_voice_ur_31939157.mp3	میری خاموشیوں میں لرزاں ہے	 میری خاموشیاں میں لرزاں ہے
common_voice_ur_31999340.mp3	اس میں اپنا حصہ ڈالیں۔	 اس میں اپنا حصہ ڈالے
common_voice_ur_31966948.mp3	کر کے دولتمند بن گئے	 کر کے ڈولت مند بھن دے
common_voice_ur_31925633.mp3	اتنے طالب علم کھائیں گے۔	 کھائیں گے
common_voice_ur_32017522.mp3	بس کا تیز ہارن بجا	 بس کو تھی ہوں بجھے
common_voice_ur_32056533.mp3	چہر ہ مسخ ہونے میں۔	 چیرا مزک ہونے میں
common_voice_ur_32003056.mp3	سوئی ایک جگہ پھنسی ہے۔	 تو یہ ایک جگہ پھر سی ہے
common_voice_ur_31889668.mp3	وہ بال سنوار رہی ہے	 وہ بارل سموار رکھی ہے
common_voice_ur_32040407.mp3	کھانوں کے لیے مشہور ہیں	 خانوں کے لئے مشہور ہے
common_voice_ur_31882096.mp3	ایک مسلک کے علماء ہوں۔	 ایک مسئلہ کے علماء ہوں
common_voice_ur_32003431.mp3	ہہنیاں سرور سے جھومتی چلی جاتیں	 ہینیا شروع سے جھومتی چلی جاتے ہیں
common_voice_ur_32012361.mp3	دو مہینے پہلے راہداری میں	 دو مہینے کلے راداری میں
common_voice_ur_32003321.mp3	جس کے آفیسر شرابی ہوں	 جس کو آپ سے شروع بھی ہوں
common_voice_ur_32000847.mp3	والی فلم ’سوئی دھاگہ‘ ہے۔	 والی فلم سوی دھاگا ہے
common_voice_ur_31978677.mp3	زمین پر بچھے ہوئے تھے۔	 زمین پر بچھے ہوئے تھے
common_voice_ur_31830159.mp3	عقلمند کو اشارہ ہی کافی	 اکلمن کو اشارہ ہی کافی
common_voice_ur_32000714.mp3	مہربانی کر کے پیسے گن لیجئے	 بھربانی کر کے پیسے گین دیجی رہے ہیں
common_voice_ur_38480725.mp3	غبار راہ کو بخشا فروغ وادی سینا	 عبار رح کو بکشا فروق بادی سینہ
common_voice_ur_32007340.mp3	اساسی-سٹروک کی چھٹنی کی ترتیب	 اور ساس اسٹروک کی چھٹنے کی ترطیب
common_voice_ur_31793207.mp3	اس سے چمٹے رہتا ہے۔	 اس سے تیم تیرہ تاہے
common_voice_ur_38428174.mp3	دو آنسو ٹوٹ گرتے ہیں	 دو انسو ٹوٹ گرتے ہیں
common_voice_ur_32062444.mp3	مٹی کے تیل سے خش	 ٹھیک ہے
common_voice_ur_31849196.mp3	ٹام ناشتہ پکھا رہا ہے۔	 نام ناشتہ پکا رہا ہے
common_voice_ur_31917189.mp3	تولیگی حلقے شدید دباؤ کا شکارہیں۔	 تعلیقی حق کے شدید دباؤ کا شکار ہے
common_voice_ur_31992841.mp3	پہلے جنون چڑ ھا تھا۔	 پہلے جنوں چڑھا تھا
common_voice_ur_31834403.mp3	درستی کا یہ عالم ہے۔	 درستی کا یہ آلم ہے
common_voice_ur_31916579.mp3	اس ملک کے نارمل حالات۔	 اس ملک کے نارمن حالات
common_voice_ur_31969751.mp3	گلگت بلتستان الیکشن کون جیتےگا	 گلکت بندستان ایلکشن کو جیتے گا
common_voice_ur_31956939.mp3	نو نقد نہ تیرہ ادھار	 نو نکت نا تیرا ادھار
common_voice_ur_31832495.mp3	ازوریس کا موسم گرما کا وقت	 از آرے اسکل مانسم گرم گا وقت
common_voice_ur_31987278.mp3	یہ جم خانہ کلب تھا۔	 یہ جی مکھنے کلا بھائی
common_voice_ur_38468763.mp3	ادھورے جسم لکھتی ہوں خمیدہ سر بناتی ہوں	 ادھور جسم لکھتی ہوں خومیدہ سر بناتی ہوں
common_voice_ur_31979976.mp3	میں کبھی خانیوال نہیں گیا	 میں کبھی کھانے وال نہیں گیا
common_voice_ur_31890145.mp3	شعیب منصور پاکستانی فلم انڈسٹری	 شویب منسور پاکستانی فنم انڈسٹری
common_voice_ur_31977475.mp3	مزید بتوں نے گرنا ہے۔	 مزید بھوٹوں نے گرنا ہے
common_voice_ur_32006165.mp3	تو چہل پہل ہو۔	 تو چہل پہل ہو
common_voice_ur_32059449.mp3	والدین کو آگاہ کیا	 والدین کو اگا کیا
common_voice_ur_31970966.mp3	جو سائیکلوں پہ تھے۔	 جو ساکھ لوپے تے
common_voice_ur_31854794.mp3	واٹس ایپ کا متعد	 مرتبہ کمتہ آدھ
common_voice_ur_31863946.mp3	کافی مماثلت لگتی ہے۔	 کافی مماثلت دگتی ہے
common_voice_ur_31952060.mp3	لیکن اس کو چھوڑئیے۔	 لیکن اس کو چھوڑیے
common_voice_ur_31999703.mp3	تو سہگل صاحب کی۔	 تو سہگل صاحب کی
common_voice_ur_31893625.mp3	تو پھر کیابنے گا؟	 تو پھر کیا ہوں پنے گا
common_voice_ur_31988251.mp3	ریلیز نہیں ہوسکی ہیں۔	 پرلیز نہیں ہوسکی ہے
common_voice_ur_31957374.mp3	یہ مقدر نہیں بدلتی	 یہ مقدر نہیں بدلتی
common_voice_ur_32012433.mp3	ریاضیاتی پیمانے سے ہی	 ریاضیاتی پیمانے سے ہی
common_voice_ur_41153962.mp3	مجهے مٹھائی پسند ہے	 مجھے مٹھائی پسند ہے
common_voice_ur_31890921.mp3	لاک ڈاؤن کے دورا	 لاؤگ ڈاؤن کے دورہ
common_voice_ur_32039036.mp3	ارشد نے لاک ڈاؤن	 ارشد نے لوگ ڈاون
common_voice_ur_31866754.mp3	ورلڈ کپ فکسڈ نہی	 ورلڈ کپ فٹس نہیں
common_voice_ur_32056642.mp3	راکٹ لیب کا نیوز	 راکٹلاب کا نیوز
common_voice_ur_31931309.mp3	اٹلانٹک ڈے لائٹ ٹائم	 اٹھلانٹک دے لائٹ تائن
common_voice_ur_31809334.mp3	ایک اور کھیپ سہی۔	 ایک اور خیط سہی
common_voice_ur_31809363.mp3	نیب میں پیشیاں تھیں۔	 نب مبیشیہ تھی
common_voice_ur_31900949.mp3	تو اپنی بربادیوں سے۔	 اپنی بربادیوں سے
common_voice_ur_31917591.mp3	یہ بیک گراؤنڈ ہے۔	 یہ باگرامڈ ہے
common_voice_ur_31953890.mp3	سال میں پہلی دفع	 سال میں پہلی دفعہ
common_voice_ur_31989559.mp3	اورہم کہاں جارہے ہیں؟	 اور ہم کہاں جا رہے ہیں
common_voice_ur_32011724.mp3	میری بلی، مجھے میاؤں میاؤں۔۔	 میری بلی مجھے میاو میاو
common_voice_ur_31990475.mp3	روز اخبار کھولتا ہوں۔	 روز اخبار کھولتا ہوں
common_voice_ur_31976026.mp3	عام فوجی نمازی ہو	 عام فوجی نمازی ہو
common_voice_ur_31991083.mp3	مرغی اور انڈے کی	 مرگی اور اڈے کی
common_voice_ur_31825531.mp3	کیسے کما لیتے ہیں؟	 کیسے کام لیتے ہیں
common_voice_ur_31911689.mp3	یہ راستہ سنسان ہے	 یہ دستہ سنفان ہے
common_voice_ur_32040754.mp3	مساج پارلر ویران ہوں۔	 مساج پارلر وران ہوں
common_voice_ur_31812752.mp3	سوچیں بہت محنت کی	 سوچیں بہت میہنت کی
common_voice_ur_31957118.mp3	کچھ جامعات البتہ ہیں۔	 کچھ جماعت انبتہ ہیں
common_voice_ur_32010954.mp3	لیکن ایساکچھ نہ ہوا۔	 لیکن ایسا کچھ نہ ہوا
common_voice_ur_31932041.mp3	اسلم کیا کرتا ہے	 اجھے نام کیا کرتا ہے؟
common_voice_ur_31955623.mp3	اورجو حکمران طبقہ ہے۔	 اور جو حکم رام طب کا ہے
common_voice_ur_31960330.mp3	اسے پرے کرنا چاہیے۔	 اسے پڑھے کرنا چاہیئے
common_voice_ur_31833988.mp3	امریکہ نے ٹک ٹوک	 امریکہ نئر ٹک ٹاک
common_voice_ur_31832176.mp3	فیس بک فلم تھیٹر	 فیس بوک فلم تھیٹر
common_voice_ur_31989768.mp3	یہاں عجیب مخمصہ ہے۔	 یہاں عجیم خمزہ ہے
common_voice_ur_31957897.mp3	گاہ جلتی ہوئی گاہ بجھتی ہوئی	 گاد جلتی ہوئی گاد بجتی ہوئی
common_voice_ur_31974434.mp3	وقت کا ضیاع ہوا۔	 وکا زیاہوہ
common_voice_ur_31953798.mp3	آعوام کے لئے بڑی	 اوام کے لئے بڑی
common_voice_ur_31974061.mp3	شرٹ سیدھی طرح پہنو	 شرٹ سیدھی طرح پہنو
common_voice_ur_31916300.mp3	ممکنات کا ڈھیر ہے۔	 ممکنات کا ڈھیر ہے
common_voice_ur_38431334.mp3	ہاہاہاہا آپ اچھا ہے	 ہا ہا ہا ہا آپ اچھا ہے
common_voice_ur_31950852.mp3	میں صبح جلدی اٹھتاہوں	 میں صبح جلدی اٹھا ہوں
common_voice_ur_32002954.mp3	یہ عجیب ماجرا ہے۔	 یہ اجیب ماجرا ہے
common_voice_ur_31814920.mp3	کمالہ خان عرف مس	 کمالہ خان ارف نیس
common_voice_ur_32020548.mp3	سونم کپور نے اسل	 فرمکبور نے اثر کیا
common_voice_ur_31793509.mp3	رات وہاں گزاریں گے	 رات وہاں گزاریں گے
common_voice_ur_31849027.mp3	انی سے چلنے وال	 انی سے چلنے وال
common_voice_ur_32016432.mp3	تو پھرکیا گزرے گی؟	 پھر کیا بدرے گی؟
common_voice_ur_31902398.mp3	کالی مرچ کے نقصا	 کالی مشکل نقصہ
common_voice_ur_38438053.mp3	پیاسے سکونِ قلب کو میخانے نہ آئیں؟	 پیاسے سکونِ قلب کو محانے نہ آئے
common_voice_ur_31964209.mp3	جعلی ڈگری پر بھا	 جان لے ڈگری پربھا
common_voice_ur_32067834.mp3	لمبی تان کر اُٹھی	 نمبی تان کر اٹھی
common_voice_ur_31823617.mp3	یہ گھاٹے کا سودا ہے۔	 یہ گھٹے کا صودہ ہے
common_voice_ur_31967284.mp3	پاکستان میں اسما	 پاکستان می ازمہ
common_voice_ur_31985736.mp3	عداوت جو تھی۔	 وداوت جو تھی
common_voice_ur_31937988.mp3	فعالیت صفر ہے۔	 فعالیت ففر ہے
common_voice_ur_31802322.mp3	ریزگاری رکھ لیجئے	 ریز گاری رکھ لی جی
common_voice_ur_31937986.mp3	پاکستانی ہیئر ای	 پاکستانی ہیر آئی
common_voice_ur_32058127.mp3	ایس فور جی لائسن	 S4G لائی سین
common_voice_ur_31949884.mp3	!کیا مصیبت ہے	 کیا مسیبت ہے
common_voice_ur_31983064.mp3	میر ابستر لگادو	 میرا بستر لگا دو
common_voice_ur_31837115.mp3	چھلاوہ کی اداکار	 چلاو کی ادھاکار
common_voice_ur_31837161.mp3	یہاں معیوب ہیں۔	 یہاں مایوب ہیں
common_voice_ur_32014429.mp3	پاکستانی ٹک ٹاکر	 پاکستانی ٹکٹوکر
common_voice_ur_32027875.mp3	زلف ایاز میں۔	 زلفہ جاز میں
common_voice_ur_32030967.mp3	اسے سراہنا چاہیے۔	 اسے سرا ہنا جاہیے
common_voice_ur_32037047.mp3	معمول کی چھانٹی	 باموں کی چھانٹے
common_voice_ur_31091819.mp3	سباب متنوع ہیں۔	 سباب متنوں وے ہے
common_voice_ur_31895936.mp3	لاطینی امریکی ہسپانوی	 لاتینی امریکی ہسپانوی
common_voice_ur_31792793.mp3	اورپھر وہ آگئے۔	 اور پھر وہ آگئے
common_voice_ur_31953244.mp3	بے وقوف نہیں۔	 بے وکوف نہیں
common_voice_ur_32068036.mp3	لیڈران ملت تھے۔	 دیڈران میں لتے
common_voice_ur_31923446.mp3	جائز ٹھہرایا جاسکتاہے؟‘	 جائز ٹھہرایا جا سکتا ہے
common_voice_ur_31823680.mp3	توچاردیواری کے اندر۔	 تو چار دیواری کے اندر
common_voice_ur_31929800.mp3	تو کیوبا کو۔	 توکی وکو
common_voice_ur_31849193.mp3	پیسے آفر ہوئے۔	 پیسے آفر وے
common_voice_ur_31848864.mp3	کشمش کے باقاعدہ	 کشمشکے باقایدہ
common_voice_ur_31823268.mp3	بس جالب تھے۔	 بس جادیب تھے
common_voice_ur_27029000.mp3	دردانہ انصاری کا	 دردامہ انسانکہ
common_voice_ur_26704003.mp3	‘نے دوچیزیں کیں۔	 نے دو چیزے کی
common_voice_ur_31958428.mp3	لوگ چل کرگئےاورمرکرآئے	 لوگ چل کر گئے اور مر کر آئے
common_voice_ur_31832567.mp3	سٹاک مارکیٹ میں	 سٹاک مارکٹ میں
common_voice_ur_31353585.mp3	ابوظہبی کی مبادل	 ابو زیبے کی مبادل
common_voice_ur_31915914.mp3	کلاسیکی سکالر تھا۔	 پلاسی کی سکالر تھا
common_voice_ur_31987605.mp3	میں ٹینشن میں ہوں	 میں تنچن میں ہوں
common_voice_ur_31813118.mp3	بہارتی وومن ٹیم	 باتی بھیمنٹین
common_voice_ur_31975272.mp3	ملیریا کے اسباب	 ملیریہ کے ازباب
common_voice_ur_31959720.mp3	اورغلطی پر ہیں۔	 اور
common_voice_ur_32018216.mp3	نہ ملاح ہے۔	 نام ملا ہے
common_voice_ur_31973714.mp3	سخت کنفیوزڈ ہیں۔	 سخت کنفیوز ہے
common_voice_ur_31973601.mp3	تھوڑا بولو سچ بولو۔	 تھوڑا بولو سچ بولو
common_voice_ur_31954362.mp3	کوٹ ڈی آئیوری	 او ڈی آئے اور یہ
common_voice_ur_31809473.mp3	اورکیا ہونی چاہیے۔	 اور کیا ہونی چاہیے
common_voice_ur_31934723.mp3	تصویر نہ کھنچوان	 اس ویدنا کجوان
common_voice_ur_32036735.mp3	ماری لمبی ہے۔	 اور یہ لنڈی ہے
common_voice_ur_31901353.mp3	پاکستان میں آن	 پاکستان میں آن
common_voice_ur_31927814.mp3	بھوٹان کا وقت	 بھوٹ آن کا وقت
common_voice_ur_31979675.mp3	ووڈا فون آئیڈیا	 ایک ایڈیا ہے
common_voice_ur_31921724.mp3	ریلائنس نے تاریخ	 رلائنچ نتاریب
common_voice_ur_31981559.mp3	احمق مت بنو	 اہمک بطن
common_voice_ur_32011051.mp3	طیارہ ساز کمپنی	 14 ساتھ کمپنی
common_voice_ur_31841070.mp3	مٹھائیاں غائب ہوئیں۔	 مٹھائیں گائب ہوئی ہیں
common_voice_ur_31933003.mp3	انسٹاگرام استعما	 انسٹرگرم اسٹر مار
common_voice_ur_31898743.mp3	مغربی بلوچی	 مجھے بہت سال پڑھتا ہے
common_voice_ur_31792323.mp3	''انٹرنیشنل بریگیڈ‘‘۔	 انترنیسٹنل بریکیڈ
common_voice_ur_32020371.mp3	فرینچ گیانا	 پرانچ گیا ناؤ
common_voice_ur_31863749.mp3	پردہ اٹھادو	 پردہ اٹھا دو
common_voice_ur_32067023.mp3	کوسٹا ریکا	 کوستہ رکہ
common_voice_ur_31823447.mp3	جاپانی سیلابریز	 جپانی سلا بریز
common_voice_ur_32007032.mp3	کراچے بالکر	 کرچے بالکر
common_voice_ur_31812773.mp3	جزائر فارو	 جزائر فارو
common_voice_ur_31970558.mp3	ایکواڈور	 ایک یوں ادر
common_voice_ur_31951475.mp3	بریٹن	 برٹن
common_voice_ur_31951990.mp3	کیمین آئلینڈز	 کیمن آیلینڈز
common_voice_ur_32055473.mp3	کمبوڈیا	 کبوڑیا
common_voice_ur_32028762.mp3	چینّے	 چینہ
common_voice_ur_31878381.mp3	لاؤس	 ناؤس
common_voice_ur_31863875.mp3	ہالیگینون	 بھالی گی نور
common_voice_ur_31998482.mp3	اوادھی	 اور ادھے
common_voice_ur_32038451.mp3	بافيا	 بافیا
common_voice_ur_31928425.mp3	تیلگو	 تیل گو
common_voice_ur_31918054.mp3	چیچن	 جیچن
common_voice_ur_31901340.mp3	گجراتی	 گجراتی
common_voice_ur_31969648.mp3	گریناڈا	 گھرنڈال
common_voice_ur_31901025.mp3	آسٹریا	 آسٹریا
common_voice_ur_31987331.mp3	کٹاکانا	 قطا کانہ
common_voice_ur_31809597.mp3	ہسپانیہ	 حزبانیہ
common_voice_ur_31846394.mp3	گیبون	 یہ بون ہے
common_voice_ur_32048475.mp3	بلغاریہ	 بلگاریا
common_voice_ur_32053370.mp3	جرسی	 جس سی
common_voice_ur_31954258.mp3	ہونڈاروس	 اور ڈا دوس
common_voice_ur_32012262.mp3	بیلجیم	 ایڈیم
common_voice_ur_31906194.mp3	ایتھوپیا	 ایتیوبیہ
common_voice_ur_32015924.mp3	ہیٹی	 ہےٹی
common_voice_ur_31946804.mp3	برونائی	 بڑھوں نہیں
common_voice_ur_32003437.mp3	تائتا	 دا ڈا
common_voice_ur_31952708.mp3	کریبیائی	 قریبی آئی
common_voice_ur_31829870.mp3	تمل	 تمہل
common_voice_ur_32008171.mp3	کنوری	 کواری
common_voice_ur_32004244.mp3	گیمبیا	 یہ مبیم
common_voice_ur_31976721.mp3	انڈونیثیائی	 اندونیسی
common_voice_ur_31849114.mp3	گوئرنسی	 گوھرن تھی
common_voice_ur_31935653.mp3	ہوسکتا ہے کہ آپ کو اپنے انسٹاگرام نیوزفیڈ پہلے سے بہتر لگ رہا ہو یا بہت جلد وہ کچھ بہتر نظر آنے لگے گا	 ہو سکتا ہے کہ آپ کو اپنے انسٹرگرم نیوز فیٹ پہلے سے بہتر لگ رہا ہو یا بہت جلد وہ کچھ بہتر نظر آنے لگے
common_voice_ur_31970803.mp3	ہوسکتا ہے کہ آپ کو اپنے انسٹاگرام نیوزفیڈ پہلے سے بہتر لگ رہا ہو یا بہت جلد وہ کچھ بہتر نظر آنے لگے گا	 ہو سکتا ہے کہ آپ کو اپنے انسٹرگرام نیوز فیڈ پہلے سے بہتر لگ رہا ہو یا بہت جلد وہ کچھ بہتر نظر آنے لگے گا
common_voice_ur_31916416.mp3	آنے والے عالمی کپ میں کپتان کی تبدیلی کے حوالے سے ایک سوال پر رمیز راجہ نے کہا کہ یہ ناگزیر معاملہ ہے	 آنے والے آلمی کبت میں کبتان کی تبدیلی کے حوالے سے ایک سوال پر رمیز راجہ نے کہا کہ انا گزرے معاملہ ہے
common_voice_ur_31834008.mp3	ان تمام اقدامات کا مقصد صارفین کو ونڈوز ایکس پی سے نئے آپریٹنگ سسٹم پر اپ گریڈ ہونے میں مدد فراہم کرنا ہے	 ان تمام اقتدامات کا مقصد سارفین کو Windows XP سے نئے آپریٹنگ سسٹم پر اپ گریٹ ہونے میں مدد فراہم کرنا ہے
common_voice_ur_31978020.mp3	ان تمام اقدامات کا مقصد صارفین کو ونڈوز ایکس پی سے نئے آپریٹنگ سسٹم پر اپ گریڈ ہونے میں مدد فراہم کرنا ہے	 ان تمام اقدامات کا مقصد ساریفین کو وندو ایکس پی سے نئے اپریٹنگ سسٹم پر اپ گرڈ ہونے میں مدد فرہام کرنا ہے
common_voice_ur_38417090.mp3	جب تم دنیا کی مفلسی سے تنگ آجاﺅ اور رزق کا کوئی راستہ نہ نکلے تو صدقہ دے کر اللہ سے تجارت کیا کرو	 جب تم دنیا کی مفلسی سے تنگ آجاؤ اور رزق کو کوئی راستہ نہ نکلے تو صدقہ دے کر اللہ سے تجارت کیا کرو
common_voice_ur_31951803.mp3	آنے والے عالمی کپ میں کپتان کی تبدیلی کے حوالے سے ایک سوال پر رمیز راجہ نے کہا کہ یہ ناگزیر معاملہ ہے	 آنے والے عالمی کپ میں کمتان کی تبدیلی کے حوالے سے ایک سوال پر رمیز راجہ نے کہا کہ یہ ناغزیر معاملہ ہے
common_voice_ur_31849543.mp3	ہوسکتا ہے کہ آپ کو اپنے انسٹاگرام نیوزفیڈ پہلے سے بہتر لگ رہا ہو یا بہت جلد وہ کچھ بہتر نظر آنے لگے گا	 ہو سکتا ہے کہ آپ کو اپنے انسٹرام نیو سپیٹ پہلے سے بہتر لگ رہا ہو یا بہت جلد وہ کچھ بہتر نظر آنے لگے
common_voice_ur_31951090.mp3	لیکن توانائی کے متبادل ذرائع ملنے اور انتھک محنت سے تلاش کرنے کی وجہ سے دن بدن تیل کی ضرورت کم ہوتی جارہی ھے	 لیکن تبانائی کے مطبا دل جرائے ملنے اور انتہا مینت سے تلاش کرنے کی وجہ سے دن ما دن تیر کی ضرورت کم ہوتی جا رہی ہے
common_voice_ur_38459497.mp3	چلو کوئی بات نہیں کبھی وہ دن بھی اللہ لائے گا جب ہم رمضان اور عید دونوں وہیں کریں گے جلدی آئے	 جو ہم رمزان اور اید دونوں وہیں کریں گے جلدی آئے
common_voice_ur_31986431.mp3	اس کا نتیجہ یہ نکلا ہے کہ اس لفظ کا رائے یا نقطۂ نظر کے مفہوم میں استعمال کم و بیش متروک ہو گیا ہے	 اس کا نتیجہ یہ نکلا ہے کہ اس لفظ کا رائے یا نقطہ نظر کے مفہوم میں استعمال کم و بیش متروک ہو گیا ہے
common_voice_ur_38492516.mp3	چلو کوئی بات نہیں کبھی وہ دن بھی اللہ لائے گا جب ہم رمضان اور عید دونوں وہیں کریں گے جلدی آئے	 چنو کوئی بات نہیں کبھی وہ دن بھی اللہ لائے گا جب ہم رمزان اور اید دونوں وہیں کریں گے جلدی آئے
common_voice_ur_31823091.mp3	لیکن توانائی کے متبادل ذرائع ملنے اور انتھک محنت سے تلاش کرنے کی وجہ سے دن بدن تیل کی ضرورت کم ہوتی جارہی ھے	 لیکن طوانائی کے مطبع دل زرائے ملنے اور انتھک مہنت سے تلاش کرنے کی وجہ سے دن تیل کی ضرورت کم ہوتی جا رہی ہے
common_voice_ur_38475648.mp3	چلو کوئی بات نہیں کبھی وہ دن بھی اللہ لائے گا جب ہم رمضان اور عید دونوں وہیں کریں گے جلدی آئے	 چلو کوئی بات نہیں کبھی وہ دن بھی اللہ لاہیے گا جب ہم رمزان اور ایت دونوں وہیں کریں گے جلتی آئے
common_voice_ur_31866646.mp3	لیکن توانائی کے متبادل ذرائع ملنے اور انتھک محنت سے تلاش کرنے کی وجہ سے دن بدن تیل کی ضرورت کم ہوتی جارہی ھے	 لیکن طبانائی کے متبادل زرائے ملنے اور انتہک مینات سے تلاش کرنے کی وجہ سے دن بدن تیل کی ضرورت کم ہوتی جا رہی ہے۔
common_voice_ur_32000065.mp3	مگر ان جوانوں کی شہادت کو کسی نے یاد نہیں کیا جو پچھلے بارہ سال سے دہشت گردی کی جنگ میں شہید ہوئے	 مگر ان جوانوں کی شہادت کو کسی نے یاد نہیں کیا جو پچھلے بارہ سال سے تیشت کرتی کی جنگ میں شہید ہوئے
common_voice_ur_31813939.mp3	اس کا نتیجہ یہ نکلا ہے کہ اس لفظ کا رائے یا نقطۂ نظر کے مفہوم میں استعمال کم و بیش متروک ہو گیا ہے	 اس کا نتیجہ یہ نکلا ہے کہ اس لپس کے رائے یا نقطہ نظر کے محفوم میں استعمال کا مو بیش متروک ہو گیا ہے۔
common_voice_ur_31837014.mp3	مائیکروسافٹ کارپوریشن نے کہنا ہونا کہ وُہ اپنا تازہ ترین کنسول کو نومبر میں کِسی وقت فروخت کا لینا پیش کرنا گانا	 مائیکو سو پورپریشن نے کہنا ہونا کہ وہ اپنا تازہ ترین کنسول کو نومبر میں کسی وقت فروح کا لینا پیش کرنا گانا
common_voice_ur_31916651.mp3	تاہم اس میں بہت سے نئے فیچرزاور ایپلی کیشنز کو شامل کرنے کے ساتھ ساتھ موجودہ ورژن کی خامیوں کو بھی دور کیا گیا ہے	 تاہم اس میں بہت سے نئے فیچر اور ایپلیکیشنز کو شامل کرنے کے ساتھ ساتھ موجودہ ورزن کی خامیوں کو بھی دور کیا گیا ہے
common_voice_ur_31793965.mp3	اس مدد کیلئے زلزلہ یا سیلاب کا متاثر ہونا ضروری نہیں ھے اور نہ ہی لائن میں لگ کر ڈانڈے کھانے کی ضرورت ھے	 اس مدد کیلئے زلزلہ یا سلاح کا متاثر ہونے ضروری نہیں ہے اور نہ ہی لائن میں لگ کر ڈانڈے کھانے کی ضرورت ہے
common_voice_ur_31967350.mp3	بنگلہ دیش کی عدالتِ عالیہ نے طلاق کے ایک مقدمے کا فیصلہ کرتے ہوئے علما کے فتووں کو غیر قانونی قرار دیا ہے	 بنگلہ دیش کی ادالت آلیہ نے تلاق کے ایک مقدمے کا فیصلہ کرتے ہوئے عالمہ کی فتوح کو غیر کانونی قرار دیا ہے
common_voice_ur_31809572.mp3	کہ اللہ تعالیٰ کی طرف سے سیدھی راہ پر لگانے کے ساتھ ساتھ گمراہ کرنے کا بندوبست بھی کیا گیا ہے	 کہ اللہ تعالیٰ کی طرف سے سیدی راہ پر لگنے کے ساتھ ست گمراہ کرنے کا بندوبست بھی کیا گیا ہے
common_voice_ur_31889833.mp3	ٹیکساس جولائی ایجنسی ماہرین نے انکشاف کیا ہے کہ آم کو جسمانی موٹاپے میں کمی کرنے والا بہترین پھل قرار دیا گیا ہے	 ٹیکساس جلائی اجنسی مہری نے انکشاف کیا ہے کہ آم کو جسمانی بٹاپے میں کمی کرنے والا بہترین فل کرال دیا گیا ہے
common_voice_ur_32026861.mp3	اچھے مستقبل کی خاطر ہم اور بہت سے لوگ محض اپنا وطن اپنی جان سے پیا را پاکستان چھوڑ آئے ہیں	 ہم اور بہت سے لوگ اپنے وطن اپنی جان سے پیارہ پاکستان چھوڑ آئے ہیں
common_voice_ur_31957529.mp3	ساتھ یہ جھوٹ بھی بولا ہے کہ فوج کا ایک بھی سپاہی بلوچستان میں نہیں لڑ رہا بلکہ فوجی بیرکوں میں بیٹھے ہیں	 ساتھ یہ چھوٹ بھی بولا ہے کہ فوج کا ایک پی سپائی بلوچستان میں نہیں لڑا ہے بلکہ فوج بیرکوں میں بیٹھے ہیں
common_voice_ur_31823588.mp3	مائیکروسافٹ سکیوریٹی ایزنشل کی اپ ڈیٹس ونڈوز ایکس پی کی سپورٹ ختم ہونے کے ایک سال بعد تک ملتی رہیں گی	 مائیکرسوٹ سیکیورٹی ایسنچلز کی اپڈیٹس، ونڈوز ایکس پی کی سپورٹ ختم ہونے کے ایک سال بعد تک ملتی رہیں گی۔
common_voice_ur_31793938.mp3	کسی عالمِ دین یا کسی اور غیر مجاز فرد کی طرف سے اس کام کو انجام دینے کی کوشش سراسر تجاوز ہے	 کسی عالمِ دین یا کسی اور غیر مجاز فرد کی طرف سے اس کام کو انجام دینے کی کوشش سرسر تجاوز ہے
common_voice_ur_31837145.mp3	مائیکروسافٹ کے مشہور زمانہ آپریٹنگ سسٹم ونڈوز کا نیا ورژن اب کمپنی ویب سائیٹ پر پری آرڈر کے لیے دستیاب ہے	 مائیکرسوفٹ کے مشہور زمانہ اپری اوپریٹنگ سسٹم ونڈوز کا نیا ورژن اب کمپنی ویبسائٹ پر پری اوڈر کے لئے دستیاب ہے
common_voice_ur_31916802.mp3	دوسرے اس موقع پر جب کوئی عالمِ دین کسی خاص واقعے کے حوالے سے اپنا قانونی فیصلہ صادر کرتا ہے	 دوسرے اس موقع پر جب کوئی عالمِ دین کسی خاص واقعے کے حوالے سے اپنا قانونی فیصلہ صادر کرتا ہے
common_voice_ur_31835459.mp3	تازہ ترین تحقیق کے مطابق اب ایک ایسا طریقہ ایجاد کر لیا گیا ہے جس سے قسمت کو بدلہ جاسکتا ہے	 تازہ ترین تحقیق کے مطابق اب تک ایسا طریقہ ایجاد کر لیا گیا ہے جس سے قسمت کو بدلہ جا سکتا ہے۔
common_voice_ur_31961763.mp3	تازہ ترین تحقیق کے مطابق اب ایک ایسا طریقہ ایجاد کر لیا گیا ہے جس سے قسمت کو بدلہ جاسکتا ہے	 تازترون تحقیق کے مطابق اب ایسا طریقہ اجاد کر دیا جیسے کسمت کو بدلا جا سکتا ہے
common_voice_ur_31982137.mp3	قدرتی حسن کی دولت سے مالا مال ان علاقوں میں غر بت اور پس ماندگی سیاح کو غم زدہ کر دیتی ہے ۔	 قدرتی حسن کی دولت سے مالہ مال ان علاقوں میں غربت اور پسماندگی سیاہ کو غم زدہ کر دیتی ہے۔
common_voice_ur_31990492.mp3	چنانچہ فتویٰ اگر مخاطب کی پسند کے مطابق نہ ہو تو اکثر وہ اسے ماننے سے انکار کر دیتا ہے	 چنانچہ فضوہ اگر مخاطب کی پسند کی مطابق نہ ہو تو اکثر وہ اسے ماننے سے انکار کر دیتا ہے
common_voice_ur_31864820.mp3	اور ٹیم میں جگہ پکی ہونے کا خمار ان کھلاڑیوں کو اپنے اصل مقام سے دور لیے جا رہا ہے ۔	 اور ٹیم میں جگہ پکے ہونے کا کمار ان کھلایوں کو اپنے اثر مقام سے دول دیئے جا رہا ہے
common_voice_ur_31990580.mp3	سوال و جواب کی ویب سائٹ کورا نے اعلان کیا ہے کہ ان کے لاکھ رجسٹرڈ صارفین کا ڈیٹا کنفرم ہوگیا ہے	 سوال و جواب کی ویپسائیٹ کورا نے اعلان کیا ہے کہ ان کے لاکھ ریجسٹر سارفین کا ڈیٹا کنفرم ہو گیا ہے
common_voice_ur_31829279.mp3	اب میں ان بر گر اور پیپسی خوروں کو کیسے سمجھاتا کہ میٹھا آملیٹ ہونے کے لئے سننا کوئی ضروری تھوڑی ہے	 اب ان برگر اور پیپسی خوروں کو کیسے سمجھاتا کہ میٹھا املیٹ ہونے کیلئے سننا کوئی ضروری تھوڑی ہے
common_voice_ur_32638192.mp3	مجھے تو یہی سمجھ نہیں آرہا کہ جب یہ اتنے پیسے والے ہیں تو ایک اپارٹمنٹ رینٹ کر کے قدسیہ کو کیوں نہیں دے دیتے	 مجھے تو یہی سمجھ نہیں آ رہا کہ جب یہ اتنے پیسے والے ہیں تو ایک اپارٹمنٹ رینڈ کر کے کدسیا کو کیوں نہیں دے دیتے
common_voice_ur_32015561.mp3	مائیکروسافٹ سکیوریٹی ایزنشل کی اپ ڈیٹس ونڈوز ایکس پی کی سپورٹ ختم ہونے کے ایک سال بعد تک ملتی رہیں گی	 مائیکروسوفٹ سیکرورٹی ایسینشل کی اپڈیٹ سے ونڈوز اکس پی کی سپورٹ ختم ہونے کے ایک سال بعد تک ملج رہیں گی
common_voice_ur_31982672.mp3	کویتی پارلیمنٹ نے اسرائیل کے ساتھ تجارت کرنے والوں کو ایک سال سے تین سال تک سزاؤں کا قانون منظور کر لی	 کوئی تی پارلمنڈ نے ازرائیل کے ساتھ تجارت کرنے والوں کو ایک سال سے تین سال تک سزاوں کا کانمیں ملزور کرلی
common_voice_ur_31834880.mp3	وقت گزرنے کے ساتھ ہر ہر کام میں نقص اور نکتہ چینی کرنا سسرال والوں کی عادت بن جاتی ہے	 وقت گزرنے کے ساتھ ہر ہر کام میں نقص اور نقطہ چینی کرنا سسرال والوں کی عادت بن جاتی ہے۔
common_voice_ur_31982486.mp3	ہم گاڑی سے اتر رہے تھے کہ گاڑی کے کلنڈر نے لسی سے بھری ہوئی تین بوتلیں ہمارے سپرد کر دیں ۔	 ہم گاری سے اتر رہے تھے کہ گاری کی کلینڈر میں اکلسی سے بھری ہوئی تیر بوٹلیں ہمارے سپورٹ کر دی
common_voice_ur_31992444.mp3	وقت گزرنے کے ساتھ ہر ہر کام میں نقص اور نکتہ چینی کرنا سسرال والوں کی عادت بن جاتی ہے	 پہلے تجربنے کے ساتھ ہر ہر کام میں نقص اور نکتہ جنگی کرنا سزار والوں کی عادت بن جاتی ہے
common_voice_ur_31790637.mp3	ہم گاڑی سے اتر رہے تھے کہ گاڑی کے کلنڈر نے لسی سے بھری ہوئی تین بوتلیں ہمارے سپرد کر دیں ۔	 ہم گاڑی سے اترہے تھے کہ گاڑی کے کلینڈر نے لسی سے بھری ہوئی تین بوٹلیں ہمارے سپورت کر دیں
common_voice_ur_31903049.mp3	ہم گاڑی سے اتر رہے تھے کہ گاڑی کے کلنڈر نے لسی سے بھری ہوئی تین بوتلیں ہمارے سپرد کر دیں ۔	 ہم گاری سے اتر رہے تھے کہ گاری کے پلندن نے لسی سے بھری ہوئی تین گوھلے ہمارے سپورٹ کر دیں
common_voice_ur_31919780.mp3	اگر اسے نفاذ سے محروم رکھا جائے تو اس کی حیثیت محض رائے اور نقطۂ نظر کی سی ہوتی ہے	 اگر اسے نفات سے محروم رکھا جائے تو اس کی حصیت محض رائے اور نقطہ نظرگیسی ہوتی ہے۔
common_voice_ur_32021126.mp3	اس مرتبہ کرک نامہ سے غیر حاضری کچھ زیادہ ہی طویل ہوگئی ہے جس کا سبب ذاتی مصروفیت تھی	 اس مردور کالکلام میں سے گیر آوی کچھ زیادہ ہی تعلیل ہو گئی جس کا سبق ویاتی مسئلہ سیات
common_voice_ur_31928315.mp3	اس مرتبہ کرک نامہ سے غیر حاضری کچھ زیادہ ہی طویل ہوگئی ہے جس کا سبب ذاتی مصروفیت تھی	 ایک مرتبہ کرک نامہ سے غیر حاضری کچھ زیادہ ہی طویل ہو گئی ہے جس کا سبب ذاتی مسروفیت تھی
common_voice_ur_38429784.mp3	لیکن اس صورتحال کے باوجود بہت سے ایسے موضوعات ہیں جن پہ خاطر خواہ اظہار خیال سراسر ناممکن ہے۔	 لیکن اس صورت حال کے باوجود بہت سے ایسے موضوعات ہیں جن پر خاطر خواہ اظہار خیال سراسر ناممکن ہے۔
common_voice_ur_31846377.mp3	جبکہ اس میچ میں دیگر بیٹسمین اور خاص طور پر پاکستان کا ٹاپ آرڈر بری طرح ناکام ہوا تھا ۔	 جبکہ اس میچ میں دیگر بیسٹ میں اور خاص طور پاکیسان کا ٹاپ آڈر بری طرح نہ کام ہوئے تھا
common_voice_ur_31846592.mp3	مگر دوسرے میچ میں قومی ٹیم کی متواتر ناکام کارکردگی نے زمبابوے کو جشن منانے کا موقع فراہم کردیا	 دوسرے میچ میں کوئی ٹیم کی مطبوط ناکام کرکڑکی نے زمبابی کو ڈشن منانے کا موقع فرام کر دیا
common_voice_ur_31962833.mp3	ان کی کسی تحقیق یا اجتہاد کو جب عدلیہ یا پارلیمنٹ قبول کرے گی تو وہ قانون قرار پائے گا	 ان کی کسی تحقیق یا استحاد کو جب عطلیہ یا پارلومنٹ قبول کرے گی تو وہ قانون قرار پائے تا
common_voice_ur_31835231.mp3	جب گاڑی نے ہماری منزل پر آ کر بریک لگائی تو سب نے نیک خواہشات کے ساتھ ہمیں الوداع کیا	 جب گاڑی نے ہماری منظل پر آکر بریٹ لگائی تو سب نے نیک ہواہشات کے ساتھ ہمیں الو دا کیا
common_voice_ur_38483818.mp3	ذرائع کے مطابق اجلاس میں سابق صدر آصف زرداری اور بلاول بھٹو سمیت پارٹی کی سینیئر قیادت بھی شریک رہی۔	 زرائے کے مطابق اجلاس میں سابق صدر عاصف زرداری اور بلاول بھٹو سمیت پارٹی کی سینیر کیادت بھی شریق لئی
common_voice_ur_41168591.mp3	چند نظموں اور غزلوں کی اصلاح کے بعد داغ دہلوی نے یہ لکھ دیا کہ آپ کو مزید اصلاح کی ضرورت نہیں ہے	 چن نظبوں اور غزلوں کی اسلاح کے بعد داخدلوی نے یہ لکھ دیا کہ آپ کو مزید اسلاح کی ضرورت نہیں ہے۔
common_voice_ur_31823901.mp3	جنہیں وینٹیلیٹر چلانا تو کیا نام بھی صحیح طرح لینا نہیں آتا وہاں پر بنائی گئی ویڈیو بھی موجود ہیں	 جنہیں وینٹیلیٹر چلانا تو کیا نام بھی صحیح طرح لینا نہیں آتا وہاں پر بنائی گئی ویڈیو بھی موجود ہیں
common_voice_ur_31916624.mp3	مردم شماری کے نتائج کے مطابق چین میں عمر رسیدہ افراد کی آبادی میں تیزی سے اضافہ ہو رہا ہے	 مردم شماری کے نتائج کے مطابق چین میں عمر رسیدہ افراد کی آبادی میں تیزی سے اضافہ ہو رہا ہے
common_voice_ur_31915823.mp3	اس کا مطلب یہ ہوتا ہے کہ کوئی شہری عدلیہ کو چیلنج کرنے کے لیے کھڑا ہو گیا ہے	 اس کا مطلب یہ ہوتا ہے کہ کوئی شہری ادلیا کو جیلش کرنے کے لیے کھڑا ہو گیا ہے
common_voice_ur_31834997.mp3	جس کا بجٹ زیربحث نہ لایا جا سکے ، جس نے ملکی قیادت پر کئی بار شب خون مارا ہو	 جس کا بجد جیرے بحث نہ لائے جا سکے جس نے مون کی قیادت پر کئی بارشہ خون مارا ہو
common_voice_ur_38254170.mp3	اس وقت حکمران طبقے کو حیرت ہے کہ آسودہ حال لوگ دھرنے کی بات کیوں کر رہے ہیں؟	 اس وقت حکمران تبکے کو حیرت ہے کہ آسودہ حال لوگ ڈھرنے کی بات کیوں کر رہے ہیں
common_voice_ur_31809172.mp3	اس جز کے اعتبار سے متون میں صرف ایک ہی فرق روایت ہوا ہے اور وہ یہ ہے کہ	 اس جس کے اعتبار سے مدون میں صرف ایک ہی فرق روایت ہوا ہے اور وہ یہ ہے کہ
common_voice_ur_31794345.mp3	لیکن جہاز سے چھلانگ ر اور شوٹ کھل کے وقفہ کے ان جسطرح زندہ کی فلم آپ کی آنکھوں کے سام چلتی ہے	 لیکن جہاز سے چلانگ رے اور شوٹ کھل کے وقت پہ کہ ان جس طرح زندہ کی فلم آپ کی آنکھوں کے سام چلتی ہے
common_voice_ur_32040492.mp3	کیونکہ قومی ٹیم کی خامیاں جنوبی افریقہ اور سری لنکا کے خلاف مصیبتوں کا پھندہ بن سکتی ہیں ۔	 کیونکہ قومی ٹیم کی خامیہ دنوبی اپریکا اور سرلنکا کے خلاف مسئلہ کا کھاندہ بن سکتی ہیں
common_voice_ur_31823677.mp3	نئی دہلی دسمبر سیاست ڈاٹ کام بھارت نے پاکستان میں میچز کھیلنے کی دعوت قبول کر لی ہے	 نئی دیلی دسمبر سیاست ڈاٹ کوم بھارت نے پاکستان میں میچز کھیلنے کی دعوت کبول کر لی ہے
common_voice_ur_38439189.mp3	"نواز شریف صاحب اگر مسلم ہائے لیگ کو ایک مسلم لیگ نہیں بنا سکتے تو اس کی "" ہائے ہائے "" کو تو غیر موثر بناسکتے ہیں۔"	 نواز شریف صاحب اگر مسلم ہائے لیگ کو ایک مسلم لیگ نہیں بنا سکتے تو اس کی ہائے ہائے کو تم غیر مصر بنا سکتے ہیں
common_voice_ur_31969729.mp3	اس کا مطلب یہ ہوتا ہے کہ کوئی شہری عدلیہ کو چیلنج کرنے کے لیے کھڑا ہو گیا ہے	 اس کا مطلب یہ ہوتا ہے کہ کوئی شہری ادلیا کو چیلنج جنے کے لیے کھڑا ہو گیا ہے
common_voice_ur_31837188.mp3	اگر آپ اس وقت ونڈوز استعمال کر رہے ہیں تو آپ کو یہ نیا ورژن خریدنے کی ضرورت نہیں	 اگر آپ اس وقت وینڈوز استعمال کر رہے ہیں تو آپ کو یہ نیا ویڈیویں کھریچنے کی ضرورت نہیں
common_voice_ur_31790491.mp3	کیونکہ قومی ٹیم کی خامیاں جنوبی افریقہ اور سری لنکا کے خلاف مصیبتوں کا پھندہ بن سکتی ہیں	 کیوں کہ کومیٹنگ کی خامیاں جنوبی افریقہ اور سری لنکہ کے خلاف مسیبتوں کا پندہ بن سکتی ہیں
common_voice_ur_31906250.mp3	میں خود ایک مہینے تک اس بیماری کا شکار رہا ہوں ۔سمجھ ہی نہیں آتی کیا ہو رہا ہے۔	 میں خود ایک مہینے تک اس میماری کا شکارہاں ہوں، سمجھ ہی نہیں آتی کیا ہو رہا ہے
common_voice_ur_31902115.mp3	اس جز کے اعتبار سے متون میں صرف ایک ہی فرق روایت ہوا ہے اور وہ یہ ہے کہ	 اس جیسکے کے اعتبار سے محطوم میں صرف ایک ہی سال کا وحاد ہوا ہے اور وہ یہ ہے کہ
common_voice_ur_32019473.mp3	کہ نبی صلی اللہ علیہ وسلم کا یہ ارشاد اپنے ایک عمل کی دلیل کے طور پر تھا	 کہ نبیؐ کا یہ اشاد اپنے ایک امل کی دلیل کے طور پر تھا
common_voice_ur_31961728.mp3	مائیکروسافٹ کا مؤقف ہے کہ صارفین کو جدید آپریٹنگ سسٹم پر منتقل ہونے میں دیر نہیں کرنی چاہیے	 مائیکروسوفٹ کا موقف ہے کہ سارفین کو جدید اپریٹنگ سسٹم پر منتقل ہونے میں دیر نہیں کرنی چاہیے
common_voice_ur_31930642.mp3	سامنے چیڑ کے نوکیلے پتوں والے دراز قد درخت اس نورانی منظر میں کسی سائے کی طرح معلوم ہوتے تھے	 سامنے چیڑ کے نوگیلے پتوں والے دراز کا درخت اس نورانی منظر میں کسی سائی کی طرح ملوک ہوتے تھے
common_voice_ur_31968860.mp3	امیر محترم نے فیصلہ کیا کہ پہلے ایک آملیٹ چاٹ مصالحہ ڈال کر بنایا جائے اور اسے چیک کیا جائے	 امین محسرم نے فیصلہ کیا کہ پہلی ایک اوملٹ چارڈ مسئلہ ڈال کر بنائی جائے اور اسے چیک کیا جائے
common_voice_ur_31982343.mp3	امیر محترم نے فیصلہ کیا کہ پہلے ایک آملیٹ چاٹ مصالحہ ڈال کر بنایا جائے اور اسے چیک کیا جائے	 امیر مہترم نے فیصلہ کیا کہ پہلے ایک امیر چاٹ مسالہ رکھیں اور اسے چیک کیا جائیں
common_voice_ur_31959201.mp3	ان کا پلان ھے کہ دو ہزار تیرہ تک روزانہ تیل کی تیرہ لاکھ بیرل تک کی پیداوار کم کر دی جائے	 ان کا پلان ہے کہ 2013 تک روانہ تیل کی 13 لاکھ بیرل تک کی پیداوار کم کر دی جائے
common_voice_ur_31813279.mp3	مردم شماری کے نتائج کے مطابق چین میں عمر رسیدہ افراد کی آبادی میں تیزی سے اضافہ ہو رہا ہے	 مردم شماری کے نتائج کے مطابق چین میں عمر اسیدہ افراد کی عبادی میں تیزی سے اضافہ ہو رہا ہے۔
common_voice_ur_31844782.mp3	اور جب ایک ہی جیسا مینہ آسماں سے برستا ہے تو کہیں رحمت بن جاتا ہے اور کہیں زحمت مگر کیوں	 اور جب ایک ہی جیسا مینا اسمان سے بیرستہ ہے تو کہیں رحمت بن جاتا ہے اور کہیں زحمت مگر کیوں؟
common_voice_ur_31791862.mp3	امیر محترم نے فیصلہ کیا کہ پہلے ایک آملیٹ چاٹ مصالحہ ڈال کر بنایا جائے اور اسے چیک کیا جائے	 امیر مہترم نے فیصلہ کیا کہ پہلے ایک اوملٹ چھٹ مسالہ ڈال کر بنائی جائے اور اسے چیک کیا جائے
common_voice_ur_31834877.mp3	مائیکروسافٹ کا مؤقف ہے کہ صارفین کو جدید آپریٹنگ سسٹم پر منتقل ہونے میں دیر نہیں کرنی چاہیے	 مائیکرسوف کا موقف ہے کہ سارفین کو جدید آوپرائٹنگ سسٹم پر منتقل ہونے میں دیر نہیں کرنی چاہیے
common_voice_ur_31877865.mp3	سی پیک کے تحت شراکت داری میں خدمات فراہم کرنے چینی لا فرم کا وفد پاکستان پہنچ گیا	 سی بیک کے دائچ شراکت داری میں ہدمات فرانکننے چینی لا فرم کے وف پاکستان پہنچ گیا
common_voice_ur_31848456.mp3	اس جز کے اعتبار سے متون میں صرف ایک ہی فرق روایت ہوا ہے اور وہ یہ ہے کہ	 اس جس کے اعتبار سے مطون میں صرف ایک ہی فر روایت ہوا ہے اور وہ یہ ہے کہ
common_voice_ur_38444120.mp3	اس وقت ہمارے لبرل دوست تنقید کرتے تھے کہ دہشت گردوں سے مذاکرات کیوں کئے جا رہے ہیں؟	 یہ صورت ہمارے لبرل دوست تنقید کرتے تھے کہ دیشت کردوں سے مذاقرات کیوں کیا جا رہے ہیں
common_voice_ur_31975798.mp3	یہ نہیں کہا جائے گا کہ زید کی طرف سے دی گئی ایک وقت کی تین طلاقیں واقع ہو گئی ہیں	 یہ نہیں کہا جائے گا کہ زد کی طرف سے دی گئی ایک وقت میں تین تلاقیں واقعہ ہو گئی ہیں
common_voice_ur_31916504.mp3	ممبئی بالی ووڈ اداکار سنجے دت کی بیٹی تریشالا دت نے کہا ہے کہ ان کا بالی ووڈ میں کام کرنے کا ارادہ ہے	 ممبئی بولیوڈ ادھاکار، سنجدت کی ویٹی تریشہ لادت نے کہا ہے کہ ان کا بولیوڈ میں کام کرنے کا ارادہ ہے
common_voice_ur_31793531.mp3	بلکہ طالبِ علمانہ لب و لہجے میں محض علم و استدلال کی بنا پر اپنا نقطۂ نظر پیش کیا جائے گا	 بلکہ طالبِ علمانہ لب و لحجے میں محض علم و استدلال کی بنان پر اپنا نقطہ نظر پیش کیا جائے گا
common_voice_ur_38459740.mp3	مجھے اس کی اسٹوری کی کوئی سمجھ نہیں آ رہی پھر بھی میں سب سے زیادہ اس ڈرامے سے انٹرٹین ہوتی ہوں	 مجھے اس کی سٹوری کی کوئی سمجھ نہیں آ رہی پھر بھی میں سب سے زیادہ اس ڈرامے سے انٹرٹین ہوتی ہوں
common_voice_ur_31918528.mp3	نئی دہلی دسمبر سیاست ڈاٹ کام بھارت نے پاکستان میں میچز کھیلنے کی دعوت قبول کر لی ہے	 نئی دھیلی دسمبر سیاسد ڈاٹ کون بھارت نے پاکستان میں میجز کھیلنے کی دعوت قبول کر لی ہے
common_voice_ur_38426475.mp3	"سیکولرازم کو حال ہی میں پیارے ہونے والے ''نیو سیکولر دوست"" یہ سوال اٹھاتے ہیں کہ نظریہ پاکستان ہے۔"	 سیکلرزم کو حال ہی میں پیارے ہونے والے نیو سیکلر دوست یہ سوال اٹھاتے ہیں کہ نظریہ پاکستان ہے
common_voice_ur_38478645.mp3	اس لیے یہ بات میری سمجھ میں نہیں آ رہی کہ اسلام کو کس سے خطرہ ہے؟	 اس لئے یہ بات میری سمجھ میں نہیں آرہی کہ اسلام کو کس سے خطرہ ہے؟
common_voice_ur_31982831.mp3	میں سوچ رہا تھا کہ اگر یہ جگہ اتنی خوب صورت ہے تو جنت کیسی ہو گی	 میں سوچ رہا تھا کہ اگر یہ جگہ اتی خوبصورت ہے تو جنت کیسی ہوگے؟
common_voice_ur_31975653.mp3	دوسرے الفاظ میں، وہ ریاست کے اندر اپنی ایک الگ ریاست بنانے کا اعلان کر رہا ہوتا ہے	 دوسرے الفاظ میں وہ ریاست کے اندر اپنی ایک الگ ریاست بنانے کا اعلان کر رہا ہوتا ہے
common_voice_ur_31990508.mp3	دوسرے الفاظ میں، وہ ریاست کے اندر اپنی ایک الگ ریاست بنانے کا اعلان کر رہا ہوتا ہے	 دوسرے الفاظ میں وہ ریاست کے اندر ایک الگ ریاست بنانے کا اعلان کر رہا ہوتا ہے
common_voice_ur_31848932.mp3	اگر اس مضمون کو آپ نے کچھ دیر قبل بنایا ہے اور ابھی ظاہر نہیں ہو رہا ہے	 اگر اس ملکون کو آپ نے کچھ دیر قبل بنائیا ہے اور ابھی ظاہر نہیں ہو رہا ہے
common_voice_ur_31837260.mp3	اس خاندان نے ملک کے لیے نہیں اقتدار کے لیے جان دی اس وقت پاکستان کا سب سے امیر خاندان ہے	 اس خاندان نے ملک کے لئے نہیں اقتداد کے لئے جان دی، اس وقت پاکستان کا سب سے امیر خاندان ہے۔
common_voice_ur_38422463.mp3	اس کو اگر قبول کر لیا جائے تو دنیا میں کوئی سماجی نظم قائم ہو سکتا ہے۔	 اس کو اگر قبول کر لیا جائے تو دنیا میں کوئی سماجی نظم قائم ہو سکتا ہے
common_voice_ur_31835046.mp3	ممبئی پولیس نے درست درازی کے الزامات پر بالی وڈ کے ویٹرن اداکار الوک ناتھ کے خلاف مقدمہ خارج کردیا ہے	 موبائی پولیس نے درست درازی کے اظامات پر بولیووٹ کی ویٹرن ادکارہ علوک ناؤد کے خلاف مقدمہ خارج کر دیا ہے
common_voice_ur_38457560.mp3	اس کو یہ بات آسودہ کرتی ہے کہ اپنے مسائل کا سبب وہ خود نہیں کوئی اور ہے۔	 اس کو یہ بات اسودہ کرتی ہے کہ اپنے مسائل کا سبب وہ خود نہیں کوئی اور ہے۔
common_voice_ur_37109493.mp3	اس میں سیاسی جماعتوں، اہل دانش، پڑھے لکھے لوگوں کے ساتھ ہم میڈیا والے برابر کے شریک ہیں۔	 اس میں سیاسی جماعتوں اہلِ دانش پڑے لکھے لوگوں کے ساتھ ہم میڈیا والے برابر کے شاریق ہیں
common_voice_ur_31834349.mp3	برطانیہ امریکہ پاکستان سمیت دنیا کے کئی ممالک میں گیمنگ کو عالمی سطح پر پروموٹ کیا جا رہا ہے	 برطانیہ، امریکہ، پاکستان سمے دنیا کے کئی ممالک میں گیم این کو علمی سطح پر پروموٹ کیا جا رہا ہے
common_voice_ur_32044530.mp3	دوسرے الفاظ میں، وہ ریاست کے اندر اپنی ایک الگ ریاست بنانے کا اعلان کر رہا ہوتا ہے	 دروسرے الفاظ میں وہ ریاست کے اندر اپنی ایک علاق ریاست بنانے کا اعلان کر رہا ہوتا ہے
common_voice_ur_32023829.mp3	کہ زمبابوے کے خلاف ناکام ہونے والے کھلاڑیوں کو صرف اس لیے تبدیل نہیں کیا جا سکتا	 اپنے کھلا اپنے کام ہونے والے کلاڑوں کو سرکس لئے تو پھلیں کیا جا سکتا
common_voice_ur_31916414.mp3	حکومت پاکستان کی بہترین حکمت عملی کی بنیاد پر ملکی خزانے میں ارب روپے کا اضافہ ہوگیا ہے	 حکومت پاکستان کی بہترین حکمت عملی کی بنیاد پر ملکی خزانے میں ہر روپے کا اضافہ ہو گیا ہے
common_voice_ur_31973123.mp3	دوسری اننگز میں بنگلہ دیشی بلے بازوں نے پاکستانی بالروں کو اڑھے ہاتھوں لے لیا پر کوئی بھی اوٹ نہیں	 دوسری نیج میں ونگلہ دیشی بلے باتوں نے پاکستانی بولڈروں کو آرے ہاتھوں لے لیاں لیکن پر کوئی بھی آوٹ نہیں
common_voice_ur_31895663.mp3	"وہ دُمدار ستارے جو ہم ہر تھوڑے ہزار سالوں میں دیکھتے ہیں ""اوٗرٹ کے بادل"" سے آتے ہیں۔"	 وہ دملار ستارے جو ہم ہر تھوڑے ہزار سالوں میں دیکھتے ہیں اورٹ کے بادل سے آتے ہیں
common_voice_ur_31794047.mp3	ممبئی بالی ووڈ کے شہنشاہ امیتابھبچن کی صاحبزادی شویتا بچن نے اپنی بھابھی ایشوریا کے بارے ایک راز اگل دیا ہے	 ممبائی پالی پورٹ کے شہنچاہ امیتہ بچن کی صاحب زادی شویتہ بچن نے اپنی بھابی اشوریہ کے بارے میں ایک راز اگل دیا ہے
common_voice_ur_31932757.mp3	پھر آڈیو یعنی ص سفر اور بعد آز ویڈیو نے آکر ویب کی دنیا میں چارہ چاند لگا د	 اوریو یعنی ساتھ سفر اور بعد آز وڈیو نے آکر وقت کی دنیا میں چارہ شاندھا دار
common_voice_ur_38431539.mp3	اس سے پہلے جب تک آئین سازی کے مراحل درپیش رہے، تب ان کا ایک کردار تھا۔	 اس سے پہلے جب تک آئن سازی کے مراہل درپیش رہے تب ان کا ایک قدار تھا۔
common_voice_ur_31980484.mp3	حالانکہ وہ لڑکی وہی ہوتی ہے جسے کبھی ساس صاحبہ چندے آفتاب اور چندے ماہتاب کہا کرتی تھیں	 حالانکہ وہ لڑکی وہی ہوتی ہے جسے کبھی ساس صاحبہ چندہ افتاب اور چندہ میتاب کہا فردتی تھی
common_voice_ur_33605968.mp3	اس وقت ان فلیٹس کی ملکیت کے سوال پر کسی قطری کا دور دور تک ذکر نہ تھا۔	 اس وقت ان فلٹز کے ملکیت کے سوال پر کسی کتری کا دور دور تک ذکرنا تھا
common_voice_ur_38421362.mp3	اس کا ایک جواب طاہرالقادری تھے اگر عمران خان کے کارکن اس امتحان میں ناکام بھی ہوتے ہیں۔	 اس کا ایک جواب تحرل قادری تھے اگر امران خان کے کارکون اس انتحان میں نکام بھی ہوتے ہیں۔
common_voice_ur_31837202.mp3	کہ زمبابوے کے خلاف ناکام ہونے والے کھلاڑیوں کو صرف اس لیے تبدیل نہیں کیا جا سکتا	 کہ زمبابے کے خلاف ناکام ہونے والے کھلاڑیوں کو صرف اس لئے تبدیل نہیں کیا جا سکتا
common_voice_ur_31834638.mp3	اور پوری روایت لینے کے بجائے باب کی مناسبت سے مکالمے کا ایک جز لے لیا ہے	 اور پوری دعائت لینے کی بجائے باقی مناصبت سے مکالمے کا ایک جس لے لیا ہے
common_voice_ur_38432746.mp3	اس میں ان طبقات کی بھی نمائندگی ہو جنہیں نظر انداز کیے جا نے کا گلہ ہے۔	 اس میں ان طبقات کی بھی نمائندگی ہو جنہیں نظر انداز کیے جانے کا گلا ہے
common_voice_ur_38434184.mp3	اس کا یقینا یہ مطلب نہیں لینا چاہیے کہ مسائل نہیں ہیں اور محروم طبقات کی کمی ہے۔	 اس کا یقینن یہ مطلب نہیں لےنا چاہیے کہ مسائل نہیں ہیں اور محروم طبقات کی کمی ہے
common_voice_ur_31847434.mp3	گر اس مضمون کو آپ نے کچھ دیر قبل بنایا ہے اور ابھی ظاہر نہیں ہو رہا ہے	 اگر اس مضمون کو آپ نے کچھ دیر قبل بنائیا ہے اور اب بھی ظاہر نہیں ہو رہا ہے
common_voice_ur_31812868.mp3	واٹس ایپ نے صارفین کی لیے فری انٹرنیشنل کالز کرنے کا فیچر متعارف کروایا جا رہا ہے	 واتس اپ نیسارفین کے لیے فری انٹرنیشنل پالز کرنے کا فیچر تاروک کروائے جارہا ہے
common_voice_ur_31846529.mp3	اس بجلی کی گاڑی کو چارج کرنے کاطریقہ یہ ھےکہ جیسے آپ اپنے کمپیوٹر کی بیٹری چارج کرتے ہیں	 اس بجلی کی گاری کو چارج کرنے کا طریقہ یہ ہے کہ جیسے آپ اپنے کمپیٹر کی بیٹر چارج کرتے ہیں
common_voice_ur_38451999.mp3	سینیٹ کے انتخابات بتا رہے ہیں کہ ہماری سیاسی جماعتیں اس معاملے میں بحیثیت مجموعی ناکام ثابت ہوئی ہیں۔	 سینٹ کے اتخابات بتا رہے ہیں کہ ہماری سیاسی جماعتیں اس معاملے میں بہیسیت مجموعی نقام ثابت ہوئی ہیں۔
common_voice_ur_31951527.mp3	حکومت پاکستان کی بہترین حکمت عملی کی بنیاد پر ملکی خزانے میں ارب روپے کا اضافہ ہوگیا ہے	 حکومت پاکستان کے بہترین حکومت امریقی بنیاد پر ملکی خزانے میں عرب روپے کا اصافہ ہو گیا ہے
common_voice_ur_32002277.mp3	میں سوچ رہا تھا کہ اگر یہ جگہ اتنی خوب صورت ہے تو جنت کیسی ہو گی	 میں سوچ رہا تھا کہ اگر یہ جگہ اتنی خوبصورت ہے تو جنت کیسی ہوگی؟
common_voice_ur_38485815.mp3	شروع دنوں سے ہی پاکستان کا بنیادی مسئلہ وسائل کی کمی کا نہیں‘ قیادت کے فقدان کا رہا ہے۔	 شروع دنوں سے ہی پاکستان کا بنیادی مستہ وسائل کی کمی کا نہیں کیادت کے فقدان کا رہا ہے۔
common_voice_ur_31791124.mp3	کہ زمبابوے کے خلاف ناکام ہونے والے کھلاڑیوں کو صرف اس لیے تبدیل نہیں کیا جا سکتا	 کہ زمباب پہ کے خلاف ناکام ہونے والے کلاڑیوں کو صرف اسی لئے تبدیل نہیں کیا جا سکتا
common_voice_ur_31980176.mp3	ویب ڈیسکگوگل کا استعمال کرنے والے صارفین محتاط رہیں ان پر سے زائد ادارے نظر رکھے ہوئے ہیں	 ویب ڈسک گوگل کا استعمال کرنے والے صرفین محتاط رہے ہیں ان پر سے زائد اذارے نظر رکھے ہوئے ہیں
